{"type":"FeatureCollection","features":[{"type":"Feature","geometry":{"type":"Point","coordinates":[35.464827,33.272037]},"properties":{"event_id":313,"data_org":"Green","event_date":"2026-03-26T00:00:00.000Z","post_date":"2026-04-02T00:00:00.000Z","pub_date":"2026-04-02T00:00:00.000Z","actor":"Hezbollah","claimed":"FALSE","event_type":"Drone Attack","location":"Qantara","governate":"","country":"Lebanon","latitude":33.272037,"longitude":35.464827,"coord_type":"exact","source_1":"https://x.com/Me1Ray/status/2039660225142387190?s=20","source_2":"https://x.com/cym27s/status/2039630977874424087?s=20","engagement":"FALSE","sources":""}},{"type":"Feature","geometry":{"type":"Point","coordinates":[35.46369821,33.274087699999995]},"properties":{"event_id":321,"data_org":"Green","event_date":"2026-04-01T00:00:00.000Z","post_date":"2026-04-01T00:00:00.000Z","pub_date":"2026-04-02T00:00:00.000Z","actor":"Hezbollah","claimed":"TRUE","event_type":"Mortar Fire","location":"Qantara","governate":"","country":"Lebanon","latitude":33.2740877,"longitude":35.46369821,"coord_type":"general town","source_1":"https://t.me/mmirleb/13924","source_2":"","engagement":"FALSE","sources":""}},{"type":"Feature","geometry":{"type":"Point","coordinates":[35.51862237,33.27658543]},"properties":{"event_id":322,"data_org":"Green","event_date":"2026-04-01T00:00:00.000Z","post_date":"2026-04-01T00:00:00.000Z","pub_date":"2026-04-02T00:00:00.000Z","actor":"Hezbollah","claimed":"TRUE","event_type":"Mortar Fire","location":"Taybeh","governate":"","country":"Lebanon","latitude":33.27658543,"longitude":35.51862237,"coord_type":"general town","source_1":"https://t.me/mmirleb/13926","source_2":"","engagement":"FALSE","sources":""}},{"type":"Feature","geometry":{"type":"Point","coordinates":[35.182063,33.163287]},"properties":{"event_id":323,"data_org":"Green","event_date":"2026-04-02T00:00:00.000Z","post_date":"2026-04-02T00:00:00.000Z","pub_date":"2026-04-02T00:00:00.000Z","actor":"Hezbollah","claimed":"TRUE","event_type":"Mortar Fire","location":"Biyyadah","governate":"","country":"Lebanon","latitude":33.163287,"longitude":35.182063,"coord_type":"general town","source_1":"https://t.me/mmirleb/14000","source_2":"","engagement":"FALSE","sources":""}},{"type":"Feature","geometry":{"type":"Point","coordinates":[35.46369821,33.274087699999995]},"properties":{"event_id":324,"data_org":"Green","event_date":"2026-04-01T00:00:00.000Z","post_date":"2026-04-01T00:00:00.000Z","pub_date":"2026-04-02T00:00:00.000Z","actor":"Hezbollah","claimed":"TRUE","event_type":"Anti-Tank Fire","location":"Qantara","governate":"","country":"Lebanon","latitude":33.2740877,"longitude":35.46369821,"coord_type":"general town","source_1":"https://t.me/mmirleb/13928","source_2":"","engagement":"TRUE","sources":""}},{"type":"Feature","geometry":{"type":"Point","coordinates":[35.46369821,33.274087699999995]},"properties":{"event_id":325,"data_org":"Green","event_date":"2026-04-01T00:00:00.000Z","post_date":"2026-04-01T00:00:00.000Z","pub_date":"2026-04-02T00:00:00.000Z","actor":"Hezbollah","claimed":"TRUE","event_type":"Anti-Tank Fire","location":"Jenijil Heights, Qantara","governate":"","country":"Lebanon","latitude":33.2740877,"longitude":35.46369821,"coord_type":"general town","source_1":"https://t.me/mmirleb/13930","source_2":"","engagement":"TRUE","sources":""}},{"type":"Feature","geometry":{"type":"Point","coordinates":[35.36216,33.143039999999985]},"properties":{"event_id":326,"data_org":"Green","event_date":"2026-04-02T00:00:00.000Z","post_date":"2026-04-02T00:00:00.000Z","pub_date":"2026-04-02T00:00:00.000Z","actor":"Hezbollah","claimed":"TRUE","event_type":"Rocket Attack","location":"Rachaf","governate":"","country":"Lebanon","latitude":33.14304,"longitude":35.36216,"coord_type":"general town","source_1":"https://t.me/mmirleb/13998","source_2":"","engagement":"FALSE","sources":""}},{"type":"Feature","geometry":{"type":"Point","coordinates":[35.332476,33.133933999999996]},"properties":{"event_id":327,"data_org":"Green","event_date":"2026-04-02T00:00:00.000Z","post_date":"2026-04-02T00:00:00.000Z","pub_date":"2026-04-02T00:00:00.000Z","actor":"Hezbollah","claimed":"TRUE","event_type":"Rocket Attack","location":"Beit Lif","governate":"","country":"Lebanon","latitude":33.133934,"longitude":35.332476,"coord_type":"general town","source_1":"https://t.me/mmirleb/13998","source_2":"","engagement":"FALSE","sources":""}},{"type":"Feature","geometry":{"type":"Point","coordinates":[35.435121,33.128954]},"properties":{"event_id":328,"data_org":"Green","event_date":"2026-04-01T00:00:00.000Z","post_date":"2026-04-01T00:00:00.000Z","pub_date":"2026-04-02T00:00:00.000Z","actor":"Hezbollah","claimed":"TRUE","event_type":"IED","location":"Ainata","governate":"","country":"Lebanon","latitude":33.128954,"longitude":35.435121,"coord_type":"general town","source_1":"https://t.me/mmirleb/13932","source_2":"","engagement":"FALSE","sources":""}},{"type":"Feature","geometry":{"type":"Point","coordinates":[35.608152000000004,33.32105099999999]},"properties":{"event_id":329,"data_org":"Green","event_date":"2026-04-02T00:00:00.000Z","post_date":"2026-04-02T00:00:00.000Z","pub_date":"2026-04-02T00:00:00.000Z","actor":"Hezbollah","claimed":"TRUE","event_type":"Anti-Tank Fire","location":"Khiam","governate":"","country":"Lebanon","latitude":33.321051,"longitude":35.608152,"coord_type":"exact","source_1":"https://t.me/mmirleb/13994","source_2":"","engagement":"TRUE","sources":""}},{"type":"Feature","geometry":{"type":"Point","coordinates":[35.36216,33.143039999999985]},"properties":{"event_id":330,"data_org":"Green","event_date":"2026-04-01T00:00:00.000Z","post_date":"2026-04-01T00:00:00.000Z","pub_date":"2026-04-02T00:00:00.000Z","actor":"Hezbollah","claimed":"TRUE","event_type":"Rocket Attack","location":"Rachaf","governate":"","country":"Lebanon","latitude":33.14304,"longitude":35.36216,"coord_type":"general town","source_1":"https://t.me/mmirleb/13942","source_2":"","engagement":"FALSE","sources":""}},{"type":"Feature","geometry":{"type":"Point","coordinates":[35.518622,33.276585]},"properties":{"event_id":331,"data_org":"Green","event_date":"2026-04-02T00:00:00.000Z","post_date":"2026-04-02T00:00:00.000Z","pub_date":"2026-04-02T00:00:00.000Z","actor":"Hezbollah","claimed":"TRUE","event_type":"Anti-Tank Fire","location":"Taybeh","governate":"","country":"Lebanon","latitude":33.276585,"longitude":35.518622,"coord_type":"general town","source_1":"https://t.me/mmirleb/13992","source_2":"","engagement":"TRUE","sources":""}},{"type":"Feature","geometry":{"type":"Point","coordinates":[35.46369821,33.274087699999995]},"properties":{"event_id":332,"data_org":"Green","event_date":"2026-04-01T00:00:00.000Z","post_date":"2026-04-01T00:00:00.000Z","pub_date":"2026-04-02T00:00:00.000Z","actor":"Hezbollah","claimed":"TRUE","event_type":"Mortar Fire","location":"Jenijil Heights, Qantara","governate":"","country":"Lebanon","latitude":33.2740877,"longitude":35.46369821,"coord_type":"general town","source_1":"https://t.me/mmirleb/13944","source_2":"","engagement":"FALSE","sources":""}},{"type":"Feature","geometry":{"type":"Point","coordinates":[35.444259,33.132673]},"properties":{"event_id":333,"data_org":"Green","event_date":"2026-04-01T00:00:00.000Z","post_date":"2026-04-01T00:00:00.000Z","pub_date":"2026-04-02T00:00:00.000Z","actor":"Hezbollah","claimed":"TRUE","event_type":"Rocket Attack","location":"Friez Hill, Ainata","governate":"","country":"Lebanon","latitude":33.132673,"longitude":35.444259,"coord_type":"general town","source_1":"https://t.me/mmirleb/13946","source_2":"","engagement":"FALSE","sources":""}},{"type":"Feature","geometry":{"type":"Point","coordinates":[35.435121,33.128954]},"properties":{"event_id":334,"data_org":"Green","event_date":"2026-04-01T00:00:00.000Z","post_date":"2026-04-01T00:00:00.000Z","pub_date":"2026-04-02T00:00:00.000Z","actor":"Hezbollah","claimed":"TRUE","event_type":"Rocket Attack","location":"Ghadmatha Heights, Ainata","governate":"","country":"Lebanon","latitude":33.128954,"longitude":35.435121,"coord_type":"general town","source_1":"https://t.me/mmirleb/13948","source_2":"","engagement":"FALSE","sources":""}},{"type":"Feature","geometry":{"type":"Point","coordinates":[35.518622,33.276585]},"properties":{"event_id":335,"data_org":"Green","event_date":"2026-04-02T00:00:00.000Z","post_date":"2026-04-02T00:00:00.000Z","pub_date":"2026-04-02T00:00:00.000Z","actor":"Hezbollah","claimed":"TRUE","event_type":"Rocket Attack","location":"Taybeh","governate":"","country":"Lebanon","latitude":33.276585,"longitude":35.518622,"coord_type":"general town","source_1":"https://t.me/mmirleb/13988","source_2":"","engagement":"FALSE","sources":""}},{"type":"Feature","geometry":{"type":"Point","coordinates":[35.518622,33.276585]},"properties":{"event_id":336,"data_org":"Green","event_date":"2026-04-02T00:00:00.000Z","post_date":"2026-04-02T00:00:00.000Z","pub_date":"2026-04-02T00:00:00.000Z","actor":"Hezbollah","claimed":"TRUE","event_type":"Rocket Attack","location":"Taybeh","governate":"","country":"Lebanon","latitude":33.276585,"longitude":35.518622,"coord_type":"general town","source_1":"https://t.me/mmirleb/13988","source_2":"","engagement":"FALSE","sources":""}},{"type":"Feature","geometry":{"type":"Point","coordinates":[35.435121,33.128954]},"properties":{"event_id":337,"data_org":"Green","event_date":"2026-04-01T00:00:00.000Z","post_date":"2026-04-01T00:00:00.000Z","pub_date":"2026-04-02T00:00:00.000Z","actor":"Hezbollah","claimed":"TRUE","event_type":"Rocket Attack","location":"Sadr area, Ainata","governate":"","country":"Lebanon","latitude":33.128954,"longitude":35.435121,"coord_type":"general town","source_1":"https://t.me/mmirleb/13952","source_2":"","engagement":"FALSE","sources":""}},{"type":"Feature","geometry":{"type":"Point","coordinates":[35.344398,33.117803]},"properties":{"event_id":338,"data_org":"Green","event_date":"2026-04-02T00:00:00.000Z","post_date":"2026-04-02T00:00:00.000Z","pub_date":"2026-04-02T00:00:00.000Z","actor":"Hezbollah","claimed":"TRUE","event_type":"Anti-Tank Fire","location":"Qouzah","governate":"","country":"Lebanon","latitude":33.117803,"longitude":35.344398,"coord_type":"general town","source_1":"https://t.me/mmirleb/13978","source_2":"","engagement":"TRUE","sources":""}},{"type":"Feature","geometry":{"type":"Point","coordinates":[35.444259,33.132673]},"properties":{"event_id":340,"data_org":"Green","event_date":"2026-04-02T00:00:00.000Z","post_date":"2026-04-02T00:00:00.000Z","pub_date":"2026-04-02T00:00:00.000Z","actor":"Hezbollah","claimed":"TRUE","event_type":"Rocket Attack","location":"Fariz Hill, Ainata","governate":"","country":"Lebanon","latitude":33.132673,"longitude":35.444259,"coord_type":"general town","source_1":"https://t.me/mmirleb/14011","source_2":"","engagement":"FALSE","sources":""}},{"type":"Feature","geometry":{"type":"Point","coordinates":[35.435121,33.128954]},"properties":{"event_id":341,"data_org":"Green","event_date":"2026-04-02T00:00:00.000Z","post_date":"2026-04-02T00:00:00.000Z","pub_date":"2026-04-02T00:00:00.000Z","actor":"Hezbollah","claimed":"TRUE","event_type":"Rocket Attack","location":"Ghadmatha Heights, Ainata","governate":"","country":"Lebanon","latitude":33.128954,"longitude":35.435121,"coord_type":"general town","source_1":"https://t.me/mmirleb/14013","source_2":"","engagement":"FALSE","sources":""}},{"type":"Feature","geometry":{"type":"Point","coordinates":[35.518622,33.276585]},"properties":{"event_id":342,"data_org":"Green","event_date":"2026-04-02T00:00:00.000Z","post_date":"2026-04-02T00:00:00.000Z","pub_date":"2026-04-02T00:00:00.000Z","actor":"Hezbollah","claimed":"TRUE","event_type":"Rocket Attack","location":"Shamisat Heights, Taybeh","governate":"","country":"Lebanon","latitude":33.276585,"longitude":35.518622,"coord_type":"general town","source_1":"https://t.me/mmirleb/14016","source_2":"","engagement":"FALSE","sources":""}},{"type":"Feature","geometry":{"type":"Point","coordinates":[35.465327,33.27235]},"properties":{"event_id":359,"data_org":"Green","event_date":"2026-04-02T00:00:00.000Z","post_date":"2026-04-02T00:00:00.000Z","pub_date":"2026-04-02T00:00:00.000Z","actor":"Hezbollah","claimed":"TRUE","event_type":"Rocket Attack","location":"Qantara town center","governate":"","country":"Lebanon","latitude":33.27235,"longitude":35.465327,"coord_type":"exact","source_1":"https://t.me/mmirleb/14022","source_2":"","engagement":"FALSE","sources":""}},{"type":"Feature","geometry":{"type":"Point","coordinates":[35.465327,33.27235]},"properties":{"event_id":360,"data_org":"Green","event_date":"2026-04-02T00:00:00.000Z","post_date":"2026-04-02T00:00:00.000Z","pub_date":"2026-04-02T00:00:00.000Z","actor":"Hezbollah","claimed":"TRUE","event_type":"Mortar Fire","location":"Qantara town center","governate":"","country":"Lebanon","latitude":33.27235,"longitude":35.465327,"coord_type":"exact","source_1":"https://t.me/mmirleb/14022","source_2":"","engagement":"FALSE","sources":""}},{"type":"Feature","geometry":{"type":"Point","coordinates":[35.444259,33.132673]},"properties":{"event_id":361,"data_org":"Green","event_date":"2026-04-02T00:00:00.000Z","post_date":"2026-04-02T00:00:00.000Z","pub_date":"2026-04-02T00:00:00.000Z","actor":"Hezbollah","claimed":"TRUE","event_type":"Mortar Fire","location":"Fariz Hill, Ainata","governate":"","country":"Lebanon","latitude":33.132673,"longitude":35.444259,"coord_type":"general town","source_1":"https://t.me/mmirleb/14024","source_2":"https://t.me/mmirleb/14031","engagement":"FALSE","sources":""}},{"type":"Feature","geometry":{"type":"Point","coordinates":[35.435121,33.128954]},"properties":{"event_id":362,"data_org":"Green","event_date":"2026-04-02T00:00:00.000Z","post_date":"2026-04-02T00:00:00.000Z","pub_date":"2026-04-02T00:00:00.000Z","actor":"Hezbollah","claimed":"TRUE","event_type":"Mortar Fire","location":"Ghadmatha Heights, Ainata","governate":"","country":"Lebanon","latitude":33.128954,"longitude":35.435121,"coord_type":"general town","source_1":"https://t.me/mmirleb/14024","source_2":"https://t.me/mmirleb/14031","engagement":"FALSE","sources":""}},{"type":"Feature","geometry":{"type":"Point","coordinates":[35.444259,33.132673]},"properties":{"event_id":363,"data_org":"Green","event_date":"2026-04-02T00:00:00.000Z","post_date":"2026-04-02T00:00:00.000Z","pub_date":"2026-04-02T00:00:00.000Z","actor":"Hezbollah","claimed":"TRUE","event_type":"Rocket Attack","location":"Fariz-al Sadr Junction, Ainata","governate":"","country":"Lebanon","latitude":33.132673,"longitude":35.444259,"coord_type":"general neighborhood","source_1":"https://t.me/mmirleb/14026","source_2":"","engagement":"FALSE","sources":""}},{"type":"Feature","geometry":{"type":"Point","coordinates":[35.444259,33.132673]},"properties":{"event_id":364,"data_org":"Green","event_date":"2026-04-02T00:00:00.000Z","post_date":"2026-04-02T00:00:00.000Z","pub_date":"2026-04-02T00:00:00.000Z","actor":"Hezbollah","claimed":"TRUE","event_type":"Mortar Fire","location":"Fariz-al Sadr Junction, Ainata","governate":"","country":"Lebanon","latitude":33.132673,"longitude":35.444259,"coord_type":"general neighborhood","source_1":"https://t.me/mmirleb/14026","source_2":"","engagement":"FALSE","sources":""}},{"type":"Feature","geometry":{"type":"Point","coordinates":[35.208319,33.145406]},"properties":{"event_id":368,"data_org":"Green","event_date":"2026-04-02T00:00:00.000Z","post_date":"2026-04-02T00:00:00.000Z","pub_date":"2026-04-03T00:00:00.000Z","actor":"Hezbollah","claimed":"TRUE","event_type":"Mortar Fire","location":"Chama","governate":"","country":"Lebanon","latitude":33.145406,"longitude":35.208319,"coord_type":"general town","source_1":"https://t.me/mmirleb/14044","source_2":"","engagement":"FALSE","sources":""}},{"type":"Feature","geometry":{"type":"Point","coordinates":[35.46369821,33.274087699999995]},"properties":{"event_id":369,"data_org":"Green","event_date":"2026-04-02T00:00:00.000Z","post_date":"2026-04-02T00:00:00.000Z","pub_date":"2026-04-03T00:00:00.000Z","actor":"Hezbollah","claimed":"TRUE","event_type":"Drone Attack","location":"al Balla Hill, Qantara","governate":"","country":"Lebanon","latitude":33.2740877,"longitude":35.46369821,"coord_type":"general town","source_1":"https://t.me/mmirleb/14046","source_2":"","engagement":"FALSE","sources":""}},{"type":"Feature","geometry":{"type":"Point","coordinates":[35.55535493,33.27847746999999]},"properties":{"event_id":370,"data_org":"Green","event_date":"2026-04-02T00:00:00.000Z","post_date":"2026-04-02T00:00:00.000Z","pub_date":"2026-04-03T00:00:00.000Z","actor":"Hezbollah","claimed":"TRUE","event_type":"Air Defense","location":"Kfar Kila","governate":"","country":"Lebanon","latitude":33.27847747,"longitude":35.55535493,"coord_type":"general town","source_1":"https://t.me/mmirleb/14048","source_2":"","engagement":"FALSE","sources":""}},{"type":"Feature","geometry":{"type":"Point","coordinates":[35.182063,33.163287]},"properties":{"event_id":371,"data_org":"Green","event_date":"2026-04-02T00:00:00.000Z","post_date":"2026-04-02T00:00:00.000Z","pub_date":"2026-04-03T00:00:00.000Z","actor":"Hezbollah","claimed":"TRUE","event_type":"IED","location":"Deir Hanna, al Biyyadah","governate":"","country":"Lebanon","latitude":33.163287,"longitude":35.182063,"coord_type":"general town","source_1":"https://t.me/mmirleb/14058","source_2":"","engagement":"FALSE","sources":""}},{"type":"Feature","geometry":{"type":"Point","coordinates":[35.182063,33.163287]},"properties":{"event_id":372,"data_org":"Green","event_date":"2026-04-02T00:00:00.000Z","post_date":"2026-04-02T00:00:00.000Z","pub_date":"2026-04-03T00:00:00.000Z","actor":"Hezbollah","claimed":"TRUE","event_type":"Mortar Fire","location":"Deir Hanna, al Biyyadah","governate":"","country":"Lebanon","latitude":33.163287,"longitude":35.182063,"coord_type":"general town","source_1":"https://t.me/mmirleb/14058","source_2":"","engagement":"FALSE","sources":""}},{"type":"Feature","geometry":{"type":"Point","coordinates":[35.51666004,33.20961354999999]},"properties":{"event_id":380,"data_org":"Green","event_date":"2026-04-03T00:00:00.000Z","post_date":"2026-04-03T00:00:00.000Z","pub_date":"2026-04-03T00:00:00.000Z","actor":"Hezbollah","claimed":"TRUE","event_type":"Rocket Attack","location":"Houla","governate":"","country":"Lebanon","latitude":33.20961355,"longitude":35.51666004,"coord_type":"general town","source_1":"https://t.me/mmirleb/14086","source_2":"","engagement":"FALSE","sources":""}},{"type":"Feature","geometry":{"type":"Point","coordinates":[35.435121,33.128954]},"properties":{"event_id":379,"data_org":"Green","event_date":"2026-04-03T00:00:00.000Z","post_date":"2026-04-03T00:00:00.000Z","pub_date":"2026-04-03T00:00:00.000Z","actor":"Hezbollah","claimed":"TRUE","event_type":"Rocket Attack","location":"al Sadr, Ainata","governate":"","country":"Lebanon","latitude":33.128954,"longitude":35.435121,"coord_type":"general town","source_1":"https://t.me/mmirleb/14108","source_2":"","engagement":"FALSE","sources":""}},{"type":"Feature","geometry":{"type":"Point","coordinates":[35.435121,33.128954]},"properties":{"event_id":373,"data_org":"Green","event_date":"2026-04-03T00:00:00.000Z","post_date":"2026-04-03T00:00:00.000Z","pub_date":"2026-04-03T00:00:00.000Z","actor":"Hezbollah","claimed":"TRUE","event_type":"Rocket Attack","location":"al Sadr, Ainata","governate":"","country":"Lebanon","latitude":33.128954,"longitude":35.435121,"coord_type":"general town","source_1":"https://t.me/mmirleb/14110","source_2":"","engagement":"FALSE","sources":""}},{"type":"Feature","geometry":{"type":"Point","coordinates":[35.435121,33.128954]},"properties":{"event_id":374,"data_org":"Green","event_date":"2026-04-03T00:00:00.000Z","post_date":"2026-04-03T00:00:00.000Z","pub_date":"2026-04-03T00:00:00.000Z","actor":"Hezbollah","claimed":"TRUE","event_type":"Mortar Fire","location":"al Sadr, Ainata","governate":"","country":"Lebanon","latitude":33.128954,"longitude":35.435121,"coord_type":"general town","source_1":"https://t.me/mmirleb/14110","source_2":"","engagement":"FALSE","sources":""}},{"type":"Feature","geometry":{"type":"Point","coordinates":[35.435121,33.128954]},"properties":{"event_id":375,"data_org":"Green","event_date":"2026-04-03T00:00:00.000Z","post_date":"2026-04-03T00:00:00.000Z","pub_date":"2026-04-03T00:00:00.000Z","actor":"Hezbollah","claimed":"TRUE","event_type":"Rocket Attack","location":"Ghadmatha Heights, Ainata","governate":"","country":"Lebanon","latitude":33.128954,"longitude":35.435121,"coord_type":"general town","source_1":"https://t.me/mmirleb/14110","source_2":"","engagement":"FALSE","sources":""}},{"type":"Feature","geometry":{"type":"Point","coordinates":[35.435121,33.128954]},"properties":{"event_id":376,"data_org":"Green","event_date":"2026-04-03T00:00:00.000Z","post_date":"2026-04-03T00:00:00.000Z","pub_date":"2026-04-03T00:00:00.000Z","actor":"Hezbollah","claimed":"TRUE","event_type":"Mortar Fire","location":"Ghadmatha Heights, Ainata","governate":"","country":"Lebanon","latitude":33.128954,"longitude":35.435121,"coord_type":"general town","source_1":"https://t.me/mmirleb/14110","source_2":"","engagement":"FALSE","sources":""}},{"type":"Feature","geometry":{"type":"Point","coordinates":[35.465327,33.27235]},"properties":{"event_id":377,"data_org":"Green","event_date":"2026-04-03T00:00:00.000Z","post_date":"2026-04-03T00:00:00.000Z","pub_date":"2026-04-03T00:00:00.000Z","actor":"Hezbollah","claimed":"TRUE","event_type":"Rocket Attack","location":"Qantara town center","governate":"","country":"Lebanon","latitude":33.27235,"longitude":35.465327,"coord_type":"exact","source_1":"https://t.me/mmirleb/14110","source_2":"","engagement":"FALSE","sources":""}},{"type":"Feature","geometry":{"type":"Point","coordinates":[35.465327,33.27235]},"properties":{"event_id":378,"data_org":"Green","event_date":"2026-04-03T00:00:00.000Z","post_date":"2026-04-03T00:00:00.000Z","pub_date":"2026-04-03T00:00:00.000Z","actor":"Hezbollah","claimed":"TRUE","event_type":"Mortar Fire","location":"Qantara town center","governate":"","country":"Lebanon","latitude":33.27235,"longitude":35.465327,"coord_type":"exact","source_1":"https://t.me/mmirleb/14110","source_2":"","engagement":"FALSE","sources":""}},{"type":"Feature","geometry":{"type":"Point","coordinates":[35.36216,33.143039999999985]},"properties":{"event_id":384,"data_org":"Green","event_date":"2026-04-03T00:00:00.000Z","post_date":"2026-04-03T00:00:00.000Z","pub_date":"2026-04-03T00:00:00.000Z","actor":"Hezbollah","claimed":"TRUE","event_type":"Small Arms Engagement","location":"Rachaf","governate":"","country":"Lebanon","latitude":33.14304,"longitude":35.36216,"coord_type":"general town","source_1":"https://t.me/mmirleb/14114","source_2":"","engagement":"TRUE","sources":""}},{"type":"Feature","geometry":{"type":"Point","coordinates":[35.445046,33.10728699999999]},"properties":{"event_id":397,"data_org":"Green","event_date":"2026-04-03T00:00:00.000Z","post_date":"2026-04-03T00:00:00.000Z","pub_date":"2026-04-03T00:00:00.000Z","actor":"Hezbollah","claimed":"TRUE","event_type":"Rocket Attack","location":"Maroun al Ras","governate":"","country":"Lebanon","latitude":33.107287,"longitude":35.445046,"coord_type":"general town","source_1":"https://t.me/mmirleb/14124","source_2":"","engagement":"FALSE","sources":""}},{"type":"Feature","geometry":{"type":"Point","coordinates":[35.435121,33.128954]},"properties":{"event_id":398,"data_org":"Green","event_date":"2026-04-03T00:00:00.000Z","post_date":"2026-04-03T00:00:00.000Z","pub_date":"2026-04-04T00:00:00.000Z","actor":"Hezbollah","claimed":"TRUE","event_type":"Rocket Attack","location":"al Sadr, Ainata","governate":"","country":"Lebanon","latitude":33.128954,"longitude":35.435121,"coord_type":"general town","source_1":"https://t.me/mmirleb/14138","source_2":"","engagement":"FALSE","sources":""}},{"type":"Feature","geometry":{"type":"Point","coordinates":[35.444259,33.132673]},"properties":{"event_id":399,"data_org":"Green","event_date":"2026-04-03T00:00:00.000Z","post_date":"2026-04-03T00:00:00.000Z","pub_date":"2026-04-04T00:00:00.000Z","actor":"Hezbollah","claimed":"TRUE","event_type":"Rocket Attack","location":"Fariz Hill, Ainata","governate":"","country":"Lebanon","latitude":33.132673,"longitude":35.444259,"coord_type":"general town","source_1":"https://t.me/mmirleb/14140","source_2":"","engagement":"FALSE","sources":""}},{"type":"Feature","geometry":{"type":"Point","coordinates":[35.435121,33.128954]},"properties":{"event_id":400,"data_org":"Green","event_date":"2026-04-03T00:00:00.000Z","post_date":"2026-04-03T00:00:00.000Z","pub_date":"2026-04-04T00:00:00.000Z","actor":"Hezbollah","claimed":"TRUE","event_type":"Rocket Attack","location":"Ghadmatha Heights, Ainata","governate":"","country":"Lebanon","latitude":33.128954,"longitude":35.435121,"coord_type":"general town","source_1":"https://t.me/mmirleb/14142","source_2":"","engagement":"FALSE","sources":""}},{"type":"Feature","geometry":{"type":"Point","coordinates":[35.435121,33.128954]},"properties":{"event_id":401,"data_org":"Green","event_date":"2026-04-03T00:00:00.000Z","post_date":"2026-04-03T00:00:00.000Z","pub_date":"2026-04-04T00:00:00.000Z","actor":"Hezbollah","claimed":"TRUE","event_type":"Rocket Attack","location":"al Sadr, Ainata","governate":"","country":"Lebanon","latitude":33.128954,"longitude":35.435121,"coord_type":"general town","source_1":"https://t.me/mmirleb/14146","source_2":"","engagement":"FALSE","sources":""}},{"type":"Feature","geometry":{"type":"Point","coordinates":[35.44504595,33.107287239999984]},"properties":{"event_id":406,"data_org":"Green","event_date":"2026-04-03T00:00:00.000Z","post_date":"2026-04-03T00:00:00.000Z","pub_date":"2026-04-04T00:00:00.000Z","actor":"Hezbollah","claimed":"TRUE","event_type":"Rocket Attack","location":"Khalil Triangle, Maroun al Ras","governate":"","country":"Lebanon","latitude":33.10728724,"longitude":35.44504595,"coord_type":"general town","source_1":"https://t.me/mmirleb/14162","source_2":"","engagement":"FALSE","sources":""}},{"type":"Feature","geometry":{"type":"Point","coordinates":[35.51666004,33.20961354999999]},"properties":{"event_id":407,"data_org":"Green","event_date":"2026-04-03T00:00:00.000Z","post_date":"2026-04-03T00:00:00.000Z","pub_date":"2026-04-04T00:00:00.000Z","actor":"Hezbollah","claimed":"TRUE","event_type":"Anti-Tank Fire","location":"Houla","governate":"","country":"Lebanon","latitude":33.20961355,"longitude":35.51666004,"coord_type":"general town","source_1":"https://t.me/mmirleb/14164","source_2":"","engagement":"TRUE","sources":""}},{"type":"Feature","geometry":{"type":"Point","coordinates":[35.44504595,33.107287239999984]},"properties":{"event_id":408,"data_org":"Green","event_date":"2026-04-03T00:00:00.000Z","post_date":"2026-04-03T00:00:00.000Z","pub_date":"2026-04-04T00:00:00.000Z","actor":"Hezbollah","claimed":"TRUE","event_type":"Rocket Attack","location":"Maroun al Ras","governate":"","country":"Lebanon","latitude":33.10728724,"longitude":35.44504595,"coord_type":"general town","source_1":"https://t.me/mmirleb/14172","source_2":"","engagement":"FALSE","sources":""}},{"type":"Feature","geometry":{"type":"Point","coordinates":[35.607863,33.320243]},"properties":{"event_id":409,"data_org":"Green","event_date":"2026-03-24T00:00:00.000Z","post_date":"2026-04-04T00:00:00.000Z","pub_date":"2026-04-04T00:00:00.000Z","actor":"Hezbollah","claimed":"TRUE","event_type":"FPV drone","location":"Khiam","governate":"","country":"Lebanon","latitude":33.320243,"longitude":35.607863,"coord_type":"exact","source_1":"https://t.me/mmirleb/14177","source_2":"https://x.com/Me1Ray/status/2040372070513799426","engagement":"FALSE","sources":""}},{"type":"Feature","geometry":{"type":"Point","coordinates":[35.520332,33.26429599999999]},"properties":{"event_id":410,"data_org":"Green","event_date":"2026-03-24T00:00:00.000Z","post_date":"2026-04-04T00:00:00.000Z","pub_date":"2026-04-04T00:00:00.000Z","actor":"Hezbollah","claimed":"TRUE","event_type":"FPV drone","location":"Taybeh","governate":"","country":"Lebanon","latitude":33.264296,"longitude":35.520332,"coord_type":"exact","source_1":"https://t.me/mmirleb/14177","source_2":"https://x.com/Me1Ray/status/2040372070513799426","engagement":"FALSE","sources":""}},{"type":"Feature","geometry":{"type":"Point","coordinates":[35.444259,33.132673]},"properties":{"event_id":411,"data_org":"Green","event_date":"2026-04-04T00:00:00.000Z","post_date":"2026-04-04T00:00:00.000Z","pub_date":"2026-04-04T00:00:00.000Z","actor":"Hezbollah","claimed":"TRUE","event_type":"Rocket Attack","location":"Fariz Hill, Ainata","governate":"","country":"Lebanon","latitude":33.132673,"longitude":35.444259,"coord_type":"general town","source_1":"https://t.me/mmirleb/14187","source_2":"","engagement":"FALSE","sources":""}},{"type":"Feature","geometry":{"type":"Point","coordinates":[35.60797,33.32021]},"properties":{"event_id":412,"data_org":"Green","event_date":"2026-04-04T00:00:00.000Z","post_date":"2026-04-04T00:00:00.000Z","pub_date":"2026-04-04T00:00:00.000Z","actor":"Hezbollah","claimed":"TRUE","event_type":"Small Arms Engagement","location":"Khiam detention center","governate":"","country":"Lebanon","latitude":33.32021,"longitude":35.60797,"coord_type":"exact","source_1":"https://t.me/mmirleb/14189","source_2":"","engagement":"TRUE","sources":""}},{"type":"Feature","geometry":{"type":"Point","coordinates":[35.465327,33.27235]},"properties":{"event_id":413,"data_org":"Green","event_date":"2026-04-04T00:00:00.000Z","post_date":"2026-04-04T00:00:00.000Z","pub_date":"2026-04-04T00:00:00.000Z","actor":"Hezbollah","claimed":"TRUE","event_type":"Rocket Attack","location":"Qantara town center","governate":"","country":"Lebanon","latitude":33.27235,"longitude":35.465327,"coord_type":"exact","source_1":"https://t.me/mmirleb/14193","source_2":"","engagement":"FALSE","sources":""}},{"type":"Feature","geometry":{"type":"Point","coordinates":[35.69161357,33.3282347]},"properties":{"event_id":414,"data_org":"Green","event_date":"2026-04-04T00:00:00.000Z","post_date":"2026-04-04T00:00:00.000Z","pub_date":"2026-04-04T00:00:00.000Z","actor":"Hezbollah","claimed":"TRUE","event_type":"Drone Attack","location":"al Samaqa, Kfarchouba","governate":"","country":"Lebanon","latitude":33.3282347,"longitude":35.69161357,"coord_type":"general town","source_1":"https://t.me/mmirleb/14201","source_2":"","engagement":"FALSE","sources":""}},{"type":"Feature","geometry":{"type":"Point","coordinates":[35.182063,33.163287]},"properties":{"event_id":416,"data_org":"Green","event_date":"2026-04-04T00:00:00.000Z","post_date":"2026-04-04T00:00:00.000Z","pub_date":"2026-04-04T00:00:00.000Z","actor":"Hezbollah","claimed":"TRUE","event_type":"Rocket Attack","location":"Biyyadah","governate":"","country":"Lebanon","latitude":33.163287,"longitude":35.182063,"coord_type":"general town","source_1":"https://t.me/mmirleb/14209","source_2":"","engagement":"FALSE","sources":""}},{"type":"Feature","geometry":{"type":"Point","coordinates":[35.182063,33.163287]},"properties":{"event_id":417,"data_org":"Green","event_date":"2026-04-04T00:00:00.000Z","post_date":"2026-04-04T00:00:00.000Z","pub_date":"2026-04-04T00:00:00.000Z","actor":"Hezbollah","claimed":"TRUE","event_type":"Drone Attack","location":"Biyyadah","governate":"","country":"Lebanon","latitude":33.163287,"longitude":35.182063,"coord_type":"general town","source_1":"https://t.me/mmirleb/14211","source_2":"","engagement":"FALSE","sources":""}},{"type":"Feature","geometry":{"type":"Point","coordinates":[35.56714098,33.52629557]},"properties":{"event_id":449,"data_org":"Green","event_date":"2026-04-06T00:00:00.000Z","post_date":"2026-04-06T00:00:00.000Z","pub_date":"2026-04-06T00:00:00.000Z","actor":"Hezbollah","claimed":"TRUE","event_type":"Rocket Attack","location":"Biyyadah","governate":"South","country":"Lebanon","latitude":33.52629557,"longitude":35.56714098,"coord_type":"general town","source_1":"https://t.me/mmirleb/14367","source_2":"","engagement":"FALSE","sources":""}},{"type":"Feature","geometry":{"type":"Point","coordinates":[35.36216,33.143039999999985]},"properties":{"event_id":450,"data_org":"Green","event_date":"2026-04-06T00:00:00.000Z","post_date":"2026-04-06T00:00:00.000Z","pub_date":"2026-04-06T00:00:00.000Z","actor":"Hezbollah","claimed":"TRUE","event_type":"Rocket Attack","location":"Rachaf","governate":"South","country":"","latitude":33.14304,"longitude":35.36216,"coord_type":"general town","source_1":"https://t.me/mmirleb/14369","source_2":"","engagement":"FALSE","sources":""}},{"type":"Feature","geometry":{"type":"Point","coordinates":[35.434338,33.131018000000005]},"properties":{"event_id":451,"data_org":"Green","event_date":"2026-04-06T00:00:00.000Z","post_date":"2026-04-06T00:00:00.000Z","pub_date":"2026-04-06T00:00:00.000Z","actor":"Hezbollah","claimed":"TRUE","event_type":"Rocket Attack","location":"Ainata","governate":"South","country":"Lebanon","latitude":33.131018,"longitude":35.434338,"coord_type":"general town","source_1":"https://t.me/mmirleb/14371","source_2":"","engagement":"FALSE","sources":""}},{"type":"Feature","geometry":{"type":"Point","coordinates":[35.61506332,33.33012899999999]},"properties":{"event_id":452,"data_org":"Green","event_date":"2026-04-06T00:00:00.000Z","post_date":"2026-04-06T00:00:00.000Z","pub_date":"2026-04-06T00:00:00.000Z","actor":"Hezbollah","claimed":"TRUE","event_type":"Rocket Attack","location":"al Khiyam","governate":"South","country":"Lebanon","latitude":33.330129,"longitude":35.61506332,"coord_type":"general town","source_1":"https://t.me/mmirleb/14377","source_2":"","engagement":"FALSE","sources":""}},{"type":"Feature","geometry":{"type":"Point","coordinates":[35.56714098,33.52629557]},"properties":{"event_id":453,"data_org":"Green","event_date":"2026-04-06T00:00:00.000Z","post_date":"2026-04-06T00:00:00.000Z","pub_date":"2026-04-06T00:00:00.000Z","actor":"Hezbollah","claimed":"TRUE","event_type":"Rocket Attack","location":"Biyyadah","governate":"South","country":"Lebanon","latitude":33.52629557,"longitude":35.56714098,"coord_type":"general town","source_1":"https://t.me/mmirleb/14379","source_2":"","engagement":"FALSE","sources":""}},{"type":"Feature","geometry":{"type":"Point","coordinates":[35.340638,33.121217]},"properties":{"event_id":454,"data_org":"Green","event_date":"2026-04-06T00:00:00.000Z","post_date":"2026-04-06T00:00:00.000Z","pub_date":"2026-04-06T00:00:00.000Z","actor":"Hezbollah","claimed":"TRUE","event_type":"Drone Attack","location":"Qouzah","governate":"Nabatieh","country":"Lebanon","latitude":33.121217,"longitude":35.340638,"coord_type":"exact","source_1":"https://x.com/Me1Ray/status/2041192614507286732","source_2":"https://x.com/cym27s/status/2041184669098471799","engagement":"FALSE","sources":""}},{"type":"Feature","geometry":{"type":"Point","coordinates":[35.332057,33.128741]},"properties":{"event_id":454,"data_org":"Green","event_date":"2026-04-06T00:00:00.000Z","post_date":"2026-04-06T00:00:00.000Z","pub_date":"2026-04-06T00:00:00.000Z","actor":"Hezbollah","claimed":"TRUE","event_type":"Drone Attack","location":"Beit Lif","governate":"Nabatieh","country":"Lebanon","latitude":33.128741,"longitude":35.332057,"coord_type":"exact","source_1":"https://x.com/Me1Ray/status/2041192614507286732","source_2":"https://x.com/cym27s/status/2041184669098471799","engagement":"FALSE","sources":""}},{"type":"Feature","geometry":{"type":"Point","coordinates":[35.44496,33.10822199999999]},"properties":{"event_id":456,"data_org":"Green","event_date":"2026-04-06T00:00:00.000Z","post_date":"2026-04-07T00:00:00.000Z","pub_date":"2026-04-06T00:00:00.000Z","actor":"Hezbollah","claimed":"TRUE","event_type":"Rocket Attack","location":"Maroun al Ras","governate":"Nabatieh","country":"Lebanon","latitude":33.108222,"longitude":35.44496,"coord_type":"general town","source_1":"https://t.me/mmirleb/14420","source_2":"","engagement":"FALSE","sources":""}},{"type":"Feature","geometry":{"type":"Point","coordinates":[35.434338,33.131018000000005]},"properties":{"event_id":457,"data_org":"Green","event_date":"2026-04-06T00:00:00.000Z","post_date":"2026-04-07T00:00:00.000Z","pub_date":"2026-04-06T00:00:00.000Z","actor":"Hezbollah","claimed":"TRUE","event_type":"Rocket Attack","location":"Ainata","governate":"Nabatieh","country":"Lebanon","latitude":33.131018,"longitude":35.434338,"coord_type":"general town","source_1":"https://t.me/mmirleb/14422","source_2":"","engagement":"FALSE","sources":""}},{"type":"Feature","geometry":{"type":"Point","coordinates":[35.44496,33.10822199999999]},"properties":{"event_id":458,"data_org":"Green","event_date":"2026-04-06T00:00:00.000Z","post_date":"2026-04-07T00:00:00.000Z","pub_date":"2026-04-06T00:00:00.000Z","actor":"Hezbollah","claimed":"TRUE","event_type":"Rocket Attack","location":"Maroun al Ras","governate":"Nabatieh","country":"Lebanon","latitude":33.108222,"longitude":35.44496,"coord_type":"general town","source_1":"https://t.me/mmirleb/14424","source_2":"","engagement":"FALSE","sources":""}},{"type":"Feature","geometry":{"type":"Point","coordinates":[35.434338,33.131018000000005]},"properties":{"event_id":459,"data_org":"Green","event_date":"2026-04-06T00:00:00.000Z","post_date":"2026-04-07T00:00:00.000Z","pub_date":"2026-04-06T00:00:00.000Z","actor":"Hezbollah","claimed":"TRUE","event_type":"Rocket Attack","location":"Ainata","governate":"Nabatieh","country":"Lebanon","latitude":33.131018,"longitude":35.434338,"coord_type":"general town","source_1":"https://t.me/mmirleb/14430","source_2":"","engagement":"FALSE","sources":""}},{"type":"Feature","geometry":{"type":"Point","coordinates":[35.335257,33.098634999999994]},"properties":{"event_id":464,"data_org":"Green","event_date":"2026-04-06T00:00:00.000Z","post_date":"2026-04-07T00:00:00.000Z","pub_date":"2026-04-06T00:00:00.000Z","actor":"Hezbollah","claimed":"TRUE","event_type":"Rocket Attack","location":"Aita al Shaab","governate":"Nabatieh","country":"Lebanon","latitude":33.098635,"longitude":35.335257,"coord_type":"general town","source_1":"https://t.me/mmirleb/14434","source_2":"","engagement":"FALSE","sources":""}},{"type":"Feature","geometry":{"type":"Point","coordinates":[35.434338,33.131018000000005]},"properties":{"event_id":467,"data_org":"Green","event_date":"2026-04-06T00:00:00.000Z","post_date":"2026-04-07T00:00:00.000Z","pub_date":"2026-04-06T00:00:00.000Z","actor":"Hezbollah","claimed":"TRUE","event_type":"Drone Attack","location":"Ainata","governate":"Nabatieh","country":"Lebanon","latitude":33.131018,"longitude":35.434338,"coord_type":"general town","source_1":"https://t.me/mmirleb/14444","source_2":"","engagement":"FALSE","sources":""}},{"type":"Feature","geometry":{"type":"Point","coordinates":[35.434338,33.131018000000005]},"properties":{"event_id":468,"data_org":"Green","event_date":"2026-04-06T00:00:00.000Z","post_date":"2026-04-07T00:00:00.000Z","pub_date":"2026-04-06T00:00:00.000Z","actor":"Hezbollah","claimed":"TRUE","event_type":"Rocket Attack","location":"Ainata","governate":"Nabatieh","country":"Lebanon","latitude":33.131018,"longitude":35.434338,"coord_type":"general town","source_1":"https://t.me/mmirleb/14446","source_2":"","engagement":"FALSE","sources":""}},{"type":"Feature","geometry":{"type":"Point","coordinates":[35.60797,33.32021]},"properties":{"event_id":471,"data_org":"Green","event_date":"2026-04-07T00:00:00.000Z","post_date":"2026-04-07T00:00:00.000Z","pub_date":"2026-04-07T00:00:00.000Z","actor":"Hezbollah","claimed":"TRUE","event_type":"Other","location":"Khiam detention center","governate":"","country":"Lebanon","latitude":33.32021,"longitude":35.60797,"coord_type":"exact","source_1":"https://t.me/mmirleb/14458","source_2":"","engagement":"FALSE","sources":""}},{"type":"Feature","geometry":{"type":"Point","coordinates":[35.181742,33.162592999999994]},"properties":{"event_id":473,"data_org":"Green","event_date":"2026-04-07T00:00:00.000Z","post_date":"2026-04-07T00:00:00.000Z","pub_date":"2026-04-07T00:00:00.000Z","actor":"Hezbollah","claimed":"TRUE","event_type":"Missile Attack","location":"Bayyada","governate":"South","country":"Lebanon","latitude":33.162593,"longitude":35.181742,"coord_type":"general town","source_1":"https://t.me/mmirleb/14470","source_2":"","engagement":"#N/A","sources":""}},{"type":"Feature","geometry":{"type":"Point","coordinates":[35.519977,33.276695]},"properties":{"event_id":474,"data_org":"Green","event_date":"2026-04-07T00:00:00.000Z","post_date":"2026-04-07T00:00:00.000Z","pub_date":"2026-04-07T00:00:00.000Z","actor":"Hezbollah","claimed":"TRUE","event_type":"Drone Attack","location":"Taybeh","governate":"Nabatieh","country":"Lebanon","latitude":33.276695,"longitude":35.519977,"coord_type":"general town","source_1":"https://t.me/mmirleb/14472","source_2":"","engagement":"FALSE","sources":""}},{"type":"Feature","geometry":{"type":"Point","coordinates":[35.51695215,33.233368]},"properties":{"event_id":475,"data_org":"Green","event_date":"2026-04-07T00:00:00.000Z","post_date":"2026-04-07T00:00:00.000Z","pub_date":"2026-04-07T00:00:00.000Z","actor":"Hezbollah","claimed":"TRUE","event_type":"Rocket Attack","location":"Markaba","governate":"Nabatieh","country":"Lebanon","latitude":33.233368,"longitude":35.51695215,"coord_type":"general town","source_1":"https://t.me/mmirleb/14474","source_2":"","engagement":"FALSE","sources":""}},{"type":"Feature","geometry":{"type":"Point","coordinates":[35.562981,33.2834]},"properties":{"event_id":476,"data_org":"Green","event_date":"2026-04-07T00:00:00.000Z","post_date":"2026-04-07T00:00:00.000Z","pub_date":"2026-04-07T00:00:00.000Z","actor":"Hezbollah","claimed":"TRUE","event_type":"Rocket Attack","location":"Fatima Gate","governate":"Nabatieh","country":"Lebanon","latitude":33.2834,"longitude":35.562981,"coord_type":"exact","source_1":"https://t.me/mmirleb/14476","source_2":"","engagement":"FALSE","sources":""}},{"type":"Feature","geometry":{"type":"Point","coordinates":[35.519977,33.276695]},"properties":{"event_id":479,"data_org":"Green","event_date":"2026-04-07T00:00:00.000Z","post_date":"2026-04-07T00:00:00.000Z","pub_date":"2026-04-07T00:00:00.000Z","actor":"Hezbollah","claimed":"TRUE","event_type":"Mortar Fire","location":"Taybeh","governate":"Nabatieh","country":"Lebanon","latitude":33.276695,"longitude":35.519977,"coord_type":"general town","source_1":"https://t.me/mmirleb/14491","source_2":"","engagement":"FALSE","sources":""}},{"type":"Feature","geometry":{"type":"Point","coordinates":[35.181742,33.162592999999994]},"properties":{"event_id":480,"data_org":"Green","event_date":"2026-04-07T00:00:00.000Z","post_date":"2026-04-07T00:00:00.000Z","pub_date":"2026-04-07T00:00:00.000Z","actor":"Hezbollah","claimed":"TRUE","event_type":"Drone Attack","location":"Bayyada","governate":"South","country":"Lebanon","latitude":33.162593,"longitude":35.181742,"coord_type":"general town","source_1":"https://t.me/mmirleb/14496","source_2":"","engagement":"FALSE","sources":""}},{"type":"Feature","geometry":{"type":"Point","coordinates":[35.519977,33.276695]},"properties":{"event_id":481,"data_org":"Green","event_date":"2026-04-07T00:00:00.000Z","post_date":"2026-04-07T00:00:00.000Z","pub_date":"2026-04-07T00:00:00.000Z","actor":"Hezbollah","claimed":"TRUE","event_type":"Rocket Attack","location":"Taybeh","governate":"Nabatieh","country":"Lebanon","latitude":33.276695,"longitude":35.519977,"coord_type":"general town","source_1":"https://t.me/mmirleb/14498","source_2":"","engagement":"FALSE","sources":""}},{"type":"Feature","geometry":{"type":"Point","coordinates":[35.36216,33.143039999999985]},"properties":{"event_id":482,"data_org":"Green","event_date":"2026-04-07T00:00:00.000Z","post_date":"2026-04-07T00:00:00.000Z","pub_date":"2026-04-07T00:00:00.000Z","actor":"Hezbollah","claimed":"TRUE","event_type":"Rocket Attack","location":"Rachaf","governate":"Nabatieh","country":"Lebanon","latitude":33.14304,"longitude":35.36216,"coord_type":"general town","source_1":"https://t.me/mmirleb/14500","source_2":"","engagement":"FALSE","sources":""}},{"type":"Feature","geometry":{"type":"Point","coordinates":[35.33247579,33.13393388]},"properties":{"event_id":483,"data_org":"Green","event_date":"2026-04-07T00:00:00.000Z","post_date":"2026-04-07T00:00:00.000Z","pub_date":"2026-04-07T00:00:00.000Z","actor":"Hezbollah","claimed":"TRUE","event_type":"Rocket Attack","location":"Beit Lif","governate":"Nabatieh","country":"Lebanon","latitude":33.13393388,"longitude":35.33247579,"coord_type":"general town","source_1":"https://t.me/mmirleb/14500","source_2":"","engagement":"FALSE","sources":""}},{"type":"Feature","geometry":{"type":"Point","coordinates":[35.181742,33.162592999999994]},"properties":{"event_id":484,"data_org":"Green","event_date":"2026-04-07T00:00:00.000Z","post_date":"2026-04-07T00:00:00.000Z","pub_date":"2026-04-07T00:00:00.000Z","actor":"Hezbollah","claimed":"TRUE","event_type":"Missile Attack","location":"Bayyada","governate":"South","country":"Lebanon","latitude":33.162593,"longitude":35.181742,"coord_type":"general town","source_1":"https://t.me/mmirleb/14502","source_2":"","engagement":"#N/A","sources":""}},{"type":"Feature","geometry":{"type":"Point","coordinates":[35.43240315,33.11740399999999]},"properties":{"event_id":486,"data_org":"Green","event_date":"2026-04-07T00:00:00.000Z","post_date":"2026-04-07T00:00:00.000Z","pub_date":"2026-04-07T00:00:00.000Z","actor":"Hezbollah","claimed":"TRUE","event_type":"Small Arms Engagement","location":"Bint Jbeil","governate":"Nabatieh","country":"Lebanon","latitude":33.117404,"longitude":35.43240315,"coord_type":"general town","source_1":"https://t.me/mmirleb/14511","source_2":"","engagement":"TRUE","sources":""}},{"type":"Feature","geometry":{"type":"Point","coordinates":[35.43240315,33.11740399999999]},"properties":{"event_id":487,"data_org":"Green","event_date":"2026-04-07T00:00:00.000Z","post_date":"2026-04-07T00:00:00.000Z","pub_date":"2026-04-07T00:00:00.000Z","actor":"Hezbollah","claimed":"TRUE","event_type":"Anti-Tank Fire","location":"Bint Jbeil","governate":"Nabatieh","country":"Lebanon","latitude":33.117404,"longitude":35.43240315,"coord_type":"general town","source_1":"https://t.me/mmirleb/14511","source_2":"","engagement":"TRUE","sources":""}},{"type":"Feature","geometry":{"type":"Point","coordinates":[35.44496,33.10822199999999]},"properties":{"event_id":488,"data_org":"Green","event_date":"2026-04-07T00:00:00.000Z","post_date":"2026-04-07T00:00:00.000Z","pub_date":"2026-04-07T00:00:00.000Z","actor":"Hezbollah","claimed":"TRUE","event_type":"Rocket Attack","location":"Maroun al Ras","governate":"Nabatieh","country":"Lebanon","latitude":33.108222,"longitude":35.44496,"coord_type":"general town","source_1":"https://t.me/mmirleb/14513","source_2":"","engagement":"FALSE","sources":""}},{"type":"Feature","geometry":{"type":"Point","coordinates":[35.43240315,33.11740399999999]},"properties":{"event_id":489,"data_org":"Green","event_date":"2026-04-07T00:00:00.000Z","post_date":"2026-04-07T00:00:00.000Z","pub_date":"2026-04-07T00:00:00.000Z","actor":"Hezbollah","claimed":"TRUE","event_type":"Rocket Attack","location":"Bint Jbeil","governate":"Nabatieh","country":"Lebanon","latitude":33.117404,"longitude":35.43240315,"coord_type":"general town","source_1":"https://t.me/mmirleb/14513","source_2":"","engagement":"FALSE","sources":""}},{"type":"Feature","geometry":{"type":"Point","coordinates":[35.43240315,33.11740399999999]},"properties":{"event_id":490,"data_org":"Green","event_date":"2026-04-07T00:00:00.000Z","post_date":"2026-04-07T00:00:00.000Z","pub_date":"2026-04-07T00:00:00.000Z","actor":"Hezbollah","claimed":"TRUE","event_type":"Rocket Attack","location":"Bint Jbeil","governate":"Nabatieh","country":"Lebanon","latitude":33.117404,"longitude":35.43240315,"coord_type":"general town","source_1":"https://t.me/mmirleb/14513","source_2":"","engagement":"FALSE","sources":""}},{"type":"Feature","geometry":{"type":"Point","coordinates":[35.434338,33.131018000000005]},"properties":{"event_id":491,"data_org":"Green","event_date":"2026-04-07T00:00:00.000Z","post_date":"2026-04-07T00:00:00.000Z","pub_date":"2026-04-07T00:00:00.000Z","actor":"Hezbollah","claimed":"TRUE","event_type":"Rocket Attack","location":"Ainata","governate":"Nabatieh","country":"Lebanon","latitude":33.131018,"longitude":35.434338,"coord_type":"general town","source_1":"https://t.me/mmirleb/14513","source_2":"","engagement":"FALSE","sources":""}},{"type":"Feature","geometry":{"type":"Point","coordinates":[35.434338,33.131018000000005]},"properties":{"event_id":492,"data_org":"Green","event_date":"2026-04-07T00:00:00.000Z","post_date":"2026-04-07T00:00:00.000Z","pub_date":"2026-04-07T00:00:00.000Z","actor":"Hezbollah","claimed":"TRUE","event_type":"Rocket Attack","location":"Ainata","governate":"Nabatieh","country":"Lebanon","latitude":33.131018,"longitude":35.434338,"coord_type":"general town","source_1":"https://t.me/mmirleb/14513","source_2":"","engagement":"FALSE","sources":""}},{"type":"Feature","geometry":{"type":"Point","coordinates":[35.36216,33.143039999999985]},"properties":{"event_id":493,"data_org":"Green","event_date":"2026-04-07T00:00:00.000Z","post_date":"2026-04-07T00:00:00.000Z","pub_date":"2026-04-07T00:00:00.000Z","actor":"Hezbollah","claimed":"TRUE","event_type":"Rocket Attack","location":"Rachaf","governate":"Nabatieh","country":"Lebanon","latitude":33.14304,"longitude":35.36216,"coord_type":"general town","source_1":"https://t.me/mmirleb/14515","source_2":"","engagement":"FALSE","sources":""}},{"type":"Feature","geometry":{"type":"Point","coordinates":[35.33247579,33.13393388]},"properties":{"event_id":494,"data_org":"Green","event_date":"2026-04-07T00:00:00.000Z","post_date":"2026-04-07T00:00:00.000Z","pub_date":"2026-04-07T00:00:00.000Z","actor":"Hezbollah","claimed":"TRUE","event_type":"Rocket Attack","location":"Beit Lif","governate":"Nabatieh","country":"Lebanon","latitude":33.13393388,"longitude":35.33247579,"coord_type":"general town","source_1":"https://t.me/mmirleb/14515","source_2":"","engagement":"FALSE","sources":""}},{"type":"Feature","geometry":{"type":"Point","coordinates":[35.519977,33.276695]},"properties":{"event_id":495,"data_org":"Green","event_date":"2026-04-07T00:00:00.000Z","post_date":"2026-04-07T00:00:00.000Z","pub_date":"2026-04-07T00:00:00.000Z","actor":"Hezbollah","claimed":"TRUE","event_type":"Mortar Fire","location":"Taybeh","governate":"Nabatieh","country":"Lebanon","latitude":33.276695,"longitude":35.519977,"coord_type":"general town","source_1":"https://t.me/mmirleb/14517","source_2":"","engagement":"FALSE","sources":""}},{"type":"Feature","geometry":{"type":"Point","coordinates":[35.519977,33.276695]},"properties":{"event_id":496,"data_org":"Green","event_date":"2026-04-07T00:00:00.000Z","post_date":"2026-04-07T00:00:00.000Z","pub_date":"2026-04-07T00:00:00.000Z","actor":"Hezbollah","claimed":"TRUE","event_type":"Drone Attack","location":"Taybeh","governate":"Nabatieh","country":"Lebanon","latitude":33.276695,"longitude":35.519977,"coord_type":"general town","source_1":"https://t.me/mmirleb/14519","source_2":"","engagement":"FALSE","sources":""}},{"type":"Feature","geometry":{"type":"Point","coordinates":[35.519977,33.276695]},"properties":{"event_id":497,"data_org":"Green","event_date":"2026-04-07T00:00:00.000Z","post_date":"2026-04-07T00:00:00.000Z","pub_date":"2026-04-07T00:00:00.000Z","actor":"Hezbollah","claimed":"TRUE","event_type":"Drone Attack","location":"Taybeh","governate":"Nabatieh","country":"Lebanon","latitude":33.276695,"longitude":35.519977,"coord_type":"general town","source_1":"https://t.me/mmirleb/14521","source_2":"","engagement":"FALSE","sources":""}},{"type":"Feature","geometry":{"type":"Point","coordinates":[35.60797,33.32021]},"properties":{"event_id":498,"data_org":"Green","event_date":"2026-04-07T00:00:00.000Z","post_date":"2026-04-07T00:00:00.000Z","pub_date":"2026-04-07T00:00:00.000Z","actor":"Hezbollah","claimed":"TRUE","event_type":"Other","location":"Khiam detention center","governate":"Nabatieh","country":"Lebanon","latitude":33.32021,"longitude":35.60797,"coord_type":"exact","source_1":"https://t.me/mmirleb/14523","source_2":"","engagement":"FALSE","sources":""}},{"type":"Feature","geometry":{"type":"Point","coordinates":[35.519977,33.276695]},"properties":{"event_id":500,"data_org":"Green","event_date":"2026-04-07T00:00:00.000Z","post_date":"2026-04-07T00:00:00.000Z","pub_date":"2026-04-07T00:00:00.000Z","actor":"Hezbollah","claimed":"TRUE","event_type":"Drone Attack","location":"Taybeh","governate":"Nabatieh","country":"Lebanon","latitude":33.276695,"longitude":35.519977,"coord_type":"general town","source_1":"https://t.me/mmirleb/14534","source_2":"","engagement":"FALSE","sources":""}},{"type":"Feature","geometry":{"type":"Point","coordinates":[35.519977,33.276695]},"properties":{"event_id":502,"data_org":"Green","event_date":"2026-04-07T00:00:00.000Z","post_date":"2026-04-07T00:00:00.000Z","pub_date":"2026-04-07T00:00:00.000Z","actor":"Hezbollah","claimed":"TRUE","event_type":"Rocket Attack","location":"Taybeh","governate":"Nabatieh","country":"Lebanon","latitude":33.276695,"longitude":35.519977,"coord_type":"general town","source_1":"https://t.me/mmirleb/14542","source_2":"","engagement":"FALSE","sources":""}},{"type":"Feature","geometry":{"type":"Point","coordinates":[35.43240315,33.11740399999999]},"properties":{"event_id":505,"data_org":"Green","event_date":"2026-04-07T00:00:00.000Z","post_date":"2026-04-07T00:00:00.000Z","pub_date":"2026-04-07T00:00:00.000Z","actor":"Hezbollah","claimed":"TRUE","event_type":"Anti-Tank Fire","location":"Bint Jbeil","governate":"Nabatieh","country":"Lebanon","latitude":33.117404,"longitude":35.43240315,"coord_type":"general town","source_1":"https://t.me/mmirleb/14549","source_2":"","engagement":"TRUE","sources":""}},{"type":"Feature","geometry":{"type":"Point","coordinates":[35.43240315,33.11740399999999]},"properties":{"event_id":506,"data_org":"Green","event_date":"2026-04-07T00:00:00.000Z","post_date":"2026-04-07T00:00:00.000Z","pub_date":"2026-04-07T00:00:00.000Z","actor":"Hezbollah","claimed":"TRUE","event_type":"Anti-Tank Fire","location":"Bint Jbeil","governate":"Nabatieh","country":"Lebanon","latitude":33.117404,"longitude":35.43240315,"coord_type":"general town","source_1":"https://t.me/mmirleb/14551","source_2":"","engagement":"TRUE","sources":""}},{"type":"Feature","geometry":{"type":"Point","coordinates":[35.434338,33.131018000000005]},"properties":{"event_id":510,"data_org":"Green","event_date":"2026-04-07T00:00:00.000Z","post_date":"2026-04-07T00:00:00.000Z","pub_date":"2026-04-08T00:00:00.000Z","actor":"Hezbollah","claimed":"TRUE","event_type":"Rocket Attack","location":"Aainata","governate":"Nabatieh","country":"Lebanon","latitude":33.131018,"longitude":35.434338,"coord_type":"general town","source_1":"https://t.me/mmirleb/14559","source_2":"","engagement":"FALSE","sources":""}},{"type":"Feature","geometry":{"type":"Point","coordinates":[35.181742,33.162592999999994]},"properties":{"event_id":513,"data_org":"Green","event_date":"2026-04-07T00:00:00.000Z","post_date":"2026-04-07T00:00:00.000Z","pub_date":"2026-04-08T00:00:00.000Z","actor":"Hezbollah","claimed":"TRUE","event_type":"Rocket Attack","location":"Bayyada","governate":"South","country":"Lebanon","latitude":33.162593,"longitude":35.181742,"coord_type":"general town","source_1":"https://t.me/mmirleb/14580","source_2":"","engagement":"FALSE","sources":""}},{"type":"Feature","geometry":{"type":"Point","coordinates":[35.178929,33.104186]},"properties":{"event_id":514,"data_org":"Green","event_date":"2026-04-07T00:00:00.000Z","post_date":"2026-04-07T00:00:00.000Z","pub_date":"2026-04-08T00:00:00.000Z","actor":"Hezbollah","claimed":"TRUE","event_type":"Rocket Attack","location":"Alma Shaab","governate":"Tyre","country":"Lebanon","latitude":33.104186,"longitude":35.178929,"coord_type":"general town","source_1":"https://t.me/mmirleb/14571","source_2":"","engagement":"FALSE","sources":""}},{"type":"Feature","geometry":{"type":"Point","coordinates":[35.208319,33.145406]},"properties":{"event_id":515,"data_org":"Green","event_date":"2026-04-07T00:00:00.000Z","post_date":"2026-04-07T00:00:00.000Z","pub_date":"2026-04-08T00:00:00.000Z","actor":"Hezbollah","claimed":"TRUE","event_type":"Rocket Attack","location":"Chamaa","governate":"South","country":"Lebanon","latitude":33.145406,"longitude":35.208319,"coord_type":"general town","source_1":"https://t.me/mmirleb/14580","source_2":"","engagement":"FALSE","sources":""}},{"type":"Feature","geometry":{"type":"Point","coordinates":[35.54523,33.25438]},"properties":{"event_id":516,"data_org":"Green","event_date":"2026-04-07T00:00:00.000Z","post_date":"2026-04-07T00:00:00.000Z","pub_date":"2026-04-08T00:00:00.000Z","actor":"Hezbollah","claimed":"TRUE","event_type":"Rocket Attack","location":"Oddaisseh","governate":"Marjaayoun","country":"Lebanon","latitude":33.25438,"longitude":35.54523,"coord_type":"general town","source_1":"https://t.me/mmirleb/14571","source_2":"","engagement":"FALSE","sources":""}},{"type":"Feature","geometry":{"type":"Point","coordinates":[35.511892,33.501818]},"properties":{"event_id":517,"data_org":"Green","event_date":"2026-04-07T00:00:00.000Z","post_date":"2026-04-07T00:00:00.000Z","pub_date":"2026-04-08T00:00:00.000Z","actor":"Hezbollah","claimed":"TRUE","event_type":"Rocket Attack","location":"Bouslaiya","governate":"South","country":"Lebanon","latitude":33.501818,"longitude":35.511892,"coord_type":"general town","source_1":"https://t.me/mmirleb/14571","source_2":"","engagement":"FALSE","sources":""}},{"type":"Feature","geometry":{"type":"Point","coordinates":[35.529219,33.25883799999999]},"properties":{"event_id":518,"data_org":"Green","event_date":"2026-04-07T00:00:00.000Z","post_date":"2026-04-07T00:00:00.000Z","pub_date":"2026-04-08T00:00:00.000Z","actor":"Hezbollah","claimed":"TRUE","event_type":"Rocket Attack","location":"Oddaisseh-Taybeh road","governate":"Marjaayoun","country":"Lebanon","latitude":33.258838,"longitude":35.529219,"coord_type":"general town","source_1":"https://t.me/mmirleb/14575","source_2":"","engagement":"FALSE","sources":""}},{"type":"Feature","geometry":{"type":"Point","coordinates":[35.520978,33.170025]},"properties":{"event_id":519,"data_org":"Green","event_date":"2026-04-07T00:00:00.000Z","post_date":"2026-04-07T00:00:00.000Z","pub_date":"2026-04-08T00:00:00.000Z","actor":"Hezbollah","claimed":"TRUE","event_type":"Mortar Fire","location":"Mays al Jabal","governate":"","country":"Lebanon","latitude":33.170025,"longitude":35.520978,"coord_type":"general town","source_1":"https://t.me/mmirleb/14571","source_2":"","engagement":"FALSE","sources":""}},{"type":"Feature","geometry":{"type":"Point","coordinates":[35.519977,33.276695]},"properties":{"event_id":520,"data_org":"Green","event_date":"2026-04-07T00:00:00.000Z","post_date":"2026-04-07T00:00:00.000Z","pub_date":"2026-04-08T00:00:00.000Z","actor":"Hezbollah","claimed":"TRUE","event_type":"Rocket Attack","location":"Taybeh","governate":"Nabatieh","country":"Lebanon","latitude":33.276695,"longitude":35.519977,"coord_type":"general town","source_1":"https://t.me/mmirleb/14575","source_2":"","engagement":"FALSE","sources":""}},{"type":"Feature","geometry":{"type":"Point","coordinates":[35.54523,33.25438]},"properties":{"event_id":521,"data_org":"Green","event_date":"2026-04-07T00:00:00.000Z","post_date":"2026-04-07T00:00:00.000Z","pub_date":"2026-04-08T00:00:00.000Z","actor":"Hezbollah","claimed":"TRUE","event_type":"Mortar Fire","location":"Oddaisseh","governate":"Marjaayoun","country":"Lebanon","latitude":33.25438,"longitude":35.54523,"coord_type":"general town","source_1":"https://t.me/mmirleb/14571","source_2":"","engagement":"FALSE","sources":""}},{"type":"Feature","geometry":{"type":"Point","coordinates":[35.51729519,33.23246982999999]},"properties":{"event_id":523,"data_org":"Green","event_date":"2026-04-07T00:00:00.000Z","post_date":"2026-04-07T00:00:00.000Z","pub_date":"2026-04-08T00:00:00.000Z","actor":"Hezbollah","claimed":"TRUE","event_type":"Rocket Attack","location":"Markaba","governate":"Nabatieh","country":"Lebanon","latitude":33.23246983,"longitude":35.51729519,"coord_type":"general town","source_1":"https://t.me/mmirleb/14575","source_2":"","engagement":"FALSE","sources":""}},{"type":"Feature","geometry":{"type":"Point","coordinates":[35.51695215,33.233368]},"properties":{"event_id":524,"data_org":"Green","event_date":"2026-04-07T00:00:00.000Z","post_date":"2026-04-07T00:00:00.000Z","pub_date":"2026-04-08T00:00:00.000Z","actor":"Hezbollah","claimed":"TRUE","event_type":"Mortar Fire","location":"Markaba","governate":"Nabatieh","country":"Lebanon","latitude":33.233368,"longitude":35.51695215,"coord_type":"general town","source_1":"https://t.me/mmirleb/14571","source_2":"","engagement":"FALSE","sources":""}},{"type":"Feature","geometry":{"type":"Point","coordinates":[35.403642,33.110890000000005]},"properties":{"event_id":526,"data_org":"Green","event_date":"2026-04-07T00:00:00.000Z","post_date":"2026-04-07T00:00:00.000Z","pub_date":"2026-04-08T00:00:00.000Z","actor":"Hezbollah","claimed":"TRUE","event_type":"Rocket Attack","location":"Ain Ebel","governate":"Nabatieh","country":"Lebanon","latitude":33.11089,"longitude":35.403642,"coord_type":"general town","source_1":"https://t.me/mmirleb/14575","source_2":"","engagement":"FALSE","sources":""}},{"type":"Feature","geometry":{"type":"Point","coordinates":[35.51729519,33.23246982999999]},"properties":{"event_id":527,"data_org":"Green","event_date":"2026-04-07T00:00:00.000Z","post_date":"2026-04-07T00:00:00.000Z","pub_date":"2026-04-08T00:00:00.000Z","actor":"Hezbollah","claimed":"TRUE","event_type":"Rocket Attack","location":"Markaba","governate":"Nabatieh","country":"Lebanon","latitude":33.23246983,"longitude":35.51729519,"coord_type":"general town","source_1":"https://t.me/mmirleb/14571","source_2":"","engagement":"FALSE","sources":""}},{"type":"Feature","geometry":{"type":"Point","coordinates":[35.43240315,33.11740399999999]},"properties":{"event_id":528,"data_org":"Green","event_date":"2026-04-07T00:00:00.000Z","post_date":"2026-04-07T00:00:00.000Z","pub_date":"2026-04-08T00:00:00.000Z","actor":"Hezbollah","claimed":"TRUE","event_type":"Anti-Tank Fire","location":"Bint Jbeil","governate":"Nabatieh","country":"Lebanon","latitude":33.117404,"longitude":35.43240315,"coord_type":"general town","source_1":"https://t.me/mmirleb/14573","source_2":"","engagement":"TRUE","sources":""}},{"type":"Feature","geometry":{"type":"Point","coordinates":[35.44496,33.10822199999999]},"properties":{"event_id":529,"data_org":"Green","event_date":"2026-04-07T00:00:00.000Z","post_date":"2026-04-07T00:00:00.000Z","pub_date":"2026-04-08T00:00:00.000Z","actor":"Hezbollah","claimed":"TRUE","event_type":"Rocket Attack","location":"Maroun al Ras","governate":"Nabatieh","country":"Lebanon","latitude":33.108222,"longitude":35.44496,"coord_type":"general town","source_1":"https://t.me/mmirleb/14573","source_2":"","engagement":"FALSE","sources":""}},{"type":"Feature","geometry":{"type":"Point","coordinates":[35.43240315,33.11740399999999]},"properties":{"event_id":530,"data_org":"Green","event_date":"2026-04-07T00:00:00.000Z","post_date":"2026-04-07T00:00:00.000Z","pub_date":"2026-04-08T00:00:00.000Z","actor":"Hezbollah","claimed":"TRUE","event_type":"Rocket Attack","location":"Bint Jbeil","governate":"Nabatieh","country":"Lebanon","latitude":33.117404,"longitude":35.43240315,"coord_type":"general town","source_1":"https://t.me/mmirleb/14573","source_2":"","engagement":"FALSE","sources":""}},{"type":"Feature","geometry":{"type":"Point","coordinates":[35.43240315,33.11740399999999]},"properties":{"event_id":531,"data_org":"Green","event_date":"2026-04-07T00:00:00.000Z","post_date":"2026-04-07T00:00:00.000Z","pub_date":"2026-04-08T00:00:00.000Z","actor":"Hezbollah","claimed":"TRUE","event_type":"Rocket Attack","location":"Bint Jbeil","governate":"Nabatieh","country":"Lebanon","latitude":33.117404,"longitude":35.43240315,"coord_type":"general town","source_1":"https://t.me/mmirleb/14573","source_2":"","engagement":"FALSE","sources":""}},{"type":"Feature","geometry":{"type":"Point","coordinates":[35.434338,33.131018000000005]},"properties":{"event_id":532,"data_org":"Green","event_date":"2026-04-07T00:00:00.000Z","post_date":"2026-04-07T00:00:00.000Z","pub_date":"2026-04-08T00:00:00.000Z","actor":"Hezbollah","claimed":"TRUE","event_type":"Rocket Attack","location":"Ainata","governate":"Nabatieh","country":"Lebanon","latitude":33.131018,"longitude":35.434338,"coord_type":"general town","source_1":"https://t.me/mmirleb/14573","source_2":"","engagement":"FALSE","sources":""}},{"type":"Feature","geometry":{"type":"Point","coordinates":[35.435121,33.128954]},"properties":{"event_id":533,"data_org":"Green","event_date":"2026-04-07T00:00:00.000Z","post_date":"2026-04-07T00:00:00.000Z","pub_date":"2026-04-08T00:00:00.000Z","actor":"Hezbollah","claimed":"TRUE","event_type":"Rocket Attack","location":"al Sadr, Ainata","governate":"Nabatieh","country":"Lebanon","latitude":33.128954,"longitude":35.435121,"coord_type":"general town","source_1":"https://t.me/mmirleb/14573","source_2":"","engagement":"FALSE","sources":""}},{"type":"Feature","geometry":{"type":"Point","coordinates":[35.519977,33.276695]},"properties":{"event_id":541,"data_org":"Green","event_date":"2026-04-09T00:00:00.000Z","post_date":"2026-04-09T00:00:00.000Z","pub_date":"2026-04-09T00:00:00.000Z","actor":"Hezbollah","claimed":"TRUE","event_type":"Anti-Tank Fire","location":"Taybeh","governate":"Marjaayoun","country":"Lebanon","latitude":33.276695,"longitude":35.519977,"coord_type":"general town","source_1":"https://t.me/mmirleb/14600","source_2":"","engagement":"TRUE","sources":""}},{"type":"Feature","geometry":{"type":"Point","coordinates":[35.519977,33.276695]},"properties":{"event_id":542,"data_org":"Green","event_date":"2026-04-09T00:00:00.000Z","post_date":"2026-04-09T00:00:00.000Z","pub_date":"2026-04-09T00:00:00.000Z","actor":"Hezbollah","claimed":"TRUE","event_type":"FPV Drone","location":"Taybeh","governate":"Marjaayoun","country":"Lebanon","latitude":33.276695,"longitude":35.519977,"coord_type":"general town","source_1":"https://t.me/mmirleb/14602","source_2":"","engagement":"TRUE","sources":""}},{"type":"Feature","geometry":{"type":"Point","coordinates":[35.614806,33.33019999999999]},"properties":{"event_id":543,"data_org":"Green","event_date":"2026-04-09T00:00:00.000Z","post_date":"2026-04-09T00:00:00.000Z","pub_date":"2026-04-09T00:00:00.000Z","actor":"Hezbollah","claimed":"TRUE","event_type":"Rocket Attack","location":"al Ajal Hill, near Taybeh","governate":"Marjaayoun","country":"Lebanon","latitude":33.3302,"longitude":35.614806,"coord_type":"general town","source_1":"https://t.me/mmirleb/14621","source_2":"","engagement":"TRUE","sources":""}},{"type":"Feature","geometry":{"type":"Point","coordinates":[35.43724582,33.12195800000001]},"properties":{"event_id":544,"data_org":"Green","event_date":"2026-04-09T00:00:00.000Z","post_date":"2026-04-09T00:00:00.000Z","pub_date":"2026-04-09T00:00:00.000Z","actor":"Hezbollah","claimed":"TRUE","event_type":"Small Arms Engagement","location":"Bint Jbeil","governate":"Nabatieh","country":"Lebanon","latitude":33.121958,"longitude":35.43724582,"coord_type":"general town","source_1":"https://t.me/mmirleb/14641","source_2":"https://x.com/Osint613/status/2042237871420030996","engagement":"TRUE","sources":""}},{"type":"Feature","geometry":{"type":"Point","coordinates":[35.43867114,33.124003]},"properties":{"event_id":545,"data_org":"Green","event_date":"2026-04-09T00:00:00.000Z","post_date":"2026-04-09T00:00:00.000Z","pub_date":"2026-04-09T00:00:00.000Z","actor":"Hezbollah","claimed":"TRUE","event_type":"Rocket and Mortar Attack","location":"Musa Abbas Complex","governate":"Nabatieh","country":"Lebanon","latitude":33.124003,"longitude":35.43867114,"coord_type":"exact","source_1":"https://t.me/mmirleb/14641","source_2":"https://x.com/Osint613/status/2042237871420030996","engagement":"TRUE","sources":""}},{"type":"Feature","geometry":{"type":"Point","coordinates":[35.519977,33.276695]},"properties":{"event_id":546,"data_org":"Green","event_date":"2026-04-09T00:00:00.000Z","post_date":"2026-04-09T00:00:00.000Z","pub_date":"2026-04-09T00:00:00.000Z","actor":"Hezbollah","claimed":"TRUE","event_type":"FPV Drone","location":"Taybeh","governate":"Marjaayoun","country":"Lebanon","latitude":33.276695,"longitude":35.519977,"coord_type":"general town","source_1":"https://t.me/mmirleb/14643","source_2":"","engagement":"TRUE","sources":""}},{"type":"Feature","geometry":{"type":"Point","coordinates":[35.52081908,33.168383]},"properties":{"event_id":547,"data_org":"Green","event_date":"2026-04-09T00:00:00.000Z","post_date":"2026-04-09T00:00:00.000Z","pub_date":"2026-04-09T00:00:00.000Z","actor":"Hezbollah","claimed":"TRUE","event_type":"Rocket Attack","location":"Meiss El Jabal","governate":"Marjaayoun","country":"Lebanon","latitude":33.168383,"longitude":35.52081908,"coord_type":"general town","source_1":"https://t.me/mmirleb/14650","source_2":"","engagement":"TRUE","sources":""}},{"type":"Feature","geometry":{"type":"Point","coordinates":[35.51743151,33.290001]},"properties":{"event_id":548,"data_org":"Green","event_date":"2026-04-09T00:00:00.000Z","post_date":"2026-04-09T00:00:00.000Z","pub_date":"2026-04-09T00:00:00.000Z","actor":"Hezbollah","claimed":"TRUE","event_type":"Drone Attack","location":"Taybeh","governate":"Marjaayoun","country":"Lebanon","latitude":33.290001,"longitude":35.51743151,"coord_type":"general neighborhood","source_1":"https://t.me/mmirleb/14656","source_2":"","engagement":"TRUE","sources":""}},{"type":"Feature","geometry":{"type":"Point","coordinates":[35.364504,33.14321900000001]},"properties":{"event_id":553,"data_org":"Green","event_date":"2026-04-09T00:00:00.000Z","post_date":"2026-04-10T00:00:00.000Z","pub_date":"2026-04-09T00:00:00.000Z","actor":"Hezbollah","claimed":"TRUE","event_type":"Anti-Tank Fire","location":"Rachaf","governate":"Nabatieh","country":"Lebanon","latitude":33.143219,"longitude":35.364504,"coord_type":"general town","source_1":"https://t.me/mmirleb/14679","source_2":"","engagement":"FALSE","sources":""}},{"type":"Feature","geometry":{"type":"Point","coordinates":[35.206647,33.146958999999995]},"properties":{"event_id":554,"data_org":"Green","event_date":"2026-04-09T00:00:00.000Z","post_date":"2026-04-10T00:00:00.000Z","pub_date":"2026-04-09T00:00:00.000Z","actor":"Hezbollah","claimed":"TRUE","event_type":"Artillery","location":"Chamaa","governate":"South","country":"Lebanon","latitude":33.146959,"longitude":35.206647,"coord_type":"general town","source_1":"https://t.me/mmirleb/14681","source_2":"","engagement":"FALSE","sources":""}},{"type":"Feature","geometry":{"type":"Point","coordinates":[35.364504,33.14321900000001]},"properties":{"event_id":555,"data_org":"Green","event_date":"2026-04-09T00:00:00.000Z","post_date":"2026-04-10T00:00:00.000Z","pub_date":"2026-04-09T00:00:00.000Z","actor":"Hezbollah","claimed":"TRUE","event_type":"unknown","location":"Rachaf","governate":"Nabatieh","country":"Lebanon","latitude":33.143219,"longitude":35.364504,"coord_type":"general town","source_1":"https://t.me/mmirleb/14683","source_2":"","engagement":"#N/A","sources":""}},{"type":"Feature","geometry":{"type":"Point","coordinates":[35.364504,33.14321900000001]},"properties":{"event_id":556,"data_org":"Green","event_date":"2026-04-09T00:00:00.000Z","post_date":"2026-04-10T00:00:00.000Z","pub_date":"2026-04-09T00:00:00.000Z","actor":"Hezbollah","claimed":"TRUE","event_type":"Artillery","location":"Rachaf","governate":"Nabatieh","country":"Lebanon","latitude":33.143219,"longitude":35.364504,"coord_type":"general town","source_1":"https://t.me/mmirleb/14685","source_2":"","engagement":"FALSE","sources":""}},{"type":"Feature","geometry":{"type":"Point","coordinates":[35.419894,33.11801]},"properties":{"event_id":557,"data_org":"Green","event_date":"2026-04-09T00:00:00.000Z","post_date":"2026-04-10T00:00:00.000Z","pub_date":"2026-04-09T00:00:00.000Z","actor":"Hezbollah","claimed":"TRUE","event_type":"Rocket Attack","location":"Bint Jbeil","governate":"Nabatieh","country":"Lebanon","latitude":33.11801,"longitude":35.419894,"coord_type":"general town","source_1":"https://t.me/mmirleb/14687","source_2":"","engagement":"FALSE","sources":""}},{"type":"Feature","geometry":{"type":"Point","coordinates":[35.61506332,33.33012899999999]},"properties":{"event_id":558,"data_org":"Green","event_date":"2026-04-09T00:00:00.000Z","post_date":"2026-04-10T00:00:00.000Z","pub_date":"2026-04-09T00:00:00.000Z","actor":"Hezbollah","claimed":"TRUE","event_type":"Rocket Attack","location":"Khiam","governate":"South","country":"Lebanon","latitude":33.330129,"longitude":35.61506332,"coord_type":"general town","source_1":"https://t.me/mmirleb/14691","source_2":"","engagement":"FALSE","sources":""}},{"type":"Feature","geometry":{"type":"Point","coordinates":[35.419894,33.11801]},"properties":{"event_id":559,"data_org":"Green","event_date":"2026-04-09T00:00:00.000Z","post_date":"2026-04-10T00:00:00.000Z","pub_date":"2026-04-09T00:00:00.000Z","actor":"Hezbollah","claimed":"TRUE","event_type":"Rocket Attack","location":"Bint Jbeil","governate":"Nabatieh","country":"Lebanon","latitude":33.11801,"longitude":35.419894,"coord_type":"general town","source_1":"https://t.me/mmirleb/14693","source_2":"","engagement":"FALSE","sources":""}},{"type":"Feature","geometry":{"type":"Point","coordinates":[35.419894,33.11801]},"properties":{"event_id":560,"data_org":"Green","event_date":"2026-04-09T00:00:00.000Z","post_date":"2026-04-10T00:00:00.000Z","pub_date":"2026-04-09T00:00:00.000Z","actor":"Hezbollah","claimed":"TRUE","event_type":"Rocket Attack","location":"Bint Jbeil","governate":"Nabatieh","country":"Lebanon","latitude":33.11801,"longitude":35.419894,"coord_type":"general town","source_1":"https://t.me/mmirleb/14693","source_2":"","engagement":"FALSE","sources":""}},{"type":"Feature","geometry":{"type":"Point","coordinates":[35.419894,33.11801]},"properties":{"event_id":561,"data_org":"Green","event_date":"2026-04-09T00:00:00.000Z","post_date":"2026-04-10T00:00:00.000Z","pub_date":"2026-04-09T00:00:00.000Z","actor":"Hezbollah","claimed":"TRUE","event_type":"Rocket Attack","location":"Bint Jbeil","governate":"Nabatieh","country":"Lebanon","latitude":33.11801,"longitude":35.419894,"coord_type":"general town","source_1":"https://t.me/mmirleb/14693","source_2":"","engagement":"FALSE","sources":""}},{"type":"Feature","geometry":{"type":"Point","coordinates":[35.419894,33.11801]},"properties":{"event_id":562,"data_org":"Green","event_date":"2026-04-09T00:00:00.000Z","post_date":"2026-04-10T00:00:00.000Z","pub_date":"2026-04-09T00:00:00.000Z","actor":"Hezbollah","claimed":"TRUE","event_type":"Rocket Attack","location":"Bint Jbeil","governate":"Nabatieh","country":"Lebanon","latitude":33.11801,"longitude":35.419894,"coord_type":"general town","source_1":"https://t.me/mmirleb/14693","source_2":"","engagement":"FALSE","sources":""}},{"type":"Feature","geometry":{"type":"Point","coordinates":[35.419894,33.11801]},"properties":{"event_id":563,"data_org":"Green","event_date":"2026-04-09T00:00:00.000Z","post_date":"2026-04-10T00:00:00.000Z","pub_date":"2026-04-09T00:00:00.000Z","actor":"Hezbollah","claimed":"TRUE","event_type":"Rocket Attack","location":"Bint Jbeil","governate":"Nabatieh","country":"Lebanon","latitude":33.11801,"longitude":35.419894,"coord_type":"general town","source_1":"https://t.me/mmirleb/14693","source_2":"","engagement":"FALSE","sources":""}},{"type":"Feature","geometry":{"type":"Point","coordinates":[35.419894,33.11801]},"properties":{"event_id":564,"data_org":"Green","event_date":"2026-04-09T00:00:00.000Z","post_date":"2026-04-10T00:00:00.000Z","pub_date":"2026-04-09T00:00:00.000Z","actor":"Hezbollah","claimed":"TRUE","event_type":"Rocket Attack","location":"Bint Jbeil","governate":"Nabatieh","country":"Lebanon","latitude":33.11801,"longitude":35.419894,"coord_type":"general town","source_1":"https://t.me/mmirleb/14695","source_2":"","engagement":"FALSE","sources":""}},{"type":"Feature","geometry":{"type":"Point","coordinates":[35.419894,33.11801]},"properties":{"event_id":565,"data_org":"Green","event_date":"2026-04-09T00:00:00.000Z","post_date":"2026-04-10T00:00:00.000Z","pub_date":"2026-04-09T00:00:00.000Z","actor":"Hezbollah","claimed":"TRUE","event_type":"Rocket Attack","location":"Bint Jbeil","governate":"Nabatieh","country":"Lebanon","latitude":33.11801,"longitude":35.419894,"coord_type":"general town","source_1":"https://t.me/mmirleb/14695","source_2":"","engagement":"FALSE","sources":""}},{"type":"Feature","geometry":{"type":"Point","coordinates":[35.419894,33.11801]},"properties":{"event_id":566,"data_org":"Green","event_date":"2026-04-09T00:00:00.000Z","post_date":"2026-04-10T00:00:00.000Z","pub_date":"2026-04-09T00:00:00.000Z","actor":"Hezbollah","claimed":"TRUE","event_type":"Rocket Attack","location":"Bint Jbeil","governate":"Nabatieh","country":"Lebanon","latitude":33.11801,"longitude":35.419894,"coord_type":"general town","source_1":"https://t.me/mmirleb/14695","source_2":"","engagement":"FALSE","sources":""}},{"type":"Feature","geometry":{"type":"Point","coordinates":[35.419894,33.11801]},"properties":{"event_id":567,"data_org":"Green","event_date":"2026-04-09T00:00:00.000Z","post_date":"2026-04-10T00:00:00.000Z","pub_date":"2026-04-09T00:00:00.000Z","actor":"Hezbollah","claimed":"TRUE","event_type":"Rocket Attack","location":"Bint Jbeil","governate":"Nabatieh","country":"Lebanon","latitude":33.11801,"longitude":35.419894,"coord_type":"general town","source_1":"https://t.me/mmirleb/14695","source_2":"","engagement":"FALSE","sources":""}},{"type":"Feature","geometry":{"type":"Point","coordinates":[35.419894,33.11801]},"properties":{"event_id":568,"data_org":"Green","event_date":"2026-04-09T00:00:00.000Z","post_date":"2026-04-10T00:00:00.000Z","pub_date":"2026-04-09T00:00:00.000Z","actor":"Hezbollah","claimed":"TRUE","event_type":"Rocket Attack","location":"Bint Jbeil","governate":"Nabatieh","country":"Lebanon","latitude":33.11801,"longitude":35.419894,"coord_type":"general town","source_1":"https://t.me/mmirleb/14695","source_2":"","engagement":"FALSE","sources":""}},{"type":"Feature","geometry":{"type":"Point","coordinates":[35.434338,33.131018000000005]},"properties":{"event_id":569,"data_org":"Green","event_date":"2026-04-09T00:00:00.000Z","post_date":"2026-04-10T00:00:00.000Z","pub_date":"2026-04-09T00:00:00.000Z","actor":"Hezbollah","claimed":"TRUE","event_type":"Rocket Attack","location":"Ainata","governate":"Nabatieh","country":"Lebanon","latitude":33.131018,"longitude":35.434338,"coord_type":"general town","source_1":"https://t.me/mmirleb/14697","source_2":"","engagement":"FALSE","sources":""}},{"type":"Feature","geometry":{"type":"Point","coordinates":[35.434338,33.131018000000005]},"properties":{"event_id":570,"data_org":"Green","event_date":"2026-04-09T00:00:00.000Z","post_date":"2026-04-10T00:00:00.000Z","pub_date":"2026-04-09T00:00:00.000Z","actor":"Hezbollah","claimed":"TRUE","event_type":"Rocket Attack","location":"Ainata","governate":"Nabatieh","country":"Lebanon","latitude":33.131018,"longitude":35.434338,"coord_type":"general town","source_1":"https://t.me/mmirleb/14697","source_2":"","engagement":"FALSE","sources":""}},{"type":"Feature","geometry":{"type":"Point","coordinates":[35.434338,33.131018000000005]},"properties":{"event_id":571,"data_org":"Green","event_date":"2026-04-09T00:00:00.000Z","post_date":"2026-04-10T00:00:00.000Z","pub_date":"2026-04-09T00:00:00.000Z","actor":"Hezbollah","claimed":"TRUE","event_type":"Rocket Attack","location":"Ainata","governate":"Nabatieh","country":"Lebanon","latitude":33.131018,"longitude":35.434338,"coord_type":"general town","source_1":"https://t.me/mmirleb/14697","source_2":"","engagement":"FALSE","sources":""}},{"type":"Feature","geometry":{"type":"Point","coordinates":[35.434338,33.131018000000005]},"properties":{"event_id":572,"data_org":"Green","event_date":"2026-04-09T00:00:00.000Z","post_date":"2026-04-10T00:00:00.000Z","pub_date":"2026-04-09T00:00:00.000Z","actor":"Hezbollah","claimed":"TRUE","event_type":"Rocket Attack","location":"Ainata","governate":"Nabatieh","country":"Lebanon","latitude":33.131018,"longitude":35.434338,"coord_type":"general town","source_1":"https://t.me/mmirleb/14697","source_2":"","engagement":"FALSE","sources":""}},{"type":"Feature","geometry":{"type":"Point","coordinates":[35.419894,33.11801]},"properties":{"event_id":573,"data_org":"Green","event_date":"2026-04-09T00:00:00.000Z","post_date":"2026-04-10T00:00:00.000Z","pub_date":"2026-04-09T00:00:00.000Z","actor":"Hezbollah","claimed":"TRUE","event_type":"Rocket Attack","location":"Bint Jbeil","governate":"Nabatieh","country":"Lebanon","latitude":33.11801,"longitude":35.419894,"coord_type":"general town","source_1":"https://t.me/mmirleb/14699","source_2":"","engagement":"FALSE","sources":""}},{"type":"Feature","geometry":{"type":"Point","coordinates":[35.419894,33.11801]},"properties":{"event_id":574,"data_org":"Green","event_date":"2026-04-09T00:00:00.000Z","post_date":"2026-04-10T00:00:00.000Z","pub_date":"2026-04-09T00:00:00.000Z","actor":"Hezbollah","claimed":"TRUE","event_type":"Rocket Attack","location":"Bint Jbeil","governate":"Nabatieh","country":"Lebanon","latitude":33.11801,"longitude":35.419894,"coord_type":"general town","source_1":"https://t.me/mmirleb/14699","source_2":"","engagement":"FALSE","sources":""}},{"type":"Feature","geometry":{"type":"Point","coordinates":[35.419894,33.11801]},"properties":{"event_id":575,"data_org":"Green","event_date":"2026-04-09T00:00:00.000Z","post_date":"2026-04-10T00:00:00.000Z","pub_date":"2026-04-09T00:00:00.000Z","actor":"Hezbollah","claimed":"TRUE","event_type":"Rocket Attack","location":"Bint Jbeil","governate":"Nabatieh","country":"Lebanon","latitude":33.11801,"longitude":35.419894,"coord_type":"general town","source_1":"https://t.me/mmirleb/14699","source_2":"","engagement":"FALSE","sources":""}},{"type":"Feature","geometry":{"type":"Point","coordinates":[35.419894,33.11801]},"properties":{"event_id":576,"data_org":"Green","event_date":"2026-04-09T00:00:00.000Z","post_date":"2026-04-10T00:00:00.000Z","pub_date":"2026-04-09T00:00:00.000Z","actor":"Hezbollah","claimed":"TRUE","event_type":"Rocket Attack","location":"Bint Jbeil","governate":"Nabatieh","country":"Lebanon","latitude":33.11801,"longitude":35.419894,"coord_type":"general town","source_1":"https://t.me/mmirleb/14699","source_2":"","engagement":"FALSE","sources":""}},{"type":"Feature","geometry":{"type":"Point","coordinates":[35.419894,33.11801]},"properties":{"event_id":577,"data_org":"Green","event_date":"2026-04-09T00:00:00.000Z","post_date":"2026-04-10T00:00:00.000Z","pub_date":"2026-04-09T00:00:00.000Z","actor":"Hezbollah","claimed":"TRUE","event_type":"Rocket Attack","location":"Bint Jbeil","governate":"Nabatieh","country":"Lebanon","latitude":33.11801,"longitude":35.419894,"coord_type":"general town","source_1":"https://t.me/mmirleb/14699","source_2":"","engagement":"FALSE","sources":""}},{"type":"Feature","geometry":{"type":"Point","coordinates":[35.52081908,33.168383]},"properties":{"event_id":578,"data_org":"Green","event_date":"2026-04-09T00:00:00.000Z","post_date":"2026-04-10T00:00:00.000Z","pub_date":"2026-04-09T00:00:00.000Z","actor":"Hezbollah","claimed":"TRUE","event_type":"Rocket Attack","location":"Meiss El Jabal","governate":"Marjaayoun","country":"Lebanon","latitude":33.168383,"longitude":35.52081908,"coord_type":"general town","source_1":"https://t.me/mmirleb/14701","source_2":"","engagement":"FALSE","sources":""}},{"type":"Feature","geometry":{"type":"Point","coordinates":[35.44496,33.10822199999999]},"properties":{"event_id":579,"data_org":"Green","event_date":"2026-04-09T00:00:00.000Z","post_date":"2026-04-10T00:00:00.000Z","pub_date":"2026-04-09T00:00:00.000Z","actor":"Hezbollah","claimed":"TRUE","event_type":"Rocket Attack","location":"Maroun al Ras","governate":"Nabatieh","country":"Lebanon","latitude":33.108222,"longitude":35.44496,"coord_type":"general town","source_1":"https://t.me/mmirleb/14703","source_2":"","engagement":"FALSE","sources":""}},{"type":"Feature","geometry":{"type":"Point","coordinates":[35.52081908,33.168383]},"properties":{"event_id":581,"data_org":"Green","event_date":"2026-04-09T00:00:00.000Z","post_date":"2026-04-10T00:00:00.000Z","pub_date":"2026-04-09T00:00:00.000Z","actor":"Hezbollah","claimed":"TRUE","event_type":"Rocket Attack","location":"Meiss El Jabal","governate":"Marjaayoun","country":"Lebanon","latitude":33.168383,"longitude":35.52081908,"coord_type":"general town","source_1":"https://t.me/mmirleb/14709","source_2":"","engagement":"FALSE","sources":""}},{"type":"Feature","geometry":{"type":"Point","coordinates":[35.519977,33.276695]},"properties":{"event_id":582,"data_org":"Green","event_date":"2026-04-09T00:00:00.000Z","post_date":"2026-04-10T00:00:00.000Z","pub_date":"2026-04-09T00:00:00.000Z","actor":"Hezbollah","claimed":"TRUE","event_type":"Rocket Attack","location":"Taybeh","governate":"Marjaayoun","country":"Lebanon","latitude":33.276695,"longitude":35.519977,"coord_type":"general town","source_1":"https://t.me/mmirleb/14711","source_2":"","engagement":"FALSE","sources":""}},{"type":"Feature","geometry":{"type":"Point","coordinates":[35.519977,33.276695]},"properties":{"event_id":584,"data_org":"Green","event_date":"2026-04-09T00:00:00.000Z","post_date":"2026-04-10T00:00:00.000Z","pub_date":"2026-04-09T00:00:00.000Z","actor":"Hezbollah","claimed":"TRUE","event_type":"Rocket Attack","location":"Taybeh","governate":"Marjaayoun","country":"Lebanon","latitude":33.276695,"longitude":35.519977,"coord_type":"general town","source_1":"https://t.me/mmirleb/14711","source_2":"","engagement":"FALSE","sources":""}},{"type":"Feature","geometry":{"type":"Point","coordinates":[35.519977,33.276695]},"properties":{"event_id":585,"data_org":"Green","event_date":"2026-04-09T00:00:00.000Z","post_date":"2026-04-10T00:00:00.000Z","pub_date":"2026-04-09T00:00:00.000Z","actor":"Hezbollah","claimed":"TRUE","event_type":"Rocket Attack","location":"Taybeh","governate":"Marjaayoun","country":"Lebanon","latitude":33.276695,"longitude":35.519977,"coord_type":"general town","source_1":"https://t.me/mmirleb/14711","source_2":"","engagement":"FALSE","sources":""}},{"type":"Feature","geometry":{"type":"Point","coordinates":[35.519977,33.276695]},"properties":{"event_id":586,"data_org":"Green","event_date":"2026-04-09T00:00:00.000Z","post_date":"2026-04-10T00:00:00.000Z","pub_date":"2026-04-09T00:00:00.000Z","actor":"Hezbollah","claimed":"TRUE","event_type":"Rocket Attack","location":"Taybeh","governate":"Marjaayoun","country":"Lebanon","latitude":33.276695,"longitude":35.519977,"coord_type":"general town","source_1":"https://t.me/mmirleb/14711","source_2":"","engagement":"FALSE","sources":""}},{"type":"Feature","geometry":{"type":"Point","coordinates":[35.61506332,33.33012899999999]},"properties":{"event_id":588,"data_org":"Green","event_date":"2026-04-09T00:00:00.000Z","post_date":"2026-04-10T00:00:00.000Z","pub_date":"2026-04-09T00:00:00.000Z","actor":"Hezbollah","claimed":"TRUE","event_type":"Rocket Attack","location":"Khiam","governate":"Nabatieh","country":"Lebanon","latitude":33.330129,"longitude":35.61506332,"coord_type":"general town","source_1":"https://t.me/mmirleb/14716","source_2":"","engagement":"FALSE","sources":""}},{"type":"Feature","geometry":{"type":"Point","coordinates":[35.364504,33.14321900000001]},"properties":{"event_id":589,"data_org":"Green","event_date":"2026-04-09T00:00:00.000Z","post_date":"2026-04-10T00:00:00.000Z","pub_date":"2026-04-09T00:00:00.000Z","actor":"Hezbollah","claimed":"TRUE","event_type":"unknown","location":"Rachaf","governate":"Nabatieh","country":"Lebanon","latitude":33.143219,"longitude":35.364504,"coord_type":"general town","source_1":"https://t.me/mmirleb/14722","source_2":"","engagement":"#N/A","sources":""}},{"type":"Feature","geometry":{"type":"Point","coordinates":[35.61506332,33.33012899999999]},"properties":{"event_id":592,"data_org":"Green","event_date":"2026-04-09T00:00:00.000Z","post_date":"2026-04-10T00:00:00.000Z","pub_date":"2026-04-09T00:00:00.000Z","actor":"Hezbollah","claimed":"TRUE","event_type":"Rocket Attack","location":"Khiam","governate":"Nabatieh","country":"Lebanon","latitude":33.330129,"longitude":35.61506332,"coord_type":"general town","source_1":"https://t.me/mmirleb/14736","source_2":"","engagement":"FALSE","sources":""}},{"type":"Feature","geometry":{"type":"Point","coordinates":[35.61506332,33.33012899999999]},"properties":{"event_id":593,"data_org":"Green","event_date":"2026-04-09T00:00:00.000Z","post_date":"2026-04-10T00:00:00.000Z","pub_date":"2026-04-09T00:00:00.000Z","actor":"Hezbollah","claimed":"TRUE","event_type":"Drone Attack","location":"Khiam","governate":"Nabatieh","country":"Lebanon","latitude":33.330129,"longitude":35.61506332,"coord_type":"general town","source_1":"https://t.me/mmirleb/14748","source_2":"","engagement":"FALSE","sources":""}},{"type":"Feature","geometry":{"type":"Point","coordinates":[35.43240315,33.11740399999999]},"properties":{"event_id":594,"data_org":"Green","event_date":"2026-04-10T00:00:00.000Z","post_date":"2026-04-10T00:00:00.000Z","pub_date":"2026-04-10T00:00:00.000Z","actor":"Hezbollah","claimed":"TRUE","event_type":"Rocket Attack","location":"Bint Jbeil","governate":"Nabatieh","country":"Lebanon","latitude":33.117404,"longitude":35.43240315,"coord_type":"general town","source_1":"https://t.me/mmirleb/14799","source_2":"","engagement":"FALSE","sources":""}},{"type":"Feature","geometry":{"type":"Point","coordinates":[35.61506332,33.33012899999999]},"properties":{"event_id":595,"data_org":"Green","event_date":"2026-04-10T00:00:00.000Z","post_date":"2026-04-10T00:00:00.000Z","pub_date":"2026-04-10T00:00:00.000Z","actor":"Hezbollah","claimed":"TRUE","event_type":"Rocket Attack","location":"Khiam","governate":"Nabatieh","country":"Lebanon","latitude":33.330129,"longitude":35.61506332,"coord_type":"general town","source_1":"https://t.me/mmirleb/14757","source_2":"","engagement":"FALSE","sources":""}},{"type":"Feature","geometry":{"type":"Point","coordinates":[35.434338,33.131018000000005]},"properties":{"event_id":596,"data_org":"Green","event_date":"2026-04-10T00:00:00.000Z","post_date":"2026-04-10T00:00:00.000Z","pub_date":"2026-04-10T00:00:00.000Z","actor":"Hezbollah","claimed":"TRUE","event_type":"Rocket Attack","location":"Ainata","governate":"Nabatieh","country":"Lebanon","latitude":33.131018,"longitude":35.434338,"coord_type":"general town","source_1":"https://t.me/mmirleb/14795","source_2":"","engagement":"FALSE","sources":""}},{"type":"Feature","geometry":{"type":"Point","coordinates":[35.434338,33.131018000000005]},"properties":{"event_id":597,"data_org":"Green","event_date":"2026-04-10T00:00:00.000Z","post_date":"2026-04-10T00:00:00.000Z","pub_date":"2026-04-10T00:00:00.000Z","actor":"Hezbollah","claimed":"TRUE","event_type":"Rocket Attack","location":"Ainata","governate":"Nabatieh","country":"Lebanon","latitude":33.131018,"longitude":35.434338,"coord_type":"general town","source_1":"https://t.me/mmirleb/14795","source_2":"","engagement":"FALSE","sources":""}},{"type":"Feature","geometry":{"type":"Point","coordinates":[35.519977,33.276695]},"properties":{"event_id":599,"data_org":"Green","event_date":"2026-04-10T00:00:00.000Z","post_date":"2026-04-10T00:00:00.000Z","pub_date":"2026-04-10T00:00:00.000Z","actor":"Hezbollah","claimed":"TRUE","event_type":"Drone Attack","location":"Taybeh","governate":"Marjaayoun","country":"Lebanon","latitude":33.276695,"longitude":35.519977,"coord_type":"general town","source_1":"https://t.me/mmirleb/14789","source_2":"","engagement":"FALSE","sources":""}},{"type":"Feature","geometry":{"type":"Point","coordinates":[35.425807,33.081957]},"properties":{"event_id":600,"data_org":"Green","event_date":"2026-04-10T00:00:00.000Z","post_date":"2026-04-10T00:00:00.000Z","pub_date":"2026-04-10T00:00:00.000Z","actor":"Hezbollah","claimed":"TRUE","event_type":"Rocket Attack","location":"Yaroun","governate":"Bint Jbeil","country":"Lebanon","latitude":33.081957,"longitude":35.425807,"coord_type":"general town","source_1":"https://t.me/mmirleb/14774","source_2":"","engagement":"FALSE","sources":""}},{"type":"Feature","geometry":{"type":"Point","coordinates":[35.43240315,33.11740399999999]},"properties":{"event_id":602,"data_org":"Green","event_date":"2026-04-10T00:00:00.000Z","post_date":"2026-04-10T00:00:00.000Z","pub_date":"2026-04-10T00:00:00.000Z","actor":"Hezbollah","claimed":"TRUE","event_type":"Rocket Attack","location":"Bint Jbeil","governate":"Nabatieh","country":"Lebanon","latitude":33.117404,"longitude":35.43240315,"coord_type":"general town","source_1":"https://t.me/mmirleb/14777","source_2":"","engagement":"FALSE","sources":""}},{"type":"Feature","geometry":{"type":"Point","coordinates":[35.364504,33.14321900000001]},"properties":{"event_id":603,"data_org":"Green","event_date":"2026-04-10T00:00:00.000Z","post_date":"2026-04-10T00:00:00.000Z","pub_date":"2026-04-10T00:00:00.000Z","actor":"Hezbollah","claimed":"","event_type":"Rocket Attack","location":"Rachaf","governate":"Nabatieh","country":"Lebanon","latitude":33.143219,"longitude":35.364504,"coord_type":"general town","source_1":"https://t.me/mmirleb/14779","source_2":"","engagement":"FALSE","sources":""}},{"type":"Feature","geometry":{"type":"Point","coordinates":[35.33568942,33.09739389]},"properties":{"event_id":614,"data_org":"Green","event_date":"2026-04-10T00:00:00.000Z","post_date":"2026-04-10T00:00:00.000Z","pub_date":"2026-04-10T00:00:00.000Z","actor":"Hezbollah","claimed":"TRUE","event_type":"Rocket Attack","location":"Aita al Shaab","governate":"Nabatieh","country":"Lebanon","latitude":33.09739389,"longitude":35.33568942,"coord_type":"general town","source_1":"https://t.me/mmirleb/14805","source_2":"","engagement":"FALSE","sources":""}},{"type":"Feature","geometry":{"type":"Point","coordinates":[35.434155,33.130271]},"properties":{"event_id":615,"data_org":"Green","event_date":"2026-04-10T00:00:00.000Z","post_date":"2026-04-10T00:00:00.000Z","pub_date":"2026-04-10T00:00:00.000Z","actor":"Hezbollah","claimed":"TRUE","event_type":"Rocket Attack","location":"al Israq school, Ainata","governate":"Nabatieh","country":"Lebanon","latitude":33.130271,"longitude":35.434155,"coord_type":"exact","source_1":"https://t.me/mmirleb/14809","source_2":"","engagement":"FALSE","sources":""}},{"type":"Feature","geometry":{"type":"Point","coordinates":[35.434155,33.130271]},"properties":{"event_id":616,"data_org":"Green","event_date":"2026-04-10T00:00:00.000Z","post_date":"2026-04-10T00:00:00.000Z","pub_date":"2026-04-10T00:00:00.000Z","actor":"Hezbollah","claimed":"TRUE","event_type":"Rocket Attack","location":"al Israq school, Ainata","governate":"Nabatieh","country":"Lebanon","latitude":33.130271,"longitude":35.434155,"coord_type":"exact","source_1":"https://t.me/mmirleb/14811","source_2":"","engagement":"FALSE","sources":""}},{"type":"Feature","geometry":{"type":"Point","coordinates":[35.54340414,33.25532602999999]},"properties":{"event_id":617,"data_org":"Green","event_date":"2026-04-10T00:00:00.000Z","post_date":"2026-04-10T00:00:00.000Z","pub_date":"2026-04-10T00:00:00.000Z","actor":"Hezbollah","claimed":"TRUE","event_type":"Drone Attack","location":"Odaisseh","governate":"Nabatieh","country":"Lebanon","latitude":33.25532603,"longitude":35.54340414,"coord_type":"general town","source_1":"https://t.me/mmirleb/14817","source_2":"","engagement":"FALSE","sources":""}},{"type":"Feature","geometry":{"type":"Point","coordinates":[35.433438,33.134237999999996]},"properties":{"event_id":619,"data_org":"Green","event_date":"2026-04-10T00:00:00.000Z","post_date":"2026-04-11T00:00:00.000Z","pub_date":"2026-04-10T00:00:00.000Z","actor":"Hezbollah","claimed":"TRUE","event_type":"Rocket Attack","location":"Aainata","governate":"Nabatieh","country":"Lebanon","latitude":33.134238,"longitude":35.433438,"coord_type":"exact","source_1":"https://t.me/mmirleb/14824","source_2":"","engagement":"FALSE","sources":""}},{"type":"Feature","geometry":{"type":"Point","coordinates":[35.433438,33.134237999999996]},"properties":{"event_id":620,"data_org":"Green","event_date":"2026-04-10T00:00:00.000Z","post_date":"2026-04-11T00:00:00.000Z","pub_date":"2026-04-10T00:00:00.000Z","actor":"Hezbollah","claimed":"TRUE","event_type":"Rocket Attack","location":"Aainata","governate":"Nabatieh","country":"Lebanon","latitude":33.134238,"longitude":35.433438,"coord_type":"exact","source_1":"https://t.me/mmirleb/14837","source_2":"","engagement":"FALSE","sources":""}},{"type":"Feature","geometry":{"type":"Point","coordinates":[35.433438,33.134237999999996]},"properties":{"event_id":621,"data_org":"Green","event_date":"2026-04-10T00:00:00.000Z","post_date":"2026-04-11T00:00:00.000Z","pub_date":"2026-04-10T00:00:00.000Z","actor":"Hezbollah","claimed":"TRUE","event_type":"Mortar Fire","location":"Aainata","governate":"Nabatieh","country":"Lebanon","latitude":33.134238,"longitude":35.433438,"coord_type":"exact","source_1":"https://t.me/mmirleb/14837","source_2":"","engagement":"FALSE","sources":""}},{"type":"Feature","geometry":{"type":"Point","coordinates":[35.43240315,33.11740399999999]},"properties":{"event_id":622,"data_org":"Green","event_date":"2026-04-10T00:00:00.000Z","post_date":"2026-04-11T00:00:00.000Z","pub_date":"2026-04-10T00:00:00.000Z","actor":"Hezbollah","claimed":"TRUE","event_type":"Rocket Attack","location":"Bint Jbeil","governate":"Nabatieh","country":"Lebanon","latitude":33.117404,"longitude":35.43240315,"coord_type":"general town","source_1":"https://t.me/mmirleb/14839","source_2":"","engagement":"FALSE","sources":""}},{"type":"Feature","geometry":{"type":"Point","coordinates":[35.434338,33.131018000000005]},"properties":{"event_id":623,"data_org":"Green","event_date":"2026-04-10T00:00:00.000Z","post_date":"2026-04-11T00:00:00.000Z","pub_date":"2026-04-10T00:00:00.000Z","actor":"Hezbollah","claimed":"TRUE","event_type":"Mortar Fire","location":"Ainata","governate":"Nabatieh","country":"Lebanon","latitude":33.131018,"longitude":35.434338,"coord_type":"general town","source_1":"https://t.me/mmirleb/14841","source_2":"","engagement":"FALSE","sources":""}},{"type":"Feature","geometry":{"type":"Point","coordinates":[35.434338,33.131018000000005]},"properties":{"event_id":624,"data_org":"Green","event_date":"2026-04-10T00:00:00.000Z","post_date":"2026-04-11T00:00:00.000Z","pub_date":"2026-04-10T00:00:00.000Z","actor":"Hezbollah","claimed":"TRUE","event_type":"Mortar Fire","location":"Ainata","governate":"Nabatieh","country":"Lebanon","latitude":33.131018,"longitude":35.434338,"coord_type":"general town","source_1":"https://t.me/mmirleb/14841","source_2":"","engagement":"FALSE","sources":""}},{"type":"Feature","geometry":{"type":"Point","coordinates":[35.181742,33.162592999999994]},"properties":{"event_id":625,"data_org":"Green","event_date":"2026-04-10T00:00:00.000Z","post_date":"2026-04-11T00:00:00.000Z","pub_date":"2026-04-10T00:00:00.000Z","actor":"Hezbollah","claimed":"TRUE","event_type":"Rocket Attack","location":"Bayyada","governate":"South","country":"Lebanon","latitude":33.162593,"longitude":35.181742,"coord_type":"general town","source_1":"https://t.me/mmirleb/14848","source_2":"","engagement":"FALSE","sources":""}},{"type":"Feature","geometry":{"type":"Point","coordinates":[35.181742,33.162592999999994]},"properties":{"event_id":626,"data_org":"Green","event_date":"2026-04-10T00:00:00.000Z","post_date":"2026-04-11T00:00:00.000Z","pub_date":"2026-04-10T00:00:00.000Z","actor":"Hezbollah","claimed":"TRUE","event_type":"Mortar Fire","location":"Bayyada","governate":"South","country":"Lebanon","latitude":33.162593,"longitude":35.181742,"coord_type":"general town","source_1":"https://t.me/mmirleb/14848","source_2":"","engagement":"FALSE","sources":""}},{"type":"Feature","geometry":{"type":"Point","coordinates":[35.206647,33.146958999999995]},"properties":{"event_id":627,"data_org":"Green","event_date":"2026-04-10T00:00:00.000Z","post_date":"2026-04-11T00:00:00.000Z","pub_date":"2026-04-10T00:00:00.000Z","actor":"Hezbollah","claimed":"TRUE","event_type":"Mortar Fire","location":"Chamaa","governate":"South","country":"Lebanon","latitude":33.146959,"longitude":35.206647,"coord_type":"general town","source_1":"https://t.me/mmirleb/14848","source_2":"","engagement":"FALSE","sources":""}},{"type":"Feature","geometry":{"type":"Point","coordinates":[35.206647,33.146958999999995]},"properties":{"event_id":628,"data_org":"Green","event_date":"2026-04-10T00:00:00.000Z","post_date":"2026-04-11T00:00:00.000Z","pub_date":"2026-04-10T00:00:00.000Z","actor":"Hezbollah","claimed":"TRUE","event_type":"Rocket Attack","location":"Chamaa","governate":"South","country":"Lebanon","latitude":33.146959,"longitude":35.206647,"coord_type":"general town","source_1":"https://t.me/mmirleb/14848","source_2":"","engagement":"FALSE","sources":""}},{"type":"Feature","geometry":{"type":"Point","coordinates":[35.206647,33.146958999999995]},"properties":{"event_id":629,"data_org":"Green","event_date":"2026-04-10T00:00:00.000Z","post_date":"2026-04-11T00:00:00.000Z","pub_date":"2026-04-10T00:00:00.000Z","actor":"Hezbollah","claimed":"TRUE","event_type":"Drone Attack","location":"Chamaa","governate":"South","country":"Lebanon","latitude":33.146959,"longitude":35.206647,"coord_type":"general town","source_1":"https://t.me/mmirleb/14860","source_2":"","engagement":"FALSE","sources":""}},{"type":"Feature","geometry":{"type":"Point","coordinates":[35.54523,33.25438]},"properties":{"event_id":630,"data_org":"Green","event_date":"2026-04-11T00:00:00.000Z","post_date":"2026-04-11T00:00:00.000Z","pub_date":"2026-04-11T00:00:00.000Z","actor":"Hezbollah","claimed":"TRUE","event_type":"Anti-Tank Fire","location":"Oddaisseh","governate":"Marjaayoun","country":"Lebanon","latitude":33.25438,"longitude":35.54523,"coord_type":"general town","source_1":"https://t.me/mmirleb/14874","source_2":"","engagement":"TRUE","sources":""}},{"type":"Feature","geometry":{"type":"Point","coordinates":[35.54523,33.25438]},"properties":{"event_id":631,"data_org":"Green","event_date":"2026-04-11T00:00:00.000Z","post_date":"2026-04-11T00:00:00.000Z","pub_date":"2026-04-11T00:00:00.000Z","actor":"Hezbollah","claimed":"TRUE","event_type":"Drone Attack","location":"Oddaisseh","governate":"Marjaayoun","country":"Lebanon","latitude":33.25438,"longitude":35.54523,"coord_type":"general town","source_1":"https://t.me/mmirleb/14874","source_2":"","engagement":"FALSE","sources":""}},{"type":"Feature","geometry":{"type":"Point","coordinates":[35.433438,33.134237999999996]},"properties":{"event_id":632,"data_org":"Green","event_date":"2026-04-11T00:00:00.000Z","post_date":"2026-04-11T00:00:00.000Z","pub_date":"2026-04-11T00:00:00.000Z","actor":"Hezbollah","claimed":"TRUE","event_type":"Drone Attack","location":"Aainata","governate":"Nabatieh","country":"Lebanon","latitude":33.134238,"longitude":35.433438,"coord_type":"exact","source_1":"https://t.me/mmirleb/14883","source_2":"","engagement":"FALSE","sources":""}},{"type":"Feature","geometry":{"type":"Point","coordinates":[35.43240315,33.11740399999999]},"properties":{"event_id":633,"data_org":"Green","event_date":"2026-04-11T00:00:00.000Z","post_date":"2026-04-11T00:00:00.000Z","pub_date":"2026-04-11T00:00:00.000Z","actor":"Hezbollah","claimed":"TRUE","event_type":"Drone Attack","location":"Bint Jbeil","governate":"Nabatieh","country":"Lebanon","latitude":33.117404,"longitude":35.43240315,"coord_type":"general town","source_1":"https://t.me/mmirleb/14885","source_2":"","engagement":"FALSE","sources":""}},{"type":"Feature","geometry":{"type":"Point","coordinates":[35.433438,33.134237999999996]},"properties":{"event_id":634,"data_org":"Green","event_date":"2026-04-11T00:00:00.000Z","post_date":"2026-04-11T00:00:00.000Z","pub_date":"2026-04-11T00:00:00.000Z","actor":"Hezbollah","claimed":"TRUE","event_type":"Rocket Attack","location":"Aainata","governate":"Nabatieh","country":"Lebanon","latitude":33.134238,"longitude":35.433438,"coord_type":"exact","source_1":"https://t.me/mmirleb/14892","source_2":"","engagement":"FALSE","sources":""}},{"type":"Feature","geometry":{"type":"Point","coordinates":[35.433438,33.134237999999996]},"properties":{"event_id":635,"data_org":"Green","event_date":"2026-04-11T00:00:00.000Z","post_date":"2026-04-11T00:00:00.000Z","pub_date":"2026-04-11T00:00:00.000Z","actor":"Hezbollah","claimed":"TRUE","event_type":"Mortar Fire","location":"Aainata","governate":"Nabatieh","country":"Lebanon","latitude":33.134238,"longitude":35.433438,"coord_type":"exact","source_1":"https://t.me/mmirleb/14892","source_2":"","engagement":"FALSE","sources":""}},{"type":"Feature","geometry":{"type":"Point","coordinates":[35.43240315,33.11740399999999]},"properties":{"event_id":636,"data_org":"Green","event_date":"2026-04-11T00:00:00.000Z","post_date":"2026-04-11T00:00:00.000Z","pub_date":"2026-04-11T00:00:00.000Z","actor":"Hezbollah","claimed":"TRUE","event_type":"Mortar Fire","location":"Bint Jbeil","governate":"Nabatieh","country":"Lebanon","latitude":33.117404,"longitude":35.43240315,"coord_type":"general town","source_1":"https://t.me/mmirleb/14892","source_2":"","engagement":"FALSE","sources":""}},{"type":"Feature","geometry":{"type":"Point","coordinates":[35.43240315,33.11740399999999]},"properties":{"event_id":637,"data_org":"Green","event_date":"2026-04-11T00:00:00.000Z","post_date":"2026-04-11T00:00:00.000Z","pub_date":"2026-04-11T00:00:00.000Z","actor":"Hezbollah","claimed":"TRUE","event_type":"Mortar Fire","location":"Bint Jbeil","governate":"Nabatieh","country":"Lebanon","latitude":33.117404,"longitude":35.43240315,"coord_type":"general town","source_1":"https://t.me/mmirleb/14892","source_2":"","engagement":"FALSE","sources":""}},{"type":"Feature","geometry":{"type":"Point","coordinates":[35.43240315,33.11740399999999]},"properties":{"event_id":638,"data_org":"Green","event_date":"2026-04-11T00:00:00.000Z","post_date":"2026-04-11T00:00:00.000Z","pub_date":"2026-04-11T00:00:00.000Z","actor":"Hezbollah","claimed":"TRUE","event_type":"Rocket Attack","location":"Bint Jbeil","governate":"Nabatieh","country":"Lebanon","latitude":33.117404,"longitude":35.43240315,"coord_type":"general town","source_1":"https://t.me/mmirleb/14903","source_2":"","engagement":"FALSE","sources":""}},{"type":"Feature","geometry":{"type":"Point","coordinates":[35.181742,33.162592999999994]},"properties":{"event_id":639,"data_org":"Green","event_date":"2026-04-11T00:00:00.000Z","post_date":"2026-04-11T00:00:00.000Z","pub_date":"2026-04-11T00:00:00.000Z","actor":"Hezbollah","claimed":"TRUE","event_type":"Rocket Attack","location":"Bayyada","governate":"South","country":"Lebanon","latitude":33.162593,"longitude":35.181742,"coord_type":"general town","source_1":"https://t.me/mmirleb/14905","source_2":"","engagement":"FALSE","sources":""}},{"type":"Feature","geometry":{"type":"Point","coordinates":[35.181742,33.162592999999994]},"properties":{"event_id":643,"data_org":"Green","event_date":"2026-04-11T00:00:00.000Z","post_date":"2026-04-11T00:00:00.000Z","pub_date":"2026-04-11T00:00:00.000Z","actor":"Hezbollah","claimed":"TRUE","event_type":"Mortar Fire","location":"Bayyada","governate":"South","country":"Lebanon","latitude":33.162593,"longitude":35.181742,"coord_type":"general town","source_1":"https://t.me/mmirleb/14908","source_2":"","engagement":"FALSE","sources":""}},{"type":"Feature","geometry":{"type":"Point","coordinates":[35.181742,33.162592999999994]},"properties":{"event_id":644,"data_org":"Green","event_date":"2026-04-11T00:00:00.000Z","post_date":"2026-04-11T00:00:00.000Z","pub_date":"2026-04-11T00:00:00.000Z","actor":"Hezbollah","claimed":"TRUE","event_type":"Rocket Attack","location":"Bayyada","governate":"South","country":"Lebanon","latitude":33.162593,"longitude":35.181742,"coord_type":"general town","source_1":"https://t.me/mmirleb/14913","source_2":"","engagement":"FALSE","sources":""}},{"type":"Feature","geometry":{"type":"Point","coordinates":[35.43240315,33.11740399999999]},"properties":{"event_id":645,"data_org":"Green","event_date":"2026-04-11T00:00:00.000Z","post_date":"2026-04-11T00:00:00.000Z","pub_date":"2026-04-11T00:00:00.000Z","actor":"Hezbollah","claimed":"TRUE","event_type":"Rocket Attack","location":"Bint Jbeil","governate":"Nabatieh","country":"Lebanon","latitude":33.117404,"longitude":35.43240315,"coord_type":"general town","source_1":"https://t.me/mmirleb/14923","source_2":"","engagement":"FALSE","sources":""}},{"type":"Feature","geometry":{"type":"Point","coordinates":[35.43240315,33.11740399999999]},"properties":{"event_id":646,"data_org":"Green","event_date":"2026-04-11T00:00:00.000Z","post_date":"2026-04-11T00:00:00.000Z","pub_date":"2026-04-11T00:00:00.000Z","actor":"Hezbollah","claimed":"TRUE","event_type":"Rocket Attack","location":"Bint Jbeil","governate":"Nabatieh","country":"Lebanon","latitude":33.117404,"longitude":35.43240315,"coord_type":"general town","source_1":"https://t.me/mmirleb/14927","source_2":"","engagement":"FALSE","sources":""}},{"type":"Feature","geometry":{"type":"Point","coordinates":[35.433438,33.134237999999996]},"properties":{"event_id":647,"data_org":"Green","event_date":"2026-04-11T00:00:00.000Z","post_date":"2026-04-11T00:00:00.000Z","pub_date":"2026-04-11T00:00:00.000Z","actor":"Hezbollah","claimed":"TRUE","event_type":"Anti-Tank Fire","location":"Aainata","governate":"Nabatieh","country":"Lebanon","latitude":33.134238,"longitude":35.433438,"coord_type":"exact","source_1":"https://t.me/mmirleb/14929","source_2":"","engagement":"TRUE","sources":""}},{"type":"Feature","geometry":{"type":"Point","coordinates":[35.54340414,33.25532599999999]},"properties":{"event_id":653,"data_org":"Green","event_date":"2026-04-11T00:00:00.000Z","post_date":"2026-04-11T00:00:00.000Z","pub_date":"2026-04-12T00:00:00.000Z","actor":"Hezbollah","claimed":"TRUE","event_type":"Drone Attack","location":"Aadaysit Marjaayoun","governate":"Nabatieh","country":"Lebanon","latitude":33.255326,"longitude":35.54340414,"coord_type":"general town","source_1":"https://t.me/mmirleb/14946","source_2":"","engagement":"TRUE","sources":""}},{"type":"Feature","geometry":{"type":"Point","coordinates":[35.43240315,33.11740399999999]},"properties":{"event_id":654,"data_org":"Green","event_date":"2026-04-11T00:00:00.000Z","post_date":"2026-04-11T00:00:00.000Z","pub_date":"2026-04-12T00:00:00.000Z","actor":"Hezbollah","claimed":"TRUE","event_type":"Rocket Attack","location":"Liberation Triangle (IVO Bint Jbeil, Ainata, Aitaroun)","governate":"Nabatieh","country":"Lebanon","latitude":33.117404,"longitude":35.43240315,"coord_type":"general town","source_1":"https://t.me/mmirleb/14948","source_2":"","engagement":"FALSE","sources":""}},{"type":"Feature","geometry":{"type":"Point","coordinates":[35.43240315,33.11740399999999]},"properties":{"event_id":655,"data_org":"Green","event_date":"2026-04-11T00:00:00.000Z","post_date":"2026-04-11T00:00:00.000Z","pub_date":"2026-04-12T00:00:00.000Z","actor":"Hezbollah","claimed":"TRUE","event_type":"Rocket Attack","location":"Bint Jbeil","governate":"Nabatieh","country":"Lebanon","latitude":33.117404,"longitude":35.43240315,"coord_type":"general town","source_1":"https://t.me/mmirleb/14950","source_2":"","engagement":"FALSE","sources":""}},{"type":"Feature","geometry":{"type":"Point","coordinates":[35.433438,33.134237999999996]},"properties":{"event_id":656,"data_org":"Green","event_date":"2026-04-11T00:00:00.000Z","post_date":"2026-04-11T00:00:00.000Z","pub_date":"2026-04-12T00:00:00.000Z","actor":"Hezbollah","claimed":"TRUE","event_type":"Rocket Attack","location":"Ainata","governate":"Nabatieh","country":"Lebanon","latitude":33.134238,"longitude":35.433438,"coord_type":"exact","source_1":"https://t.me/mmirleb/14950","source_2":"","engagement":"FALSE","sources":""}},{"type":"Feature","geometry":{"type":"Point","coordinates":[35.43240315,33.11740399999999]},"properties":{"event_id":657,"data_org":"Green","event_date":"2026-04-11T00:00:00.000Z","post_date":"2026-04-11T00:00:00.000Z","pub_date":"2026-04-12T00:00:00.000Z","actor":"Hezbollah","claimed":"TRUE","event_type":"Rocket Attack","location":"Bint Jbeil","governate":"Nabatieh","country":"Lebanon","latitude":33.117404,"longitude":35.43240315,"coord_type":"general town","source_1":"https://t.me/mmirleb/14950","source_2":"","engagement":"FALSE","sources":""}},{"type":"Feature","geometry":{"type":"Point","coordinates":[35.36216,33.143039999999985]},"properties":{"event_id":658,"data_org":"Green","event_date":"2026-04-11T00:00:00.000Z","post_date":"2026-04-11T00:00:00.000Z","pub_date":"2026-04-12T00:00:00.000Z","actor":"Hezbollah","claimed":"TRUE","event_type":"Rocket Attack","location":"Rachaf","governate":"Nabatieh","country":"Lebanon","latitude":33.14304,"longitude":35.36216,"coord_type":"general town","source_1":"https://t.me/mmirleb/14950","source_2":"","engagement":"FALSE","sources":""}},{"type":"Feature","geometry":{"type":"Point","coordinates":[35.60797,33.32021]},"properties":{"event_id":659,"data_org":"Green","event_date":"2026-04-11T00:00:00.000Z","post_date":"2026-04-11T00:00:00.000Z","pub_date":"2026-04-12T00:00:00.000Z","actor":"Hezbollah","claimed":"TRUE","event_type":"Rocket Attack","location":"Khiam","governate":"Nabatieh","country":"Lebanon","latitude":33.32021,"longitude":35.60797,"coord_type":"general neighborhood","source_1":"https://t.me/mmirleb/14950","source_2":"","engagement":"FALSE","sources":""}},{"type":"Feature","geometry":{"type":"Point","coordinates":[35.610385,33.32280600000001]},"properties":{"event_id":660,"data_org":"Green","event_date":"2026-04-11T00:00:00.000Z","post_date":"2026-04-11T00:00:00.000Z","pub_date":"2026-04-12T00:00:00.000Z","actor":"Hezbollah","claimed":"TRUE","event_type":"Rocket Attack","location":"Khiam","governate":"Nabatieh","country":"Lebanon","latitude":33.322806,"longitude":35.610385,"coord_type":"general neighborhood","source_1":"https://t.me/mmirleb/14952","source_2":"","engagement":"FALSE","sources":""}},{"type":"Feature","geometry":{"type":"Point","coordinates":[35.56304800000001,33.283227]},"properties":{"event_id":661,"data_org":"Green","event_date":"2026-04-11T00:00:00.000Z","post_date":"2026-04-11T00:00:00.000Z","pub_date":"2026-04-12T00:00:00.000Z","actor":"Hezbollah","claimed":"TRUE","event_type":"Rocket Attack","location":"Kfar Kila","governate":"Nabatieh","country":"Lebanon","latitude":33.283227,"longitude":35.563048,"coord_type":"exact","source_1":"https://t.me/mmirleb/14952","source_2":"","engagement":"FALSE","sources":""}},{"type":"Feature","geometry":{"type":"Point","coordinates":[35.56304800000001,33.283227]},"properties":{"event_id":662,"data_org":"Green","event_date":"2026-04-11T00:00:00.000Z","post_date":"2026-04-11T00:00:00.000Z","pub_date":"2026-04-12T00:00:00.000Z","actor":"Hezbollah","claimed":"TRUE","event_type":"Rocket Attack","location":"Kfar Kila","governate":"Nabatieh","country":"Lebanon","latitude":33.283227,"longitude":35.563048,"coord_type":"exact","source_1":"https://t.me/mmirleb/14952","source_2":"","engagement":"FALSE","sources":""}},{"type":"Feature","geometry":{"type":"Point","coordinates":[35.614806,33.330200999999995]},"properties":{"event_id":663,"data_org":"Green","event_date":"2026-04-11T00:00:00.000Z","post_date":"2026-04-12T00:00:00.000Z","pub_date":"2026-04-12T00:00:00.000Z","actor":"Hezbollah","claimed":"TRUE","event_type":"Rocket Attack","location":"Khiam","governate":"Nabatieh","country":"Lebanon","latitude":33.330201,"longitude":35.614806,"coord_type":"general town","source_1":"https://t.me/mmirleb/14963","source_2":"","engagement":"FALSE","sources":""}},{"type":"Feature","geometry":{"type":"Point","coordinates":[35.614806,33.330200999999995]},"properties":{"event_id":664,"data_org":"Green","event_date":"2026-04-11T00:00:00.000Z","post_date":"2026-04-12T00:00:00.000Z","pub_date":"2026-04-12T00:00:00.000Z","actor":"Hezbollah","claimed":"TRUE","event_type":"Rocket Attack","location":"Khiam","governate":"Nabatieh","country":"Lebanon","latitude":33.330201,"longitude":35.614806,"coord_type":"general town","source_1":"https://t.me/mmirleb/14963","source_2":"","engagement":"FALSE","sources":""}},{"type":"Feature","geometry":{"type":"Point","coordinates":[35.519977,33.276695]},"properties":{"event_id":665,"data_org":"Green","event_date":"2026-04-12T00:00:00.000Z","post_date":"2026-04-12T00:00:00.000Z","pub_date":"2026-04-12T00:00:00.000Z","actor":"Hezbollah","claimed":"TRUE","event_type":"Drone Attack","location":"Taybeh","governate":"Nabatieh","country":"Lebanon","latitude":33.276695,"longitude":35.519977,"coord_type":"general town","source_1":"https://t.me/mmirleb/14965","source_2":"","engagement":"FALSE","sources":""}},{"type":"Feature","geometry":{"type":"Point","coordinates":[35.592837,33.293697]},"properties":{"event_id":666,"data_org":"Green","event_date":"2026-04-12T00:00:00.000Z","post_date":"2026-04-12T00:00:00.000Z","pub_date":"2026-04-12T00:00:00.000Z","actor":"Hezbollah","claimed":"TRUE","event_type":"Rocket Attack","location":"Khiam","governate":"Nabatieh","country":"Lebanon","latitude":33.293697,"longitude":35.592837,"coord_type":"exact","source_1":"https://t.me/mmirleb/14972","source_2":"","engagement":"FALSE","sources":""}},{"type":"Feature","geometry":{"type":"Point","coordinates":[35.43240315,33.11740399999999]},"properties":{"event_id":667,"data_org":"Green","event_date":"2026-04-12T00:00:00.000Z","post_date":"2026-04-12T00:00:00.000Z","pub_date":"2026-04-12T00:00:00.000Z","actor":"Hezbollah","claimed":"TRUE","event_type":"Rocket Attack","location":"Bint Jbeil","governate":"Nabatieh","country":"Lebanon","latitude":33.117404,"longitude":35.43240315,"coord_type":"general town","source_1":"https://t.me/mmirleb/14976","source_2":"","engagement":"FALSE","sources":""}},{"type":"Feature","geometry":{"type":"Point","coordinates":[35.29001252,33.113856459999994]},"properties":{"event_id":668,"data_org":"Green","event_date":"2026-04-12T00:00:00.000Z","post_date":"2026-04-12T00:00:00.000Z","pub_date":"2026-04-12T00:00:00.000Z","actor":"Hezbollah","claimed":"TRUE","event_type":"Mortar Fire","location":"Jabal Blat","governate":"South","country":"Lebanon","latitude":33.11385646,"longitude":35.29001252,"coord_type":"general town","source_1":"https://t.me/mmirleb/14980","source_2":"","engagement":"FALSE","sources":""}},{"type":"Feature","geometry":{"type":"Point","coordinates":[35.36216,33.143039999999985]},"properties":{"event_id":669,"data_org":"Green","event_date":"2026-04-12T00:00:00.000Z","post_date":"2026-04-12T00:00:00.000Z","pub_date":"2026-04-12T00:00:00.000Z","actor":"Hezbollah","claimed":"TRUE","event_type":"Mortar Fire","location":"Rachaf","governate":"Nabatieh","country":"Lebanon","latitude":33.14304,"longitude":35.36216,"coord_type":"general town","source_1":"https://t.me/mmirleb/14985","source_2":"","engagement":"FALSE","sources":""}},{"type":"Feature","geometry":{"type":"Point","coordinates":[35.34439786,33.11780317]},"properties":{"event_id":670,"data_org":"Green","event_date":"2026-04-12T00:00:00.000Z","post_date":"2026-04-12T00:00:00.000Z","pub_date":"2026-04-12T00:00:00.000Z","actor":"Hezbollah","claimed":"TRUE","event_type":"Mortar Fire","location":"Qouzah","governate":"Nabatieh","country":"Lebanon","latitude":33.11780317,"longitude":35.34439786,"coord_type":"general town","source_1":"https://t.me/mmirleb/14987","source_2":"","engagement":"FALSE","sources":""}},{"type":"Feature","geometry":{"type":"Point","coordinates":[35.3687,33.119749999999996]},"properties":{"event_id":671,"data_org":"Green","event_date":"2026-04-12T00:00:00.000Z","post_date":"2026-04-12T00:00:00.000Z","pub_date":"2026-04-12T00:00:00.000Z","actor":"Hezbollah","claimed":"TRUE","event_type":"Rocket Attack","location":"Debl","governate":"Nabatieh","country":"Lebanon","latitude":33.11975,"longitude":35.3687,"coord_type":"general town","source_1":"https://t.me/mmirleb/14995","source_2":"","engagement":"FALSE","sources":""}},{"type":"Feature","geometry":{"type":"Point","coordinates":[35.36216,33.143039999999985]},"properties":{"event_id":672,"data_org":"Green","event_date":"2026-04-12T00:00:00.000Z","post_date":"2026-04-12T00:00:00.000Z","pub_date":"2026-04-12T00:00:00.000Z","actor":"Hezbollah","claimed":"TRUE","event_type":"Rocket Attack","location":"Rachaf","governate":"Nabatieh","country":"Lebanon","latitude":33.14304,"longitude":35.36216,"coord_type":"general town","source_1":"https://t.me/mmirleb/14995","source_2":"","engagement":"FALSE","sources":""}},{"type":"Feature","geometry":{"type":"Point","coordinates":[35.332476,33.133933999999996]},"properties":{"event_id":673,"data_org":"Green","event_date":"2026-04-12T00:00:00.000Z","post_date":"2026-04-12T00:00:00.000Z","pub_date":"2026-04-12T00:00:00.000Z","actor":"Hezbollah","claimed":"TRUE","event_type":"Rocket Attack","location":"Beit Lif","governate":"Nabatieh","country":"Lebanon","latitude":33.133934,"longitude":35.332476,"coord_type":"general town","source_1":"https://t.me/mmirleb/14995","source_2":"","engagement":"FALSE","sources":""}},{"type":"Feature","geometry":{"type":"Point","coordinates":[35.34439786,33.11780317]},"properties":{"event_id":674,"data_org":"Green","event_date":"2026-04-12T00:00:00.000Z","post_date":"2026-04-12T00:00:00.000Z","pub_date":"2026-04-12T00:00:00.000Z","actor":"Hezbollah","claimed":"TRUE","event_type":"Rocket Attack","location":"Qouzah","governate":"Nabatieh","country":"Lebanon","latitude":33.11780317,"longitude":35.34439786,"coord_type":"general town","source_1":"https://t.me/mmirleb/14995","source_2":"","engagement":"FALSE","sources":""}},{"type":"Feature","geometry":{"type":"Point","coordinates":[35.181742,33.162592999999994]},"properties":{"event_id":675,"data_org":"Green","event_date":"2026-04-12T00:00:00.000Z","post_date":"2026-04-12T00:00:00.000Z","pub_date":"2026-04-12T00:00:00.000Z","actor":"Hezbollah","claimed":"TRUE","event_type":"Rocket Attack","location":"Bayyada","governate":"South","country":"Lebanon","latitude":33.162593,"longitude":35.181742,"coord_type":"general town","source_1":"https://t.me/mmirleb/14995","source_2":"","engagement":"FALSE","sources":""}},{"type":"Feature","geometry":{"type":"Point","coordinates":[35.4031087,33.109302199999995]},"properties":{"event_id":676,"data_org":"Green","event_date":"2026-04-12T00:00:00.000Z","post_date":"2026-04-12T00:00:00.000Z","pub_date":"2026-04-12T00:00:00.000Z","actor":"Hezbollah","claimed":"TRUE","event_type":"Rocket Attack","location":"Ain Ebel","governate":"Nabatieh","country":"Lebanon","latitude":33.1093022,"longitude":35.4031087,"coord_type":"general town","source_1":"https://t.me/mmirleb/14999","source_2":"","engagement":"FALSE","sources":""}},{"type":"Feature","geometry":{"type":"Point","coordinates":[35.4031087,33.109302199999995]},"properties":{"event_id":677,"data_org":"Green","event_date":"2026-04-12T00:00:00.000Z","post_date":"2026-04-12T00:00:00.000Z","pub_date":"2026-04-12T00:00:00.000Z","actor":"Hezbollah","claimed":"TRUE","event_type":"Rocket Attack","location":"Ain Ebel","governate":"Nabatieh","country":"Lebanon","latitude":33.1093022,"longitude":35.4031087,"coord_type":"general town","source_1":"https://t.me/mmirleb/14999","source_2":"","engagement":"FALSE","sources":""}},{"type":"Feature","geometry":{"type":"Point","coordinates":[35.4031087,33.109302199999995]},"properties":{"event_id":678,"data_org":"Green","event_date":"2026-04-12T00:00:00.000Z","post_date":"2026-04-12T00:00:00.000Z","pub_date":"2026-04-12T00:00:00.000Z","actor":"Hezbollah","claimed":"TRUE","event_type":"Rocket Attack","location":"Ain Ebel","governate":"Nabatieh","country":"Lebanon","latitude":33.1093022,"longitude":35.4031087,"coord_type":"general town","source_1":"https://t.me/mmirleb/14999","source_2":"","engagement":"FALSE","sources":""}},{"type":"Feature","geometry":{"type":"Point","coordinates":[35.43240315,33.11740399999999]},"properties":{"event_id":679,"data_org":"Green","event_date":"2026-04-12T00:00:00.000Z","post_date":"2026-04-12T00:00:00.000Z","pub_date":"2026-04-12T00:00:00.000Z","actor":"Hezbollah","claimed":"TRUE","event_type":"Rocket Attack","location":"Bint Jbeil","governate":"Nabatieh","country":"Lebanon","latitude":33.117404,"longitude":35.43240315,"coord_type":"general town","source_1":"https://t.me/mmirleb/15001","source_2":"","engagement":"FALSE","sources":""}},{"type":"Feature","geometry":{"type":"Point","coordinates":[35.43240315,33.11740399999999]},"properties":{"event_id":680,"data_org":"Green","event_date":"2026-04-12T00:00:00.000Z","post_date":"2026-04-12T00:00:00.000Z","pub_date":"2026-04-12T00:00:00.000Z","actor":"Hezbollah","claimed":"TRUE","event_type":"Rocket Attack","location":"Bint Jbeil","governate":"Nabatieh","country":"Lebanon","latitude":33.117404,"longitude":35.43240315,"coord_type":"general town","source_1":"https://t.me/mmirleb/15001","source_2":"","engagement":"FALSE","sources":""}},{"type":"Feature","geometry":{"type":"Point","coordinates":[35.43240315,33.11740399999999]},"properties":{"event_id":687,"data_org":"Green","event_date":"2026-04-12T00:00:00.000Z","post_date":"2026-04-12T00:00:00.000Z","pub_date":"2026-04-12T00:00:00.000Z","actor":"Hezbollah","claimed":"TRUE","event_type":"Rocket Attack","location":"Bint Jbeil","governate":"Nabatieh","country":"Lebanon","latitude":33.117404,"longitude":35.43240315,"coord_type":"general town","source_1":"https://t.me/mmirleb/15011","source_2":"","engagement":"FALSE","sources":""}},{"type":"Feature","geometry":{"type":"Point","coordinates":[35.433438,33.134237999999996]},"properties":{"event_id":688,"data_org":"Green","event_date":"2026-04-12T00:00:00.000Z","post_date":"2026-04-12T00:00:00.000Z","pub_date":"2026-04-12T00:00:00.000Z","actor":"Hezbollah","claimed":"TRUE","event_type":"Mortar Fire","location":"Ainata","governate":"Nabatieh","country":"Lebanon","latitude":33.134238,"longitude":35.433438,"coord_type":"exact","source_1":"https://t.me/mmirleb/15013","source_2":"","engagement":"FALSE","sources":""}},{"type":"Feature","geometry":{"type":"Point","coordinates":[35.521966,33.16955800000001]},"properties":{"event_id":689,"data_org":"Green","event_date":"2026-04-12T00:00:00.000Z","post_date":"2026-04-12T00:00:00.000Z","pub_date":"2026-04-12T00:00:00.000Z","actor":"Hezbollah","claimed":"TRUE","event_type":"Mortar Fire","location":"Mays al Jabal","governate":"Nabatieh","country":"Lebanon","latitude":33.169558,"longitude":35.521966,"coord_type":"general town","source_1":"https://t.me/mmirleb/15015","source_2":"","engagement":"FALSE","sources":""}},{"type":"Feature","geometry":{"type":"Point","coordinates":[35.208319,33.145406]},"properties":{"event_id":697,"data_org":"Green","event_date":"2026-04-12T00:00:00.000Z","post_date":"2026-04-13T00:00:00.000Z","pub_date":"2026-04-12T00:00:00.000Z","actor":"Hezbollah","claimed":"TRUE","event_type":"Drone Attack","location":"Chamaa","governate":"South","country":"Lebanon","latitude":33.145406,"longitude":35.208319,"coord_type":"general town","source_1":"https://t.me/mmirleb/15035","source_2":"","engagement":"FALSE","sources":""}},{"type":"Feature","geometry":{"type":"Point","coordinates":[35.42983427,33.130551999999994]},"properties":{"event_id":698,"data_org":"Green","event_date":"2026-04-12T00:00:00.000Z","post_date":"2026-04-13T00:00:00.000Z","pub_date":"2026-04-12T00:00:00.000Z","actor":"Hezbollah","claimed":"TRUE","event_type":"Drone Attack","location":"Bint Jbeil","governate":"Nabatieh","country":"Lebanon","latitude":33.130552,"longitude":35.42983427,"coord_type":"general town","source_1":"https://t.me/mmirleb/15041","source_2":"","engagement":"FALSE","sources":""}},{"type":"Feature","geometry":{"type":"Point","coordinates":[35.567141,33.526296]},"properties":{"event_id":700,"data_org":"Green","event_date":"2026-04-12T00:00:00.000Z","post_date":"2026-04-13T00:00:00.000Z","pub_date":"2026-04-12T00:00:00.000Z","actor":"Hezbollah","claimed":"TRUE","event_type":"Drone Attack","location":"Biyyadah","governate":"South","country":"Lebanon","latitude":33.526296,"longitude":35.567141,"coord_type":"general town","source_1":"https://t.me/mmirleb/15043","source_2":"","engagement":"FALSE","sources":""}},{"type":"Feature","geometry":{"type":"Point","coordinates":[35.52002,33.276509999999995]},"properties":{"event_id":701,"data_org":"Green","event_date":"2026-04-12T00:00:00.000Z","post_date":"2026-04-13T00:00:00.000Z","pub_date":"2026-04-12T00:00:00.000Z","actor":"Hezbollah","claimed":"TRUE","event_type":"Drone Attack","location":"Taybeh","governate":"Marjaayoun","country":"Lebanon","latitude":33.27651,"longitude":35.52002,"coord_type":"general town","source_1":"https://t.me/mmirleb/15045","source_2":"","engagement":"FALSE","sources":""}},{"type":"Feature","geometry":{"type":"Point","coordinates":[35.518963,33.17266999999999]},"properties":{"event_id":702,"data_org":"Green","event_date":"2026-04-12T00:00:00.000Z","post_date":"2026-04-13T00:00:00.000Z","pub_date":"2026-04-12T00:00:00.000Z","actor":"Hezbollah","claimed":"TRUE","event_type":"Drone Attack","location":"Meiss El Jabal","governate":"Marjaayoun","country":"Lebanon","latitude":33.17267,"longitude":35.518963,"coord_type":"general town","source_1":"https://t.me/mmirleb/15049","source_2":"","engagement":"FALSE","sources":""}},{"type":"Feature","geometry":{"type":"Point","coordinates":[35.433438,33.134237999999996]},"properties":{"event_id":703,"data_org":"Green","event_date":"2026-04-12T00:00:00.000Z","post_date":"2026-04-13T00:00:00.000Z","pub_date":"2026-04-12T00:00:00.000Z","actor":"Hezbollah","claimed":"TRUE","event_type":"Rocket Attack","location":"Ainata","governate":"Nabatieh","country":"Lebanon","latitude":33.134238,"longitude":35.433438,"coord_type":"exact","source_1":"https://t.me/mmirleb/15051","source_2":"","engagement":"FALSE","sources":""}},{"type":"Feature","geometry":{"type":"Point","coordinates":[35.43240315,33.11740399999999]},"properties":{"event_id":704,"data_org":"Green","event_date":"2026-04-12T00:00:00.000Z","post_date":"2026-04-13T00:00:00.000Z","pub_date":"2026-04-12T00:00:00.000Z","actor":"Hezbollah","claimed":"TRUE","event_type":"Drone Attack","location":"Bint Jbeil","governate":"Nabatieh","country":"Lebanon","latitude":33.117404,"longitude":35.43240315,"coord_type":"general town","source_1":"https://t.me/mmirleb/15053","source_2":"","engagement":"FALSE","sources":""}},{"type":"Feature","geometry":{"type":"Point","coordinates":[35.543147,33.255128]},"properties":{"event_id":711,"data_org":"Green","event_date":"2026-04-13T00:00:00.000Z","post_date":"2026-04-13T00:00:00.000Z","pub_date":"2026-04-13T00:00:00.000Z","actor":"Hezbollah","claimed":"TRUE","event_type":"Drone Attack","location":"Odaisseh","governate":"South","country":"Lebanon","latitude":33.255128,"longitude":35.543147,"coord_type":"general town","source_1":"https://t.me/mmirleb/15075","source_2":"","engagement":"FALSE","sources":""}},{"type":"Feature","geometry":{"type":"Point","coordinates":[35.29001252,33.113856459999994]},"properties":{"event_id":715,"data_org":"Green","event_date":"2026-04-13T00:00:00.000Z","post_date":"2026-04-13T00:00:00.000Z","pub_date":"2026-04-13T00:00:00.000Z","actor":"Hezbollah","claimed":"TRUE","event_type":"Mortar Fire","location":"Jabal Blat","governate":"South","country":"Lebanon","latitude":33.11385646,"longitude":35.29001252,"coord_type":"general town","source_1":"https://t.me/mmirleb/15098","source_2":"","engagement":"FALSE","sources":""}},{"type":"Feature","geometry":{"type":"Point","coordinates":[35.1402,33.119063]},"properties":{"event_id":0,"data_org":"Green","event_date":"2026-04-13T00:00:00.000Z","post_date":"2026-04-13T00:00:00.000Z","pub_date":"2026-04-13T00:00:00.000Z","actor":"Hezbollah","claimed":"TRUE","event_type":"Drone Attack","location":"Naqoura","governate":"South","country":"Lebanon","latitude":33.119063,"longitude":35.1402,"coord_type":"general neighborhood","source_1":"https://t.me/mmirleb/15102","source_2":"","engagement":"FALSE","sources":""}},{"type":"Feature","geometry":{"type":"Point","coordinates":[35.403642,33.110890000000005]},"properties":{"event_id":716,"data_org":"Green","event_date":"2026-04-13T00:00:00.000Z","post_date":"2026-04-13T00:00:00.000Z","pub_date":"2026-04-13T00:00:00.000Z","actor":"Hezbollah","claimed":"TRUE","event_type":"Rocket Attack","location":"Ain Ebel","governate":"Nabatieh","country":"Lebanon","latitude":33.11089,"longitude":35.403642,"coord_type":"general town","source_1":"https://t.me/mmirleb/15114","source_2":"","engagement":"FALSE","sources":""}},{"type":"Feature","geometry":{"type":"Point","coordinates":[35.432977,33.12113099999999]},"properties":{"event_id":717,"data_org":"Green","event_date":"2026-04-13T00:00:00.000Z","post_date":"2026-04-13T00:00:00.000Z","pub_date":"2026-04-13T00:00:00.000Z","actor":"Hezbollah","claimed":"TRUE","event_type":"Rocket Attack","location":"Bint Jbeil","governate":"Nabatieh","country":"Lebanon","latitude":33.121131,"longitude":35.432977,"coord_type":"general town","source_1":"https://t.me/mmirleb/15116","source_2":"","engagement":"FALSE","sources":""}},{"type":"Feature","geometry":{"type":"Point","coordinates":[35.432977,33.12113099999999]},"properties":{"event_id":717,"data_org":"Green","event_date":"2026-04-13T00:00:00.000Z","post_date":"2026-04-13T00:00:00.000Z","pub_date":"2026-04-13T00:00:00.000Z","actor":"Hezbollah","claimed":"TRUE","event_type":"Rocket Attack","location":"Bint Jbeil","governate":"Nabatieh","country":"Lebanon","latitude":33.121131,"longitude":35.432977,"coord_type":"general town","source_1":"https://t.me/mmirleb/15116","source_2":"","engagement":"FALSE","sources":""}},{"type":"Feature","geometry":{"type":"Point","coordinates":[35.43240315,33.11740399999999]},"properties":{"event_id":729,"data_org":"Green","event_date":"2026-04-13T00:00:00.000Z","post_date":"2026-04-13T00:00:00.000Z","pub_date":"2026-04-13T00:00:00.000Z","actor":"Hezbollah","claimed":"TRUE","event_type":"Rocket Attack","location":"Bint Jbeil","governate":"Nabatieh","country":"Lebanon","latitude":33.117404,"longitude":35.43240315,"coord_type":"general town","source_1":"https://t.me/mmirleb/15140","source_2":"","engagement":"FALSE","sources":""}},{"type":"Feature","geometry":{"type":"Point","coordinates":[35.43240315,33.11740399999999]},"properties":{"event_id":730,"data_org":"Green","event_date":"2026-04-13T00:00:00.000Z","post_date":"2026-04-13T00:00:00.000Z","pub_date":"2026-04-13T00:00:00.000Z","actor":"Hezbollah","claimed":"TRUE","event_type":"Rocket Attack","location":"Bint Jbeil","governate":"Nabatieh","country":"Lebanon","latitude":33.117404,"longitude":35.43240315,"coord_type":"general town","source_1":"https://t.me/mmirleb/15140","source_2":"","engagement":"FALSE","sources":""}},{"type":"Feature","geometry":{"type":"Point","coordinates":[35.181742,33.162592999999994]},"properties":{"event_id":731,"data_org":"Green","event_date":"2026-04-13T00:00:00.000Z","post_date":"2026-04-13T00:00:00.000Z","pub_date":"2026-04-13T00:00:00.000Z","actor":"Hezbollah","claimed":"TRUE","event_type":"Rocket Attack","location":"Bayyada","governate":"South","country":"Lebanon","latitude":33.162593,"longitude":35.181742,"coord_type":"general town","source_1":"https://t.me/mmirleb/15142","source_2":"","engagement":"FALSE","sources":""}},{"type":"Feature","geometry":{"type":"Point","coordinates":[35.181742,33.162592999999994]},"properties":{"event_id":732,"data_org":"Green","event_date":"2026-04-13T00:00:00.000Z","post_date":"2026-04-13T00:00:00.000Z","pub_date":"2026-04-13T00:00:00.000Z","actor":"Hezbollah","claimed":"TRUE","event_type":"Rocket Attack","location":"Bayyada","governate":"South","country":"Lebanon","latitude":33.162593,"longitude":35.181742,"coord_type":"general town","source_1":"https://t.me/mmirleb/15144","source_2":"","engagement":"FALSE","sources":""}},{"type":"Feature","geometry":{"type":"Point","coordinates":[35.43240315,33.11740399999999]},"properties":{"event_id":735,"data_org":"Green","event_date":"2026-04-13T00:00:00.000Z","post_date":"2026-04-13T00:00:00.000Z","pub_date":"2026-04-13T00:00:00.000Z","actor":"Hezbollah","claimed":"TRUE","event_type":"Drone Attack","location":"Bint Jbeil","governate":"Nabatieh","country":"Lebanon","latitude":33.117404,"longitude":35.43240315,"coord_type":"general town","source_1":"https://t.me/mmirleb/15148","source_2":"","engagement":"FALSE","sources":""}},{"type":"Feature","geometry":{"type":"Point","coordinates":[35.30535,33.135888]},"properties":{"event_id":740,"data_org":"Green","event_date":"2026-04-13T00:00:00.000Z","post_date":"2026-04-14T00:00:00.000Z","pub_date":"2026-04-13T00:00:00.000Z","actor":"Hezbollah","claimed":"TRUE","event_type":"Rocket Attack","location":"Markaba","governate":"Marjaayoun","country":"Lebanon","latitude":33.135888,"longitude":35.30535,"coord_type":"general town","source_1":"https://t.me/mmirleb/15157","source_2":"","engagement":"FALSE","sources":""}},{"type":"Feature","geometry":{"type":"Point","coordinates":[35.4031087,33.109302199999995]},"properties":{"event_id":741,"data_org":"Green","event_date":"2026-04-13T00:00:00.000Z","post_date":"2026-04-14T00:00:00.000Z","pub_date":"2026-04-13T00:00:00.000Z","actor":"Hezbollah","claimed":"TRUE","event_type":"Rocket Attack","location":"Ain Ebel","governate":"Nabatieh","country":"Lebanon","latitude":33.1093022,"longitude":35.4031087,"coord_type":"general town","source_1":"https://t.me/mmirleb/15157","source_2":"","engagement":"FALSE","sources":""}},{"type":"Feature","geometry":{"type":"Point","coordinates":[35.43240315,33.11740399999999]},"properties":{"event_id":742,"data_org":"Green","event_date":"2026-04-13T00:00:00.000Z","post_date":"2026-04-14T00:00:00.000Z","pub_date":"2026-04-13T00:00:00.000Z","actor":"Hezbollah","claimed":"TRUE","event_type":"Rocket Attack","location":"Bint Jbeil","governate":"Nabatieh","country":"Lebanon","latitude":33.117404,"longitude":35.43240315,"coord_type":"general town","source_1":"https://t.me/mmirleb/15157","source_2":"","engagement":"FALSE","sources":""}},{"type":"Feature","geometry":{"type":"Point","coordinates":[35.364504,33.14321900000001]},"properties":{"event_id":743,"data_org":"Green","event_date":"2026-04-13T00:00:00.000Z","post_date":"2026-04-14T00:00:00.000Z","pub_date":"2026-04-13T00:00:00.000Z","actor":"Hezbollah","claimed":"TRUE","event_type":"Rocket Attack","location":"Rashaf","governate":"Nabatieh","country":"Lebanon","latitude":33.143219,"longitude":35.364504,"coord_type":"general town","source_1":"https://t.me/mmirleb/15157","source_2":"","engagement":"FALSE","sources":""}},{"type":"Feature","geometry":{"type":"Point","coordinates":[35.181742,33.162592999999994]},"properties":{"event_id":746,"data_org":"Green","event_date":"2026-04-13T00:00:00.000Z","post_date":"2026-04-14T00:00:00.000Z","pub_date":"2026-04-13T00:00:00.000Z","actor":"Hezbollah","claimed":"TRUE","event_type":"Mortar Fire","location":"Bayyada","governate":"South","country":"Lebanon","latitude":33.162593,"longitude":35.181742,"coord_type":"general town","source_1":"https://t.me/mmirleb/15161","source_2":"","engagement":"FALSE","sources":""}},{"type":"Feature","geometry":{"type":"Point","coordinates":[35.60757,33.32269]},"properties":{"event_id":747,"data_org":"Green","event_date":"2026-04-13T00:00:00.000Z","post_date":"2026-04-14T00:00:00.000Z","pub_date":"2026-04-14T00:00:00.000Z","actor":"Hezbollah","claimed":"TRUE","event_type":"Rocket Attack","location":"Khiam","governate":"Marjaayoun","country":"Lebanon","latitude":33.32269,"longitude":35.60757,"coord_type":"general town","source_1":"https://t.me/mmirleb/15165","source_2":"","engagement":"FALSE","sources":""}},{"type":"Feature","geometry":{"type":"Point","coordinates":[35.181742,33.162592999999994]},"properties":{"event_id":748,"data_org":"Green","event_date":"2026-04-14T00:00:00.000Z","post_date":"2026-04-14T00:00:00.000Z","pub_date":"2026-04-14T00:00:00.000Z","actor":"Hezbollah","claimed":"TRUE","event_type":"Rocket Attack","location":"Bayyada","governate":"South","country":"Lebanon","latitude":33.162593,"longitude":35.181742,"coord_type":"general town","source_1":"https://t.me/mmirleb/15173","source_2":"","engagement":"FALSE","sources":""}},{"type":"Feature","geometry":{"type":"Point","coordinates":[35.181742,33.162592999999994]},"properties":{"event_id":749,"data_org":"Green","event_date":"2026-04-14T00:00:00.000Z","post_date":"2026-04-14T00:00:00.000Z","pub_date":"2026-04-14T00:00:00.000Z","actor":"Hezbollah","claimed":"TRUE","event_type":"Rocket Attack","location":"Bayyada","governate":"South","country":"Lebanon","latitude":33.162593,"longitude":35.181742,"coord_type":"general town","source_1":"https://t.me/mmirleb/15173","source_2":"","engagement":"FALSE","sources":""}},{"type":"Feature","geometry":{"type":"Point","coordinates":[35.181742,33.162592999999994]},"properties":{"event_id":752,"data_org":"Green","event_date":"2026-04-14T00:00:00.000Z","post_date":"2026-04-14T00:00:00.000Z","pub_date":"2026-04-14T00:00:00.000Z","actor":"Hezbollah","claimed":"TRUE","event_type":"Rocket Attack","location":"Bayyada","governate":"South","country":"Lebanon","latitude":33.162593,"longitude":35.181742,"coord_type":"general town","source_1":"https://t.me/mmirleb/15194","source_2":"","engagement":"FALSE","sources":""}},{"type":"Feature","geometry":{"type":"Point","coordinates":[35.43240315,33.11740399999999]},"properties":{"event_id":753,"data_org":"Green","event_date":"2026-04-14T00:00:00.000Z","post_date":"2026-04-14T00:00:00.000Z","pub_date":"2026-04-14T00:00:00.000Z","actor":"Hezbollah","claimed":"TRUE","event_type":"Rocket Attack","location":"Bint Jbeil","governate":"Nabatieh","country":"Lebanon","latitude":33.117404,"longitude":35.43240315,"coord_type":"general town","source_1":"https://t.me/mmirleb/15196","source_2":"","engagement":"FALSE","sources":""}},{"type":"Feature","geometry":{"type":"Point","coordinates":[35.43240315,33.11740399999999]},"properties":{"event_id":754,"data_org":"Green","event_date":"2026-04-14T00:00:00.000Z","post_date":"2026-04-14T00:00:00.000Z","pub_date":"2026-04-14T00:00:00.000Z","actor":"Hezbollah","claimed":"TRUE","event_type":"Rocket Attack","location":"Bint Jbeil","governate":"Nabatieh","country":"Lebanon","latitude":33.117404,"longitude":35.43240315,"coord_type":"general town","source_1":"https://t.me/mmirleb/15196","source_2":"","engagement":"FALSE","sources":""}},{"type":"Feature","geometry":{"type":"Point","coordinates":[35.4031087,33.109302199999995]},"properties":{"event_id":755,"data_org":"Green","event_date":"2026-04-14T00:00:00.000Z","post_date":"2026-04-14T00:00:00.000Z","pub_date":"2026-04-14T00:00:00.000Z","actor":"Hezbollah","claimed":"TRUE","event_type":"Drone Attack","location":"Ain Ebel","governate":"Nabatieh","country":"Lebanon","latitude":33.1093022,"longitude":35.4031087,"coord_type":"general town","source_1":"https://t.me/mmirleb/15198","source_2":"","engagement":"FALSE","sources":""}},{"type":"Feature","geometry":{"type":"Point","coordinates":[35.309208,33.188698]},"properties":{"event_id":756,"data_org":"Green","event_date":"2026-04-14T00:00:00.000Z","post_date":"2026-04-14T00:00:00.000Z","pub_date":"2026-04-14T00:00:00.000Z","actor":"Hezbollah","claimed":"TRUE","event_type":"Missile Attack","location":"Siddiqine","governate":"South","country":"Lebanon","latitude":33.188698,"longitude":35.309208,"coord_type":"general town","source_1":"https://t.me/mmirleb/15200","source_2":"","engagement":"#N/A","sources":""}},{"type":"Feature","geometry":{"type":"Point","coordinates":[35.52002,33.276509999999995]},"properties":{"event_id":759,"data_org":"Green","event_date":"2026-04-10T00:00:00.000Z","post_date":"2026-04-14T00:00:00.000Z","pub_date":"2026-04-14T00:00:00.000Z","actor":"Hezbollah","claimed":"TRUE","event_type":"Drone Attack","location":"Taybeh","governate":"Marjaayoun","country":"Lebanon","latitude":33.27651,"longitude":35.52002,"coord_type":"general town","source_1":"https://t.me/mmirleb/15209","source_2":"","engagement":"FALSE","sources":""}},{"type":"Feature","geometry":{"type":"Point","coordinates":[35.60757,33.32269]},"properties":{"event_id":772,"data_org":"Green","event_date":"2026-04-14T00:00:00.000Z","post_date":"2026-04-14T00:00:00.000Z","pub_date":"2026-04-14T00:00:00.000Z","actor":"Hezbollah","claimed":"TRUE","event_type":"Rocket Attack","location":"Khiam","governate":"Nabatieh","country":"Lebanon","latitude":33.32269,"longitude":35.60757,"coord_type":"general town","source_1":"https://t.me/mmirleb/15214","source_2":"","engagement":"FALSE","sources":""}},{"type":"Feature","geometry":{"type":"Point","coordinates":[35.344398,33.117803]},"properties":{"event_id":773,"data_org":"Green","event_date":"2026-04-14T00:00:00.000Z","post_date":"2026-04-14T00:00:00.000Z","pub_date":"2026-04-14T00:00:00.000Z","actor":"Hezbollah","claimed":"TRUE","event_type":"Mortar Fire","location":"Qouzah","governate":"Nabatieh","country":"Lebanon","latitude":33.117803,"longitude":35.344398,"coord_type":"general town","source_1":"https://t.me/mmirleb/15218","source_2":"","engagement":"FALSE","sources":""}},{"type":"Feature","geometry":{"type":"Point","coordinates":[35.203944,33.27108299999999]},"properties":{"event_id":774,"data_org":"Green","event_date":"2026-04-14T00:00:00.000Z","post_date":"2026-04-14T00:00:00.000Z","pub_date":"2026-04-14T00:00:00.000Z","actor":"Hezbollah","claimed":"TRUE","event_type":"Missile Attack","location":"Tyre","governate":"South","country":"Lebanon","latitude":33.271083,"longitude":35.203944,"coord_type":"general town","source_1":"https://t.me/mmirleb/15223","source_2":"","engagement":"#N/A","sources":""}},{"type":"Feature","geometry":{"type":"Point","coordinates":[35.181742,33.162592999999994]},"properties":{"event_id":775,"data_org":"Green","event_date":"2026-04-14T00:00:00.000Z","post_date":"2026-04-14T00:00:00.000Z","pub_date":"2026-04-14T00:00:00.000Z","actor":"Hezbollah","claimed":"TRUE","event_type":"Rocket Attack","location":"Bayyada","governate":"South","country":"Lebanon","latitude":33.162593,"longitude":35.181742,"coord_type":"general town","source_1":"https://t.me/mmirleb/15225","source_2":"","engagement":"FALSE","sources":""}},{"type":"Feature","geometry":{"type":"Point","coordinates":[35.208319,33.145406]},"properties":{"event_id":776,"data_org":"Green","event_date":"2026-04-14T00:00:00.000Z","post_date":"2026-04-14T00:00:00.000Z","pub_date":"2026-04-14T00:00:00.000Z","actor":"Hezbollah","claimed":"TRUE","event_type":"Rocket Attack","location":"Chama","governate":"South","country":"Lebanon","latitude":33.145406,"longitude":35.208319,"coord_type":"general town","source_1":"https://t.me/mmirleb/15225","source_2":"","engagement":"FALSE","sources":""}},{"type":"Feature","geometry":{"type":"Point","coordinates":[35.181742,33.162592999999994]},"properties":{"event_id":777,"data_org":"Green","event_date":"2026-04-14T00:00:00.000Z","post_date":"2026-04-14T00:00:00.000Z","pub_date":"2026-04-14T00:00:00.000Z","actor":"Hezbollah","claimed":"TRUE","event_type":"Mortar Fire","location":"Bayyada","governate":"South","country":"Lebanon","latitude":33.162593,"longitude":35.181742,"coord_type":"general town","source_1":"https://t.me/mmirleb/15225","source_2":"","engagement":"FALSE","sources":""}},{"type":"Feature","geometry":{"type":"Point","coordinates":[35.208319,33.145406]},"properties":{"event_id":778,"data_org":"Green","event_date":"2026-04-14T00:00:00.000Z","post_date":"2026-04-14T00:00:00.000Z","pub_date":"2026-04-14T00:00:00.000Z","actor":"Hezbollah","claimed":"TRUE","event_type":"Mortar Fire","location":"Chama","governate":"South","country":"Lebanon","latitude":33.145406,"longitude":35.208319,"coord_type":"general town","source_1":"https://t.me/mmirleb/15225","source_2":"","engagement":"FALSE","sources":""}},{"type":"Feature","geometry":{"type":"Point","coordinates":[35.309311,33.469124]},"properties":{"event_id":779,"data_org":"Green","event_date":"2026-04-14T00:00:00.000Z","post_date":"2026-04-14T00:00:00.000Z","pub_date":"2026-04-14T00:00:00.000Z","actor":"Hezbollah","claimed":"TRUE","event_type":"Missile Attack","location":"Sahel al Zahrani (Sarafand)","governate":"South","country":"Lebanon","latitude":33.469124,"longitude":35.309311,"coord_type":"general neighborhood","source_1":"https://t.me/mmirleb/15231","source_2":"","engagement":"#N/A","sources":""}},{"type":"Feature","geometry":{"type":"Point","coordinates":[35.140112,33.119274]},"properties":{"event_id":787,"data_org":"Green","event_date":"2026-04-14T00:00:00.000Z","post_date":"2026-04-15T00:00:00.000Z","pub_date":"2026-04-14T00:00:00.000Z","actor":"Hezbollah","claimed":"TRUE","event_type":"Drone Attack","location":"Naqoura","governate":"South","country":"Lebanon","latitude":33.119274,"longitude":35.140112,"coord_type":"general town","source_1":"https://t.me/mmirleb/15251","source_2":"","engagement":"FALSE","sources":""}},{"type":"Feature","geometry":{"type":"Point","coordinates":[35.43240315,33.11740399999999]},"properties":{"event_id":788,"data_org":"Green","event_date":"2026-04-15T00:00:00.000Z","post_date":"2026-04-15T00:00:00.000Z","pub_date":"2026-04-15T00:00:00.000Z","actor":"Hezbollah","claimed":"TRUE","event_type":"Rocket Attack","location":"Bint Jbeil","governate":"Nabatieh","country":"Lebanon","latitude":33.117404,"longitude":35.43240315,"coord_type":"general town","source_1":"https://t.me/mmirleb/15266","source_2":"","engagement":"FALSE","sources":""}},{"type":"Feature","geometry":{"type":"Point","coordinates":[35.43240315,33.11740399999999]},"properties":{"event_id":789,"data_org":"Green","event_date":"2026-04-15T00:00:00.000Z","post_date":"2026-04-15T00:00:00.000Z","pub_date":"2026-04-15T00:00:00.000Z","actor":"Hezbollah","claimed":"TRUE","event_type":"Rocket Attack","location":"Bint Jbeil","governate":"Nabatieh","country":"Lebanon","latitude":33.117404,"longitude":35.43240315,"coord_type":"general town","source_1":"https://t.me/mmirleb/15267","source_2":"","engagement":"FALSE","sources":""}},{"type":"Feature","geometry":{"type":"Point","coordinates":[35.357755,33.11982299999998]},"properties":{"event_id":791,"data_org":"Green","event_date":"2026-04-15T00:00:00.000Z","post_date":"2026-04-15T00:00:00.000Z","pub_date":"2026-04-15T00:00:00.000Z","actor":"Hezbollah","claimed":"TRUE","event_type":"Rocket Attack","location":"Debel","governate":"Nabitieh","country":"Lebanon","latitude":33.119823,"longitude":35.357755,"coord_type":"general town","source_1":"https://t.me/mmirleb/15270","source_2":"","engagement":"FALSE","sources":""}},{"type":"Feature","geometry":{"type":"Point","coordinates":[35.60757,33.32269]},"properties":{"event_id":790,"data_org":"Green","event_date":"2026-04-15T00:00:00.000Z","post_date":"2026-04-15T00:00:00.000Z","pub_date":"2026-04-15T00:00:00.000Z","actor":"Hezbollah","claimed":"TRUE","event_type":"Rocket Attack","location":"Khiam","governate":"Nabatieh","country":"Lebanon","latitude":33.32269,"longitude":35.60757,"coord_type":"general town","source_1":"https://t.me/mmirleb/15271","source_2":"","engagement":"FALSE","sources":""}},{"type":"Feature","geometry":{"type":"Point","coordinates":[35.60757,33.32269]},"properties":{"event_id":792,"data_org":"Green","event_date":"2026-04-15T00:00:00.000Z","post_date":"2026-04-15T00:00:00.000Z","pub_date":"2026-04-15T00:00:00.000Z","actor":"Hezbollah","claimed":"TRUE","event_type":"Rocket Attack","location":"Khiam","governate":"Nabatieh","country":"Lebanon","latitude":33.32269,"longitude":35.60757,"coord_type":"general town","source_1":"https://t.me/mmirleb/15271","source_2":"","engagement":"FALSE","sources":""}},{"type":"Feature","geometry":{"type":"Point","coordinates":[35.181742,33.162592999999994]},"properties":{"event_id":793,"data_org":"Green","event_date":"2026-04-15T00:00:00.000Z","post_date":"2026-04-15T00:00:00.000Z","pub_date":"2026-04-15T00:00:00.000Z","actor":"Hezbollah","claimed":"TRUE","event_type":"Rocket Attack","location":"Bayyada","governate":"South","country":"Lebanon","latitude":33.162593,"longitude":35.181742,"coord_type":"general town","source_1":"https://t.me/mmirleb/15275","source_2":"","engagement":"FALSE","sources":""}},{"type":"Feature","geometry":{"type":"Point","coordinates":[35.464648,33.25312799999999]},"properties":{"event_id":794,"data_org":"Green","event_date":"2026-04-15T00:00:00.000Z","post_date":"2026-04-15T00:00:00.000Z","pub_date":"2026-04-15T00:00:00.000Z","actor":"Hezbollah","claimed":"TRUE","event_type":"Rocket Attack","location":"Qabrikha","governate":"Bint Jbeil","country":"Lebanon","latitude":33.253128,"longitude":35.464648,"coord_type":"general town","source_1":"https://t.me/mmirleb/15276","source_2":"","engagement":"FALSE","sources":""}},{"type":"Feature","geometry":{"type":"Point","coordinates":[35.181742,33.162592999999994]},"properties":{"event_id":795,"data_org":"Green","event_date":"2026-04-15T00:00:00.000Z","post_date":"2026-04-15T00:00:00.000Z","pub_date":"2026-04-15T00:00:00.000Z","actor":"Hezbollah","claimed":"TRUE","event_type":"Mortar Fire","location":"Bayyada","governate":"South","country":"Lebanon","latitude":33.162593,"longitude":35.181742,"coord_type":"general town","source_1":"https://t.me/mmirleb/15278","source_2":"","engagement":"FALSE","sources":""}},{"type":"Feature","geometry":{"type":"Point","coordinates":[35.43240315,33.11740399999999]},"properties":{"event_id":797,"data_org":"Green","event_date":"2026-04-15T00:00:00.000Z","post_date":"2026-04-15T00:00:00.000Z","pub_date":"2026-04-15T00:00:00.000Z","actor":"Hezbollah","claimed":"TRUE","event_type":"Rocket Attack","location":"Bint Jbeil","governate":"Nabatieh","country":"Lebanon","latitude":33.117404,"longitude":35.43240315,"coord_type":"general town","source_1":"https://t.me/mmirleb/15284","source_2":"","engagement":"FALSE","sources":""}},{"type":"Feature","geometry":{"type":"Point","coordinates":[35.23583,33.292778]},"properties":{"event_id":798,"data_org":"Green","event_date":"2026-04-15T00:00:00.000Z","post_date":"2026-04-15T00:00:00.000Z","pub_date":"2026-04-15T00:00:00.000Z","actor":"Hezbollah","claimed":"TRUE","event_type":"Rocket Attack","location":"Chabriha","governate":"South","country":"","latitude":33.292778,"longitude":35.23583,"coord_type":"general town","source_1":"https://t.me/mmirleb/15286","source_2":"","engagement":"FALSE","sources":""}},{"type":"Feature","geometry":{"type":"Point","coordinates":[35.206537,33.17913200000001]},"properties":{"event_id":799,"data_org":"Green","event_date":"2026-04-15T00:00:00.000Z","post_date":"2026-04-15T00:00:00.000Z","pub_date":"2026-04-15T00:00:00.000Z","actor":"Hezbollah","claimed":"TRUE","event_type":"Rocket Attack","location":"Mansouri","governate":"Tyre","country":"Lebanon","latitude":33.179132,"longitude":35.206537,"coord_type":"general neighborhood","source_1":"https://t.me/mmirleb/15287","source_2":"","engagement":"FALSE","sources":""}},{"type":"Feature","geometry":{"type":"Point","coordinates":[35.43240315,33.11740399999999]},"properties":{"event_id":804,"data_org":"Green","event_date":"2026-04-15T00:00:00.000Z","post_date":"2026-04-15T00:00:00.000Z","pub_date":"2026-04-15T00:00:00.000Z","actor":"Hezbollah","claimed":"TRUE","event_type":"Rocket Attack","location":"Bint Jbeil","governate":"Nabatieh","country":"Lebanon","latitude":33.117404,"longitude":35.43240315,"coord_type":"general town","source_1":"https://t.me/mmirleb/15295","source_2":"","engagement":"FALSE","sources":""}},{"type":"Feature","geometry":{"type":"Point","coordinates":[35.56304800000001,33.283227]},"properties":{"event_id":806,"data_org":"Green","event_date":"2026-04-15T00:00:00.000Z","post_date":"2026-04-15T00:00:00.000Z","pub_date":"2026-04-15T00:00:00.000Z","actor":"Hezbollah","claimed":"TRUE","event_type":"Rocket Attack","location":"Kfar Kila","governate":"Nabatieh","country":"Lebanon","latitude":33.283227,"longitude":35.563048,"coord_type":"general town","source_1":"https://t.me/mmirleb/15296","source_2":"","engagement":"FALSE","sources":""}},{"type":"Feature","geometry":{"type":"Point","coordinates":[35.60757,33.32269]},"properties":{"event_id":807,"data_org":"Green","event_date":"2026-04-15T00:00:00.000Z","post_date":"2026-04-15T00:00:00.000Z","pub_date":"2026-04-15T00:00:00.000Z","actor":"Hezbollah","claimed":"TRUE","event_type":"Rocket Attack","location":"Khiam","governate":"Nabatieh","country":"Lebanon","latitude":33.32269,"longitude":35.60757,"coord_type":"general town","source_1":"https://t.me/mmirleb/15297","source_2":"","engagement":"FALSE","sources":""}},{"type":"Feature","geometry":{"type":"Point","coordinates":[35.181742,33.162592999999994]},"properties":{"event_id":808,"data_org":"Green","event_date":"2026-04-15T00:00:00.000Z","post_date":"2026-04-15T00:00:00.000Z","pub_date":"2026-04-15T00:00:00.000Z","actor":"Hezbollah","claimed":"TRUE","event_type":"Rocket Attack","location":"Bayyada","governate":"South","country":"Lebanon","latitude":33.162593,"longitude":35.181742,"coord_type":"general town","source_1":"https://t.me/mmirleb/15301","source_2":"","engagement":"FALSE","sources":""}},{"type":"Feature","geometry":{"type":"Point","coordinates":[35.60757,33.32269]},"properties":{"event_id":809,"data_org":"Green","event_date":"2026-04-15T00:00:00.000Z","post_date":"2026-04-15T00:00:00.000Z","pub_date":"2026-04-15T00:00:00.000Z","actor":"Hezbollah","claimed":"TRUE","event_type":"Mortar Fire","location":"Khiam","governate":"Nabatieh","country":"Lebanon","latitude":33.32269,"longitude":35.60757,"coord_type":"general town","source_1":"https://t.me/mmirleb/15302","source_2":"","engagement":"FALSE","sources":""}},{"type":"Feature","geometry":{"type":"Point","coordinates":[35.445046,33.10728699999999]},"properties":{"event_id":811,"data_org":"Green","event_date":"2026-04-15T00:00:00.000Z","post_date":"2026-04-15T00:00:00.000Z","pub_date":"2026-04-15T00:00:00.000Z","actor":"Hezbollah","claimed":"TRUE","event_type":"Small arms engagement","location":"Maroun al Ras","governate":"South","country":"Lebanon","latitude":33.107287,"longitude":35.445046,"coord_type":"general town","source_1":"https://t.me/mmirleb/15307","source_2":"","engagement":"TRUE","sources":""}},{"type":"Feature","geometry":{"type":"Point","coordinates":[35.540268,33.274997]},"properties":{"event_id":822,"data_org":"Green","event_date":"2026-04-10T00:00:00.000Z","post_date":"2026-04-16T00:00:00.000Z","pub_date":"2026-04-16T00:00:00.000Z","actor":"Hezbollah","claimed":"TRUE","event_type":"Drone Attack","location":"Taybeh","governate":"Nabatieh","country":"Lebanon","latitude":33.274997,"longitude":35.540268,"coord_type":"exact","source_1":"https://x.com/BarracudaVol1/status/2044482353431462106?s=20","source_2":"","engagement":"FALSE","sources":""}},{"type":"Feature","geometry":{"type":"Point","coordinates":[35.43240315,33.11740399999999]},"properties":{"event_id":823,"data_org":"Green","event_date":"2026-04-15T00:00:00.000Z","post_date":"2026-04-16T00:00:00.000Z","pub_date":"2026-04-15T00:00:00.000Z","actor":"Hezbollah","claimed":"TRUE","event_type":"Drone Attack","location":"Bint Jbeil","governate":"Nabatieh","country":"Lebanon","latitude":33.117404,"longitude":35.43240315,"coord_type":"general town","source_1":"https://t.me/mmirleb/15319","source_2":"https://t.me/mmirleb/15542","engagement":"FALSE","sources":""}},{"type":"Feature","geometry":{"type":"Point","coordinates":[35.509626,33.17734099999999]},"properties":{"event_id":824,"data_org":"Green","event_date":"2026-04-15T00:00:00.000Z","post_date":"2026-04-16T00:00:00.000Z","pub_date":"2026-04-15T00:00:00.000Z","actor":"Hezbollah","claimed":"TRUE","event_type":"Drone Attack","location":"Meiss El Jabal","governate":"Marjaayoun","country":"Lebanon","latitude":33.177341,"longitude":35.509626,"coord_type":"general town","source_1":"https://t.me/mmirleb/15320","source_2":"","engagement":"FALSE","sources":""}},{"type":"Feature","geometry":{"type":"Point","coordinates":[35.43240315,33.11740399999999]},"properties":{"event_id":825,"data_org":"Green","event_date":"2026-04-15T00:00:00.000Z","post_date":"2026-04-16T00:00:00.000Z","pub_date":"2026-04-15T00:00:00.000Z","actor":"Hezbollah","claimed":"TRUE","event_type":"Rocket Attack","location":"Bint Jbeil","governate":"Nabatieh","country":"Lebanon","latitude":33.117404,"longitude":35.43240315,"coord_type":"general town","source_1":"https://t.me/mmirleb/15321","source_2":"","engagement":"FALSE","sources":""}},{"type":"Feature","geometry":{"type":"Point","coordinates":[35.43240315,33.11740399999999]},"properties":{"event_id":826,"data_org":"Green","event_date":"2026-04-15T00:00:00.000Z","post_date":"2026-04-16T00:00:00.000Z","pub_date":"2026-04-15T00:00:00.000Z","actor":"Hezbollah","claimed":"TRUE","event_type":"Mortar Fire","location":"Bint Jbeil","governate":"Nabatieh","country":"Lebanon","latitude":33.117404,"longitude":35.43240315,"coord_type":"general town","source_1":"https://t.me/mmirleb/15321","source_2":"","engagement":"FALSE","sources":""}},{"type":"Feature","geometry":{"type":"Point","coordinates":[35.43240315,33.11740399999999]},"properties":{"event_id":828,"data_org":"Green","event_date":"2026-04-15T00:00:00.000Z","post_date":"2026-04-16T00:00:00.000Z","pub_date":"2026-04-15T00:00:00.000Z","actor":"Hezbollah","claimed":"TRUE","event_type":"Rocket Attack","location":"Bint Jbeil","governate":"Nabatieh","country":"Lebanon","latitude":33.117404,"longitude":35.43240315,"coord_type":"general town","source_1":"https://t.me/mmirleb/15322","source_2":"","engagement":"FALSE","sources":""}},{"type":"Feature","geometry":{"type":"Point","coordinates":[35.140112,33.119274]},"properties":{"event_id":833,"data_org":"Green","event_date":"2026-04-15T00:00:00.000Z","post_date":"2026-04-16T00:00:00.000Z","pub_date":"2026-04-15T00:00:00.000Z","actor":"Hezbollah","claimed":"TRUE","event_type":"Drone Attack","location":"Naqoura","governate":"South","country":"Lebanon","latitude":33.119274,"longitude":35.140112,"coord_type":"general town","source_1":"https://t.me/mmirleb/15328","source_2":"","engagement":"FALSE","sources":""}},{"type":"Feature","geometry":{"type":"Point","coordinates":[35.140112,33.119274]},"properties":{"event_id":834,"data_org":"Green","event_date":"2026-04-15T00:00:00.000Z","post_date":"2026-04-16T00:00:00.000Z","pub_date":"2026-04-15T00:00:00.000Z","actor":"Hezbollah","claimed":"TRUE","event_type":"Drone Attack","location":"Naqoura","governate":"South","country":"Lebanon","latitude":33.119274,"longitude":35.140112,"coord_type":"general town","source_1":"https://t.me/mmirleb/15328","source_2":"","engagement":"FALSE","sources":""}},{"type":"Feature","geometry":{"type":"Point","coordinates":[35.181742,33.162592999999994]},"properties":{"event_id":836,"data_org":"Green","event_date":"2026-04-15T00:00:00.000Z","post_date":"2026-04-16T00:00:00.000Z","pub_date":"2026-04-15T00:00:00.000Z","actor":"Hezbollah","claimed":"TRUE","event_type":"Rocket Attack","location":"Bayyada","governate":"South","country":"Lebanon","latitude":33.162593,"longitude":35.181742,"coord_type":"general town","source_1":"https://t.me/mmirleb/15330","source_2":"","engagement":"FALSE","sources":""}},{"type":"Feature","geometry":{"type":"Point","coordinates":[35.43240315,33.11740399999999]},"properties":{"event_id":837,"data_org":"Green","event_date":"2026-04-15T00:00:00.000Z","post_date":"2026-04-16T00:00:00.000Z","pub_date":"2026-04-15T00:00:00.000Z","actor":"Hezbollah","claimed":"TRUE","event_type":"Rocket Attack","location":"Bint Jbeil","governate":"Nabatieh","country":"Lebanon","latitude":33.117404,"longitude":35.43240315,"coord_type":"general town","source_1":"https://t.me/mmirleb/15331","source_2":"","engagement":"FALSE","sources":""}},{"type":"Feature","geometry":{"type":"Point","coordinates":[35.60757,33.32269]},"properties":{"event_id":838,"data_org":"Green","event_date":"2026-04-15T00:00:00.000Z","post_date":"2026-04-16T00:00:00.000Z","pub_date":"2026-04-15T00:00:00.000Z","actor":"Hezbollah","claimed":"TRUE","event_type":"Rocket Attack","location":"Khiam","governate":"Nabatieh","country":"Lebanon","latitude":33.32269,"longitude":35.60757,"coord_type":"general town","source_1":"https://t.me/mmirleb/15332","source_2":"","engagement":"FALSE","sources":""}},{"type":"Feature","geometry":{"type":"Point","coordinates":[35.43240315,33.11740399999999]},"properties":{"event_id":839,"data_org":"Green","event_date":"2026-04-15T00:00:00.000Z","post_date":"2026-04-16T00:00:00.000Z","pub_date":"2026-04-15T00:00:00.000Z","actor":"Hezbollah","claimed":"TRUE","event_type":"Anti-Tank Fire","location":"Bint Jbeil","governate":"Nabatieh","country":"Lebanon","latitude":33.117404,"longitude":35.43240315,"coord_type":"general town","source_1":"https://t.me/mmirleb/15340","source_2":"","engagement":"TRUE","sources":""}},{"type":"Feature","geometry":{"type":"Point","coordinates":[35.46369821,33.274087699999995]},"properties":{"event_id":840,"data_org":"Green","event_date":"2026-04-16T00:00:00.000Z","post_date":"2026-04-16T00:00:00.000Z","pub_date":"2026-04-16T00:00:00.000Z","actor":"Hezbollah","claimed":"TRUE","event_type":"Anti-Tank Fire","location":"Qantara","governate":"South","country":"Lebanon","latitude":33.2740877,"longitude":35.46369821,"coord_type":"general town","source_1":"https://t.me/mmirleb/15347","source_2":"","engagement":"TRUE","sources":""}},{"type":"Feature","geometry":{"type":"Point","coordinates":[35.60757,33.32269]},"properties":{"event_id":842,"data_org":"Green","event_date":"2026-04-16T00:00:00.000Z","post_date":"2026-04-16T00:00:00.000Z","pub_date":"2026-04-16T00:00:00.000Z","actor":"Hezbollah","claimed":"TRUE","event_type":"Rocket Attack","location":"Khiam","governate":"Nabatieh","country":"Lebanon","latitude":33.32269,"longitude":35.60757,"coord_type":"general town","source_1":"https://t.me/mmirleb/15352","source_2":"","engagement":"FALSE","sources":""}},{"type":"Feature","geometry":{"type":"Point","coordinates":[35.60757,33.32269]},"properties":{"event_id":843,"data_org":"Green","event_date":"2026-04-16T00:00:00.000Z","post_date":"2026-04-16T00:00:00.000Z","pub_date":"2026-04-16T00:00:00.000Z","actor":"Hezbollah","claimed":"TRUE","event_type":"Rocket Attack","location":"Khiam","governate":"Nabatieh","country":"Lebanon","latitude":33.32269,"longitude":35.60757,"coord_type":"general town","source_1":"https://t.me/mmirleb/15353","source_2":"","engagement":"FALSE","sources":""}},{"type":"Feature","geometry":{"type":"Point","coordinates":[35.52196,33.24746]},"properties":{"event_id":844,"data_org":"Green","event_date":"2026-04-16T00:00:00.000Z","post_date":"2026-04-16T00:00:00.000Z","pub_date":"2026-04-16T00:00:00.000Z","actor":"Hezbollah","claimed":"TRUE","event_type":"Rocket Attack","location":"Rab el Thalathine","governate":"Marjaayoun","country":"Lebanon","latitude":33.24746,"longitude":35.52196,"coord_type":"general town","source_1":"https://t.me/mmirleb/15358","source_2":"","engagement":"FALSE","sources":""}},{"type":"Feature","geometry":{"type":"Point","coordinates":[35.46369821,33.274087699999995]},"properties":{"event_id":845,"data_org":"Green","event_date":"2026-04-16T00:00:00.000Z","post_date":"2026-04-16T00:00:00.000Z","pub_date":"2026-04-16T00:00:00.000Z","actor":"Hezbollah","claimed":"TRUE","event_type":"Rocket Attack","location":"Qantara","governate":"Nabatieh","country":"Lebanon","latitude":33.2740877,"longitude":35.46369821,"coord_type":"general town","source_1":"https://t.me/mmirleb/15359","source_2":"","engagement":"FALSE","sources":""}},{"type":"Feature","geometry":{"type":"Point","coordinates":[35.46369821,33.274087699999995]},"properties":{"event_id":846,"data_org":"Green","event_date":"2026-04-16T00:00:00.000Z","post_date":"2026-04-16T00:00:00.000Z","pub_date":"2026-04-16T00:00:00.000Z","actor":"Hezbollah","claimed":"TRUE","event_type":"Rocket Attack","location":"Qantara","governate":"Nabatieh","country":"Lebanon","latitude":33.2740877,"longitude":35.46369821,"coord_type":"general town","source_1":"https://t.me/mmirleb/15359","source_2":"","engagement":"FALSE","sources":""}},{"type":"Feature","geometry":{"type":"Point","coordinates":[35.46369821,33.274087699999995]},"properties":{"event_id":847,"data_org":"Green","event_date":"2026-04-16T00:00:00.000Z","post_date":"2026-04-16T00:00:00.000Z","pub_date":"2026-04-16T00:00:00.000Z","actor":"Hezbollah","claimed":"TRUE","event_type":"Rocket Attack","location":"Qantara","governate":"Nabatieh","country":"Lebanon","latitude":33.2740877,"longitude":35.46369821,"coord_type":"general town","source_1":"https://t.me/mmirleb/15359","source_2":"","engagement":"FALSE","sources":""}},{"type":"Feature","geometry":{"type":"Point","coordinates":[35.46369821,33.274087699999995]},"properties":{"event_id":848,"data_org":"Green","event_date":"2026-04-16T00:00:00.000Z","post_date":"2026-04-16T00:00:00.000Z","pub_date":"2026-04-16T00:00:00.000Z","actor":"Hezbollah","claimed":"TRUE","event_type":"Rocket Attack","location":"Qantara","governate":"Nabatieh","country":"Lebanon","latitude":33.2740877,"longitude":35.46369821,"coord_type":"general town","source_1":"https://t.me/mmirleb/15359","source_2":"","engagement":"FALSE","sources":""}},{"type":"Feature","geometry":{"type":"Point","coordinates":[35.52002,33.276509999999995]},"properties":{"event_id":849,"data_org":"Green","event_date":"2026-04-16T00:00:00.000Z","post_date":"2026-04-16T00:00:00.000Z","pub_date":"2026-04-16T00:00:00.000Z","actor":"Hezbollah","claimed":"TRUE","event_type":"Rocket Attack","location":"Taybeh","governate":"Marjaayoun","country":"Lebanon","latitude":33.27651,"longitude":35.52002,"coord_type":"general town","source_1":"https://t.me/mmirleb/15360","source_2":"","engagement":"FALSE","sources":""}},{"type":"Feature","geometry":{"type":"Point","coordinates":[35.46369821,33.274087699999995]},"properties":{"event_id":852,"data_org":"Green","event_date":"2026-04-16T00:00:00.000Z","post_date":"2026-04-16T00:00:00.000Z","pub_date":"2026-04-16T00:00:00.000Z","actor":"Hezbollah","claimed":"TRUE","event_type":"Rocket Attack","location":"Qantara","governate":"Nabatieh","country":"Lebanon","latitude":33.2740877,"longitude":35.46369821,"coord_type":"general town","source_1":"https://t.me/mmirleb/15369","source_2":"","engagement":"FALSE","sources":""}},{"type":"Feature","geometry":{"type":"Point","coordinates":[35.46369821,33.274087699999995]},"properties":{"event_id":853,"data_org":"Green","event_date":"2026-04-16T00:00:00.000Z","post_date":"2026-04-16T00:00:00.000Z","pub_date":"2026-04-16T00:00:00.000Z","actor":"Hezbollah","claimed":"TRUE","event_type":"Rocket Attack","location":"Qantara","governate":"Nabatieh","country":"Lebanon","latitude":33.2740877,"longitude":35.46369821,"coord_type":"general town","source_1":"https://t.me/mmirleb/15369","source_2":"","engagement":"FALSE","sources":""}},{"type":"Feature","geometry":{"type":"Point","coordinates":[35.46369821,33.274087699999995]},"properties":{"event_id":854,"data_org":"Green","event_date":"2026-04-16T00:00:00.000Z","post_date":"2026-04-16T00:00:00.000Z","pub_date":"2026-04-16T00:00:00.000Z","actor":"Hezbollah","claimed":"TRUE","event_type":"Rocket Attack","location":"Qantara","governate":"Nabatieh","country":"Lebanon","latitude":33.2740877,"longitude":35.46369821,"coord_type":"general town","source_1":"https://t.me/mmirleb/15369","source_2":"","engagement":"FALSE","sources":""}},{"type":"Feature","geometry":{"type":"Point","coordinates":[35.52196,33.24746]},"properties":{"event_id":855,"data_org":"Green","event_date":"2026-04-16T00:00:00.000Z","post_date":"2026-04-16T00:00:00.000Z","pub_date":"2026-04-16T00:00:00.000Z","actor":"Hezbollah","claimed":"TRUE","event_type":"Rocket Attack","location":"Rab el Thalathine","governate":"Marjaayoun","country":"Lebanon","latitude":33.24746,"longitude":35.52196,"coord_type":"general town","source_1":"https://t.me/mmirleb/15361","source_2":"","engagement":"FALSE","sources":""}},{"type":"Feature","geometry":{"type":"Point","coordinates":[35.43240315,33.11740399999999]},"properties":{"event_id":856,"data_org":"Green","event_date":"2026-04-16T00:00:00.000Z","post_date":"2026-04-16T00:00:00.000Z","pub_date":"2026-04-16T00:00:00.000Z","actor":"Hezbollah","claimed":"TRUE","event_type":"Rocket Attack","location":"Bint Jbeil","governate":"Nabatieh","country":"Lebanon","latitude":33.117404,"longitude":35.43240315,"coord_type":"general town","source_1":"https://t.me/mmirleb/15370","source_2":"","engagement":"FALSE","sources":""}},{"type":"Feature","geometry":{"type":"Point","coordinates":[35.43240315,33.11740399999999]},"properties":{"event_id":857,"data_org":"Green","event_date":"2026-04-16T00:00:00.000Z","post_date":"2026-04-16T00:00:00.000Z","pub_date":"2026-04-16T00:00:00.000Z","actor":"Hezbollah","claimed":"TRUE","event_type":"Rocket Attack","location":"Bint Jbeil","governate":"Nabatieh","country":"Lebanon","latitude":33.117404,"longitude":35.43240315,"coord_type":"general town","source_1":"https://t.me/mmirleb/15370","source_2":"","engagement":"FALSE","sources":""}},{"type":"Feature","geometry":{"type":"Point","coordinates":[35.43240315,33.11740399999999]},"properties":{"event_id":858,"data_org":"Green","event_date":"2026-04-16T00:00:00.000Z","post_date":"2026-04-16T00:00:00.000Z","pub_date":"2026-04-16T00:00:00.000Z","actor":"Hezbollah","claimed":"TRUE","event_type":"Rocket Attack","location":"Bint Jbeil","governate":"Nabatieh","country":"Lebanon","latitude":33.117404,"longitude":35.43240315,"coord_type":"general town","source_1":"https://t.me/mmirleb/15370","source_2":"","engagement":"FALSE","sources":""}},{"type":"Feature","geometry":{"type":"Point","coordinates":[35.43240315,33.11740399999999]},"properties":{"event_id":859,"data_org":"Green","event_date":"2026-04-16T00:00:00.000Z","post_date":"2026-04-16T00:00:00.000Z","pub_date":"2026-04-16T00:00:00.000Z","actor":"Hezbollah","claimed":"TRUE","event_type":"Rocket Attack","location":"Bint Jbeil","governate":"Nabatieh","country":"Lebanon","latitude":33.117404,"longitude":35.43240315,"coord_type":"general town","source_1":"https://t.me/mmirleb/15370","source_2":"","engagement":"FALSE","sources":""}},{"type":"Feature","geometry":{"type":"Point","coordinates":[35.46369821,33.274087699999995]},"properties":{"event_id":860,"data_org":"Green","event_date":"2026-04-16T00:00:00.000Z","post_date":"2026-04-16T00:00:00.000Z","pub_date":"2026-04-16T00:00:00.000Z","actor":"Hezbollah","claimed":"TRUE","event_type":"Rocket Attack","location":"Qantara","governate":"Nabatieh","country":"Lebanon","latitude":33.2740877,"longitude":35.46369821,"coord_type":"general town","source_1":"https://t.me/mmirleb/15362","source_2":"","engagement":"FALSE","sources":""}},{"type":"Feature","geometry":{"type":"Point","coordinates":[35.51862237,33.27658543]},"properties":{"event_id":861,"data_org":"Green","event_date":"2026-04-16T00:00:00.000Z","post_date":"2026-04-16T00:00:00.000Z","pub_date":"2026-04-16T00:00:00.000Z","actor":"Hezbollah","claimed":"TRUE","event_type":"Rocket Attack","location":"Taybeh","governate":"Nabatieh","country":"Lebanon","latitude":33.27658543,"longitude":35.51862237,"coord_type":"general town","source_1":"https://t.me/mmirleb/15371","source_2":"","engagement":"FALSE","sources":""}},{"type":"Feature","geometry":{"type":"Point","coordinates":[35.46369821,33.274087699999995]},"properties":{"event_id":862,"data_org":"Green","event_date":"2026-04-16T00:00:00.000Z","post_date":"2026-04-16T00:00:00.000Z","pub_date":"2026-04-16T00:00:00.000Z","actor":"Hezbollah","claimed":"TRUE","event_type":"Rocket Attack","location":"Qantara","governate":"Nabatieh","country":"Lebanon","latitude":33.2740877,"longitude":35.46369821,"coord_type":"general town","source_1":"https://t.me/mmirleb/15372","source_2":"","engagement":"FALSE","sources":""}},{"type":"Feature","geometry":{"type":"Point","coordinates":[35.46369821,33.274087699999995]},"properties":{"event_id":864,"data_org":"Green","event_date":"2026-04-16T00:00:00.000Z","post_date":"2026-04-16T00:00:00.000Z","pub_date":"2026-04-16T00:00:00.000Z","actor":"Hezbollah","claimed":"TRUE","event_type":"Rocket Attack","location":"Qantara","governate":"Nabatieh","country":"Lebanon","latitude":33.2740877,"longitude":35.46369821,"coord_type":"general town","source_1":"https://t.me/mmirleb/15373","source_2":"","engagement":"FALSE","sources":""}},{"type":"Feature","geometry":{"type":"Point","coordinates":[35.46369821,33.274087699999995]},"properties":{"event_id":865,"data_org":"Green","event_date":"2026-04-16T00:00:00.000Z","post_date":"2026-04-16T00:00:00.000Z","pub_date":"2026-04-16T00:00:00.000Z","actor":"Hezbollah","claimed":"TRUE","event_type":"Anti-Tank Fire","location":"Qantara","governate":"Nabatieh","country":"Lebanon","latitude":33.2740877,"longitude":35.46369821,"coord_type":"general town","source_1":"https://t.me/mmirleb/15364","source_2":"","engagement":"TRUE","sources":""}},{"type":"Feature","geometry":{"type":"Point","coordinates":[35.46369821,33.274087699999995]},"properties":{"event_id":866,"data_org":"Green","event_date":"2026-04-16T00:00:00.000Z","post_date":"2026-04-16T00:00:00.000Z","pub_date":"2026-04-16T00:00:00.000Z","actor":"Hezbollah","claimed":"TRUE","event_type":"Anti-Tank Fire","location":"Qantara","governate":"Nabatieh","country":"Lebanon","latitude":33.2740877,"longitude":35.46369821,"coord_type":"general town","source_1":"https://t.me/mmirleb/15364","source_2":"","engagement":"TRUE","sources":""}},{"type":"Feature","geometry":{"type":"Point","coordinates":[35.60797,33.32021]},"properties":{"event_id":867,"data_org":"Green","event_date":"2026-04-16T00:00:00.000Z","post_date":"2026-04-16T00:00:00.000Z","pub_date":"2026-04-16T00:00:00.000Z","actor":"Hezbollah","claimed":"TRUE","event_type":"Rocket Attack","location":"Khiam detention center","governate":"Nabatieh","country":"Lebanon","latitude":33.32021,"longitude":35.60797,"coord_type":"exact","source_1":"https://t.me/mmirleb/15377","source_2":"","engagement":"FALSE","sources":""}},{"type":"Feature","geometry":{"type":"Point","coordinates":[35.181742,33.162592999999994]},"properties":{"event_id":869,"data_org":"Green","event_date":"2026-04-16T00:00:00.000Z","post_date":"2026-04-16T00:00:00.000Z","pub_date":"2026-04-16T00:00:00.000Z","actor":"Hezbollah","claimed":"TRUE","event_type":"Rocket Attack","location":"Bayyada","governate":"South","country":"Lebanon","latitude":33.162593,"longitude":35.181742,"coord_type":"general town","source_1":"https://t.me/mmirleb/15378","source_2":"","engagement":"FALSE","sources":""}},{"type":"Feature","geometry":{"type":"Point","coordinates":[35.181742,33.162592999999994]},"properties":{"event_id":871,"data_org":"Green","event_date":"2026-04-16T00:00:00.000Z","post_date":"2026-04-16T00:00:00.000Z","pub_date":"2026-04-16T00:00:00.000Z","actor":"Hezbollah","claimed":"TRUE","event_type":"Anti-Tank Fire","location":"Bayyada","governate":"South","country":"Lebanon","latitude":33.162593,"longitude":35.181742,"coord_type":"general town","source_1":"https://t.me/mmirleb/15397","source_2":"","engagement":"TRUE","sources":""}},{"type":"Feature","geometry":{"type":"Point","coordinates":[35.181742,33.162592999999994]},"properties":{"event_id":877,"data_org":"Green","event_date":"2026-04-16T00:00:00.000Z","post_date":"2026-04-17T00:00:00.000Z","pub_date":"2026-04-16T00:00:00.000Z","actor":"Hezbollah","claimed":"TRUE","event_type":"Anti-Tank Fire","location":"Bayyada","governate":"South","country":"Lebanon","latitude":33.162593,"longitude":35.181742,"coord_type":"general town","source_1":"https://t.me/mmirleb/15397","source_2":"","engagement":"TRUE","sources":""}},{"type":"Feature","geometry":{"type":"Point","coordinates":[35.27317372,33.405]},"properties":{"event_id":878,"data_org":"Green","event_date":"2026-04-16T00:00:00.000Z","post_date":"2026-04-17T00:00:00.000Z","pub_date":"2026-04-16T00:00:00.000Z","actor":"Hezbollah","claimed":"TRUE","event_type":"Missile Attack","location":"Aadloun","governate":"South","country":"Lebanon","latitude":33.405,"longitude":35.27317372,"coord_type":"general town","source_1":"https://t.me/mmirleb/15401","source_2":"","engagement":"#N/A","sources":""}},{"type":"Feature","geometry":{"type":"Point","coordinates":[35.43240315,33.11740399999999]},"properties":{"event_id":880,"data_org":"Green","event_date":"2026-04-16T00:00:00.000Z","post_date":"2026-04-17T00:00:00.000Z","pub_date":"2026-04-16T00:00:00.000Z","actor":"Hezbollah","claimed":"TRUE","event_type":"Anti-Tank Fire","location":"Bint Jbeil","governate":"Nabatieh","country":"Lebanon","latitude":33.117404,"longitude":35.43240315,"coord_type":"general town","source_1":"https://t.me/mmirleb/15406","source_2":"","engagement":"TRUE","sources":""}},{"type":"Feature","geometry":{"type":"Point","coordinates":[35.54340414,33.25532599999999]},"properties":{"event_id":882,"data_org":"Green","event_date":"2026-04-16T00:00:00.000Z","post_date":"2026-04-17T00:00:00.000Z","pub_date":"2026-04-16T00:00:00.000Z","actor":"Hezbollah","claimed":"TRUE","event_type":"Drone Attack","location":"Aadaysit Marjaayoun","governate":"Nabatieh","country":"Lebanon","latitude":33.255326,"longitude":35.54340414,"coord_type":"general town","source_1":"https://t.me/mmirleb/15407","source_2":"","engagement":"FALSE","sources":""}},{"type":"Feature","geometry":{"type":"Point","coordinates":[35.60757,33.32269]},"properties":{"event_id":887,"data_org":"Green","event_date":"2026-04-16T00:00:00.000Z","post_date":"2026-04-17T00:00:00.000Z","pub_date":"2026-04-16T00:00:00.000Z","actor":"Hezbollah","claimed":"TRUE","event_type":"Rocket Attack","location":"Khiam","governate":"Nabatieh","country":"Lebanon","latitude":33.32269,"longitude":35.60757,"coord_type":"general town","source_1":"https://t.me/mmirleb/15423","source_2":"","engagement":"FALSE","sources":""}},{"type":"Feature","geometry":{"type":"Point","coordinates":[35.51862237,33.27658543]},"properties":{"event_id":889,"data_org":"Green","event_date":"2026-04-16T00:00:00.000Z","post_date":"2026-04-17T00:00:00.000Z","pub_date":"2026-04-16T00:00:00.000Z","actor":"Hezbollah","claimed":"TRUE","event_type":"Rocket Attack","location":"Taybeh","governate":"Nabatieh","country":"Lebanon","latitude":33.27658543,"longitude":35.51862237,"coord_type":"general town","source_1":"https://t.me/mmirleb/15424","source_2":"","engagement":"FALSE","sources":""}},{"type":"Feature","geometry":{"type":"Point","coordinates":[35.433438,33.134237999999996]},"properties":{"event_id":890,"data_org":"Green","event_date":"2026-04-16T00:00:00.000Z","post_date":"2026-04-17T00:00:00.000Z","pub_date":"2026-04-16T00:00:00.000Z","actor":"Hezbollah","claimed":"TRUE","event_type":"Rocket Attack","location":"Ainata","governate":"Nabatieh","country":"Lebanon","latitude":33.134238,"longitude":35.433438,"coord_type":"exact","source_1":"https://t.me/mmirleb/15425","source_2":"","engagement":"FALSE","sources":""}},{"type":"Feature","geometry":{"type":"Point","coordinates":[35.43240315,33.11740399999999]},"properties":{"event_id":891,"data_org":"Green","event_date":"2026-04-16T00:00:00.000Z","post_date":"2026-04-17T00:00:00.000Z","pub_date":"2026-04-16T00:00:00.000Z","actor":"Hezbollah","claimed":"TRUE","event_type":"Rocket Attack","location":"Bint Jbeil","governate":"Nabatieh","country":"Lebanon","latitude":33.117404,"longitude":35.43240315,"coord_type":"general town","source_1":"https://t.me/mmirleb/15425","source_2":"","engagement":"FALSE","sources":""}},{"type":"Feature","geometry":{"type":"Point","coordinates":[35.43240315,33.11740399999999]},"properties":{"event_id":892,"data_org":"Green","event_date":"2026-04-16T00:00:00.000Z","post_date":"2026-04-17T00:00:00.000Z","pub_date":"2026-04-16T00:00:00.000Z","actor":"Hezbollah","claimed":"TRUE","event_type":"Rocket Attack","location":"Bint Jbeil","governate":"Nabatieh","country":"Lebanon","latitude":33.117404,"longitude":35.43240315,"coord_type":"general town","source_1":"https://t.me/mmirleb/15425","source_2":"","engagement":"FALSE","sources":""}},{"type":"Feature","geometry":{"type":"Point","coordinates":[35.181742,33.162592999999994]},"properties":{"event_id":893,"data_org":"Green","event_date":"2026-04-16T00:00:00.000Z","post_date":"2026-04-17T00:00:00.000Z","pub_date":"2026-04-16T00:00:00.000Z","actor":"Hezbollah","claimed":"TRUE","event_type":"Rocket Attack","location":"Bayyada","governate":"South","country":"Lebanon","latitude":33.162593,"longitude":35.181742,"coord_type":"general town","source_1":"https://t.me/mmirleb/15426","source_2":"","engagement":"FALSE","sources":""}},{"type":"Feature","geometry":{"type":"Point","coordinates":[35.4399,33.129]},"properties":{"event_id":898,"data_org":"Green","event_date":"2026-04-16T00:00:00.000Z","post_date":"2026-04-17T00:00:00.000Z","pub_date":"2026-04-16T00:00:00.000Z","actor":"Hezbollah","claimed":"TRUE","event_type":"Rocket Attack","location":"Aainata","governate":"Nabatieh","country":"Lebanon","latitude":33.129,"longitude":35.4399,"coord_type":"general neighborhood","source_1":"https://t.me/mmirleb/15432","source_2":"","engagement":"FALSE","sources":""}},{"type":"Feature","geometry":{"type":"Point","coordinates":[35.4399,33.129]},"properties":{"event_id":899,"data_org":"Green","event_date":"2026-04-16T00:00:00.000Z","post_date":"2026-04-17T00:00:00.000Z","pub_date":"2026-04-16T00:00:00.000Z","actor":"Hezbollah","claimed":"TRUE","event_type":"Rocket Attack","location":"Aainata","governate":"Nabatieh","country":"Lebanon","latitude":33.129,"longitude":35.4399,"coord_type":"general neighborhood","source_1":"https://t.me/mmirleb/15432","source_2":"","engagement":"FALSE","sources":""}},{"type":"Feature","geometry":{"type":"Point","coordinates":[35.227449,33.129583]},"properties":{"event_id":902,"data_org":"Green","event_date":"2026-04-16T00:00:00.000Z","post_date":"2026-04-17T00:00:00.000Z","pub_date":"2026-04-16T00:00:00.000Z","actor":"Hezbollah","claimed":"TRUE","event_type":"IED","location":"Tayr Harfa","governate":"South","country":"Lebanon","latitude":33.129583,"longitude":35.227449,"coord_type":"general town","source_1":"https://t.me/mmirleb/15436","source_2":"","engagement":"FALSE","sources":""}},{"type":"Feature","geometry":{"type":"Point","coordinates":[35.60947,33.318915]},"properties":{"event_id":933,"data_org":"Green","event_date":"2026-04-10T00:00:00.000Z","post_date":"2026-04-20T00:00:00.000Z","pub_date":"2026-04-21T00:00:00.000Z","actor":"Hezbollah","claimed":"TRUE","event_type":"Drone Attack","location":"Khiam","governate":"Nabatieh","country":"Lebanon","latitude":33.318915,"longitude":35.60947,"coord_type":"exact","source_1":"https://x.com/boringosint/status/2046356242839314436","source_2":"https://t.me/qudsfeed/422070","engagement":"FALSE","sources":"https://x.com/InfoSudLiban/status/2046310366045512118?s=20; https://t.me/mmirleb/15485"}},{"type":"Feature","geometry":{"type":"Point","coordinates":[35.52195982,33.24745944]},"properties":{"event_id":943,"data_org":"Green","event_date":"2026-04-21T00:00:00.000Z","post_date":"2026-04-21T00:00:00.000Z","pub_date":"2026-04-21T00:00:00.000Z","actor":"Hezbollah","claimed":"FALSE","event_type":"Rocket Attack","location":"Rab el Thalathine","governate":"Nabatieh","country":"Lebanon","latitude":33.24745944,"longitude":35.52195982,"coord_type":"general town","source_1":"https://x.com/idfonline/status/2046628027279331741?s=20","source_2":"","engagement":"FALSE","sources":""}},{"type":"Feature","geometry":{"type":"Point","coordinates":[35.179308,33.1615]},"properties":{"event_id":951,"data_org":"Green","event_date":"2026-04-22T00:00:00.000Z","post_date":"2026-04-22T00:00:00.000Z","pub_date":"2026-04-22T00:00:00.000Z","actor":"Hezbollah","claimed":"TRUE","event_type":"Drone Attack","location":"Bayyada","governate":"South","country":"Lebanon","latitude":33.1615,"longitude":35.179308,"coord_type":"exact","source_1":"https://x.com/idfonline/status/2046923847505449336?s=20","source_2":"https://t.me/mmirleb/15497","engagement":"FALSE","sources":"https://x.com/boringosint/status/2047052147368374765"}},{"type":"Feature","geometry":{"type":"Point","coordinates":[35.46369821,33.274087699999995]},"properties":{"event_id":971,"data_org":"Green","event_date":"2026-04-22T00:00:00.000Z","post_date":"2026-04-22T00:00:00.000Z","pub_date":"2026-04-22T00:00:00.000Z","actor":"Hezbollah","claimed":"TRUE","event_type":"Drone Attack","location":"Qantara","governate":"Nabatieh","country":"Lebanon","latitude":33.2740877,"longitude":35.46369821,"coord_type":"general town","source_1":"https://t.me/mmirleb/15498","source_2":"","engagement":"FALSE","sources":""}},{"type":"Feature","geometry":{"type":"Point","coordinates":[35.518622,33.276585]},"properties":{"event_id":979,"data_org":"Green","event_date":"2026-04-22T00:00:00.000Z","post_date":"2026-04-23T00:00:00.000Z","pub_date":"2026-04-23T00:00:00.000Z","actor":"Hezbollah","claimed":"TRUE","event_type":"unknown","location":"Taybeh","governate":"Nabatieh","country":"Lebanon","latitude":33.276585,"longitude":35.518622,"coord_type":"general town","source_1":"https://t.me/mmirleb/15509","source_2":"","engagement":"#N/A","sources":""}},{"type":"Feature","geometry":{"type":"Point","coordinates":[35.518622,33.276585]},"properties":{"event_id":980,"data_org":"Green","event_date":"2026-04-23T00:00:00.000Z","post_date":"2026-04-23T00:00:00.000Z","pub_date":"2026-04-23T00:00:00.000Z","actor":"Hezbollah","claimed":"TRUE","event_type":"Drone Attack","location":"Taybeh","governate":"Nabatieh","country":"Lebanon","latitude":33.276585,"longitude":35.518622,"coord_type":"general town","source_1":"https://t.me/mmirleb/15510","source_2":"","engagement":"FALSE","sources":""}},{"type":"Feature","geometry":{"type":"Point","coordinates":[35.46369821,33.274087699999995]},"properties":{"event_id":1001,"data_org":"Green","event_date":"2026-04-24T00:00:00.000Z","post_date":"2026-04-24T00:00:00.000Z","pub_date":"2026-04-24T00:00:00.000Z","actor":"Hezbollah","claimed":"TRUE","event_type":"Drone Attack","location":"Qantara","governate":"Nabatieh","country":"Lebanon","latitude":33.2740877,"longitude":35.46369821,"coord_type":"general town","source_1":"https://x.com/manniefabian/status/2047645312974487763","source_2":"https://x.com/idfonline/status/2047644700329254990?s=20","engagement":"FALSE","sources":"https://t.me/mmirleb/15526"}},{"type":"Feature","geometry":{"type":"Point","coordinates":[35.36216,33.143039999999985]},"properties":{"event_id":1002,"data_org":"Green","event_date":"2026-04-23T00:00:00.000Z","post_date":"2026-04-23T00:00:00.000Z","pub_date":"2026-04-24T00:00:00.000Z","actor":"Hezbollah","claimed":"TRUE","event_type":"Drone Attack","location":"Rachaf","governate":"Nabatieh","country":"Lebanon","latitude":33.14304,"longitude":35.36216,"coord_type":"general town","source_1":"https://t.me/mmirleb/15516","source_2":"","engagement":"FALSE","sources":""}},{"type":"Feature","geometry":{"type":"Point","coordinates":[35.437246,33.12195800000001]},"properties":{"event_id":1003,"data_org":"Green","event_date":"2026-04-23T00:00:00.000Z","post_date":"2026-04-23T00:00:00.000Z","pub_date":"2026-04-24T00:00:00.000Z","actor":"Hezbollah","claimed":"TRUE","event_type":"Mortars","location":"Bint Jbeil","governate":"Nabatieh","country":"Lebanon","latitude":33.121958,"longitude":35.437246,"coord_type":"general town","source_1":"https://t.me/mmirleb/15517","source_2":"","engagement":"#N/A","sources":""}},{"type":"Feature","geometry":{"type":"Point","coordinates":[35.46369821,33.274087699999995]},"properties":{"event_id":1015,"data_org":"Green","event_date":"2026-04-24T00:00:00.000Z","post_date":"2026-04-24T00:00:00.000Z","pub_date":"2026-04-24T00:00:00.000Z","actor":"Hezbollah","claimed":"TRUE","event_type":"Unknown","location":"Qantara","governate":"Nabatieh","country":"Lebanon","latitude":33.2740877,"longitude":35.46369821,"coord_type":"general town","source_1":"https://t.me/mmirleb/15529","source_2":"","engagement":"#N/A","sources":""}},{"type":"Feature","geometry":{"type":"Point","coordinates":[35.31139012,33.10875282999999]},"properties":{"event_id":1020,"data_org":"Green","event_date":"2026-04-24T00:00:00.000Z","post_date":"2026-04-24T00:00:00.000Z","pub_date":"2026-04-25T00:00:00.000Z","actor":"Hezbollah","claimed":"TRUE","event_type":"Drone Attack","location":"Ramyeh","governate":"Nabatieh","country":"Lebanon","latitude":33.10875283,"longitude":35.31139012,"coord_type":"general town","source_1":"https://t.me/mmirleb/15533","source_2":"https://t.me/mmirleb/15558","engagement":"FALSE","sources":""}},{"type":"Feature","geometry":{"type":"Point","coordinates":[35.46369821,33.274087699999995]},"properties":{"event_id":1029,"data_org":"Green","event_date":"2026-04-25T00:00:00.000Z","post_date":"2026-04-25T00:00:00.000Z","pub_date":"2026-04-25T00:00:00.000Z","actor":"Hezbollah","claimed":"TRUE","event_type":"Drone Attack","location":"Qantara","governate":"Nabatieh","country":"Lebanon","latitude":33.2740877,"longitude":35.46369821,"coord_type":"general town","source_1":"https://t.me/mmirleb/15551","source_2":"","engagement":"FALSE","sources":""}},{"type":"Feature","geometry":{"type":"Point","coordinates":[35.518622,33.276585]},"properties":{"event_id":1067,"data_org":"Green","event_date":"2026-04-26T00:00:00.000Z","post_date":"2026-04-26T00:00:00.000Z","pub_date":"2026-04-26T00:00:00.000Z","actor":"Hezbollah","claimed":"TRUE","event_type":"Drone Attack","location":"Taybeh","governate":"Nabatieh","country":"Lebanon","latitude":33.276585,"longitude":35.518622,"coord_type":"general town","source_1":"https://t.me/mmirleb/15562","source_2":"https://t.me/moriahdoron/30366","engagement":"FALSE","sources":""}},{"type":"Feature","geometry":{"type":"Point","coordinates":[35.521824,33.275246]},"properties":{"event_id":1066,"data_org":"Green","event_date":"2026-04-26T00:00:00.000Z","post_date":"2026-04-26T00:00:00.000Z","pub_date":"2026-04-26T00:00:00.000Z","actor":"Hezbollah","claimed":"TRUE","event_type":"Drone Attack","location":"Taybeh","governate":"Nabatieh","country":"Lebanon","latitude":33.275246,"longitude":35.521824,"coord_type":"exact","source_1":"https://t.me/mmirleb/15563","source_2":"https://t.me/moriahdoron/30366","engagement":"FALSE","sources":"https://t.me/moriahdoron/30370; https://x.com/Stinky915846091/status/2048602152386408509?s=20;\thttps://x.com/manniefabian/status/2048500306938396695?s=20"}},{"type":"Feature","geometry":{"type":"Point","coordinates":[35.174269,33.16381500000001]},"properties":{"event_id":1068,"data_org":"Green","event_date":"2026-04-26T00:00:00.000Z","post_date":"2026-04-26T00:00:00.000Z","pub_date":"2026-04-26T00:00:00.000Z","actor":"Hezbollah","claimed":"TRUE","event_type":"Drone Attack","location":"Bayyada","governate":"South","country":"Lebanon","latitude":33.163815,"longitude":35.174269,"coord_type":"general town","source_1":"https://t.me/mmirleb/15568","source_2":"","engagement":"FALSE","sources":""}},{"type":"Feature","geometry":{"type":"Point","coordinates":[35.518622,33.276585]},"properties":{"event_id":1071,"data_org":"Green","event_date":"2026-04-26T00:00:00.000Z","post_date":"2026-04-26T00:00:00.000Z","pub_date":"2026-04-26T00:00:00.000Z","actor":"Hezbollah","claimed":"TRUE","event_type":"Drone Attack","location":"Taybeh","governate":"Nabatieh","country":"Lebanon","latitude":33.276585,"longitude":35.518622,"coord_type":"general town","source_1":"https://t.me/mmirleb/15570","source_2":"","engagement":"FALSE","sources":""}},{"type":"Feature","geometry":{"type":"Point","coordinates":[35.52196551,33.16955762]},"properties":{"event_id":1070,"data_org":"Green","event_date":"2026-04-11T00:00:00.000Z","post_date":"2026-04-26T00:00:00.000Z","pub_date":"2026-04-26T00:00:00.000Z","actor":"Hezbollah","claimed":"TRUE","event_type":"Drone Attack","location":"Mays al Jabal","governate":"Nabatieh","country":"Lebanon","latitude":33.16955762,"longitude":35.52196551,"coord_type":"general town","source_1":"https://t.me/mmirleb/15573","source_2":"","engagement":"FALSE","sources":""}},{"type":"Feature","geometry":{"type":"Point","coordinates":[35.565545,33.311927999999995]},"properties":{"event_id":1083,"data_org":"Green","event_date":"2026-04-26T00:00:00.000Z","post_date":"2026-04-26T00:00:00.000Z","pub_date":"2026-04-27T00:00:00.000Z","actor":"Hezbollah","claimed":"TRUE","event_type":"Anti-Tank Fire","location":"Kfar Kila (Tal al Nahhas)","governate":"Nabatieh","country":"Lebanon","latitude":33.311928,"longitude":35.565545,"coord_type":"general neighborhood","source_1":"https://t.me/mmirleb/15586","source_2":"","engagement":"FALSE","sources":""}},{"type":"Feature","geometry":{"type":"Point","coordinates":[35.46369821,33.274087699999995]},"properties":{"event_id":1084,"data_org":"Green","event_date":"2026-04-27T00:00:00.000Z","post_date":"2026-04-27T00:00:00.000Z","pub_date":"2026-04-27T00:00:00.000Z","actor":"Hezbollah","claimed":"TRUE","event_type":"Drone Attack","location":"Qantara","governate":"Nabatieh","country":"Lebanon","latitude":33.2740877,"longitude":35.46369821,"coord_type":"general town","source_1":"https://t.me/mmirleb/15591","source_2":"","engagement":"FALSE","sources":""}},{"type":"Feature","geometry":{"type":"Point","coordinates":[35.43724582,33.12195800000001]},"properties":{"event_id":1085,"data_org":"Green","event_date":"2026-04-27T00:00:00.000Z","post_date":"2026-04-27T00:00:00.000Z","pub_date":"2026-04-27T00:00:00.000Z","actor":"Hezbollah","claimed":"TRUE","event_type":"Drone Attack","location":"Bint Jbeil","governate":"Nabatieh","country":"Lebanon","latitude":33.121958,"longitude":35.43724582,"coord_type":"general town","source_1":"https://t.me/mmirleb/15592","source_2":"","engagement":"FALSE","sources":""}},{"type":"Feature","geometry":{"type":"Point","coordinates":[35.14011187,33.11927448]},"properties":{"event_id":1100,"data_org":"Green","event_date":"2026-04-27T00:00:00.000Z","post_date":"2026-04-27T00:00:00.000Z","pub_date":"2026-04-27T00:00:00.000Z","actor":"Hezbollah","claimed":"TRUE","event_type":"Drone Attack","location":"Naqoura","governate":"South","country":"Lebanon","latitude":33.11927448,"longitude":35.14011187,"coord_type":"general town","source_1":"https://t.me/mmirleb/15600","source_2":"","engagement":"FALSE","sources":""}},{"type":"Feature","geometry":{"type":"Point","coordinates":[35.437246,33.12195800000001]},"properties":{"event_id":1111,"data_org":"Green","event_date":"2026-04-28T00:00:00.000Z","post_date":"2026-04-28T00:00:00.000Z","pub_date":"2026-04-28T00:00:00.000Z","actor":"Hezbollah","claimed":"TRUE","event_type":"Drone Attack","location":"Bint Jbeil","governate":"Nabatieh","country":"Lebanon","latitude":33.121958,"longitude":35.437246,"coord_type":"general town","source_1":"https://t.me/mmirleb/15603","source_2":"","engagement":"FALSE","sources":""}},{"type":"Feature","geometry":{"type":"Point","coordinates":[35.465158,33.272484999999996]},"properties":{"event_id":1112,"data_org":"Green","event_date":"2026-04-28T00:00:00.000Z","post_date":"2026-04-28T00:00:00.000Z","pub_date":"2026-04-28T00:00:00.000Z","actor":"Hezbollah","claimed":"TRUE","event_type":"Drone Attack","location":"Qantara","governate":"Nabatieh","country":"Lebanon","latitude":33.272485,"longitude":35.465158,"coord_type":"general neighborhood","source_1":"https://t.me/mmirleb/15604","source_2":"","engagement":"FALSE","sources":""}},{"type":"Feature","geometry":{"type":"Point","coordinates":[35.465158,33.272484999999996]},"properties":{"event_id":1113,"data_org":"Green","event_date":"2026-04-28T00:00:00.000Z","post_date":"2026-04-28T00:00:00.000Z","pub_date":"2026-04-28T00:00:00.000Z","actor":"Hezbollah","claimed":"TRUE","event_type":"Drone Attack","location":"Qantara","governate":"Nabatieh","country":"Lebanon","latitude":33.272485,"longitude":35.465158,"coord_type":"general neighborhood","source_1":"https://t.me/mmirleb/15605","source_2":"","engagement":"FALSE","sources":""}},{"type":"Feature","geometry":{"type":"Point","coordinates":[35.518622,33.276585]},"properties":{"event_id":1128,"data_org":"Green","event_date":"2026-04-28T00:00:00.000Z","post_date":"2026-04-28T00:00:00.000Z","pub_date":"2026-04-28T00:00:00.000Z","actor":"Hezbollah","claimed":"FALSE","event_type":"Drone Attack","location":"Taybeh","governate":"Nabatieh","country":"Lebanon","latitude":33.276585,"longitude":35.518622,"coord_type":"general town","source_1":"https://t.me/mmirleb/15607","source_2":"","engagement":"FALSE","sources":""}},{"type":"Feature","geometry":{"type":"Point","coordinates":[35.463698,33.274088]},"properties":{"event_id":1138,"data_org":"Green","event_date":"2026-04-28T00:00:00.000Z","post_date":"2026-04-29T00:00:00.000Z","pub_date":"2026-04-29T00:00:00.000Z","actor":"Hezbollah","claimed":"TRUE","event_type":"Drone Attack","location":"Qantara","governate":"Nabatieh","country":"Lebanon","latitude":33.274088,"longitude":35.463698,"coord_type":"general town","source_1":"https://t.me/mmirleb/15615","source_2":"","engagement":"FALSE","sources":""}},{"type":"Feature","geometry":{"type":"Point","coordinates":[35.463698,33.274088]},"properties":{"event_id":1139,"data_org":"Green","event_date":"2026-04-28T00:00:00.000Z","post_date":"2026-04-29T00:00:00.000Z","pub_date":"2026-04-29T00:00:00.000Z","actor":"Hezbollah","claimed":"TRUE","event_type":"Rocket Attack","location":"Qantara","governate":"Nabatieh","country":"Lebanon","latitude":33.274088,"longitude":35.463698,"coord_type":"general town","source_1":"https://t.me/mmirleb/15616","source_2":"","engagement":"FALSE","sources":""}},{"type":"Feature","geometry":{"type":"Point","coordinates":[35.174269,33.16381500000001]},"properties":{"event_id":1149,"data_org":"Green","event_date":"2026-04-29T00:00:00.000Z","post_date":"2026-04-29T00:00:00.000Z","pub_date":"2026-04-29T00:00:00.000Z","actor":"Hezbollah","claimed":"TRUE","event_type":"Drone Attack","location":"Bayyada","governate":"South","country":"Lebanon","latitude":33.163815,"longitude":35.174269,"coord_type":"general town","source_1":"https://t.me/mmirleb/15621","source_2":"https://t.me/mmirleb/15628","engagement":"FALSE","sources":""}},{"type":"Feature","geometry":{"type":"Point","coordinates":[35.463698,33.274088]},"properties":{"event_id":1161,"data_org":"Green","event_date":"2026-04-29T00:00:00.000Z","post_date":"2026-04-29T00:00:00.000Z","pub_date":"2026-04-29T00:00:00.000Z","actor":"Hezbollah","claimed":"TRUE","event_type":"Drone Attack","location":"Qantara","governate":"Nabatieh","country":"Lebanon","latitude":33.274088,"longitude":35.463698,"coord_type":"general town","source_1":"https://t.me/mmirleb/15622","source_2":"","engagement":"FALSE","sources":""}},{"type":"Feature","geometry":{"type":"Point","coordinates":[35.33247579,33.13393388]},"properties":{"event_id":1162,"data_org":"Green","event_date":"2026-04-29T00:00:00.000Z","post_date":"2026-04-29T00:00:00.000Z","pub_date":"2026-04-29T00:00:00.000Z","actor":"Hezbollah","claimed":"TRUE","event_type":"Drone Attack","location":"Beit Lif","governate":"Nabatieh","country":"Lebanon","latitude":33.13393388,"longitude":35.33247579,"coord_type":"general town","source_1":"https://t.me/mmirleb/15623","source_2":"","engagement":"FALSE","sources":"https://t.me/mmirleb/15801"}},{"type":"Feature","geometry":{"type":"Point","coordinates":[35.43724582,33.12195800000001]},"properties":{"event_id":1170,"data_org":"Green","event_date":"2026-04-30T00:00:00.000Z","post_date":"2026-04-30T00:00:00.000Z","pub_date":"2026-04-30T00:00:00.000Z","actor":"Hezbollah","claimed":"TRUE","event_type":"Drone Attack","location":"Bint Jbeil","governate":"Nabatieh","country":"Lebanon","latitude":33.121958,"longitude":35.43724582,"coord_type":"general town","source_1":"https://t.me/mmirleb/15631","source_2":"","engagement":"FALSE","sources":""}},{"type":"Feature","geometry":{"type":"Point","coordinates":[35.463698,33.274088]},"properties":{"event_id":1171,"data_org":"Green","event_date":"2026-04-30T00:00:00.000Z","post_date":"2026-04-30T00:00:00.000Z","pub_date":"2026-04-30T00:00:00.000Z","actor":"Hezbollah","claimed":"TRUE","event_type":"Drone Attack","location":"Qantara","governate":"Nabatieh","country":"Lebanon","latitude":33.274088,"longitude":35.463698,"coord_type":"general town","source_1":"https://t.me/mmirleb/15632","source_2":"","engagement":"FALSE","sources":""}},{"type":"Feature","geometry":{"type":"Point","coordinates":[35.290013,33.11385599999999]},"properties":{"event_id":1172,"data_org":"Green","event_date":"2026-04-30T00:00:00.000Z","post_date":"2026-04-30T00:00:00.000Z","pub_date":"2026-04-30T00:00:00.000Z","actor":"Hezbollah","claimed":"TRUE","event_type":"Drone Attack","location":"Jabal Blat","governate":"Nabatieh","country":"Lebanon","latitude":33.113856,"longitude":35.290013,"coord_type":"exact","source_1":"https://t.me/mmirleb/15633","source_2":"","engagement":"FALSE","sources":""}},{"type":"Feature","geometry":{"type":"Point","coordinates":[35.208319,33.145406]},"properties":{"event_id":1197,"data_org":"Green","event_date":"2026-04-30T00:00:00.000Z","post_date":"2026-04-30T00:00:00.000Z","pub_date":"2026-04-30T00:00:00.000Z","actor":"Hezbollah","claimed":"TRUE","event_type":"Drone Attack","location":"Chama","governate":"South","country":"Lebanon","latitude":33.145406,"longitude":35.208319,"coord_type":"general town","source_1":"https://t.me/mmirleb/15635","source_2":"","engagement":"FALSE","sources":""}},{"type":"Feature","geometry":{"type":"Point","coordinates":[35.174269,33.16381500000001]},"properties":{"event_id":1198,"data_org":"Green","event_date":"2026-04-30T00:00:00.000Z","post_date":"2026-04-30T00:00:00.000Z","pub_date":"2026-04-30T00:00:00.000Z","actor":"Hezbollah","claimed":"TRUE","event_type":"Drone Attack","location":"Bayyada","governate":"South","country":"Lebanon","latitude":33.163815,"longitude":35.174269,"coord_type":"general town","source_1":"https://t.me/mmirleb/15636","source_2":"","engagement":"FALSE","sources":""}},{"type":"Feature","geometry":{"type":"Point","coordinates":[35.435181,33.128884]},"properties":{"event_id":1199,"data_org":"Green","event_date":"2026-04-30T00:00:00.000Z","post_date":"2026-04-30T00:00:00.000Z","pub_date":"2026-05-01T00:00:00.000Z","actor":"Hezbollah","claimed":"FALSE","event_type":"Drone Attack","location":"Ainata","governate":"Nabatieh","country":"Lebanon","latitude":33.128884,"longitude":35.435181,"coord_type":"general town","source_1":"https://t.me/moriahdoron/30499","source_2":"","engagement":"FALSE","sources":""}},{"type":"Feature","geometry":{"type":"Point","coordinates":[35.521966,33.16955800000001]},"properties":{"event_id":1200,"data_org":"Green","event_date":"2026-04-30T00:00:00.000Z","post_date":"2026-04-30T00:00:00.000Z","pub_date":"2026-05-01T00:00:00.000Z","actor":"Hezbollah","claimed":"TRUE","event_type":"Drone Attack","location":"Mays al Jabal","governate":"Nabatieh","country":"Lebanon","latitude":33.169558,"longitude":35.521966,"coord_type":"general town","source_1":"https://t.me/mmirleb/15637","source_2":"","engagement":"FALSE","sources":""}},{"type":"Feature","geometry":{"type":"Point","coordinates":[35.518622,33.276585]},"properties":{"event_id":1201,"data_org":"Green","event_date":"2026-04-30T00:00:00.000Z","post_date":"2026-04-30T00:00:00.000Z","pub_date":"2026-05-01T00:00:00.000Z","actor":"Hezbollah","claimed":"TRUE","event_type":"Drone Attack","location":"Taybeh","governate":"Nabatieh","country":"Lebanon","latitude":33.276585,"longitude":35.518622,"coord_type":"general town","source_1":"https://t.me/mmirleb/15638","source_2":"https://t.me/mmirleb/15649","engagement":"FALSE","sources":""}},{"type":"Feature","geometry":{"type":"Point","coordinates":[35.463698,33.274088]},"properties":{"event_id":1202,"data_org":"Green","event_date":"2026-04-30T00:00:00.000Z","post_date":"2026-04-30T00:00:00.000Z","pub_date":"2026-05-01T00:00:00.000Z","actor":"Hezbollah","claimed":"TRUE","event_type":"Drone Attack","location":"Qantara","governate":"Nabatieh","country":"Lebanon","latitude":33.274088,"longitude":35.463698,"coord_type":"general town","source_1":"https://t.me/mmirleb/15639","source_2":"","engagement":"FALSE","sources":""}},{"type":"Feature","geometry":{"type":"Point","coordinates":[35.174269,33.16381500000001]},"properties":{"event_id":1203,"data_org":"Green","event_date":"2026-05-01T00:00:00.000Z","post_date":"2026-05-01T00:00:00.000Z","pub_date":"2026-05-01T00:00:00.000Z","actor":"Hezbollah","claimed":"TRUE","event_type":"Drone Attack","location":"Bayyada","governate":"South","country":"Lebanon","latitude":33.163815,"longitude":35.174269,"coord_type":"general town","source_1":"https://t.me/mmirleb/15641","source_2":"","engagement":"FALSE","sources":""}},{"type":"Feature","geometry":{"type":"Point","coordinates":[35.43724582,33.12195800000001]},"properties":{"event_id":1204,"data_org":"Green","event_date":"2026-05-01T00:00:00.000Z","post_date":"2026-05-01T00:00:00.000Z","pub_date":"2026-05-01T00:00:00.000Z","actor":"Hezbollah","claimed":"TRUE","event_type":"Mortar Attack","location":"Bint Jbeil","governate":"Nabatieh","country":"Lebanon","latitude":33.121958,"longitude":35.43724582,"coord_type":"general town","source_1":"https://t.me/mmirleb/15642","source_2":"","engagement":"#N/A","sources":""}},{"type":"Feature","geometry":{"type":"Point","coordinates":[35.518734,33.21018300000001]},"properties":{"event_id":1205,"data_org":"Green","event_date":"2026-05-01T00:00:00.000Z","post_date":"2026-05-01T00:00:00.000Z","pub_date":"2026-05-01T00:00:00.000Z","actor":"Hezbollah","claimed":"TRUE","event_type":"Mortar Attack","location":"Houla","governate":"Nabatieh","country":"Lebanon","latitude":33.210183,"longitude":35.518734,"coord_type":"general town","source_1":"https://t.me/mmirleb/15643","source_2":"","engagement":"#N/A","sources":""}},{"type":"Feature","geometry":{"type":"Point","coordinates":[35.174269,33.16381500000001]},"properties":{"event_id":1206,"data_org":"Green","event_date":"2026-05-01T00:00:00.000Z","post_date":"2026-05-01T00:00:00.000Z","pub_date":"2026-05-01T00:00:00.000Z","actor":"Hezbollah","claimed":"TRUE","event_type":"Drone Attack","location":"Bayyada","governate":"South","country":"Lebanon","latitude":33.163815,"longitude":35.174269,"coord_type":"general town","source_1":"https://t.me/mmirleb/15644","source_2":"","engagement":"FALSE","sources":""}},{"type":"Feature","geometry":{"type":"Point","coordinates":[35.518622,33.276585]},"properties":{"event_id":1207,"data_org":"Green","event_date":"2026-05-01T00:00:00.000Z","post_date":"2026-05-01T00:00:00.000Z","pub_date":"2026-05-01T00:00:00.000Z","actor":"Hezbollah","claimed":"TRUE","event_type":"Drone Attack","location":"Taybeh","governate":"Nabatieh","country":"Lebanon","latitude":33.276585,"longitude":35.518622,"coord_type":"general town","source_1":"https://t.me/mmirleb/15645","source_2":"","engagement":"FALSE","sources":""}},{"type":"Feature","geometry":{"type":"Point","coordinates":[35.36216,33.143039999999985]},"properties":{"event_id":1208,"data_org":"Green","event_date":"2026-05-01T00:00:00.000Z","post_date":"2026-05-01T00:00:00.000Z","pub_date":"2026-05-01T00:00:00.000Z","actor":"Hezbollah","claimed":"TRUE","event_type":"Drone Attack","location":"Rachaf","governate":"Nabatieh","country":"Lebanon","latitude":33.14304,"longitude":35.36216,"coord_type":"general town","source_1":"https://t.me/mmirleb/15646","source_2":"","engagement":"FALSE","sources":""}},{"type":"Feature","geometry":{"type":"Point","coordinates":[35.174269,33.16381500000001]},"properties":{"event_id":1231,"data_org":"Green","event_date":"2026-05-01T00:00:00.000Z","post_date":"2026-05-01T00:00:00.000Z","pub_date":"2026-05-01T00:00:00.000Z","actor":"Hezbollah","claimed":"TRUE","event_type":"Drone Attack","location":"Bayyada","governate":"South","country":"Lebanon","latitude":33.163815,"longitude":35.174269,"coord_type":"general town","source_1":"https://t.me/mmirleb/15647","source_2":"","engagement":"FALSE","sources":""}},{"type":"Feature","geometry":{"type":"Point","coordinates":[35.437246,33.12195800000001]},"properties":{"event_id":1233,"data_org":"Green","event_date":"2026-05-01T00:00:00.000Z","post_date":"2026-05-01T00:00:00.000Z","pub_date":"2026-05-01T00:00:00.000Z","actor":"Hezbollah","claimed":"TRUE","event_type":"Mortar Attack","location":"Bint Jbeil (Musa Abbas complex)","governate":"Nabatieh","country":"Lebanon","latitude":33.121958,"longitude":35.437246,"coord_type":"general town","source_1":"https://t.me/mmirleb/15656","source_2":"","engagement":"#N/A","sources":""}},{"type":"Feature","geometry":{"type":"Point","coordinates":[35.51666,33.209613999999995]},"properties":{"event_id":1234,"data_org":"Green","event_date":"2026-05-01T00:00:00.000Z","post_date":"2026-05-01T00:00:00.000Z","pub_date":"2026-05-01T00:00:00.000Z","actor":"Hezbollah","claimed":"TRUE","event_type":"Mortar Attack","location":"Houla","governate":"Nabatieh","country":"Lebanon","latitude":33.209614,"longitude":35.51666,"coord_type":"general town","source_1":"https://t.me/mmirleb/15656","source_2":"","engagement":"#N/A","sources":""}},{"type":"Feature","geometry":{"type":"Point","coordinates":[35.481374,33.278206]},"properties":{"event_id":1242,"data_org":"Green","event_date":"2026-05-01T00:00:00.000Z","post_date":"2026-05-01T00:00:00.000Z","pub_date":"2026-05-01T00:00:00.000Z","actor":"Hezbollah","claimed":"TRUE","event_type":"Unknown","location":"Aadchit el Qsair","governate":"Nabatieh","country":"Lebanon","latitude":33.278206,"longitude":35.481374,"coord_type":"general town","source_1":"https://t.me/mmirleb/15657","source_2":"","engagement":"#N/A","sources":""}},{"type":"Feature","geometry":{"type":"Point","coordinates":[35.174269,33.16381500000001]},"properties":{"event_id":1263,"data_org":"Green","event_date":"2026-05-02T00:00:00.000Z","post_date":"2026-05-02T00:00:00.000Z","pub_date":"2026-05-02T00:00:00.000Z","actor":"Hezbollah","claimed":"TRUE","event_type":"Drone Attack","location":"Bayyada","governate":"South","country":"Lebanon","latitude":33.163815,"longitude":35.174269,"coord_type":"general town","source_1":"https://t.me/mmirleb/15668","source_2":"","engagement":"FALSE","sources":""}},{"type":"Feature","geometry":{"type":"Point","coordinates":[35.174269,33.16381500000001]},"properties":{"event_id":1264,"data_org":"Green","event_date":"2026-05-02T00:00:00.000Z","post_date":"2026-05-02T00:00:00.000Z","pub_date":"2026-05-02T00:00:00.000Z","actor":"Hezbollah","claimed":"TRUE","event_type":"Drone Attack","location":"Bayyada","governate":"South","country":"Lebanon","latitude":33.163815,"longitude":35.174269,"coord_type":"general town","source_1":"https://t.me/mmirleb/15672","source_2":"","engagement":"FALSE","sources":""}},{"type":"Feature","geometry":{"type":"Point","coordinates":[35.174269,33.16381500000001]},"properties":{"event_id":1265,"data_org":"Green","event_date":"2026-05-03T00:00:00.000Z","post_date":"2026-05-02T00:00:00.000Z","pub_date":"2026-05-02T00:00:00.000Z","actor":"Hezbollah","claimed":"TRUE","event_type":"Drone Attack","location":"Bayyada","governate":"South","country":"Lebanon","latitude":33.163815,"longitude":35.174269,"coord_type":"general town","source_1":"https://t.me/mmirleb/15673","source_2":"","engagement":"FALSE","sources":""}},{"type":"Feature","geometry":{"type":"Point","coordinates":[35.463698,33.274088]},"properties":{"event_id":1266,"data_org":"Green","event_date":"2026-05-02T00:00:00.000Z","post_date":"2026-05-02T00:00:00.000Z","pub_date":"2026-05-02T00:00:00.000Z","actor":"Hezbollah","claimed":"TRUE","event_type":"Mortar Attacks","location":"Qantara","governate":"Nabatieh","country":"Lebanon","latitude":33.274088,"longitude":35.463698,"coord_type":"general town","source_1":"https://t.me/mmirleb/15678","source_2":"","engagement":"#N/A","sources":""}},{"type":"Feature","geometry":{"type":"Point","coordinates":[35.174269,33.16381500000001]},"properties":{"event_id":1277,"data_org":"Green","event_date":"2026-05-03T00:00:00.000Z","post_date":"2026-05-03T00:00:00.000Z","pub_date":"2026-05-03T00:00:00.000Z","actor":"Hezbollah","claimed":"TRUE","event_type":"Drone Attack","location":"Bayyada","governate":"South","country":"Lebanon","latitude":33.163815,"longitude":35.174269,"coord_type":"general town","source_1":"https://t.me/mmirleb/15686","source_2":"","engagement":"FALSE","sources":""}},{"type":"Feature","geometry":{"type":"Point","coordinates":[35.463698,33.274088]},"properties":{"event_id":1278,"data_org":"Green","event_date":"2026-05-03T00:00:00.000Z","post_date":"2026-05-03T00:00:00.000Z","pub_date":"2026-05-03T00:00:00.000Z","actor":"Hezbollah","claimed":"TRUE","event_type":"Rocket Attack","location":"Qantara","governate":"Nabatieh","country":"Lebanon","latitude":33.274088,"longitude":35.463698,"coord_type":"general town","source_1":"https://t.me/mmirleb/15687","source_2":"","engagement":"FALSE","sources":""}},{"type":"Feature","geometry":{"type":"Point","coordinates":[35.14011187,33.11927448]},"properties":{"event_id":1298,"data_org":"Green","event_date":"2026-05-03T00:00:00.000Z","post_date":"2026-05-03T00:00:00.000Z","pub_date":"2026-05-03T00:00:00.000Z","actor":"Hezbollah","claimed":"TRUE","event_type":"Drone Attack","location":"Naqoura","governate":"South","country":"Lebanon","latitude":33.11927448,"longitude":35.14011187,"coord_type":"general town","source_1":"https://t.me/mmirleb/15695","source_2":"","engagement":"FALSE","sources":""}},{"type":"Feature","geometry":{"type":"Point","coordinates":[35.524519,33.21034299999999]},"properties":{"event_id":1299,"data_org":"Green","event_date":"2026-05-03T00:00:00.000Z","post_date":"2026-05-03T00:00:00.000Z","pub_date":"2026-05-03T00:00:00.000Z","actor":"Hezbollah","claimed":"TRUE","event_type":"Rocket Attack","location":"Houla","governate":"Nabatieh","country":"Lebanon","latitude":33.210343,"longitude":35.524519,"coord_type":"exact","source_1":"https://t.me/mmirleb/15696","source_2":"","engagement":"FALSE","sources":""}},{"type":"Feature","geometry":{"type":"Point","coordinates":[35.14011187,33.11927448]},"properties":{"event_id":1300,"data_org":"Green","event_date":"2026-05-03T00:00:00.000Z","post_date":"2026-05-03T00:00:00.000Z","pub_date":"2026-05-03T00:00:00.000Z","actor":"Hezbollah","claimed":"TRUE","event_type":"Drone Attack","location":"Naqoura","governate":"South","country":"Lebanon","latitude":33.11927448,"longitude":35.14011187,"coord_type":"general town","source_1":"https://t.me/mmirleb/15695","source_2":"","engagement":"FALSE","sources":""}},{"type":"Feature","geometry":{"type":"Point","coordinates":[35.174269,33.16381500000001]},"properties":{"event_id":1301,"data_org":"Green","event_date":"2026-05-03T00:00:00.000Z","post_date":"2026-05-03T00:00:00.000Z","pub_date":"2026-05-03T00:00:00.000Z","actor":"Hezbollah","claimed":"TRUE","event_type":"Drone Attack","location":"Bayyada","governate":"South","country":"Lebanon","latitude":33.163815,"longitude":35.174269,"coord_type":"general town","source_1":"https://t.me/mmirleb/15701","source_2":"","engagement":"FALSE","sources":""}},{"type":"Feature","geometry":{"type":"Point","coordinates":[35.174269,33.16381500000001]},"properties":{"event_id":1302,"data_org":"Green","event_date":"2026-05-03T00:00:00.000Z","post_date":"2026-05-03T00:00:00.000Z","pub_date":"2026-05-03T00:00:00.000Z","actor":"Hezbollah","claimed":"TRUE","event_type":"Drone Attack","location":"Bayyada","governate":"South","country":"Lebanon","latitude":33.163815,"longitude":35.174269,"coord_type":"general town","source_1":"https://t.me/mmirleb/15705","source_2":"","engagement":"FALSE","sources":""}},{"type":"Feature","geometry":{"type":"Point","coordinates":[35.463698,33.274088]},"properties":{"event_id":1304,"data_org":"Green","event_date":"2026-05-03T00:00:00.000Z","post_date":"2026-05-03T00:00:00.000Z","pub_date":"2026-05-03T00:00:00.000Z","actor":"Hezbollah","claimed":"TRUE","event_type":"Rocket Attack","location":"Qantara","governate":"Nabatieh","country":"Lebanon","latitude":33.274088,"longitude":35.463698,"coord_type":"general town","source_1":"https://t.me/mmirleb/15706","source_2":"","engagement":"FALSE","sources":""}},{"type":"Feature","geometry":{"type":"Point","coordinates":[35.29001252,33.113856459999994]},"properties":{"event_id":1306,"data_org":"Green","event_date":"2026-05-03T00:00:00.000Z","post_date":"2026-05-03T00:00:00.000Z","pub_date":"2026-05-03T00:00:00.000Z","actor":"Hezbollah","claimed":"TRUE","event_type":"Mortar Attacks","location":"Jabal Blat","governate":"South","country":"Lebanon","latitude":33.11385646,"longitude":35.29001252,"coord_type":"general town","source_1":"https://t.me/mmirleb/15707","source_2":"","engagement":"#N/A","sources":""}},{"type":"Feature","geometry":{"type":"Point","coordinates":[35.174269,33.16381500000001]},"properties":{"event_id":1307,"data_org":"Green","event_date":"2026-05-03T00:00:00.000Z","post_date":"2026-05-03T00:00:00.000Z","pub_date":"2026-05-03T00:00:00.000Z","actor":"Hezbollah","claimed":"TRUE","event_type":"Rocket Attack","location":"Bayyada","governate":"South","country":"Lebanon","latitude":33.163815,"longitude":35.174269,"coord_type":"general town","source_1":"https://t.me/mmirleb/15708","source_2":"","engagement":"FALSE","sources":""}},{"type":"Feature","geometry":{"type":"Point","coordinates":[35.174269,33.16381500000001]},"properties":{"event_id":1308,"data_org":"Green","event_date":"2026-05-03T00:00:00.000Z","post_date":"2026-05-03T00:00:00.000Z","pub_date":"2026-05-03T00:00:00.000Z","actor":"Hezbollah","claimed":"TRUE","event_type":"Mortar Attacks","location":"Bayyada","governate":"South","country":"Lebanon","latitude":33.163815,"longitude":35.174269,"coord_type":"general town","source_1":"https://t.me/mmirleb/15709","source_2":"","engagement":"#N/A","sources":""}},{"type":"Feature","geometry":{"type":"Point","coordinates":[35.463698,33.274088]},"properties":{"event_id":1315,"data_org":"Green","event_date":"2026-05-04T00:00:00.000Z","post_date":"2026-05-04T00:00:00.000Z","pub_date":"2026-05-04T00:00:00.000Z","actor":"Hezbollah","claimed":"TRUE","event_type":"Rocket Attack","location":"Qantara","governate":"Nabatieh","country":"Lebanon","latitude":33.274088,"longitude":35.463698,"coord_type":"general town","source_1":"https://t.me/mmirleb/15718","source_2":"","engagement":"FALSE","sources":""}},{"type":"Feature","geometry":{"type":"Point","coordinates":[35.174269,33.16381500000001]},"properties":{"event_id":1319,"data_org":"Green","event_date":"2026-05-04T00:00:00.000Z","post_date":"2026-05-04T00:00:00.000Z","pub_date":"2026-05-04T00:00:00.000Z","actor":"Hezbollah","claimed":"TRUE","event_type":"Drone Attack","location":"Bayyada","governate":"South","country":"Lebanon","latitude":33.163815,"longitude":35.174269,"coord_type":"general town","source_1":"https://t.me/mmirleb/15722","source_2":"","engagement":"FALSE","sources":""}},{"type":"Feature","geometry":{"type":"Point","coordinates":[35.485851,33.307224999999995]},"properties":{"event_id":1340,"data_org":"Green","event_date":"2026-05-04T00:00:00.000Z","post_date":"2026-05-04T00:00:00.000Z","pub_date":"2026-05-04T00:00:00.000Z","actor":"Hezbollah","claimed":"TRUE","event_type":"Small Arms Engagement","location":"Deir Seryan","governate":"Nabatieh","country":"Lebanon","latitude":33.307225,"longitude":35.485851,"coord_type":"general town","source_1":"https://t.me/mmirleb/15726","source_2":"","engagement":"TRUE","sources":""}},{"type":"Feature","geometry":{"type":"Point","coordinates":[35.174269,33.16381500000001]},"properties":{"event_id":1342,"data_org":"Green","event_date":"2026-05-04T00:00:00.000Z","post_date":"2026-05-04T00:00:00.000Z","pub_date":"2026-05-04T00:00:00.000Z","actor":"Hezbollah","claimed":"TRUE","event_type":"Drone Attack","location":"Bayyada","governate":"South","country":"Lebanon","latitude":33.163815,"longitude":35.174269,"coord_type":"general town","source_1":"https://t.me/mmirleb/15731","source_2":"","engagement":"FALSE","sources":""}},{"type":"Feature","geometry":{"type":"Point","coordinates":[35.545681,33.30367499999999]},"properties":{"event_id":1343,"data_org":"Green","event_date":"2026-05-04T00:00:00.000Z","post_date":"2026-05-04T00:00:00.000Z","pub_date":"2026-05-04T00:00:00.000Z","actor":"Hezbollah","claimed":"TRUE","event_type":"UNK","location":"Deir Mimas","governate":"Nabatieh","country":"Lebanon","latitude":33.303675,"longitude":35.545681,"coord_type":"general town","source_1":"https://t.me/mmirleb/15732","source_2":"","engagement":"#N/A","sources":""}},{"type":"Feature","geometry":{"type":"Point","coordinates":[35.174269,33.16381500000001]},"properties":{"event_id":1345,"data_org":"Green","event_date":"2026-05-04T00:00:00.000Z","post_date":"2026-05-04T00:00:00.000Z","pub_date":"2026-05-04T00:00:00.000Z","actor":"Hezbollah","claimed":"TRUE","event_type":"Rocket Attack","location":"Bayyada","governate":"South","country":"Lebanon","latitude":33.163815,"longitude":35.174269,"coord_type":"general town","source_1":"https://t.me/mmirleb/15733","source_2":"https://t.me/mmirleb/15789","engagement":"FALSE","sources":""}},{"type":"Feature","geometry":{"type":"Point","coordinates":[35.174269,33.16381500000001]},"properties":{"event_id":1346,"data_org":"Green","event_date":"2026-05-04T00:00:00.000Z","post_date":"2026-05-04T00:00:00.000Z","pub_date":"2026-05-04T00:00:00.000Z","actor":"Hezbollah","claimed":"TRUE","event_type":"Rocket Attack","location":"Bayyada","governate":"South","country":"Lebanon","latitude":33.163815,"longitude":35.174269,"coord_type":"general town","source_1":"https://t.me/mmirleb/15734","source_2":"https://t.me/mmirleb/15789","engagement":"FALSE","sources":""}},{"type":"Feature","geometry":{"type":"Point","coordinates":[35.52196,33.247459]},"properties":{"event_id":1353,"data_org":"Green","event_date":"2026-05-04T00:00:00.000Z","post_date":"2026-05-04T00:00:00.000Z","pub_date":"2026-05-05T00:00:00.000Z","actor":"Hezbollah","claimed":"TRUE","event_type":"Drone Attack","location":"Rab el Thalathine","governate":"Nabatieh","country":"Lebanon","latitude":33.247459,"longitude":35.52196,"coord_type":"general town","source_1":"https://t.me/mmirleb/15740","source_2":"","engagement":"FALSE","sources":""}},{"type":"Feature","geometry":{"type":"Point","coordinates":[35.463698,33.274088]},"properties":{"event_id":1355,"data_org":"Green","event_date":"2026-05-04T00:00:00.000Z","post_date":"2026-05-04T00:00:00.000Z","pub_date":"2026-05-05T00:00:00.000Z","actor":"Hezbollah","claimed":"TRUE","event_type":"Rocket Attack","location":"Sala Hill, Qantara","governate":"Nabatieh","country":"Lebanon","latitude":33.274088,"longitude":35.463698,"coord_type":"general town","source_1":"https://t.me/mmirleb/15744","source_2":"","engagement":"FALSE","sources":""}},{"type":"Feature","geometry":{"type":"Point","coordinates":[35.480945,33.276378]},"properties":{"event_id":1356,"data_org":"Green","event_date":"2026-05-04T00:00:00.000Z","post_date":"2026-05-04T00:00:00.000Z","pub_date":"2026-05-05T00:00:00.000Z","actor":"Hezbollah","claimed":"TRUE","event_type":"Mortar Attack","location":"Aadchit al Qoussair","governate":"Nabatieh","country":"Lebanon","latitude":33.276378,"longitude":35.480945,"coord_type":"general town","source_1":"https://t.me/mmirleb/15745","source_2":"","engagement":"#N/A","sources":""}},{"type":"Feature","geometry":{"type":"Point","coordinates":[36.08168200000001,34.186753]},"properties":{"event_id":1357,"data_org":"Green","event_date":"2026-05-04T00:00:00.000Z","post_date":"2026-05-04T00:00:00.000Z","pub_date":"2026-05-05T00:00:00.000Z","actor":"Hezbollah","claimed":"TRUE","event_type":"Mortar Attack","location":"Tallah al Sadr, Ainata","governate":"Nabatieh","country":"Lebanon","latitude":34.186753,"longitude":36.081682,"coord_type":"general town","source_1":"https://t.me/mmirleb/15746","source_2":"","engagement":"#N/A","sources":""}},{"type":"Feature","geometry":{"type":"Point","coordinates":[35.463698,33.274088]},"properties":{"event_id":1358,"data_org":"Green","event_date":"2026-05-04T00:00:00.000Z","post_date":"2026-05-04T00:00:00.000Z","pub_date":"2026-05-05T00:00:00.000Z","actor":"Hezbollah","claimed":"TRUE","event_type":"Rocket Attack","location":"Sala Hill, Qantara","governate":"Nabatieh","country":"Lebanon","latitude":33.274088,"longitude":35.463698,"coord_type":"general town","source_1":"https://t.me/mmirleb/15747","source_2":"","engagement":"FALSE","sources":""}},{"type":"Feature","geometry":{"type":"Point","coordinates":[35.290013,33.11385599999999]},"properties":{"event_id":1359,"data_org":"Green","event_date":"2026-05-04T00:00:00.000Z","post_date":"2026-05-04T00:00:00.000Z","pub_date":"2026-05-05T00:00:00.000Z","actor":"Hezbollah","claimed":"TRUE","event_type":"Drone Attack","location":"Jabal Blat (Marwahin)","governate":"Nabatieh","country":"Lebanon","latitude":33.113856,"longitude":35.290013,"coord_type":"exact","source_1":"https://t.me/mmirleb/15748","source_2":"","engagement":"FALSE","sources":""}},{"type":"Feature","geometry":{"type":"Point","coordinates":[35.174269,33.16381500000001]},"properties":{"event_id":1360,"data_org":"Green","event_date":"2026-05-04T00:00:00.000Z","post_date":"2026-05-04T00:00:00.000Z","pub_date":"2026-05-05T00:00:00.000Z","actor":"Hezbollah","claimed":"TRUE","event_type":"Anti-Tank Fire","location":"Bayyada","governate":"South","country":"Lebanon","latitude":33.163815,"longitude":35.174269,"coord_type":"general town","source_1":"https://t.me/mmirleb/15751","source_2":"","engagement":"TRUE","sources":""}},{"type":"Feature","geometry":{"type":"Point","coordinates":[35.174269,33.16381500000001]},"properties":{"event_id":1361,"data_org":"Green","event_date":"2026-05-04T00:00:00.000Z","post_date":"2026-05-05T00:00:00.000Z","pub_date":"2026-05-05T00:00:00.000Z","actor":"Hezbollah","claimed":"TRUE","event_type":"Rocket Attack","location":"Bayyada","governate":"South","country":"Lebanon","latitude":33.163815,"longitude":35.174269,"coord_type":"general town","source_1":"https://t.me/mmirleb/15752","source_2":"","engagement":"FALSE","sources":""}},{"type":"Feature","geometry":{"type":"Point","coordinates":[35.34439786,33.11780317]},"properties":{"event_id":1362,"data_org":"Green","event_date":"2026-05-05T00:00:00.000Z","post_date":"2026-05-05T00:00:00.000Z","pub_date":"2026-05-05T00:00:00.000Z","actor":"Hezbollah","claimed":"TRUE","event_type":"Drone Attack","location":"Qouzah","governate":"Nabatieh","country":"Lebanon","latitude":33.11780317,"longitude":35.34439786,"coord_type":"general town","source_1":"https://t.me/mmirleb/15753","source_2":"https://t.me/mmirleb/15778","engagement":"FALSE","sources":""}},{"type":"Feature","geometry":{"type":"Point","coordinates":[35.36216,33.143039999999985]},"properties":{"event_id":1363,"data_org":"Green","event_date":"2026-05-05T00:00:00.000Z","post_date":"2026-05-05T00:00:00.000Z","pub_date":"2026-05-05T00:00:00.000Z","actor":"Hezbollah","claimed":"TRUE","event_type":"Drone Attack","location":"Rachaf","governate":"Nabatieh","country":"Lebanon","latitude":33.14304,"longitude":35.36216,"coord_type":"general town","source_1":"https://t.me/mmirleb/15754","source_2":"","engagement":"FALSE","sources":""}},{"type":"Feature","geometry":{"type":"Point","coordinates":[35.499729,33.292021000000005]},"properties":{"event_id":1364,"data_org":"Green","event_date":"2026-05-05T00:00:00.000Z","post_date":"2026-05-05T00:00:00.000Z","pub_date":"2026-05-05T00:00:00.000Z","actor":"Hezbollah","claimed":"TRUE","event_type":"Drone Attack","location":"Khalla al Raj area, Deir Seryan","governate":"Nabatieh","country":"Lebanon","latitude":33.292021,"longitude":35.499729,"coord_type":"general town","source_1":"https://t.me/mmirleb/15755","source_2":"","engagement":"FALSE","sources":""}},{"type":"Feature","geometry":{"type":"Point","coordinates":[35.499729,33.292021000000005]},"properties":{"event_id":1366,"data_org":"Green","event_date":"2026-05-05T00:00:00.000Z","post_date":"2026-05-05T00:00:00.000Z","pub_date":"2026-05-05T00:00:00.000Z","actor":"Hezbollah","claimed":"TRUE","event_type":"Drone Attack","location":"Khalla al Raj area, Deir Seryan","governate":"Nabatieh","country":"Lebanon","latitude":33.292021,"longitude":35.499729,"coord_type":"general town","source_1":"https://t.me/mmirleb/15756","source_2":"","engagement":"FALSE","sources":""}},{"type":"Feature","geometry":{"type":"Point","coordinates":[35.174269,33.16381500000001]},"properties":{"event_id":1370,"data_org":"Green","event_date":"2026-05-05T00:00:00.000Z","post_date":"2026-05-05T00:00:00.000Z","pub_date":"2026-05-05T00:00:00.000Z","actor":"Hezbollah","claimed":"TRUE","event_type":"Anti-Tank Fire","location":"Bayyada","governate":"South","country":"Lebanon","latitude":33.163815,"longitude":35.174269,"coord_type":"general town","source_1":"https://t.me/mmirleb/15761","source_2":"","engagement":"TRUE","sources":""}},{"type":"Feature","geometry":{"type":"Point","coordinates":[35.499729,33.292021000000005]},"properties":{"event_id":1371,"data_org":"Green","event_date":"2026-05-05T00:00:00.000Z","post_date":"2026-05-05T00:00:00.000Z","pub_date":"2026-05-05T00:00:00.000Z","actor":"Hezbollah","claimed":"TRUE","event_type":"Rocket Attack","location":"Khalla al Raj area, Deir Seryan","governate":"Nabatieh","country":"Lebanon","latitude":33.292021,"longitude":35.499729,"coord_type":"general town","source_1":"https://t.me/mmirleb/15762","source_2":"","engagement":"FALSE","sources":""}},{"type":"Feature","geometry":{"type":"Point","coordinates":[35.174269,33.16381500000001]},"properties":{"event_id":1372,"data_org":"Green","event_date":"2026-05-05T00:00:00.000Z","post_date":"2026-05-05T00:00:00.000Z","pub_date":"2026-05-05T00:00:00.000Z","actor":"Hezbollah","claimed":"TRUE","event_type":"Drone Attack","location":"Bayyada","governate":"South","country":"Lebanon","latitude":33.163815,"longitude":35.174269,"coord_type":"general town","source_1":"https://t.me/mmirleb/15763","source_2":"","engagement":"FALSE","sources":""}},{"type":"Feature","geometry":{"type":"Point","coordinates":[35.174269,33.16381500000001]},"properties":{"event_id":1376,"data_org":"Green","event_date":"2026-05-05T00:00:00.000Z","post_date":"2026-05-05T00:00:00.000Z","pub_date":"2026-05-05T00:00:00.000Z","actor":"Hezbollah","claimed":"TRUE","event_type":"Mortar Attack","location":"Bayyada","governate":"South","country":"Lebanon","latitude":33.163815,"longitude":35.174269,"coord_type":"general town","source_1":"https://t.me/mmirleb/15768","source_2":"","engagement":"#N/A","sources":""}},{"type":"Feature","geometry":{"type":"Point","coordinates":[35.463698,33.274088]},"properties":{"event_id":1377,"data_org":"Green","event_date":"2026-05-05T00:00:00.000Z","post_date":"2026-05-05T00:00:00.000Z","pub_date":"2026-05-05T00:00:00.000Z","actor":"Hezbollah","claimed":"TRUE","event_type":"Drone Attack","location":"Qantara","governate":"Nabatieh","country":"Lebanon","latitude":33.274088,"longitude":35.463698,"coord_type":"general town","source_1":"https://t.me/mmirleb/15769","source_2":"","engagement":"FALSE","sources":""}},{"type":"Feature","geometry":{"type":"Point","coordinates":[35.480945,33.276378]},"properties":{"event_id":1379,"data_org":"Green","event_date":"2026-05-05T00:00:00.000Z","post_date":"2026-05-05T00:00:00.000Z","pub_date":"2026-05-05T00:00:00.000Z","actor":"Hezbollah","claimed":"TRUE","event_type":"Mortar Attack","location":"Aadchit al Qoussair","governate":"Nabatieh","country":"Lebanon","latitude":33.276378,"longitude":35.480945,"coord_type":"general town","source_1":"https://t.me/mmirleb/15771","source_2":"","engagement":"#N/A","sources":""}},{"type":"Feature","geometry":{"type":"Point","coordinates":[35.174269,33.16381500000001]},"properties":{"event_id":1381,"data_org":"Green","event_date":"2026-05-05T00:00:00.000Z","post_date":"2026-05-05T00:00:00.000Z","pub_date":"2026-05-05T00:00:00.000Z","actor":"Hezbollah","claimed":"TRUE","event_type":"Rocket Attack","location":"Bayyada","governate":"South","country":"Lebanon","latitude":33.163815,"longitude":35.174269,"coord_type":"general town","source_1":"https://t.me/mmirleb/15776","source_2":"","engagement":"FALSE","sources":""}},{"type":"Feature","geometry":{"type":"Point","coordinates":[35.52196,33.247459]},"properties":{"event_id":1382,"data_org":"Green","event_date":"2026-05-05T00:00:00.000Z","post_date":"2026-05-05T00:00:00.000Z","pub_date":"2026-05-05T00:00:00.000Z","actor":"Hezbollah","claimed":"TRUE","event_type":"Drone Attack","location":"Rab el Thalathine","governate":"Nabatieh","country":"Lebanon","latitude":33.247459,"longitude":35.52196,"coord_type":"general town","source_1":"https://t.me/mmirleb/15777","source_2":"","engagement":"FALSE","sources":""}},{"type":"Feature","geometry":{"type":"Point","coordinates":[35.36216,33.143039999999985]},"properties":{"event_id":1401,"data_org":"Green","event_date":"2026-05-05T00:00:00.000Z","post_date":"2026-05-05T00:00:00.000Z","pub_date":"2026-05-06T00:00:00.000Z","actor":"Hezbollah","claimed":"TRUE","event_type":"Drone Attack","location":"Rachaf","governate":"Nabatieh","country":"Lebanon","latitude":33.14304,"longitude":35.36216,"coord_type":"general town","source_1":"https://t.me/mmirleb/15784","source_2":"","engagement":"FALSE","sources":""}},{"type":"Feature","geometry":{"type":"Point","coordinates":[35.290013,33.11385599999999]},"properties":{"event_id":1403,"data_org":"Green","event_date":"2026-05-05T00:00:00.000Z","post_date":"2026-05-05T00:00:00.000Z","pub_date":"2026-05-06T00:00:00.000Z","actor":"Hezbollah","claimed":"TRUE","event_type":"Rocket Attack","location":"Jabal Blat (Marwahin)","governate":"Nabatieh","country":"Lebanon","latitude":33.113856,"longitude":35.290013,"coord_type":"exact","source_1":"https://t.me/mmirleb/15785","source_2":"","engagement":"FALSE","sources":""}},{"type":"Feature","geometry":{"type":"Point","coordinates":[35.518332,33.19545499999999]},"properties":{"event_id":1405,"data_org":"Green","event_date":"2026-05-05T00:00:00.000Z","post_date":"2026-05-05T00:00:00.000Z","pub_date":"2026-05-06T00:00:00.000Z","actor":"Hezbollah","claimed":"TRUE","event_type":"Mortar Attack","location":"Wadi al Jamal between Mays al Jabal and Houla","governate":"Nabatieh","country":"Lebanon","latitude":33.195455,"longitude":35.518332,"coord_type":"general neighborhood","source_1":"https://t.me/mmirleb/15786","source_2":"","engagement":"#N/A","sources":""}},{"type":"Feature","geometry":{"type":"Point","coordinates":[35.463698,33.274088]},"properties":{"event_id":1406,"data_org":"Green","event_date":"2026-05-05T00:00:00.000Z","post_date":"2026-05-05T00:00:00.000Z","pub_date":"2026-05-06T00:00:00.000Z","actor":"Hezbollah","claimed":"TRUE","event_type":"Drone Attack","location":"Qantara","governate":"Nabatieh","country":"Lebanon","latitude":33.274088,"longitude":35.463698,"coord_type":"general town","source_1":"https://t.me/mmirleb/15791","source_2":"","engagement":"FALSE","sources":""}},{"type":"Feature","geometry":{"type":"Point","coordinates":[35.518622,33.276585]},"properties":{"event_id":1408,"data_org":"Green","event_date":"2026-05-06T00:00:00.000Z","post_date":"2026-05-06T00:00:00.000Z","pub_date":"2026-05-06T00:00:00.000Z","actor":"Hezbollah","claimed":"TRUE","event_type":"Drone Attack","location":"Taybeh","governate":"Nabatieh","country":"Lebanon","latitude":33.276585,"longitude":35.518622,"coord_type":"general town","source_1":"https://t.me/mmirleb/15792","source_2":"","engagement":"FALSE","sources":""}},{"type":"Feature","geometry":{"type":"Point","coordinates":[35.174269,33.16381500000001]},"properties":{"event_id":1409,"data_org":"Green","event_date":"2026-05-06T00:00:00.000Z","post_date":"2026-05-06T00:00:00.000Z","pub_date":"2026-05-06T00:00:00.000Z","actor":"Hezbollah","claimed":"TRUE","event_type":"Mortar Attack","location":"Bayyada","governate":"South","country":"Lebanon","latitude":33.163815,"longitude":35.174269,"coord_type":"general town","source_1":"https://t.me/mmirleb/15793","source_2":"","engagement":"#N/A","sources":""}},{"type":"Feature","geometry":{"type":"Point","coordinates":[35.463698,33.274088]},"properties":{"event_id":1411,"data_org":"Green","event_date":"2026-05-06T00:00:00.000Z","post_date":"2026-05-06T00:00:00.000Z","pub_date":"2026-05-06T00:00:00.000Z","actor":"Hezbollah","claimed":"TRUE","event_type":"Drone Attack","location":"Qantara","governate":"Nabatieh","country":"Lebanon","latitude":33.274088,"longitude":35.463698,"coord_type":"general town","source_1":"https://t.me/mmirleb/15794","source_2":"","engagement":"FALSE","sources":""}},{"type":"Feature","geometry":{"type":"Point","coordinates":[35.500238,33.2921]},"properties":{"event_id":1413,"data_org":"Green","event_date":"2026-05-06T00:00:00.000Z","post_date":"2026-05-06T00:00:00.000Z","pub_date":"2026-05-06T00:00:00.000Z","actor":"Hezbollah","claimed":"TRUE","event_type":"Drone Attack","location":"Deir Seryan","governate":"Nabatieh","country":"Lebanon","latitude":33.2921,"longitude":35.500238,"coord_type":"general town","source_1":"https://t.me/mmirleb/15796","source_2":"","engagement":"FALSE","sources":""}},{"type":"Feature","geometry":{"type":"Point","coordinates":[35.518734,33.21018300000001]},"properties":{"event_id":1414,"data_org":"Green","event_date":"2026-05-06T00:00:00.000Z","post_date":"2026-05-06T00:00:00.000Z","pub_date":"2026-05-06T00:00:00.000Z","actor":"Hezbollah","claimed":"TRUE","event_type":"Drone Attack","location":"al Dawawir area, Houla","governate":"Nabatieh","country":"Lebanon","latitude":33.210183,"longitude":35.518734,"coord_type":"general town","source_1":"https://t.me/mmirleb/15797","source_2":"","engagement":"FALSE","sources":""}},{"type":"Feature","geometry":{"type":"Point","coordinates":[35.340067,33.12153200000001]},"properties":{"event_id":1415,"data_org":"Green","event_date":"2026-05-06T00:00:00.000Z","post_date":"2026-05-06T00:00:00.000Z","pub_date":"2026-05-06T00:00:00.000Z","actor":"Hezbollah","claimed":"TRUE","event_type":"Drone Attack","location":"Qouzah","governate":"Nabatieh","country":"Lebanon","latitude":33.121532,"longitude":35.340067,"coord_type":"general town","source_1":"https://t.me/mmirleb/15798","source_2":"","engagement":"FALSE","sources":""}},{"type":"Feature","geometry":{"type":"Point","coordinates":[35.518622,33.276585]},"properties":{"event_id":1416,"data_org":"Green","event_date":"2026-05-06T00:00:00.000Z","post_date":"2026-05-06T00:00:00.000Z","pub_date":"2026-05-06T00:00:00.000Z","actor":"Hezbollah","claimed":"TRUE","event_type":"Drone Attack","location":"Taybeh","governate":"Nabatieh","country":"Lebanon","latitude":33.276585,"longitude":35.518622,"coord_type":"general town","source_1":"https://t.me/mmirleb/15799","source_2":"","engagement":"FALSE","sources":""}},{"type":"Feature","geometry":{"type":"Point","coordinates":[35.14011187,33.11927448]},"properties":{"event_id":1417,"data_org":"Green","event_date":"2026-05-06T00:00:00.000Z","post_date":"2026-05-06T00:00:00.000Z","pub_date":"2026-05-06T00:00:00.000Z","actor":"Hezbollah","claimed":"TRUE","event_type":"Drone Attack","location":"Naqoura","governate":"South","country":"Lebanon","latitude":33.11927448,"longitude":35.14011187,"coord_type":"general town","source_1":"https://t.me/mmirleb/15800","source_2":"","engagement":"FALSE","sources":""}},{"type":"Feature","geometry":{"type":"Point","coordinates":[35.174269,33.16381500000001]},"properties":{"event_id":1418,"data_org":"Green","event_date":"2026-05-06T00:00:00.000Z","post_date":"2026-05-06T00:00:00.000Z","pub_date":"2026-05-06T00:00:00.000Z","actor":"Hezbollah","claimed":"TRUE","event_type":"Drone Attack","location":"Bayyada","governate":"South","country":"Lebanon","latitude":33.163815,"longitude":35.174269,"coord_type":"general town","source_1":"https://t.me/mmirleb/15804","source_2":"","engagement":"FALSE","sources":""}},{"type":"Feature","geometry":{"type":"Point","coordinates":[35.174269,33.16381500000001]},"properties":{"event_id":1419,"data_org":"Green","event_date":"2026-05-06T00:00:00.000Z","post_date":"2026-05-06T00:00:00.000Z","pub_date":"2026-05-06T00:00:00.000Z","actor":"Hezbollah","claimed":"TRUE","event_type":"Drone Attack","location":"Bayyada","governate":"South","country":"Lebanon","latitude":33.163815,"longitude":35.174269,"coord_type":"general town","source_1":"https://t.me/mmirleb/15805","source_2":"","engagement":"FALSE","sources":""}},{"type":"Feature","geometry":{"type":"Point","coordinates":[35.36216,33.143039999999985]},"properties":{"event_id":1420,"data_org":"Green","event_date":"2026-05-06T00:00:00.000Z","post_date":"2026-05-06T00:00:00.000Z","pub_date":"2026-05-06T00:00:00.000Z","actor":"Hezbollah","claimed":"TRUE","event_type":"Rocket Attack","location":"Rachaf","governate":"Nabatieh","country":"Lebanon","latitude":33.14304,"longitude":35.36216,"coord_type":"general town","source_1":"https://t.me/mmirleb/15806","source_2":"","engagement":"FALSE","sources":""}},{"type":"Feature","geometry":{"type":"Point","coordinates":[35.51666,33.209613999999995]},"properties":{"event_id":1440,"data_org":"Green","event_date":"2026-05-06T00:00:00.000Z","post_date":"2026-05-06T00:00:00.000Z","pub_date":"2026-05-06T00:00:00.000Z","actor":"Hezbollah","claimed":"TRUE","event_type":"Drone Attack","location":"Houla","governate":"Nabatieh","country":"Lebanon","latitude":33.209614,"longitude":35.51666,"coord_type":"general town","source_1":"https://t.me/mmirleb/15814","source_2":"","engagement":"FALSE","sources":""}},{"type":"Feature","geometry":{"type":"Point","coordinates":[35.60797,33.32021]},"properties":{"event_id":1444,"data_org":"Green","event_date":"2026-05-06T00:00:00.000Z","post_date":"2026-05-06T00:00:00.000Z","pub_date":"2026-05-06T00:00:00.000Z","actor":"Hezbollah","claimed":"TRUE","event_type":"Drone Attack","location":"Khiam detention center","governate":"Nabatieh","country":"Lebanon","latitude":33.32021,"longitude":35.60797,"coord_type":"exact","source_1":"https://t.me/mmirleb/15818","source_2":"","engagement":"FALSE","sources":""}}],"fileName":"Hezbollah Attacks in Lebanon Evening of May 06, 2026"}