{"type":"FeatureCollection","features":[{"type":"Feature","geometry":{"type":"Point","coordinates":[50.609701,26.207029999999996]},"properties":{"event_id":100001,"data_org":"Green","post_date":"2026-02-28T00:00:00.000Z","pub_date":"2026-02-28T00:00:00.000Z","strikedate":"2026-02-28T00:00:00.000Z","event_type":"Drone & Missile Attack","actor":"Iran","site_type":"military : US base","siteStype":"military : naval base","city":"","province":"","country":"Bahrain","latitude":26.20703,"longitude":50.609701,"coord_type":"exact","source_1":"https://www.reuters.com/business/aerospace-defense/israel-us-launch-strikes-iran-2026-02-28/","source_2":"https://x.com/N12News/status/2027673667623170287","sources":"https://x.com/sentdefender/status/2027672433809936558; https://x.com/Osinttechnical/status/2027677928062906449; https://x.com/MarioLeb79/status/2027724645118435650; https://x.com/MarioLeb79/status/2027725208736428376; https://x.com/ayatsubzero/status/202"}},{"type":"Feature","geometry":{"type":"Point","coordinates":[47.79646300000001,28.93331999999999]},"properties":{"event_id":100002,"data_org":"Green","post_date":"2026-02-28T00:00:00.000Z","pub_date":"2026-02-28T00:00:00.000Z","strikedate":"2026-02-28T00:00:00.000Z","event_type":"Missile Attack","actor":"Iran","site_type":"military : US base","siteStype":"military : airbase","city":"","province":"","country":"Kuwait","latitude":28.93332,"longitude":47.796463,"coord_type":"general town","source_1":"https://www.reuters.com/business/aerospace-defense/israel-us-launch-strikes-iran-2026-02-28/","source_2":"https://english.alarabiya.net/News/gulf/2026/02/28/-significant-damage-to-runway-at-kuwait-base-hosting-italian-troops-italy-","sources":""}},{"type":"Feature","geometry":{"type":"Point","coordinates":[54.516729,24.43576000000001]},"properties":{"event_id":100007,"data_org":"Green","post_date":"2026-02-28T00:00:00.000Z","pub_date":"2026-02-28T00:00:00.000Z","strikedate":"2026-02-28T00:00:00.000Z","event_type":"unknown","actor":"Iran","site_type":"military : Allied Base","siteStype":"military : airbase","city":"","province":"","country":"UAE","latitude":24.43576,"longitude":54.516729,"coord_type":"","source_1":"https://x.com/shahpas/status/2027683844745216488","source_2":"","sources":""}},{"type":"Feature","geometry":{"type":"Point","coordinates":[34.780784,32.08255]},"properties":{"event_id":100013,"data_org":"Green","post_date":"2026-02-28T00:00:00.000Z","pub_date":"2026-02-28T00:00:00.000Z","strikedate":"2026-02-28T00:00:00.000Z","event_type":"Missile Attack","actor":"Iran","site_type":"unknown","siteStype":"NA","city":"","province":"","country":"Israel","latitude":32.08255,"longitude":34.780784,"coord_type":"","source_1":"https://t.me/moriahdoron/28946","source_2":"https://t.me/farsna/413773","sources":""}},{"type":"Feature","geometry":{"type":"Point","coordinates":[48.074049,29.165129999999998]},"properties":{"event_id":100015,"data_org":"Green","post_date":"2026-02-28T00:00:00.000Z","pub_date":"2026-02-28T00:00:00.000Z","strikedate":"2026-02-28T00:00:00.000Z","event_type":"Missile Attack","actor":"Iran","site_type":"unknown","siteStype":"civilian : transit","city":"","province":"","country":"Kuwait","latitude":29.16513,"longitude":48.074049,"coord_type":"","source_1":"https://x.com/andynovy/status/2027702353302819220","source_2":"https://x.com/Osinttechnical/status/2027700223032586684","sources":"https://x.com/GeoConfirmed/status/2027747306812952922"}},{"type":"Feature","geometry":{"type":"Point","coordinates":[36.81438,31.832320000000006]},"properties":{"event_id":100021,"data_org":"Green","post_date":"2026-02-28T00:00:00.000Z","pub_date":"2026-02-28T00:00:00.000Z","strikedate":"2026-02-28T00:00:00.000Z","event_type":"Missile Attack","actor":"Iran","site_type":"military : US base","siteStype":"military : airbase","city":"","province":"","country":"Jordan","latitude":31.83232,"longitude":36.81438,"coord_type":"","source_1":"https://x.com/SimNasr/status/2027710616056586725","source_2":"0","sources":"https://x.com/ariel_oseran/status/2027713925173629296; https://x.com/andynovy/status/2027710240230080930?s=20; https://x.com/andynovy/status/2027710342260719853?s=20 ; https://www.facebook.com/reel/1264505255635555; https://x.com/tom_bike/status/20277513"}},{"type":"Feature","geometry":{"type":"Point","coordinates":[55.27046,25.201360000000005]},"properties":{"event_id":100045,"data_org":"Green","post_date":"2026-02-28T00:00:00.000Z","pub_date":"2026-02-28T00:00:00.000Z","strikedate":"2026-02-28T00:00:00.000Z","event_type":"Drone Attack","actor":"Iran","site_type":"civilian","siteStype":"civilian : building","city":"","province":"","country":"UAE","latitude":25.20136,"longitude":55.27046,"coord_type":"exact","source_1":"https://x.com/andynovy/status/2027758750002532370","source_2":"https://x.com/andynovy/status/2027782768579453236","sources":""}},{"type":"Feature","geometry":{"type":"Point","coordinates":[47.971077,29.239909999999988]},"properties":{"event_id":100049,"data_org":"Green","post_date":"2026-02-28T00:00:00.000Z","pub_date":"2026-02-28T00:00:00.000Z","strikedate":"2026-02-28T00:00:00.000Z","event_type":"Drone Attack","actor":"Iran","site_type":"civilian","siteStype":"civilian : transit","city":"","province":"","country":"Kuwait","latitude":29.23991,"longitude":47.971077,"coord_type":"exact","source_1":"https://x.com/hey_itsmyturn/status/2027763934258721121?s=20","source_2":"https://x.com/andynovy/status/2027766464875286567","sources":"https://x.com/FaytuksNetwork/status/2027764501605466243?s=20; https://x.com/FaytuksNetwork/status/2027762034943676460?s=20"}},{"type":"Feature","geometry":{"type":"Point","coordinates":[50.59832,26.22818999999999]},"properties":{"event_id":100056,"data_org":"Green","post_date":"2026-02-28T00:00:00.000Z","pub_date":"2026-02-28T00:00:00.000Z","strikedate":"2026-02-28T00:00:00.000Z","event_type":"Drone Attack","actor":"Iran","site_type":"civilian","siteStype":"civilian : building","city":"","province":"","country":"Bahrain","latitude":26.22819,"longitude":50.59832,"coord_type":"exact","source_1":"https://x.com/Faytuks/status/2027785747466465531","source_2":"https://x.com/Mitch_Ulrich/status/2027789754503172204?s=20","sources":"https://x.com/Global_Mil_Info/status/2027786994198139008?s=20; https://x.com/JoeTruzman/status/2027794707171135595; https://x.com/Mitch_Ulrich/status/2027789754503172204; https://x.com/Shayan86/status/2027835814701416645?s=20"}},{"type":"Feature","geometry":{"type":"Point","coordinates":[50.609439,26.20723]},"properties":{"event_id":100057,"data_org":"Green","post_date":"2026-02-28T00:00:00.000Z","pub_date":"2026-02-28T00:00:00.000Z","strikedate":"2026-02-28T00:00:00.000Z","event_type":"Drone Attack","actor":"Iran","site_type":"military : US base","siteStype":"military : naval base","city":"","province":"","country":"Bahrain","latitude":26.20723,"longitude":50.609439,"coord_type":"exact","source_1":"https://x.com/FIammen1543/status/2027793317480542548?s=20","source_2":"https://x.com/Global_Mil_Info/status/2027791068763197852?s=20","sources":"https://t.me/farsna/413828; https://x.com/FaytuksNetwork/status/2027801396691476727; https://x.com/FaytuksNetwork/status/2027805366952615938"}},{"type":"Feature","geometry":{"type":"Point","coordinates":[51.125851999999995,25.374629999999986]},"properties":{"event_id":100071,"data_org":"Green","post_date":"2026-02-28T00:00:00.000Z","pub_date":"2026-02-28T00:00:00.000Z","strikedate":"2026-02-28T00:00:00.000Z","event_type":"Missile Attack","actor":"Iran","site_type":"military : US base","siteStype":"military : airbase","city":"","province":"","country":"Qatar","latitude":25.37463,"longitude":51.125852,"coord_type":"","source_1":"https://x.com/ariel_oseran/status/2027846352420397126","source_2":"https://x.com/sentdefender/status/2027816419279135230","sources":""}},{"type":"Feature","geometry":{"type":"Point","coordinates":[34.78583,32.06842999999999]},"properties":{"event_id":100073,"data_org":"Green","post_date":"2026-02-28T00:00:00.000Z","pub_date":"2026-02-28T00:00:00.000Z","strikedate":"2026-02-28T00:00:00.000Z","event_type":"Missile Attack","actor":"Iran","site_type":"civilian","siteStype":"civilian : building","city":"","province":"","country":"Israel","latitude":32.06843,"longitude":34.78583,"coord_type":"","source_1":"https://x.com/DanLinnaeus/status/2027851938927186267","source_2":"https://x.com/MarioLeb79/status/2027847511705092332","sources":"https://x.com/manniefabian/status/2027850036533428667; https://x.com/MarioLeb79/status/2027852288560120273; https://x.com/WillUnderhill23/status/2027859789867262273?s=20; https://x.com/clashreport/status/2027848021849801057?s=20; https://x.com/zarGEOINT/"}},{"type":"Feature","geometry":{"type":"Point","coordinates":[46.086604,30.937229999999996]},"properties":{"event_id":100077,"data_org":"Green","post_date":"2026-02-28T00:00:00.000Z","pub_date":"2026-02-28T00:00:00.000Z","strikedate":"2026-02-28T00:00:00.000Z","event_type":"Drone Attack","actor":"Iran","site_type":"military : Allied Base","siteStype":"military : airbase","city":"","province":"","country":"Iraq","latitude":30.93723,"longitude":46.086604,"coord_type":"","source_1":"https://x.com/FaytuksNetwork/status/2027863022677446892","source_2":"","sources":""}},{"type":"Feature","geometry":{"type":"Point","coordinates":[55.18536000000001,25.141319999999993]},"properties":{"event_id":100078,"data_org":"Green","post_date":"2026-02-28T00:00:00.000Z","pub_date":"2026-02-28T00:00:00.000Z","strikedate":"2026-02-28T00:00:00.000Z","event_type":"Drone Attack","actor":"Iran","site_type":"Civilian","siteStype":"civilian : building","city":"","province":"","country":"UAE","latitude":25.14132,"longitude":55.18536,"coord_type":"","source_1":"https://x.com/zarGEOINT/status/2027865946128314530?s=20","source_2":"https://x.com/FaytuksNetwork/status/2027865888658010336","sources":"https://x.com/ariel_oseran/status/2027876282122342434"}},{"type":"Feature","geometry":{"type":"Point","coordinates":[35.025457,32.792669999999994]},"properties":{"event_id":100079,"data_org":"Green","post_date":"2026-02-28T00:00:00.000Z","pub_date":"2026-02-28T00:00:00.000Z","strikedate":"2026-02-28T00:00:00.000Z","event_type":"Missile Attack","actor":"Iran","site_type":"unknown","siteStype":"NA","city":"","province":"","country":"Israel","latitude":32.79267,"longitude":35.025457,"coord_type":"general town","source_1":"https://www.nytimes.com/2026/02/28/world/middleeast/us-israel-iran-attack-maps.html","source_2":"","sources":""}},{"type":"Feature","geometry":{"type":"Point","coordinates":[36.568465,32.715239999999994]},"properties":{"event_id":100080,"data_org":"Green","post_date":"2026-02-28T00:00:00.000Z","pub_date":"2026-02-28T00:00:00.000Z","strikedate":"2026-02-28T00:00:00.000Z","event_type":"Missile Attack","actor":"Iran","site_type":"civilian","siteStype":"civilian : industrial","city":"","province":"","country":"Syria","latitude":32.71524,"longitude":36.568465,"coord_type":"","source_1":"https://www.nytimes.com/2026/02/28/world/middleeast/us-israel-iran-attack-maps.html","source_2":"","sources":""}},{"type":"Feature","geometry":{"type":"Point","coordinates":[35.22062,31.77587]},"properties":{"event_id":100081,"data_org":"Green","post_date":"2026-02-28T00:00:00.000Z","pub_date":"2026-03-01T00:00:00.000Z","strikedate":"2026-02-28T00:00:00.000Z","event_type":"unknown","actor":"Iran","site_type":"unknown","siteStype":"NA","city":"","province":"","country":"Iraq","latitude":31.77587,"longitude":35.22062,"coord_type":"","source_1":"https://t.me/moriahdoron/28979","source_2":"","sources":""}},{"type":"Feature","geometry":{"type":"Point","coordinates":[50.629886,26.26716000000001]},"properties":{"event_id":100082,"data_org":"Green","post_date":"2026-02-28T00:00:00.000Z","pub_date":"2026-03-01T00:00:00.000Z","strikedate":"2026-02-28T00:00:00.000Z","event_type":"Drone Attack","actor":"Iran","site_type":"civilian","siteStype":"civilian : transit","city":"","province":"","country":"Bahrain","latitude":26.26716,"longitude":50.629886,"coord_type":"","source_1":"https://x.com/GLZRadio/status/2027903893825310989","source_2":"https://www.reuters.com/world/iran-crisis-live-explosions-tehran-israel-announces-strike-2026-02-28/?arena_mid=dszBylGvojazNx0BB8SX","sources":""}},{"type":"Feature","geometry":{"type":"Point","coordinates":[55.347437,25.271729999999987]},"properties":{"event_id":100083,"data_org":"Green","post_date":"2026-02-28T00:00:00.000Z","pub_date":"2026-03-01T00:00:00.000Z","strikedate":"2026-02-28T00:00:00.000Z","event_type":"unknown","actor":"Iran","site_type":"Civilian","siteStype":"civilian : transit","city":"","province":"","country":"UAE","latitude":25.27173,"longitude":55.347437,"coord_type":"","source_1":"https://x.com/GLZRadio/status/2027964068313682201","source_2":"https://x.com/UnSansVisage/status/2027972075332190309?s=20","sources":""}},{"type":"Feature","geometry":{"type":"Point","coordinates":[47.526701,29.344169999999995]},"properties":{"event_id":100085,"data_org":"Green","post_date":"2026-02-28T00:00:00.000Z","pub_date":"2026-03-01T00:00:00.000Z","strikedate":"2026-03-01T00:00:00.000Z","event_type":"unknown","actor":"Iran","site_type":"military : US base","siteStype":"military : airbase","city":"","province":"","country":"Kuwait","latitude":29.34417,"longitude":47.526701,"coord_type":"","source_1":"https://x.com/vcdgf555/status/2027921856234447254?s=20","source_2":"https://x.com/FaytuksNetwork/status/2027914028492763644?s=20","sources":"https://t.me/Nournews_ir/333007; https://x.com/trbrtc/status/2028390788904652833?s=20"}},{"type":"Feature","geometry":{"type":"Point","coordinates":[43.953845,36.23386]},"properties":{"event_id":100086,"data_org":"Green","post_date":"2026-02-28T00:00:00.000Z","pub_date":"2026-03-01T00:00:00.000Z","strikedate":"2026-03-01T00:00:00.000Z","event_type":"unknown","actor":"Iran","site_type":"civilian","siteStype":"civilian : transit","city":"","province":"","country":"Iraq","latitude":36.23386,"longitude":43.953845,"coord_type":"","source_1":"https://x.com/sentdefender/status/2027948960128680126?s=20","source_2":"https://x.com/john_marquee/status/2027947698855547031","sources":"https://x.com/Grimm_Intel/status/2027952556274520459?s=20; https://t.me/sepah_pasdaran/181521"}},{"type":"Feature","geometry":{"type":"Point","coordinates":[50.590446,26.243969999999994]},"properties":{"event_id":100089,"data_org":"Green","post_date":"2026-02-28T00:00:00.000Z","pub_date":"2026-03-01T00:00:00.000Z","strikedate":"2026-03-01T00:00:00.000Z","event_type":"unknown","actor":"Iran","site_type":"Civilian","siteStype":"civilian : building","city":"","province":"","country":"Bahrain","latitude":26.24397,"longitude":50.590446,"coord_type":"","source_1":"https://x.com/vcdgf555/status/2027975897043837202?s=20","source_2":"https://x.com/Global_Mil_Info/status/2027971991685214414?s=20","sources":"https://x.com/john_marquee/status/2027970521783275746?s=20; https://x.com/UnSansVisage/status/2027983281052876937?s=20; https://x.com/Osinttechnical/status/2027971524464943602?s=20; https://www.cnn.com/world/live-news/israel-iran-attack-02-28-26-hnk-intl"}},{"type":"Feature","geometry":{"type":"Point","coordinates":[34.770279,32.083099999999995]},"properties":{"event_id":100092,"data_org":"Green","post_date":"2026-03-01T00:00:00.000Z","pub_date":"2026-03-01T00:00:00.000Z","strikedate":"2026-03-01T00:00:00.000Z","event_type":"Missile Attack","actor":"Iran","site_type":"civilian","siteStype":"civilian : building","city":"","province":"","country":"Israel","latitude":32.0831,"longitude":34.770279,"coord_type":"","source_1":"https://x.com/Shayan86/status/2028007770843185451","source_2":"https://t.me/mehrnews/353194","sources":"https://t.me/mehrnews/353193"}},{"type":"Feature","geometry":{"type":"Point","coordinates":[51.42687,25.215920000000008]},"properties":{"event_id":100093,"data_org":"Green","post_date":"2026-03-01T00:00:00.000Z","pub_date":"2026-03-01T00:00:00.000Z","strikedate":"2026-03-01T00:00:00.000Z","event_type":"unknown","actor":"Iran","site_type":"civilian","siteStype":"civilian : industrial","city":"","province":"","country":"Qatar","latitude":25.21592,"longitude":51.42687,"coord_type":"","source_1":"https://x.com/zarGEOINT/status/2028016655490539669?s=20","source_2":"https://x.com/zarGEOINT/status/2028020147638636981?s=20","sources":"https://t.me/kianmeli1/81241; https://t.me/sepah_pasdaran/181523"}},{"type":"Feature","geometry":{"type":"Point","coordinates":[57.678939,19.603099999999994]},"properties":{"event_id":100094,"data_org":"Green","post_date":"2026-03-01T00:00:00.000Z","pub_date":"2026-03-01T00:00:00.000Z","strikedate":"2026-03-01T00:00:00.000Z","event_type":"Drone Attack","actor":"Iran","site_type":"civilian","siteStype":"civilian : port","city":"","province":"","country":"Oman","latitude":19.6031,"longitude":57.678939,"coord_type":"","source_1":"https://x.com/GLZRadio/status/2028026806259900781","source_2":"https://x.com/JasonMBrodsky/status/2028077177028129268","sources":"https://x.com/malachybrowne/status/2028059524901306761?s=20; https://x.com/MenchOsint/status/2028035229089239464?s=20; https://x.com/zarGEOINT/status/2028032653908136301?s=20; https://www.cnn.com/world/live-news/israel-iran-attack-02-28-26-hnk-intl?post-"}},{"type":"Feature","geometry":{"type":"Point","coordinates":[54.322048,24.45854000000001]},"properties":{"event_id":100095,"data_org":"Green","post_date":"2026-03-01T00:00:00.000Z","pub_date":"2026-03-01T00:00:00.000Z","strikedate":"2026-03-01T00:00:00.000Z","event_type":"Drone Attack","actor":"Iran","site_type":"Civilian","siteStype":"civilian : building","city":"","province":"","country":"UAE","latitude":24.45854,"longitude":54.322048,"coord_type":"","source_1":"https://x.com/ADMediaOffice/status/2028027436953395635","source_2":"","sources":""}},{"type":"Feature","geometry":{"type":"Point","coordinates":[50.71439,26.189989999999998]},"properties":{"event_id":100096,"data_org":"Green","post_date":"2026-03-01T00:00:00.000Z","pub_date":"2026-03-01T00:00:00.000Z","strikedate":"2026-03-01T00:00:00.000Z","event_type":"unknown","actor":"Iran","site_type":"civilian","siteStype":"civilian : port","city":"","province":"","country":"Bahrain","latitude":26.18999,"longitude":50.71439,"coord_type":"","source_1":"https://x.com/Doranimated/status/2028026265660277245?s=20","source_2":"","sources":""}},{"type":"Feature","geometry":{"type":"Point","coordinates":[34.984494,31.745809999999995]},"properties":{"event_id":100104,"data_org":"Green","post_date":"2026-03-01T00:00:00.000Z","pub_date":"2026-03-01T00:00:00.000Z","strikedate":"2026-03-01T00:00:00.000Z","event_type":"Missile Attack","actor":"Iran","site_type":"Civilian","siteStype":"civilian : building","city":"","province":"","country":"Israel","latitude":31.74581,"longitude":34.984494,"coord_type":"","source_1":"https://x.com/manniefabian/status/2028076461572112451","source_2":"https://x.com/manniefabian/status/2028077797919576346","sources":"https://t.me/moriahdoron/28993; https://x.com/GLZRadio/status/2028084237186789779; https://x.com/ariel_oseran/status/2028091138326884690; https://x.com/ariel_oseran/status/2028086631866011951; https://x.com/DanLinnaeus/status/2028094261674021155?s=20; ht"}},{"type":"Feature","geometry":{"type":"Point","coordinates":[54.37936100000001,24.51490999999999]},"properties":{"event_id":100107,"data_org":"Green","post_date":"2026-03-01T00:00:00.000Z","pub_date":"2026-03-01T00:00:00.000Z","strikedate":"2026-03-01T00:00:00.000Z","event_type":"unknown","actor":"Iran","site_type":"civilian","siteStype":"civilian : industrial","city":"","province":"","country":"UAE","latitude":24.51491,"longitude":54.379361,"coord_type":"","source_1":"https://x.com/hubofintel/status/2028080379186573500?s=20","source_2":"https://x.com/hubofintel/status/2028078687908966530?s=20","sources":"https://x.com/Osint613/status/2028082583221743688?s=20; https://x.com/FaytuksNetwork/status/2028078158902071494"}},{"type":"Feature","geometry":{"type":"Point","coordinates":[55.29317,25.003879999999995]},"properties":{"event_id":100109,"data_org":"Green","post_date":"2026-03-01T00:00:00.000Z","pub_date":"2026-03-01T00:00:00.000Z","strikedate":"2026-03-01T00:00:00.000Z","event_type":"Drone Attack","actor":"Iran","site_type":"Civilian","siteStype":"civilian : building","city":"","province":"","country":"UAE","latitude":25.00388,"longitude":55.29317,"coord_type":"","source_1":"https://x.com/FaytuksNetwork/status/2028089225103434171","source_2":"https://x.com/zarGEOINT/status/2028089655371907355","sources":""}},{"type":"Feature","geometry":{"type":"Point","coordinates":[54.396341,24.520669999999992]},"properties":{"event_id":100112,"data_org":"Green","post_date":"2026-03-01T00:00:00.000Z","pub_date":"2026-03-01T00:00:00.000Z","strikedate":"2026-03-01T00:00:00.000Z","event_type":"Drone Attack","actor":"Iran","site_type":"military : Allied Base","siteStype":"military : naval base","city":"","province":"","country":"UAE","latitude":24.52067,"longitude":54.396341,"coord_type":"","source_1":"https://x.com/GeoRaccoon/status/2028115877967655298?s=20","source_2":"https://x.com/COUPSURE/status/2028102364859711782?s=20","sources":"https://x.com/bayraktar_1love/status/2028115005648912837?s=20; https://www.newarab.com/news/iran-drone-attack-caused-fire-base-hosting-french-forces-uae; https://x.com/sentdefender/status/2028126340667355617"}},{"type":"Feature","geometry":{"type":"Point","coordinates":[47.42219,29.69937]},"properties":{"event_id":100113,"data_org":"Green","post_date":"2026-03-01T00:00:00.000Z","pub_date":"2026-03-01T00:00:00.000Z","strikedate":"2026-03-01T00:00:00.000Z","event_type":"Drone Attack","actor":"Iran","site_type":"military : US base","siteStype":"military : base","city":"","province":"","country":"Kuwait","latitude":29.69937,"longitude":47.42219,"coord_type":"","source_1":"https://x.com/FaytuksNetwork/status/2028142565560660467","source_2":"https://x.com/WillUnderhill23/status/2028213945861812382?s=20","sources":"https://x.com/Osint613/status/2028128710822330577?s=20; https://x.com/sentdefender/status/2028132417672729062"}},{"type":"Feature","geometry":{"type":"Point","coordinates":[34.981337,31.74772999999999]},"properties":{"event_id":100115,"data_org":"Green","post_date":"2026-03-01T00:00:00.000Z","pub_date":"2026-03-01T00:00:00.000Z","strikedate":"2026-03-01T00:00:00.000Z","event_type":"Missile Attack","actor":"Iran","site_type":"Civilian","siteStype":"civilian : building","city":"","province":"","country":"Israel","latitude":31.74773,"longitude":34.981337,"coord_type":"","source_1":"https://x.com/Stinky915846091/status/2028152678635671927","source_2":"https://x.com/manniefabian/status/2028089443777671565","sources":""}},{"type":"Feature","geometry":{"type":"Point","coordinates":[50.618217,26.210049999999992]},"properties":{"event_id":100121,"data_org":"Green","post_date":"2026-03-01T00:00:00.000Z","pub_date":"2026-03-01T00:00:00.000Z","strikedate":"2026-03-01T00:00:00.000Z","event_type":"unknown","actor":"Iran","site_type":"civilian","siteStype":"civilian : port","city":"","province":"","country":"Bahrain","latitude":26.21005,"longitude":50.618217,"coord_type":"","source_1":"https://x.com/FaytuksNetwork/status/2028206325780431243","source_2":"https://x.com/clashreport/status/2028205956975178110?s=20","sources":"https://x.com/KJ_X23/status/2028207204352802897?s=20; https://x.com/zarGEOINT/status/2028207689205969009; https://x.com/zarGEOINT/status/2028207689205969009?s=20; https://x.com/andynovy/status/2028227361406066879?s=20"}},{"type":"Feature","geometry":{"type":"Point","coordinates":[35.21118,31.807789999999994]},"properties":{"event_id":100122,"data_org":"Green","post_date":"2026-03-01T00:00:00.000Z","pub_date":"2026-03-01T00:00:00.000Z","strikedate":"2026-03-01T00:00:00.000Z","event_type":"Missile Attack","actor":"Iran","site_type":"civilian","siteStype":"civilian : transit","city":"","province":"","country":"Israel","latitude":31.80779,"longitude":35.21118,"coord_type":"","source_1":"https://x.com/FaytuksNetwork/status/2028209784147595564","source_2":"https://x.com/Stinky915846091/status/2028222963024101565?s=20","sources":"https://x.com/manniefabian/status/2028211611555479568?s=20; https://x.com/ariel_oseran/status/2028211005583429810; https://x.com/Osinttechnical/status/2028210773139333249?s=20; https://x.com/FaytuksNetwork/status/2028211892758446411"}},{"type":"Feature","geometry":{"type":"Point","coordinates":[55.10612900000001,25.044420000000002]},"properties":{"event_id":100126,"data_org":"Green","post_date":"2026-03-01T00:00:00.000Z","pub_date":"2026-03-01T00:00:00.000Z","strikedate":"2026-03-02T00:00:00.000Z","event_type":"unknown","actor":"Iran","site_type":"Civilian","siteStype":"civilian : industrial","city":"","province":"","country":"UAE","latitude":25.04442,"longitude":55.106129,"coord_type":"","source_1":"https://x.com/andynovy/status/2028217502325469215","source_2":"","sources":""}},{"type":"Feature","geometry":{"type":"Point","coordinates":[50.618286999999995,26.209769999999992]},"properties":{"event_id":100127,"data_org":"Green","post_date":"2026-03-01T00:00:00.000Z","pub_date":"2026-03-01T00:00:00.000Z","strikedate":"2026-03-02T00:00:00.000Z","event_type":"Drone & Missile Attack","actor":"Iran","site_type":"military : US base","siteStype":"military : naval base","city":"","province":"","country":"Bahrain","latitude":26.20977,"longitude":50.618287,"coord_type":"","source_1":"https://x.com/andynovy/status/2028220164110451004","source_2":"https://x.com/andynovy/status/2028227361406066879","sources":"https://x.com/GLZRadio/status/2028375673769705935"}},{"type":"Feature","geometry":{"type":"Point","coordinates":[35.21118,31.807789999999994]},"properties":{"event_id":100128,"data_org":"Green","post_date":"2026-03-01T00:00:00.000Z","pub_date":"2026-03-01T00:00:00.000Z","strikedate":"2026-03-02T00:00:00.000Z","event_type":"Missile Attack","actor":"Iran","site_type":"civilian","siteStype":"civilian : transit","city":"","province":"","country":"Israel","latitude":31.80779,"longitude":35.21118,"coord_type":"","source_1":"https://x.com/Stinky915846091/status/2028222963024101565","source_2":"https://x.com/manniefabian/status/2028211611555479568","sources":""}},{"type":"Feature","geometry":{"type":"Point","coordinates":[50.095802,26.69826000000001]},"properties":{"event_id":100132,"data_org":"Green","post_date":"2026-03-02T00:00:00.000Z","pub_date":"2026-03-02T00:00:00.000Z","strikedate":"2026-03-01T00:00:00.000Z","event_type":"Drone Attack","actor":"Iran","site_type":"energy","siteStype":"energy : oil","city":"","province":"","country":"Saudi Arabia","latitude":26.69826,"longitude":50.095802,"coord_type":"","source_1":"https://x.com/JasonMBrodsky/status/2028423432816280030?s=20","source_2":"https://www.reuters.com/business/energy/saudi-aramco-shuts-ras-tanura-refinery-after-drone-strike-source-says-2026-03-02/","sources":"DNGTS: https://english.alarabiya dot net/amp/News/saudi-arabia/2026/03/02/prince-sultan-air-base-; https://x.com/FaytuksNetwork/status/2028549591201673293"}},{"type":"Feature","geometry":{"type":"Point","coordinates":[50.60235,26.08488999999999]},"properties":{"event_id":100137,"data_org":"Green","post_date":"2026-03-02T00:00:00.000Z","pub_date":"2026-03-02T00:00:00.000Z","strikedate":"2026-03-02T00:00:00.000Z","event_type":"unknown","actor":"Iran","site_type":"civilian","siteStype":"civilian : industrial","city":"","province":"","country":"Bahrain","latitude":26.08489,"longitude":50.60235,"coord_type":"","source_1":"https://x.com/EndlessWint_r/status/2028400229892964520?s=20","source_2":"https://x.com/MonitorX99800/status/2028370204040835155","sources":"https://x.com/EndlessWint_r/status/2028400229892964520"}},{"type":"Feature","geometry":{"type":"Point","coordinates":[55.783431,25.70031000000001]},"properties":{"event_id":100138,"data_org":"Green","post_date":"2026-03-02T00:00:00.000Z","pub_date":"2026-03-02T00:00:00.000Z","strikedate":"2026-03-02T00:00:00.000Z","event_type":"unknown","actor":"Iran","site_type":"civilian","siteStype":"civilian : building","city":"","province":"","country":"UAE","latitude":25.70031,"longitude":55.783431,"coord_type":"","source_1":"https://x.com/Nexus_osintx/status/2028385460116934979?s=20","source_2":"","sources":""}},{"type":"Feature","geometry":{"type":"Point","coordinates":[55.981667,25.80244999999998]},"properties":{"event_id":100140,"data_org":"Green","post_date":"2026-03-02T00:00:00.000Z","pub_date":"2026-03-02T00:00:00.000Z","strikedate":"2026-03-02T00:00:00.000Z","event_type":"Drone Attack","actor":"Iran","site_type":"unknown","siteStype":"NA","city":"","province":"","country":"Kuwait","latitude":25.80245,"longitude":55.981667,"coord_type":"","source_1":"https://x.com/ariel_oseran/status/2028391938991260041","source_2":"","sources":""}},{"type":"Feature","geometry":{"type":"Point","coordinates":[34.773289,31.24500999999999]},"properties":{"event_id":100146,"data_org":"Green","post_date":"2026-03-02T00:00:00.000Z","pub_date":"2026-03-02T00:00:00.000Z","strikedate":"2026-03-02T00:00:00.000Z","event_type":"Missile Attack","actor":"Iran","site_type":"civilian","siteStype":"civilian : building","city":"","province":"","country":"Israel","latitude":31.24501,"longitude":34.773289,"coord_type":"","source_1":"https://x.com/GLZRadio/status/2028425251621581118","source_2":"https://x.com/GLZRadio/status/2028450287023747549","sources":"https://x.com/elyashivharel/status/2028453149850182035; https://x.com/manniefabian/status/2028443041652936805; https://x.com/manniefabian/status/2028424038201037215; https://x.com/EndlessWint_r/status/2028435666367902063; https://x.com/FaytuksNetwork/sta"}},{"type":"Feature","geometry":{"type":"Point","coordinates":[51.554425,25.91714999999998]},"properties":{"event_id":100147,"data_org":"Green","post_date":"2026-03-02T00:00:00.000Z","pub_date":"2026-03-02T00:00:00.000Z","strikedate":"2026-03-02T00:00:00.000Z","event_type":"Drone Attack","actor":"Iran","site_type":"civilian","siteStype":"energy : gas","city":"","province":"","country":"Qatar","latitude":25.91715,"longitude":51.554425,"coord_type":"","source_1":"https://x.com/SStapczynski/status/2028425393875960019/photo/1","source_2":"https://www.wsj.com/world/middle-east/saudi-oil-facilities-get-pulled-into-mideast-conflict-1607e138?mod=middle-east_news_article_pos1","sources":""}},{"type":"Feature","geometry":{"type":"Point","coordinates":[51.54916500000001,24.98699999999999]},"properties":{"event_id":100148,"data_org":"Green","post_date":"2026-03-02T00:00:00.000Z","pub_date":"2026-03-02T00:00:00.000Z","strikedate":"2026-03-02T00:00:00.000Z","event_type":"Drone Attack","actor":"Iran","site_type":"energy","siteStype":"energy : gas","city":"","province":"","country":"Qatar","latitude":24.987,"longitude":51.549165,"coord_type":"","source_1":"https://x.com/SStapczynski/status/2028425393875960019/photo/1","source_2":"","sources":""}},{"type":"Feature","geometry":{"type":"Point","coordinates":[47.561660999999994,24.062749999999987]},"properties":{"event_id":100150,"data_org":"Green","post_date":"2026-03-02T00:00:00.000Z","pub_date":"2026-03-02T00:00:00.000Z","strikedate":"2026-03-02T00:00:00.000Z","event_type":"Drone Attack","actor":"Iran","site_type":"military : US base","siteStype":"military : airbase","city":"","province":"","country":"Saudi Arabia","latitude":24.06275,"longitude":47.561661,"coord_type":"general town","source_1":"https://x.com/FaytuksNetwork/status/2028425946286502327","source_2":"DNGTS: https://english.alarabiya dot net/amp/News/saudi-arabia/2026/03/02/prince-sultan-air-base-","sources":""}},{"type":"Feature","geometry":{"type":"Point","coordinates":[48.114236,29.058504]},"properties":{"event_id":100152,"data_org":"Green","post_date":"2026-03-02T00:00:00.000Z","pub_date":"2026-03-02T00:00:00.000Z","strikedate":"2026-03-02T00:00:00.000Z","event_type":"unknown","actor":"Iran","site_type":"civilian","siteStype":"energy : oil","city":"","province":"","country":"Kuwait","latitude":29.058504,"longitude":48.114236,"coord_type":"NA","source_1":"https://sana.sy/en/international/2299732/","source_2":"","sources":""}},{"type":"Feature","geometry":{"type":"Point","coordinates":[51.316454,25.11721]},"properties":{"event_id":100159,"data_org":"Green","post_date":"2026-03-02T00:00:00.000Z","pub_date":"2026-03-03T00:00:00.000Z","strikedate":"2026-03-02T00:00:00.000Z","event_type":"Missile Attack","actor":"Iran","site_type":"military : US base","siteStype":"military : unknown","city":"","province":"","country":"Qatar","latitude":25.11721,"longitude":51.316454,"coord_type":"general town","source_1":"https://x.com/ariel_oseran/status/2028618144202256390","source_2":"","sources":"DNGTS: https://www.timesofisrael.com/liveblog_entry/qatar-says-it-intercepted-two-ballistic-missiles/; https://t.me/defapress_ir/49975"}},{"type":"Feature","geometry":{"type":"Point","coordinates":[46.621385,24.68156999999999]},"properties":{"event_id":100162,"data_org":"Green","post_date":"2026-03-02T00:00:00.000Z","pub_date":"2026-03-03T00:00:00.000Z","strikedate":"2026-03-02T00:00:00.000Z","event_type":"Drone Attack","actor":"Iran","site_type":"political","siteStype":"political : administrative","city":"","province":"","country":"Saudi Arabia","latitude":24.68157,"longitude":46.621385,"coord_type":"exact","source_1":"https://x.com/ariel_oseran/status/2028629802354102425","source_2":"https://www.axios.com/2026/03/03/iran-us-embassy-riyadh-saudi-arabia-drones","sources":"https://x.com/USAinKSA/status/2028628404103221745?s=20; https://x.com/no_itsmyturn/status/2028635225949933853?s=20 ; DNGTS https://www.timesofisrael.com/liveblog_entry/loud-explosions-heard-clouds-of-smoke-seen-in-riyadhs-diplomatic-quarter-witnesses/; h"}},{"type":"Feature","geometry":{"type":"Point","coordinates":[47.323331,24.156240000000004]},"properties":{"event_id":100166,"data_org":"Green","post_date":"2026-03-02T00:00:00.000Z","pub_date":"2026-03-03T00:00:00.000Z","strikedate":"2026-03-02T00:00:00.000Z","event_type":"Drone Attack","actor":"Iran","site_type":"NA","siteStype":"NA","city":"","province":"","country":"Saudi Arabia","latitude":24.15624,"longitude":47.323331,"coord_type":"general town","source_1":"","source_2":"DGNTS: https://www.timesofisrael.com/liveblog_entry/saudi-defense-ministry-says-8-drones-intercepted-near-riyadh-al-kharj/","sources":""}},{"type":"Feature","geometry":{"type":"Point","coordinates":[47.323331,24.156240000000004]},"properties":{"event_id":100167,"data_org":"Green","post_date":"2026-03-02T00:00:00.000Z","pub_date":"2026-03-03T00:00:00.000Z","strikedate":"2026-03-02T00:00:00.000Z","event_type":"Drone Attack","actor":"Iran","site_type":"unknown","siteStype":"NA","city":"","province":"","country":"Saudi Arabia","latitude":24.15624,"longitude":47.323331,"coord_type":"general town","source_1":"","source_2":"DGNTS: https://www.timesofisrael.com/liveblog_entry/saudi-defense-ministry-says-8-drones-intercepted-near-riyadh-al-kharj/","sources":""}},{"type":"Feature","geometry":{"type":"Point","coordinates":[53.995411,16.941709999999997]},"properties":{"event_id":100176,"data_org":"Green","post_date":"2026-03-03T00:00:00.000Z","pub_date":"2026-03-03T00:00:00.000Z","strikedate":"2026-03-03T00:00:00.000Z","event_type":"Drone Attack","actor":"Iran","site_type":"civilian","siteStype":"civilian : port","city":"","province":"","country":"Oman","latitude":16.94171,"longitude":53.995411,"coord_type":"exact","source_1":"https://x.com/ariel_oseran/status/2028781603527291213","source_2":"https://x.com/Osint613/status/2028780832236704160","sources":""}},{"type":"Feature","geometry":{"type":"Point","coordinates":[56.354530999999994,25.191899999999993]},"properties":{"event_id":100178,"data_org":"Green","post_date":"2026-03-03T00:00:00.000Z","pub_date":"2026-03-03T00:00:00.000Z","strikedate":"2026-03-03T00:00:00.000Z","event_type":"Drone Attack","actor":"Iran","site_type":"energy","siteStype":"energy : oil","city":"","province":"","country":"UAE","latitude":25.1919,"longitude":56.354531,"coord_type":"exact","source_1":"https://x.com/ariel_oseran/status/2028796661053407574","source_2":"https://x.com/andynovy/status/2028774148403859965","sources":"https://x.com/sentdefender/status/2028821227616210994?s=20; https://x.com/andynovy/status/2028774148403859965?s=20 ; https://x.com/Osint613/status/2028788760171700279; https://x.com/Osint613/status/2028783812679795029; https://www.bbc.com/news/articles/c"}},{"type":"Feature","geometry":{"type":"Point","coordinates":[34.88797100000001,32.083369999999995]},"properties":{"event_id":100181,"data_org":"Green","post_date":"2026-03-03T00:00:00.000Z","pub_date":"2026-03-03T00:00:00.000Z","strikedate":"2026-03-03T00:00:00.000Z","event_type":"Missile Attack","actor":"Iran","site_type":"civilian","siteStype":"civilian : unknown","city":"","province":"","country":"Israel","latitude":32.08337,"longitude":34.887971,"coord_type":"general town","source_1":"https://x.com/manniefabian/status/2028823696899461546","source_2":"https://x.com/manniefabian/status/2028820758151999590","sources":"https://x.com/GLZRadio/status/2028765028208271435; https://www.timesofisrael.com/liveblog_entry/police-say-iran-shot-cluster-bomb-in-recent-impact-in-central-israel/; https://t.me/QudsN/668682"}},{"type":"Feature","geometry":{"type":"Point","coordinates":[34.840342,32.11341000000001]},"properties":{"event_id":100182,"data_org":"Green","post_date":"2026-03-03T00:00:00.000Z","pub_date":"2026-03-03T00:00:00.000Z","strikedate":"2026-03-03T00:00:00.000Z","event_type":"Missile Attack","actor":"Iran","site_type":"civilian","siteStype":"civilian : unknown","city":"","province":"","country":"Israel","latitude":32.11341,"longitude":34.840342,"coord_type":"general town","source_1":"https://x.com/manniefabian/status/2028823696899461546","source_2":"https://x.com/GLZRadio/status/2028824779541602347","sources":"https://www.timesofisrael.com/liveblog_entry/police-say-iran-shot-cluster-bomb-in-recent-impact-in-central-israel/"}},{"type":"Feature","geometry":{"type":"Point","coordinates":[55.309214,25.258479999999988]},"properties":{"event_id":100188,"data_org":"Green","post_date":"2026-03-03T00:00:00.000Z","pub_date":"2026-03-03T00:00:00.000Z","strikedate":"2026-03-03T00:00:00.000Z","event_type":"Drone Attack","actor":"Iran","site_type":"political","siteStype":"political : administrative","city":"","province":"","country":"UAE","latitude":25.25848,"longitude":55.309214,"coord_type":"general neighborhood","source_1":"https://x.com/ariel_oseran/status/2028915986502471767","source_2":"https://x.com/sentdefender/status/2028920494246772864","sources":"https://x.com/sentdefender/status/2028918021595505124; https://x.com/FaytuksNetwork/status/2028915474130423987; https://x.com/andynovy/status/2028915951689732576; https://www.mako.co.il/news-military/2026_q1/liveblog-8efa87c58d0bc91027.htm?utm_source=cop"}},{"type":"Feature","geometry":{"type":"Point","coordinates":[46.620683,24.681219999999993]},"properties":{"event_id":100193,"data_org":"Green","post_date":"2026-03-03T00:00:00.000Z","pub_date":"2026-03-03T00:00:00.000Z","strikedate":"2026-03-02T00:00:00.000Z","event_type":"Drone Attack","actor":"Iran","site_type":"political","siteStype":"political : administrative","city":"","province":"","country":"Saudi Arabia","latitude":24.68122,"longitude":46.620683,"coord_type":"exact","source_1":"https://www.washingtonpost.com/national-security/2026/03/03/cia-saudi-arabia-drone-attack-iran/","source_2":"https://x.com/John_Hudson/status/2028938870314717590","sources":""}},{"type":"Feature","geometry":{"type":"Point","coordinates":[51.31643300000001,25.117249999999995]},"properties":{"event_id":100195,"data_org":"Green","post_date":"2026-03-03T00:00:00.000Z","pub_date":"2026-03-04T00:00:00.000Z","strikedate":"2026-03-03T00:00:00.000Z","event_type":"Missile Attack","actor":"Iran","site_type":"military : US base","siteStype":"military : airbase","city":"","province":"","country":"Qatar","latitude":25.11725,"longitude":51.316433,"coord_type":"exact","source_1":"https://x.com/MOD_Qatar/status/2028945288782635139","source_2":"","sources":""}},{"type":"Feature","geometry":{"type":"Point","coordinates":[50.595378,26.229439999999997]},"properties":{"event_id":100199,"data_org":"Green","post_date":"2026-03-03T00:00:00.000Z","pub_date":"2026-03-04T00:00:00.000Z","strikedate":"2026-03-03T00:00:00.000Z","event_type":"Drone Attack","actor":"Iran","site_type":"civilian","siteStype":"civilian : building","city":"","province":"","country":"Bahrain","latitude":26.22944,"longitude":50.595378,"coord_type":"POV","source_1":"https://x.com/BoxOfChocol8s/status/2028956566939156524","source_2":"","sources":""}},{"type":"Feature","geometry":{"type":"Point","coordinates":[51.254598,25.70682]},"properties":{"event_id":100200,"data_org":"Green","post_date":"2026-03-03T00:00:00.000Z","pub_date":"2026-03-04T00:00:00.000Z","strikedate":"2026-03-02T00:00:00.000Z","event_type":"unknown","actor":"Iran","site_type":"military : other","siteStype":"military : radar","city":"","province":"","country":"Qatar","latitude":25.70682,"longitude":51.254598,"coord_type":"exact","source_1":"https://x.com/sam_lair/status/2028961678776488111","source_2":"","sources":""}},{"type":"Feature","geometry":{"type":"Point","coordinates":[56.347728,25.185239999999993]},"properties":{"event_id":100213,"data_org":"Green","post_date":"2026-03-04T00:00:00.000Z","pub_date":"2026-03-04T00:00:00.000Z","strikedate":"2026-03-04T00:00:00.000Z","event_type":"unknown","actor":"Iran","site_type":"energy","siteStype":"energy : oil","city":"","province":"","country":"UAE","latitude":25.18524,"longitude":56.347728,"coord_type":"exact","source_1":"https://x.com/EndlessWint_r/status/2029146906778071278","source_2":"","sources":""}},{"type":"Feature","geometry":{"type":"Point","coordinates":[41.217898,37.001009999999994]},"properties":{"event_id":100217,"data_org":"Green","post_date":"2026-03-04T00:00:00.000Z","pub_date":"2026-03-04T00:00:00.000Z","strikedate":"2026-03-04T00:00:00.000Z","event_type":"Missile Attack","actor":"Iran","site_type":"civilian","siteStype":"civilian : transit","city":"","province":"","country":"Syria","latitude":37.00101,"longitude":41.217898,"coord_type":"exact","source_1":"https://x.com/andynovy/status/2029159978851024965?s=20","source_2":"https://x.com/IranIntl_En/status/2029148178243625247?s=20","sources":"https://x.com/MHJournalist/status/2029143365556597031?s=20; https://x.com/FaytuksNetwork/status/2029148880185553240"}},{"type":"Feature","geometry":{"type":"Point","coordinates":[35.182246,32.66584]},"properties":{"event_id":100237,"data_org":"Green","post_date":"2026-03-05T00:00:00.000Z","pub_date":"2026-03-05T00:00:00.000Z","strikedate":"2026-03-05T00:00:00.000Z","event_type":"Drone Attack","actor":"Iran","site_type":"military : Allied Base","siteStype":"military : airbase","city":"","province":"","country":"Israel","latitude":32.66584,"longitude":35.182246,"coord_type":"exact","source_1":"https://t.me/defapress_ir/50248","source_2":"","sources":""}},{"type":"Feature","geometry":{"type":"Point","coordinates":[45.446809,39.190929999999994]},"properties":{"event_id":100240,"data_org":"Green","post_date":"2026-03-05T00:00:00.000Z","pub_date":"2026-03-05T00:00:00.000Z","strikedate":"2026-03-05T00:00:00.000Z","event_type":"Drone Attack","actor":"Iran","site_type":"civilian","siteStype":"civilian : transit","city":"","province":"","country":"Azerbaijan","latitude":39.19093,"longitude":45.446809,"coord_type":"exact","source_1":"https://x.com/ariel_oseran/status/2029481578577989966","source_2":"https://x.com/ariel_oseran/status/2029484382545698926","sources":"https://x.com/zarGEOINT/status/2029472891247415512?s=20; https://x.com/zarGEOINT/status/2029481770190541084?s=20; https://t.me/el_alioglu/175395; https://x.com/shahpas/status/2029482701300859187?s=20 ; https://x.com/MarioLeb79/status/2029477122201342305?"}},{"type":"Feature","geometry":{"type":"Point","coordinates":[45.440686,39.193130000000004]},"properties":{"event_id":100241,"data_org":"Green","post_date":"2026-03-05T00:00:00.000Z","pub_date":"2026-03-05T00:00:00.000Z","strikedate":"2026-03-05T00:00:00.000Z","event_type":"Drone Attack","actor":"Iran","site_type":"civilian","siteStype":"civilian : building","city":"","province":"","country":"Azerbaijan","latitude":39.19313,"longitude":45.440686,"coord_type":"POV","source_1":"https://x.com/BashaReport/status/2029552745145921784","source_2":"","sources":""}},{"type":"Feature","geometry":{"type":"Point","coordinates":[51.446068,25.285380000000007]},"properties":{"event_id":100242,"data_org":"Green","post_date":"2026-03-05T00:00:00.000Z","pub_date":"2026-03-05T00:00:00.000Z","strikedate":"2026-03-05T00:00:00.000Z","event_type":"unknown","actor":"Iran","site_type":"unknown","siteStype":"NA","city":"","province":"","country":"Qatar","latitude":25.28538,"longitude":51.446068,"coord_type":"POV","source_1":"https://x.com/vcdgf555/status/2029493320377106440","source_2":"https://x.com/RoaaWarStudies/status/2029488757510898136","sources":"https://x.com/ariel_oseran/status/2029490110060794027; https://x.com/ariel_oseran/status/2029491955198013679; DNGTS: https://www.timesofisrael.com/liveblog_entry/column-of-black-smoke-seen-on-doha-horizon-following-explosions/"}},{"type":"Feature","geometry":{"type":"Point","coordinates":[47.202947,29.73872000000001]},"properties":{"event_id":100248,"data_org":"Green","post_date":"2026-03-05T00:00:00.000Z","pub_date":"2026-03-05T00:00:00.000Z","strikedate":"2026-03-05T00:00:00.000Z","event_type":"Drone Attack","actor":"Iran","site_type":"military : US base","siteStype":"military : base","city":"","province":"","country":"Kuwait","latitude":29.73872,"longitude":47.202947,"coord_type":"exact","source_1":"https://x.com/IranNuances/status/2029533767455449344?s=20","source_2":"https://t.me/defapress_ir/50299","sources":"https://t.me/Tasnimnews/392888; DNGTS: https://www.timesofisrael.com/liveblog_entry/iran-military-says-its-combat-drones-attacked-us-site-in-kuwait/"}},{"type":"Feature","geometry":{"type":"Point","coordinates":[34.871307,32.000589999999995]},"properties":{"event_id":100249,"data_org":"Green","post_date":"2026-03-05T00:00:00.000Z","pub_date":"2026-03-05T00:00:00.000Z","strikedate":"2026-03-05T00:00:00.000Z","event_type":"Missile Attack","actor":"Iran","site_type":"civilian","siteStype":"civilian : transit","city":"","province":"","country":"Israel","latitude":32.00059,"longitude":34.871307,"coord_type":"","source_1":"https://x.com/IranNuances/status/2029537511983218959?s=20","source_2":"https://x.com/manniefabian/status/2029516983696330981?s=20","sources":""}},{"type":"Feature","geometry":{"type":"Point","coordinates":[50.609439,26.20723]},"properties":{"event_id":100256,"data_org":"Green","post_date":"2026-03-05T00:00:00.000Z","pub_date":"2026-03-05T00:00:00.000Z","strikedate":"2026-03-05T00:00:00.000Z","event_type":"unknown","actor":"Iran","site_type":"military : US base","siteStype":"military : naval base","city":"","province":"","country":"Bahrain","latitude":26.20723,"longitude":50.609439,"coord_type":"exact","source_1":"https://x.com/sentdefender/status/2029577551484518736?s=20","source_2":"https://t.me/farsna/415561","sources":"https://t.me/farsna/415563"}},{"type":"Feature","geometry":{"type":"Point","coordinates":[50.613406000000005,26.134710000000002]},"properties":{"event_id":100258,"data_org":"Green","post_date":"2026-03-05T00:00:00.000Z","pub_date":"2026-03-05T00:00:00.000Z","strikedate":"2026-03-05T00:00:00.000Z","event_type":"Missile Attack","actor":"Iran","site_type":"energy","siteStype":"energy : oil","city":"","province":"","country":"Bahrain","latitude":26.13471,"longitude":50.613406,"coord_type":"general town","source_1":"https://t.me/MTVLebanoNews/54966","source_2":"https://x.com/Faytuks/status/2029582660415131998","sources":"https://x.com/GLZRadio/status/2029586341403447755?s=20; https://www.timesofisrael.com/liveblog_entry/bahrain-says-fire-at-bapco-energies-refinery-after-iranian-missile-strike-contained-operations-continue/; https://x.com/no_itsmyturn/status/2029591140505"}},{"type":"Feature","geometry":{"type":"Point","coordinates":[54.643311,24.448549999999997]},"properties":{"event_id":100259,"data_org":"Green","post_date":"2026-03-05T00:00:00.000Z","pub_date":"2026-03-05T00:00:00.000Z","strikedate":"2026-03-05T00:00:00.000Z","event_type":"unknown","actor":"UNK","site_type":"civilian","siteStype":"civilian : transit","city":"","province":"","country":"UAE","latitude":24.44855,"longitude":54.643311,"coord_type":"","source_1":"https://t.me/farsna/415566","source_2":"","sources":""}},{"type":"Feature","geometry":{"type":"Point","coordinates":[42.930741,36.896359999999994]},"properties":{"event_id":100263,"data_org":"Green","post_date":"2026-03-05T00:00:00.000Z","pub_date":"2026-03-05T00:00:00.000Z","strikedate":"2026-03-05T00:00:00.000Z","event_type":"Drone Attack","actor":"UNK","site_type":"energy","siteStype":"energy : oil","city":"","province":"","country":"Iraq","latitude":36.89636,"longitude":42.930741,"coord_type":"","source_1":"https://x.com/ariel_oseran/status/2029655728508506121?s=20","source_2":"https://shafaq.com/en/Kurdistan/Drone-attack-targets-oil-fields-in-Kurdistan-s-Duhok","sources":""}},{"type":"Feature","geometry":{"type":"Point","coordinates":[42.930741,36.896359999999994]},"properties":{"event_id":100264,"data_org":"Green","post_date":"2026-03-05T00:00:00.000Z","pub_date":"2026-03-05T00:00:00.000Z","strikedate":"2026-03-05T00:00:00.000Z","event_type":"Drone Attack","actor":"UNK","site_type":"political","siteStype":"political : administrative","city":"","province":"","country":"Iraq","latitude":36.89636,"longitude":42.930741,"coord_type":"","source_1":"https://x.com/ariel_oseran/status/2029655728508506121?s=20","source_2":"https://www.iranintl.com/en/202603054596","sources":""}},{"type":"Feature","geometry":{"type":"Point","coordinates":[34.777329,32.0786]},"properties":{"event_id":100266,"data_org":"Green","post_date":"2026-03-05T00:00:00.000Z","pub_date":"2026-03-05T00:00:00.000Z","strikedate":"2026-03-05T00:00:00.000Z","event_type":"unknown","actor":"UNK","site_type":"unknown","siteStype":"NA","city":"","province":"","country":"Israel","latitude":32.0786,"longitude":34.777329,"coord_type":"general town","source_1":"https://x.com/MarioLeb79/status/2029667191495233589","source_2":"https://t.me/QudsN/670373","sources":""}},{"type":"Feature","geometry":{"type":"Point","coordinates":[47.57853,29.321949999999998]},"properties":{"event_id":100269,"data_org":"Green","post_date":"2026-03-05T00:00:00.000Z","pub_date":"2026-03-06T00:00:00.000Z","strikedate":"2026-03-05T00:00:00.000Z","event_type":"unknown","actor":"Iran","site_type":"military : US base","siteStype":"military : airbase","city":"","province":"","country":"Kuwait","latitude":29.32195,"longitude":47.57853,"coord_type":"POV","source_1":"https://x.com/sentdefender/status/2029699065261228457?s=20","source_2":"https://x.com/TheIntelFrog/status/2029696729658925195?s=20","sources":"https://x.com/Faytuks/status/2029693846372655523?s=20; https://x.com/vcdgf555/status/2029760643730133301; https://x.com/andynovy/status/2029693094547857877?s=20; https://x.com/andynovy/status/2029693231416455407?s=20; https://x.com/GeoConfirmed/status/20"}},{"type":"Feature","geometry":{"type":"Point","coordinates":[36.81438,31.832320000000006]},"properties":{"event_id":100272,"data_org":"Green","post_date":"2026-03-05T00:00:00.000Z","pub_date":"2026-03-06T00:00:00.000Z","strikedate":"2026-03-05T00:00:00.000Z","event_type":"unknown","actor":"Iran","site_type":"military : US base","siteStype":"military : airbase","city":"","province":"","country":"Jordan","latitude":31.83232,"longitude":36.81438,"coord_type":"general neighborhood","source_1":"https://x.com/sentdefender/status/2029708322971291946?s=20","source_2":"","sources":""}},{"type":"Feature","geometry":{"type":"Point","coordinates":[47.561482999999996,24.06182999999999]},"properties":{"event_id":100297,"data_org":"Green","post_date":"2026-03-06T00:00:00.000Z","pub_date":"2026-03-06T00:00:00.000Z","strikedate":"2026-03-06T00:00:00.000Z","event_type":"Missile Attack","actor":"Iran","site_type":"military : US base","siteStype":"military : airbase","city":"","province":"","country":"Saudi Arabia","latitude":24.06183,"longitude":47.561483,"coord_type":"general neighborhood","source_1":"https://x.com/sentdefender/status/2029966655363895565?sort_replies=likes","source_2":"https://x.com/Tammuz_Intel/status/2029984092641804551","sources":""}},{"type":"Feature","geometry":{"type":"Point","coordinates":[54.009969000000005,22.52642999999999]},"properties":{"event_id":100303,"data_org":"Green","post_date":"2026-03-06T00:00:00.000Z","pub_date":"2026-03-07T00:00:00.000Z","strikedate":"2026-03-06T00:00:00.000Z","event_type":"Drone Attack","actor":"Iran","site_type":"energy","siteStype":"energy : oil","city":"","province":"","country":"Saudi Arabia","latitude":22.52643,"longitude":54.009969,"coord_type":"","source_1":"https://x.com/modgovksa/status/2030072303208353806","source_2":"","sources":""}},{"type":"Feature","geometry":{"type":"Point","coordinates":[47.561482999999996,24.06182999999999]},"properties":{"event_id":100304,"data_org":"Green","post_date":"2026-03-06T00:00:00.000Z","pub_date":"2026-03-07T00:00:00.000Z","strikedate":"2026-03-06T00:00:00.000Z","event_type":"Missile Attack","actor":"Iran","site_type":"military : US base","siteStype":"military : airbase","city":"","province":"","country":"Saudi Arabia","latitude":24.06183,"longitude":47.561483,"coord_type":"","source_1":"https://x.com/modgovksa/status/2030073032035705125","source_2":"","sources":""}},{"type":"Feature","geometry":{"type":"Point","coordinates":[55.37706,25.233300000000003]},"properties":{"event_id":100310,"data_org":"Green","post_date":"2026-03-06T00:00:00.000Z","pub_date":"2026-03-07T00:00:00.000Z","strikedate":"2026-03-06T00:00:00.000Z","event_type":"Drone Attack","actor":"Iran","site_type":"civilian","siteStype":"civilian : transit","city":"","province":"","country":"UAE","latitude":25.2333,"longitude":55.37706,"coord_type":"POV","source_1":"https://x.com/sentdefender/status/2030118361430999395?s=20","source_2":"https://x.com/Osinttechnical/status/2030185941906665482","sources":"https://x.com/99Dominik_/status/2030182832203497773?s=20; https://x.com/evanhill/status/2030200717428842925?s=20"}},{"type":"Feature","geometry":{"type":"Point","coordinates":[54.548258,24.241559999999993]},"properties":{"event_id":100318,"data_org":"Green","post_date":"2026-03-07T00:00:00.000Z","pub_date":"2026-03-07T00:00:00.000Z","strikedate":"2026-03-07T00:00:00.000Z","event_type":"Drone Attack","actor":"Iran","site_type":"military : US base","siteStype":"military : airbase","city":"","province":"","country":"UAE","latitude":24.24156,"longitude":54.548258,"coord_type":"exact","source_1":"https://t.me/defapress_ir/50563","source_2":"https://t.me/Tasnimnews/393700","sources":""}},{"type":"Feature","geometry":{"type":"Point","coordinates":[56.355397999999994,25.180240000000005]},"properties":{"event_id":100319,"data_org":"Green","post_date":"2026-03-06T00:00:00.000Z","pub_date":"2026-03-07T00:00:00.000Z","strikedate":"2026-03-06T00:00:00.000Z","event_type":"unknown","actor":"Iran","site_type":"energy","siteStype":"energy : oil","city":"","province":"","country":"UAE","latitude":25.18024,"longitude":56.355398,"coord_type":"","source_1":"https://t.me/BenTzionM/7025","source_2":"","sources":""}},{"type":"Feature","geometry":{"type":"Point","coordinates":[55.15073,25.089749999999995]},"properties":{"event_id":100333,"data_org":"Green","post_date":"2026-03-07T00:00:00.000Z","pub_date":"2026-03-07T00:00:00.000Z","strikedate":"2026-03-07T00:00:00.000Z","event_type":"unknown","actor":"Iran","site_type":"civilian","siteStype":"civilian : building","city":"","province":"","country":"UAE","latitude":25.08975,"longitude":55.15073,"coord_type":"exact","source_1":"https://x.com/MarioLeb79/status/2030335491938087309","source_2":"https://x.com/ariel_oseran/status/2030341701017956616","sources":""}},{"type":"Feature","geometry":{"type":"Point","coordinates":[50.615543,26.200690000000005]},"properties":{"event_id":100342,"data_org":"Green","post_date":"2026-03-07T00:00:00.000Z","pub_date":"2026-03-08T00:00:00.000Z","strikedate":"2026-03-07T00:00:00.000Z","event_type":"Drone Attack","actor":"Iran","site_type":"civilian","siteStype":"civilian : port","city":"","province":"","country":"Bahrain","latitude":26.20069,"longitude":50.615543,"coord_type":"exact","source_1":"https://x.com/Osint613/status/2030423815289762124?s=20","source_2":"https://x.com/ariel_oseran/status/2030419548357157349?s=20","sources":"https://x.com/ariel_oseran/status/2030419548357157349"}},{"type":"Feature","geometry":{"type":"Point","coordinates":[47.970992,29.240650000000013]},"properties":{"event_id":100343,"data_org":"Green","post_date":"2026-03-07T00:00:00.000Z","pub_date":"2026-03-08T00:00:00.000Z","strikedate":"2026-03-07T00:00:00.000Z","event_type":"Drone Attack","actor":"Iran","site_type":"civilian","siteStype":"civilian : transit","city":"","province":"","country":"Kuwait","latitude":29.24065,"longitude":47.970992,"coord_type":"exact","source_1":"https://x.com/Osint613/status/2030429034035945870?s=20","source_2":"https://x.com/Osint613/status/2030435699762016524?s=20","sources":"https://x.com/ariel_oseran/status/2030441503860945260; https://x.com/ariel_oseran/status/2030426529952415873"}},{"type":"Feature","geometry":{"type":"Point","coordinates":[35.024311,32.31992999999999]},"properties":{"event_id":100350,"data_org":"Green","post_date":"2026-03-07T00:00:00.000Z","pub_date":"2026-03-08T00:00:00.000Z","strikedate":"2026-03-07T00:00:00.000Z","event_type":"Air Defense Activity","actor":"Iran","site_type":"unknown","siteStype":"NA","city":"","province":"","country":"Israel","latitude":32.31993,"longitude":35.024311,"coord_type":"general town","source_1":"https://x.com/ariel_oseran/status/2030453437893083510","source_2":"","sources":""}},{"type":"Feature","geometry":{"type":"Point","coordinates":[50.59668,26.229419999999994]},"properties":{"event_id":100351,"data_org":"Green","post_date":"2026-03-07T00:00:00.000Z","pub_date":"2026-03-08T00:00:00.000Z","strikedate":"2026-02-28T00:00:00.000Z","event_type":"Drone Attack","actor":"Iran","site_type":"civilian","siteStype":"civilian : building","city":"","province":"","country":"Bahrain","latitude":26.22942,"longitude":50.59668,"coord_type":"POV","source_1":"https://x.com/GeoConfirmed/status/2030454716447039888?s=20","source_2":"https://x.com/zoo_bear/status/2030447911390281902?s=20","sources":""}},{"type":"Feature","geometry":{"type":"Point","coordinates":[47.983409,29.362989999999996]},"properties":{"event_id":100352,"data_org":"Green","post_date":"2026-03-07T00:00:00.000Z","pub_date":"2026-03-08T00:00:00.000Z","strikedate":"2026-03-07T00:00:00.000Z","event_type":"Drone Attack","actor":"Iran","site_type":"political","siteStype":"political : administrative","city":"","province":"","country":"Kuwait","latitude":29.36299,"longitude":47.983409,"coord_type":"exact","source_1":"https://x.com/ariel_oseran/status/2030464520582283303","source_2":"https://x.com/no_itsmyturn/status/2030458390154019088","sources":"https://x.com/Osinttechnical/status/2030461535475106013"}},{"type":"Feature","geometry":{"type":"Point","coordinates":[47.32244,24.156729999999996]},"properties":{"event_id":100367,"data_org":"Green","post_date":"2026-03-08T00:00:00.000Z","pub_date":"2026-03-08T00:00:00.000Z","strikedate":"2026-03-08T00:00:00.000Z","event_type":"unknown","actor":"Iran","site_type":"civilian","siteStype":"civilian : unknown","city":"","province":"","country":"Saudi Arabia","latitude":24.15673,"longitude":47.32244,"coord_type":"general town","source_1":"https://x.com/IranIntl/status/2030681873316192583","source_2":"https://x.com/ariel_oseran/status/2030679673735139743?s=20","sources":"https://x.com/IranIntl_En/status/2030881262630478162?s=20"}},{"type":"Feature","geometry":{"type":"Point","coordinates":[34.839713,32.09445999999999]},"properties":{"event_id":100370,"data_org":"Green","post_date":"2026-03-08T00:00:00.000Z","pub_date":"2026-03-09T00:00:00.000Z","strikedate":"2026-03-08T00:00:00.000Z","event_type":"Missile Attack","actor":"Iran","site_type":"civilian","siteStype":"civilian : unknown","city":"","province":"","country":"Israel","latitude":32.09446,"longitude":34.839713,"coord_type":"exact","source_1":"https://x.com/Stinky915846091/status/2030686283014549997?s=20","source_2":"https://x.com/Stinky915846091/status/2030686287661801668?s=20","sources":""}},{"type":"Feature","geometry":{"type":"Point","coordinates":[34.773004,32.0898]},"properties":{"event_id":100371,"data_org":"Green","post_date":"2026-03-08T00:00:00.000Z","pub_date":"2026-03-09T00:00:00.000Z","strikedate":"2026-03-08T00:00:00.000Z","event_type":"Missile Attack","actor":"Iran","site_type":"civilian","siteStype":"civilian : building","city":"","province":"","country":"Israel","latitude":32.0898,"longitude":34.773004,"coord_type":"exact","source_1":"https://x.com/Stinky915846091/status/2030710428276314416?s=20","source_2":"https://x.com/manniefabian/status/2030622824272986450?s=20","sources":""}},{"type":"Feature","geometry":{"type":"Point","coordinates":[50.602439000000004,26.10293]},"properties":{"event_id":100381,"data_org":"Green","post_date":"2026-03-09T00:00:00.000Z","pub_date":"2026-03-09T00:00:00.000Z","strikedate":"2026-03-09T00:00:00.000Z","event_type":"Drone Attack","actor":"Iran","site_type":"energy","siteStype":"energy : oil","city":"","province":"","country":"Bahrain","latitude":26.10293,"longitude":50.602439,"coord_type":"POV","source_1":"https://x.com/vcdgf555/status/2030864931214831781","source_2":"https://x.com/Summitsoldier/status/2030862362472038789","sources":"https://x.com/ariel_oseran/status/2030940603861577955; https://x.com/ariel_oseran/status/2030767410345546059; https://x.com/sentdefender/status/2030864458797502633?s=20; https://x.com/sentdefender/status/2030867421410590860?s=20; https://x.com/vcdgf555/s"}},{"type":"Feature","geometry":{"type":"Point","coordinates":[34.861075,32.02874]},"properties":{"event_id":100383,"data_org":"Green","post_date":"2026-03-09T00:00:00.000Z","pub_date":"2026-03-09T00:00:00.000Z","strikedate":"2026-03-09T00:00:00.000Z","event_type":"unknown","actor":"Iran","site_type":"civilian","siteStype":"civilian : building","city":"","province":"","country":"Israel","latitude":32.02874,"longitude":34.861075,"coord_type":"general neighborhood","source_1":"https://x.com/AmitSegal/status/2030963292122824844?s=20","source_2":"","sources":""}},{"type":"Feature","geometry":{"type":"Point","coordinates":[50.53677,26.23901999999999]},"properties":{"event_id":100395,"data_org":"Green","post_date":"2026-03-09T00:00:00.000Z","pub_date":"2026-03-10T00:00:00.000Z","strikedate":"2026-03-09T00:00:00.000Z","event_type":"Drone Attack","actor":"Iran","site_type":"civilian","siteStype":"civilian : building","city":"","province":"","country":"Bahrain","latitude":26.23902,"longitude":50.53677,"coord_type":"exact","source_1":"https://x.com/zarGEOINT/status/2031138823887847761?s=20","source_2":"https://x.com/zarGEOINT/status/2031138823887847761?s=20","sources":"https://t.me/SabrenNewss/187643; https://t.me/SabrenNewss/187646; https://x.com/ariel_oseran/status/2031152683428483178"}},{"type":"Feature","geometry":{"type":"Point","coordinates":[52.682539000000006,24.1124]},"properties":{"event_id":100399,"data_org":"Green","post_date":"2026-03-10T00:00:00.000Z","pub_date":"2026-03-10T00:00:00.000Z","strikedate":"2026-03-10T00:00:00.000Z","event_type":"Drone Attack","actor":"Iran","site_type":"energy","siteStype":"energy : oil","city":"","province":"","country":"UAE","latitude":24.1124,"longitude":52.682539,"coord_type":"general neighborhood","source_1":"https://x.com/ADMediaOffice/status/2031332643586163042","source_2":"","sources":";  ;  ;  ;  ;  ;  ;  ;  ;  ;  ;  ;"}},{"type":"Feature","geometry":{"type":"Point","coordinates":[34.59120000000001,31.444399999999998]},"properties":{"event_id":100409,"data_org":"Green","post_date":"2026-03-10T00:00:00.000Z","pub_date":"2026-03-10T00:00:00.000Z","strikedate":"2026-03-10T00:00:00.000Z","event_type":"Missile Attack","actor":"Iran","site_type":"unknown","siteStype":"NA","city":"","province":"","country":"Israel","latitude":31.4444,"longitude":34.5912,"coord_type":"general town","source_1":"https://x.com/manniefabian/status/2031390476620730763","source_2":"https://x.com/Osint613/status/2031392093692715021","sources":"https://x.com/manniefabian/status/2031393558733688930; https://x.com/nakash_noam/status/2031416286618485047"}},{"type":"Feature","geometry":{"type":"Point","coordinates":[45.96715100000001,28.39935399999999]},"properties":{"event_id":100418,"data_org":"Green","post_date":"2026-03-11T00:00:00.000Z","pub_date":"2026-03-11T00:00:00.000Z","strikedate":"2026-03-11T00:00:00.000Z","event_type":"Drone Attack","actor":"Iran","site_type":"unknown","siteStype":"NA","city":"","province":"","country":"Saudi Arabia","latitude":28.399354,"longitude":45.967151,"coord_type":"general town","source_1":"https://x.com/modgovksa/status/2031512551100461105","source_2":"https://x.com/IranIntl/status/2031593559070056770","sources":""}},{"type":"Feature","geometry":{"type":"Point","coordinates":[55.354631,25.242879999999996]},"properties":{"event_id":100428,"data_org":"Green","post_date":"2026-03-11T00:00:00.000Z","pub_date":"2026-03-11T00:00:00.000Z","strikedate":"2026-03-11T00:00:00.000Z","event_type":"Drone Attack","actor":"Iran","site_type":"civilian","siteStype":"civilian : transit","city":"","province":"","country":"UAE","latitude":25.24288,"longitude":55.354631,"coord_type":"general town","source_1":"https://x.com/no_itsmyturn/status/2031714578086731936?s=20","source_2":"https://x.com/IranIntl/status/2031638244790501593","sources":"https://x.com/no_itsmyturn/status/2031763143664291876"}},{"type":"Feature","geometry":{"type":"Point","coordinates":[54.002297,16.931609999999996]},"properties":{"event_id":100429,"data_org":"Green","post_date":"2026-03-11T00:00:00.000Z","pub_date":"2026-03-11T00:00:00.000Z","strikedate":"2026-03-11T00:00:00.000Z","event_type":"Drone Attack","actor":"Iran","site_type":"energy","siteStype":"energy : oil","city":"","province":"","country":"Oman","latitude":16.93161,"longitude":54.002297,"coord_type":"exact","source_1":"https://x.com/sentdefender/status/2031738287216263350","source_2":"https://x.com/ariel_oseran/status/2031738656499605552","sources":"https://t.me/Nournews_ir/337180; https://x.com/Osint613/status/2031739692220117217; https://x.com/Osint613/status/2031741638343565342; https://x.com/clashreport/status/2031813714324660551"}},{"type":"Feature","geometry":{"type":"Point","coordinates":[55.34397,25.209509999999995]},"properties":{"event_id":100437,"data_org":"Green","post_date":"2026-03-11T00:00:00.000Z","pub_date":"2026-03-12T00:00:00.000Z","strikedate":"2026-03-11T00:00:00.000Z","event_type":"Drone Attack","actor":"Iran","site_type":"civilian","siteStype":"civilian : building","city":"","province":"","country":"UAE","latitude":25.20951,"longitude":55.34397,"coord_type":"exact","source_1":"https://x.com/zarGEOINT/status/2031869962487214548","source_2":"https://t.me/wfwitness_ir/8520","sources":"https://x.com/zarGEOINT/status/2031872688826769738?s=20; https://x.com/ariel_oseran/status/2031881887543644467; https://x.com/WarMonitors/status/2031871931423617129?s=20"}},{"type":"Feature","geometry":{"type":"Point","coordinates":[47.971587,29.240759]},"properties":{"event_id":100453,"data_org":"Green","post_date":"2026-03-12T00:00:00.000Z","pub_date":"2026-03-12T00:00:00.000Z","strikedate":"2026-03-12T00:00:00.000Z","event_type":"Drone Attack","actor":"Iran","site_type":"civilian","siteStype":"civilian : transit","city":"","province":"","country":"Kuwait","latitude":29.240759,"longitude":47.971587,"coord_type":"exact","source_1":"https://x.com/kuna_en/status/2032014319882285545?s=20","source_2":"","sources":""}},{"type":"Feature","geometry":{"type":"Point","coordinates":[44.09614200000001,36.2755]},"properties":{"event_id":100458,"data_org":"Green","post_date":"2026-03-12T00:00:00.000Z","pub_date":"2026-03-12T00:00:00.000Z","strikedate":"2026-03-12T00:00:00.000Z","event_type":"Drone Attack","actor":"Iran","site_type":"political","siteStype":"political : administrative","city":"","province":"","country":"Iraq","latitude":36.2755,"longitude":44.096142,"coord_type":"POV","source_1":"https://x.com/Osint613/status/2032078733218078781","source_2":"","sources":""}},{"type":"Feature","geometry":{"type":"Point","coordinates":[35.2358,31.776099999999992]},"properties":{"event_id":100461,"data_org":"Green","post_date":"2026-03-12T00:00:00.000Z","pub_date":"2026-03-12T00:00:00.000Z","strikedate":"2026-03-12T00:00:00.000Z","event_type":"Missile Attack","actor":"Iran","site_type":"civilian","siteStype":"civilian : unknown","city":"","province":"","country":"Israel","latitude":31.7761,"longitude":35.2358,"coord_type":"general neighborhood","source_1":"https://x.com/Osint613/status/2032093859782541725","source_2":"","sources":""}},{"type":"Feature","geometry":{"type":"Point","coordinates":[55.275942,25.207089]},"properties":{"event_id":100478,"data_org":"Green","post_date":"2026-03-13T00:00:00.000Z","pub_date":"2026-03-13T00:00:00.000Z","strikedate":"2026-03-13T00:00:00.000Z","event_type":"unknown","actor":"Iran","site_type":"civilian","siteStype":"civilian : building","city":"","province":"","country":"UAE","latitude":25.207089,"longitude":55.275942,"coord_type":"","source_1":"https://x.com/EGYOSINT/status/2032312046977507443","source_2":"","sources":""}},{"type":"Feature","geometry":{"type":"Point","coordinates":[35.215161,32.726574]},"properties":{"event_id":100480,"data_org":"Green","post_date":"2026-03-13T00:00:00.000Z","pub_date":"2026-03-13T00:00:00.000Z","strikedate":"2026-03-13T00:00:00.000Z","event_type":"Missile Attack","actor":"Iran","site_type":"civilian","siteStype":"civilian : building","city":"","province":"","country":"Israel","latitude":32.726574,"longitude":35.215161,"coord_type":"general town","source_1":"DNGTS: https://www.timesofisrael dot com/woman-wounded-by-shrapnel-dozens-lightly-hurt-as-iranian-missile-hits-northern-town/","source_2":"https://x.com/ThetiMapping/status/2032259236059562470?s=20","sources":"https://x.com/manniefabian/status/2032296316173226388; https://x.com/manniefabian/status/2032298544678265039; https://x.com/Osint613/status/2032470182208131568"}},{"type":"Feature","geometry":{"type":"Point","coordinates":[56.715395,24.355339999999995]},"properties":{"event_id":100484,"data_org":"Green","post_date":"2026-03-13T00:00:00.000Z","pub_date":"2026-03-13T00:00:00.000Z","strikedate":"2026-03-13T00:00:00.000Z","event_type":"Drone Attack","actor":"Iran","site_type":"civilian","siteStype":"civilian : industrial","city":"","province":"","country":"Oman","latitude":24.35534,"longitude":56.715395,"coord_type":"general town","source_1":"https://x.com/no_itsmyturn/status/2032459887280550241","source_2":"","sources":""}},{"type":"Feature","geometry":{"type":"Point","coordinates":[34.80878,32.007439999999995]},"properties":{"event_id":100486,"data_org":"Green","post_date":"2026-03-13T00:00:00.000Z","pub_date":"2026-03-13T00:00:00.000Z","strikedate":"2026-03-13T00:00:00.000Z","event_type":"Missile Attack","actor":"Iran","site_type":"unknown","siteStype":"NA","city":"","province":"","country":"Israel","latitude":32.00744,"longitude":34.80878,"coord_type":"exact","source_1":"https://x.com/FaytuksNetwork/status/2032477952680583520","source_2":"https://x.com/BashaReport/status/2032518758942564601?s=20","sources":"https://x.com/Zeldamices/status/2032526788065140898?s=20"}},{"type":"Feature","geometry":{"type":"Point","coordinates":[34.948800000000006,31.995700000000003]},"properties":{"event_id":100488,"data_org":"Green","post_date":"2026-03-13T00:00:00.000Z","pub_date":"2026-03-13T00:00:00.000Z","strikedate":"2026-03-13T00:00:00.000Z","event_type":"Missile Attack","actor":"Iran","site_type":"civilian","siteStype":"civilian : building","city":"","province":"","country":"Israel","latitude":31.9957,"longitude":34.9488,"coord_type":"general town","source_1":"https://x.com/GLZRadio/status/2032521783245451450","source_2":"https://x.com/manniefabian/status/2032523479984030088","sources":"https://x.com/manniefabian/status/2032516579477643552; https://x.com/manniefabian/status/2032511650620997847"}},{"type":"Feature","geometry":{"type":"Point","coordinates":[56.362416,25.172183999999998]},"properties":{"event_id":100493,"data_org":"Green","post_date":"2026-03-14T00:00:00.000Z","pub_date":"2026-03-14T00:00:00.000Z","strikedate":"2026-03-14T00:00:00.000Z","event_type":"Drone Attack","actor":"Iran","site_type":"civilian","siteStype":"civilian : port","city":"","province":"","country":"UAE","latitude":25.172184,"longitude":56.362416,"coord_type":"general neighborhood","source_1":"https://x.com/ariel_oseran/status/2032745191757562270","source_2":"","sources":""}},{"type":"Feature","geometry":{"type":"Point","coordinates":[34.950998,29.556576999999994]},"properties":{"event_id":100497,"data_org":"Green","post_date":"2026-03-14T00:00:00.000Z","pub_date":"2026-03-14T00:00:00.000Z","strikedate":"2026-03-14T00:00:00.000Z","event_type":"Missile Attack","actor":"Iran","site_type":"unknown","siteStype":"NA","city":"","province":"","country":"Israel","latitude":29.556577,"longitude":34.950998,"coord_type":"general town","source_1":"https://x.com/FaytuksNetwork/status/2032816588286513602","source_2":"https://x.com/GLZRadio/status/2032858831449911626","sources":"DNGTS: https://www.timesofisrael dot com/iranian-missiles-wound-3-in-eilat-including-child-israel-hits-hundreds-of-iran-sites/"}},{"type":"Feature","geometry":{"type":"Point","coordinates":[34.8922,31.947311]},"properties":{"event_id":100499,"data_org":"Green","post_date":"2026-03-14T00:00:00.000Z","pub_date":"2026-03-14T00:00:00.000Z","strikedate":"2026-03-14T00:00:00.000Z","event_type":"Missile Attack","actor":"Iran","site_type":"unknown","siteStype":"NA","city":"","province":"","country":"Israel","latitude":31.947311,"longitude":34.8922,"coord_type":"exact","source_1":"https://x.com/manniefabian/status/2032833045401682143?s=20","source_2":"https://x.com/Stinky915846091/status/2032841845454102965?s=20","sources":""}},{"type":"Feature","geometry":{"type":"Point","coordinates":[47.96876600000001,29.226721]},"properties":{"event_id":100503,"data_org":"Green","post_date":"2026-03-14T00:00:00.000Z","pub_date":"2026-03-15T00:00:00.000Z","strikedate":"2026-03-14T00:00:00.000Z","event_type":"Drone Attack","actor":"Iran","site_type":"civilian","siteStype":"civilian : transit","city":"","province":"","country":"Kuwait","latitude":29.226721,"longitude":47.968766,"coord_type":"general town","source_1":"https://x.com/Kuwait_DGCA/status/2032893123232145475?s=20","source_2":"https://x.com/DropSiteNews/status/2032919416959070305?s=20","sources":"https://x.com/KuwaitArmyGHQ/status/2033206685842489649"}},{"type":"Feature","geometry":{"type":"Point","coordinates":[34.86675,31.92958699999998]},"properties":{"event_id":100516,"data_org":"Green","post_date":"2026-03-14T00:00:00.000Z","pub_date":"2026-03-15T00:00:00.000Z","strikedate":"2026-03-14T00:00:00.000Z","event_type":"Missile Attack","actor":"Iran","site_type":"civilian","siteStype":"civilian : building","city":"","province":"","country":"Israel","latitude":31.929587,"longitude":34.86675,"coord_type":"general town","source_1":"https://x.com/Osint613/status/2032986110142390571?s=20","source_2":"https://x.com/Osint613/status/2032984676730573244?s=20","sources":""}},{"type":"Feature","geometry":{"type":"Point","coordinates":[34.76945,32.01858399999999]},"properties":{"event_id":100517,"data_org":"Green","post_date":"2026-03-14T00:00:00.000Z","pub_date":"2026-03-15T00:00:00.000Z","strikedate":"2026-03-14T00:00:00.000Z","event_type":"Missile Attack","actor":"Iran","site_type":"civilian","siteStype":"civilian : unknown","city":"","province":"","country":"Israel","latitude":32.018584,"longitude":34.76945,"coord_type":"general town","source_1":"https://www.timesofisrael.com/liveblog_entry/medics-say-two-lightly-injured-in-latest-iranian-missile-attack-on-central-israel/","source_2":"https://x.com/idfonline/status/2033004382099316798","sources":""}},{"type":"Feature","geometry":{"type":"Point","coordinates":[34.818643,32.081002999999995]},"properties":{"event_id":100531,"data_org":"Green","post_date":"2026-03-15T00:00:00.000Z","pub_date":"2026-03-15T00:00:00.000Z","strikedate":"2026-03-15T00:00:00.000Z","event_type":"Missile Attack","actor":"Iran","site_type":"civilian","siteStype":"civilian : building","city":"","province":"","country":"Israel","latitude":32.081003,"longitude":34.818643,"coord_type":"general neighborhood","source_1":"https://x.com/Osint613/status/2033135214617116795?s=20","source_2":"https://x.com/IL_police/status/2033136773157572938","sources":"https://x.com/GLZRadio/status/2033136285976510804; https://x.com/BashaReport/status/2033188936210596298?s=20"}},{"type":"Feature","geometry":{"type":"Point","coordinates":[34.833868,32.09188999999999]},"properties":{"event_id":100533,"data_org":"Green","post_date":"2026-03-15T00:00:00.000Z","pub_date":"2026-03-15T00:00:00.000Z","strikedate":"2026-03-15T00:00:00.000Z","event_type":"Missile Attack","actor":"Iran","site_type":"unknown","siteStype":"NA","city":"","province":"","country":"Israel","latitude":32.09189,"longitude":34.833868,"coord_type":"general neighborhood","source_1":"https://x.com/manniefabian/status/2033151394048307578","source_2":"","sources":""}},{"type":"Feature","geometry":{"type":"Point","coordinates":[47.50719699999999,29.34952599999999]},"properties":{"event_id":100537,"data_org":"Green","post_date":"2026-03-15T00:00:00.000Z","pub_date":"2026-03-15T00:00:00.000Z","strikedate":"2026-03-15T00:00:00.000Z","event_type":"Drone Attack","actor":"Iran","site_type":"military : US base","siteStype":"military : airbase","city":"","province":"","country":"Kuwait","latitude":29.349526,"longitude":47.507197,"coord_type":"","source_1":"https://x.com/SM_Difesa/status/2033173183105282467","source_2":"https://x.com/InsiderGeo/status/2033176984553935316?s=20","sources":""}},{"type":"Feature","geometry":{"type":"Point","coordinates":[55.365494,25.252344]},"properties":{"event_id":100554,"data_org":"Green","post_date":"2026-03-15T00:00:00.000Z","pub_date":"2026-03-16T00:00:00.000Z","strikedate":"2026-03-15T00:00:00.000Z","event_type":"Drone Attack","actor":"Iran","site_type":"civilian","siteStype":"civilian : transit","city":"","province":"","country":"UAE","latitude":25.252344,"longitude":55.365494,"coord_type":"exact","source_1":"https://x.com/MarioLeb79/status/2033335999682826713","source_2":"https://x.com/EmiratesSupport/status/2033356098556805485","sources":"https://x.com/no_itsmyturn/status/2033384408477036608; https://x.com/vcdgf555/status/2033345284756189523; https://x.com/FaytuksNetwork/status/2033332046546849967; https://x.com/ariel_oseran/status/2033339949542490527; https://x.com/sentdefender/status/20"}},{"type":"Feature","geometry":{"type":"Point","coordinates":[54.641194000000006,24.55824099999999]},"properties":{"event_id":100562,"data_org":"Green","post_date":"2026-03-16T00:00:00.000Z","pub_date":"2026-03-16T00:00:00.000Z","strikedate":"2026-03-16T00:00:00.000Z","event_type":"Missile Attack","actor":"Iran","site_type":"civilian","siteStype":"civilian : unknown","city":"","province":"","country":"UAE","latitude":24.558241,"longitude":54.641194,"coord_type":"general neighborhood","source_1":"https://x.com/GLZRadio/status/2033441514185970163","source_2":"https://x.com/ADMediaOffice/status/2033435198814380032?s=20","sources":"https://www.bbc.com/news/articles/crl4gxgkkylo"}},{"type":"Feature","geometry":{"type":"Point","coordinates":[56.355847,25.207139999999985]},"properties":{"event_id":100563,"data_org":"Green","post_date":"2026-03-16T00:00:00.000Z","pub_date":"2026-03-16T00:00:00.000Z","strikedate":"2026-03-16T00:00:00.000Z","event_type":"Drone Attack","actor":"Iran","site_type":"energy","siteStype":"energy : oil","city":"","province":"","country":"UAE","latitude":25.20714,"longitude":56.355847,"coord_type":"general neighborhood","source_1":"https://apnews.com/live/iran-war-israel-trump-03-16-2026#0000019c-f59e-d28e-a79d-fdffff670000","source_2":"https://x.com/FjMediaoffice/status/2033447777850609784?s=20","sources":""}},{"type":"Feature","geometry":{"type":"Point","coordinates":[34.805153,31.962205]},"properties":{"event_id":100566,"data_org":"Green","post_date":"2026-03-16T00:00:00.000Z","pub_date":"2026-03-16T00:00:00.000Z","strikedate":"2026-03-16T00:00:00.000Z","event_type":"Missile Attack","actor":"Iran","site_type":"civilian","siteStype":"civilian : unknown","city":"","province":"","country":"Israel","latitude":31.962205,"longitude":34.805153,"coord_type":"general town","source_1":"https://x.com/GLZRadio/status/2033466825086791933","source_2":"","sources":""}},{"type":"Feature","geometry":{"type":"Point","coordinates":[35.219978,31.78920900000001]},"properties":{"event_id":100573,"data_org":"Green","post_date":"2026-03-16T00:00:00.000Z","pub_date":"2026-03-16T00:00:00.000Z","strikedate":"2026-03-16T00:00:00.000Z","event_type":"unknown","actor":"Iran","site_type":"unknown","siteStype":"civilian : unknown","city":"","province":"","country":"Israel","latitude":31.789209,"longitude":35.219978,"coord_type":"general town","source_1":"https://x.com/GLZRadio/status/2033535169001361458","source_2":"https://x.com/inbarspace/status/2033556706391724427?s=20","sources":"https://x.com/JoeTruzman/status/2033580841964798438?s=20"}},{"type":"Feature","geometry":{"type":"Point","coordinates":[34.986555,31.749313999999995]},"properties":{"event_id":100574,"data_org":"Green","post_date":"2026-03-16T00:00:00.000Z","pub_date":"2026-03-16T00:00:00.000Z","strikedate":"2026-03-16T00:00:00.000Z","event_type":"unknown","actor":"Iran","site_type":"unknown","siteStype":"civilian : unknown","city":"","province":"","country":"Israel","latitude":31.749314,"longitude":34.986555,"coord_type":"general town","source_1":"https://x.com/GLZRadio/status/2033535169001361458","source_2":"","sources":""}},{"type":"Feature","geometry":{"type":"Point","coordinates":[53.839122,22.93419399999999]},"properties":{"event_id":100579,"data_org":"Green","post_date":"2026-03-16T00:00:00.000Z","pub_date":"2026-03-16T00:00:00.000Z","strikedate":"2026-03-16T00:00:00.000Z","event_type":"Drone Attack","actor":"Iran","site_type":"energy","siteStype":"energy : oil","city":"","province":"","country":"UAE","latitude":22.934194,"longitude":53.839122,"coord_type":"general town","source_1":"https://x.com/no_itsmyturn/status/2033613464938160306","source_2":"https://x.com/ariel_oseran/status/2033614076719325496","sources":""}},{"type":"Feature","geometry":{"type":"Point","coordinates":[35.20978300000001,31.791171000000006]},"properties":{"event_id":100580,"data_org":"Green","post_date":"2026-03-16T00:00:00.000Z","pub_date":"2026-03-16T00:00:00.000Z","strikedate":"2026-03-16T00:00:00.000Z","event_type":"Missile Attack","actor":"Iran","site_type":"civilian","siteStype":"civilian : building","city":"","province":"","country":"Israel","latitude":31.791171,"longitude":35.209783,"coord_type":"general town","source_1":"https://x.com/daniel_grovais/status/2033617833712644172","source_2":"","sources":""}},{"type":"Feature","geometry":{"type":"Point","coordinates":[56.362416,25.172183999999998]},"properties":{"event_id":100584,"data_org":"Green","post_date":"2026-03-16T00:00:00.000Z","pub_date":"2026-03-17T00:00:00.000Z","strikedate":"2026-03-16T00:00:00.000Z","event_type":"unknown","actor":"Iran","site_type":"civilian","siteStype":"civilian : port","city":"","province":"","country":"UAE","latitude":25.172184,"longitude":56.362416,"coord_type":"general neighborhood","source_1":"https://t.me/BenTzionM/7127","source_2":"https://www.reuters.com/business/energy/operations-uaes-shah-gas-field-suspended-after-drone-attack-media-office-says-2026-03-16/","sources":"DNGTS: https://www.wam dot ae/en/article/174hymi-fire-breaks-out-fujairah-oil-industry-zone-drone"}},{"type":"Feature","geometry":{"type":"Point","coordinates":[55.358929,25.25728999999999]},"properties":{"event_id":100585,"data_org":"Green","post_date":"2026-03-16T00:00:00.000Z","pub_date":"2026-03-17T00:00:00.000Z","strikedate":"2026-03-16T00:00:00.000Z","event_type":"unknown","actor":"","site_type":"civilian","siteStype":"civilian : transit","city":"","province":"","country":"UAE","latitude":25.25729,"longitude":55.358929,"coord_type":"","source_1":"https://t.me/BenTzionM/7127","source_2":"","sources":""}},{"type":"Feature","geometry":{"type":"Point","coordinates":[34.80392100000001,31.957919]},"properties":{"event_id":100603,"data_org":"Green","post_date":"2026-03-17T00:00:00.000Z","pub_date":"2026-03-17T00:00:00.000Z","strikedate":"2026-03-17T00:00:00.000Z","event_type":"Missile Attack","actor":"Iran","site_type":"unknown","siteStype":"civilian : unknown","city":"","province":"","country":"Israel","latitude":31.957919,"longitude":34.803921,"coord_type":"general town","source_1":"dngts: https://www.timesofisrael dot com/liveblog_entry/apparent-iranian-cluster-munition-causes-damage-in-rishon-lezion","source_2":"","sources":""}},{"type":"Feature","geometry":{"type":"Point","coordinates":[34.77363600000001,32.016401]},"properties":{"event_id":100611,"data_org":"Green","post_date":"2026-03-17T00:00:00.000Z","pub_date":"2026-03-17T00:00:00.000Z","strikedate":"2026-03-17T00:00:00.000Z","event_type":"Missile Attack","actor":"Iran","site_type":"civilian","siteStype":"civilian : transit","city":"","province":"","country":"Israel","latitude":32.016401,"longitude":34.773636,"coord_type":"general town","source_1":"https://www.bbc.com/news/live/cx2lr40g17kt?post=asset%3A24f2fdca-75c0-45bd-ba40-cbbdd6d734ba#post","source_2":"","sources":""}},{"type":"Feature","geometry":{"type":"Point","coordinates":[34.854859,32.02727099999999]},"properties":{"event_id":100612,"data_org":"Green","post_date":"2026-03-17T00:00:00.000Z","pub_date":"2026-03-17T00:00:00.000Z","strikedate":"2026-03-17T00:00:00.000Z","event_type":"Missile Attack","actor":"Iran","site_type":"civilian","siteStype":"civilian : transit","city":"","province":"","country":"Israel","latitude":32.027271,"longitude":34.854859,"coord_type":"general town","source_1":"https://www.bbc.com/news/live/cx2lr40g17kt?post=asset%3A24f2fdca-75c0-45bd-ba40-cbbdd6d734ba#post","source_2":"","sources":""}},{"type":"Feature","geometry":{"type":"Point","coordinates":[54.64199200000001,24.308993000000015]},"properties":{"event_id":100614,"data_org":"Green","post_date":"2026-03-16T00:00:00.000Z","pub_date":"2026-03-17T00:00:00.000Z","strikedate":"2026-03-16T00:00:00.000Z","event_type":"Missile Attack","actor":"Iran","site_type":"NA","siteStype":"NA","city":"","province":"","country":"UAE","latitude":24.308993,"longitude":54.641992,"coord_type":"general neighborhood","source_1":"https://www.reuters.com/world/china/trump-criticises-allies-over-rejection-hormuz-request-iran-israel-trade-2026-03-17/","source_2":"","sources":""}},{"type":"Feature","geometry":{"type":"Point","coordinates":[55.2152,25.150999999999996]},"properties":{"event_id":100621,"data_org":"Green","post_date":"2026-03-17T00:00:00.000Z","pub_date":"2026-03-18T00:00:00.000Z","strikedate":"2026-03-17T00:00:00.000Z","event_type":"Missile Attack","actor":"Iran","site_type":"civilian","siteStype":"civilian : transit","city":"","province":"","country":"UAE","latitude":25.151,"longitude":55.2152,"coord_type":"exact","source_1":"https://x.com/sentdefender/status/2034031317675839970","source_2":"","sources":""}},{"type":"Feature","geometry":{"type":"Point","coordinates":[34.79834,32.08408999999999]},"properties":{"event_id":100623,"data_org":"Green","post_date":"2026-03-17T00:00:00.000Z","pub_date":"2026-03-18T00:00:00.000Z","strikedate":"2026-03-17T00:00:00.000Z","event_type":"Missile Attack","actor":"Iran","site_type":"civilian","siteStype":"civilian : transit","city":"","province":"","country":"Israel","latitude":32.08409,"longitude":34.79834,"coord_type":"exact","source_1":"https://x.com/zarGEOINT/status/2034039978372612180?s=20","source_2":"https://t.me/inews18i/6839?single","sources":"https://x.com/zarGEOINT/status/2034042962766627056; https://x.com/Osint613/status/2034048562904846819?s=20"}},{"type":"Feature","geometry":{"type":"Point","coordinates":[34.824866,32.068529]},"properties":{"event_id":100624,"data_org":"Green","post_date":"2026-03-17T00:00:00.000Z","pub_date":"2026-03-18T00:00:00.000Z","strikedate":"2026-03-17T00:00:00.000Z","event_type":"Missile Attack","actor":"Iran","site_type":"unknown","siteStype":"NA","city":"","province":"","country":"Israel","latitude":32.068529,"longitude":34.824866,"coord_type":"general neighborhood","source_1":"https://t.me/moriahdoron/29122","source_2":"https://t.me/moriahdoron/29124","sources":"https://x.com/GLZRadio/status/2034206963760873598; https://x.com/idfonline/status/2034118153773408578?s=20; https://x.com/GLZRadio/status/2034041542432677913"}},{"type":"Feature","geometry":{"type":"Point","coordinates":[47.311813,24.015102000000002]},"properties":{"event_id":100627,"data_org":"Green","post_date":"2026-03-17T00:00:00.000Z","pub_date":"2026-03-18T00:00:00.000Z","strikedate":"2026-03-17T00:00:00.000Z","event_type":"Air Defense Activity","actor":"Iran","site_type":"military : US base","siteStype":"military : airbase","city":"","province":"","country":"Saudi Arabia","latitude":24.015102,"longitude":47.311813,"coord_type":"exact","source_1":"https://x.com/modgovksa/status/2034065780422365268","source_2":"","sources":""}},{"type":"Feature","geometry":{"type":"Point","coordinates":[55.363689,25.023191999999998]},"properties":{"event_id":100628,"data_org":"Green","post_date":"2026-03-17T00:00:00.000Z","pub_date":"2026-03-18T00:00:00.000Z","strikedate":"2026-03-17T00:00:00.000Z","event_type":"unknown","actor":"Iran","site_type":"military : Allied Base","siteStype":"military : airbase","city":"","province":"","country":"UAE","latitude":25.023192,"longitude":55.363689,"coord_type":"exact","source_1":"https://www.reuters.com/world/asia-pacific/australia-says-iranian-projectile-hits-uae-airbase-all-personnel-safe-2026-03-18/","source_2":"","sources":""}},{"type":"Feature","geometry":{"type":"Point","coordinates":[46.628322000000004,24.679791000000005]},"properties":{"event_id":100638,"data_org":"Green","post_date":"2026-03-18T00:00:00.000Z","pub_date":"2026-03-18T00:00:00.000Z","strikedate":"2026-03-18T00:00:00.000Z","event_type":"Air Defense Activity","actor":"Iran","site_type":"political","siteStype":"political : administrative","city":"","province":"","country":"Saudi Arabia","latitude":24.679791,"longitude":46.628322,"coord_type":"general neighborhood","source_1":"https://x.com/modgovksa/status/2034148650067087841","source_2":"https://x.com/modgovksa/status/2034158885422952844?s=20","sources":""}},{"type":"Feature","geometry":{"type":"Point","coordinates":[46.653236,24.73388099999999]},"properties":{"event_id":100641,"data_org":"Green","post_date":"2026-03-18T00:00:00.000Z","pub_date":"2026-03-18T00:00:00.000Z","strikedate":"2026-03-18T00:00:00.000Z","event_type":"Air Defense Activity","actor":"Iran","site_type":"NA","siteStype":"NA","city":"","province":"","country":"Saudi Arabia","latitude":24.733881,"longitude":46.653236,"coord_type":"general town","source_1":"https://x.com/modgovksa/status/2034179337151197550","source_2":"","sources":""}},{"type":"Feature","geometry":{"type":"Point","coordinates":[51.521242,25.911715999999995]},"properties":{"event_id":100654,"data_org":"Green","post_date":"2026-03-18T00:00:00.000Z","pub_date":"2026-03-18T00:00:00.000Z","strikedate":"2026-03-18T00:00:00.000Z","event_type":"unknown","actor":"Iran","site_type":"energy","siteStype":"energy : gas","city":"","province":"","country":"Qatar","latitude":25.911716,"longitude":51.521242,"coord_type":"general town","source_1":"https://x.com/MOI_QatarEn/status/2034333177687466128","source_2":"https://x.com/ariel_oseran/status/2034334343762473380","sources":"https://x.com/no_itsmyturn/status/2034342390589268212"}},{"type":"Feature","geometry":{"type":"Point","coordinates":[34.925158,31.478264999999997]},"properties":{"event_id":100665,"data_org":"Green","post_date":"2026-03-18T00:00:00.000Z","pub_date":"2026-03-19T00:00:00.000Z","strikedate":"2026-03-18T00:00:00.000Z","event_type":"Missile Attack","actor":"Iran","site_type":"civilian","siteStype":"civilian : building","city":"","province":"","country":"Israel","latitude":31.478265,"longitude":34.925158,"coord_type":"general town","source_1":"https://x.com/manniefabian/status/2034374028568199607","source_2":"https://x.com/GLZRadio/status/2034369280087609702","sources":""}},{"type":"Feature","geometry":{"type":"Point","coordinates":[34.950013000000006,31.50655799999999]},"properties":{"event_id":100668,"data_org":"Green","post_date":"2026-03-18T00:00:00.000Z","pub_date":"2026-03-19T00:00:00.000Z","strikedate":"2026-03-18T00:00:00.000Z","event_type":"Missile Attack","actor":"Iran","site_type":"unknown","siteStype":"civilian : unknown","city":"","province":"","country":"West Bank","latitude":31.506558,"longitude":34.950013,"coord_type":"general town","source_1":"https://x.com/IDFFarsi/status/2034389999521501656","source_2":"https://x.com/FaytuksNetwork/status/2034370678225277279","sources":"https://x.com/manniefabian/status/2034371257404387390; https://x.com/GLZRadio/status/2034372878850752764"}},{"type":"Feature","geometry":{"type":"Point","coordinates":[34.908026,32.13920599999997]},"properties":{"event_id":100670,"data_org":"Green","post_date":"2026-03-18T00:00:00.000Z","pub_date":"2026-03-19T00:00:00.000Z","strikedate":"2026-03-18T00:00:00.000Z","event_type":"Missile Attack","actor":"Iran","site_type":"unknown","siteStype":"NA","city":"","province":"","country":"Israel","latitude":32.139206,"longitude":34.908026,"coord_type":"general town","source_1":"https://x.com/idfonline/status/2034391612827312225","source_2":"https://x.com/idfonline/status/2034402202668708228","sources":"https://x.com/manniefabian/status/2034392553823359196; https://x.com/GLZRadio/status/2034392276189741566"}},{"type":"Feature","geometry":{"type":"Point","coordinates":[53.64041,23.848432000000003]},"properties":{"event_id":100671,"data_org":"Green","post_date":"2026-03-18T00:00:00.000Z","pub_date":"2026-03-19T00:00:00.000Z","strikedate":"2026-03-18T00:00:00.000Z","event_type":"Air Defense Activity","actor":"Iran","site_type":"energy","siteStype":"energy : gas","city":"","province":"","country":"UAE","latitude":23.848432,"longitude":53.64041,"coord_type":"general neighborhood","source_1":"https://x.com/ADMediaOffice/status/2034392167133937789?s=20","source_2":"","sources":""}},{"type":"Feature","geometry":{"type":"Point","coordinates":[51.527816,25.915762]},"properties":{"event_id":100677,"data_org":"Green","post_date":"2026-03-18T00:00:00.000Z","pub_date":"2026-03-19T00:00:00.000Z","strikedate":"2026-03-18T00:00:00.000Z","event_type":"Missile Attack","actor":"Iran","site_type":"energy","siteStype":"energy : gas","city":"","province":"","country":"Qatar","latitude":25.915762,"longitude":51.527816,"coord_type":"general neighborhood","source_1":"https://x.com/ariel_oseran/status/2034462792405627065","source_2":"https://x.com/ariel_oseran/status/2034450925679517927","sources":"https://x.com/ariel_oseran/status/2034452654768705970; https://x.com/ariel_oseran/status/2034361054130475039"}},{"type":"Feature","geometry":{"type":"Point","coordinates":[48.121259,29.048302999999994]},"properties":{"event_id":100687,"data_org":"Green","post_date":"2026-03-19T00:00:00.000Z","pub_date":"2026-03-19T00:00:00.000Z","strikedate":"2026-03-19T00:00:00.000Z","event_type":"Drone Attack","actor":"Iran","site_type":"energy","siteStype":"energy : oil","city":"","province":"","country":"Kuwait","latitude":29.048303,"longitude":48.121259,"coord_type":"exact","source_1":"https://x.com/visegrad24/status/2034570910460469411?s=20","source_2":"https://x.com/Reality_Index/status/2034544839128490389","sources":"https://x.com/acceladealer/status/2034571043864457724"}},{"type":"Feature","geometry":{"type":"Point","coordinates":[38.240513,23.981715999999988]},"properties":{"event_id":100689,"data_org":"Green","post_date":"2026-03-19T00:00:00.000Z","pub_date":"2026-03-19T00:00:00.000Z","strikedate":"2026-03-19T00:00:00.000Z","event_type":"Drone Attack","actor":"Iran","site_type":"energy","siteStype":"energy : oil","city":"","province":"","country":"Saudi Arabia","latitude":23.981716,"longitude":38.240513,"coord_type":"exact","source_1":"https://x.com/modgovksa/status/2034546154902352232","source_2":"","sources":""}},{"type":"Feature","geometry":{"type":"Point","coordinates":[35.052931,32.802517]},"properties":{"event_id":100697,"data_org":"Green","post_date":"2026-03-19T00:00:00.000Z","pub_date":"2026-03-19T00:00:00.000Z","strikedate":"2026-03-19T00:00:00.000Z","event_type":"Missile Attack","actor":"Iran","site_type":"energy","siteStype":"energy : oil","city":"","province":"","country":"Israel","latitude":32.802517,"longitude":35.052931,"coord_type":"POV","source_1":"https://x.com/Faytuks/status/2034646493684969951","source_2":"https://x.com/manniefabian/status/2034656814982181162","sources":"https://x.com/Shayan86/status/2034653444414329142?s=20; https://x.com/vcdgf555/status/2034648962217718152?s=20; https://t.me/moriahdoron/29129; https://t.me/moriahdoron/29127; https://t.me/Nournews_ir/339370; https://x.com/vcdgf555/status/203464896221771"}},{"type":"Feature","geometry":{"type":"Point","coordinates":[35.569355,33.20847]},"properties":{"event_id":100698,"data_org":"Green","post_date":"2026-03-19T00:00:00.000Z","pub_date":"2026-03-19T00:00:00.000Z","strikedate":"2026-03-19T00:00:00.000Z","event_type":"Missile Attack","actor":"Iran","site_type":"civilian","siteStype":"civilian : unknown","city":"","province":"","country":"Israel","latitude":33.20847,"longitude":35.569355,"coord_type":"general town","source_1":"https://x.com/JoeTruzman/status/2034666181920223743","source_2":"","sources":""}},{"type":"Feature","geometry":{"type":"Point","coordinates":[34.986555,31.749313999999995]},"properties":{"event_id":100706,"data_org":"Green","post_date":"2026-03-19T00:00:00.000Z","pub_date":"2026-03-20T00:00:00.000Z","strikedate":"2026-03-19T00:00:00.000Z","event_type":"Missile Attack","actor":"Iran","site_type":"unknown","siteStype":"NA","city":"","province":"","country":"Israel","latitude":31.749314,"longitude":34.986555,"coord_type":"general town","source_1":"https://x.com/JoeTruzman/status/2034748949949816970?s=20","source_2":"","sources":""}},{"type":"Feature","geometry":{"type":"Point","coordinates":[34.990667,32.79431999999999]},"properties":{"event_id":100708,"data_org":"Green","post_date":"2026-03-19T00:00:00.000Z","pub_date":"2026-03-20T00:00:00.000Z","strikedate":"2026-03-19T00:00:00.000Z","event_type":"Missile Attack","actor":"Iran","site_type":"unknown","siteStype":"NA","city":"","province":"","country":"Israel","latitude":32.79432,"longitude":34.990667,"coord_type":"general town","source_1":"https://x.com/manniefabian/status/2034760740737880234","source_2":"","sources":""}},{"type":"Feature","geometry":{"type":"Point","coordinates":[34.810501,31.894701]},"properties":{"event_id":100724,"data_org":"Green","post_date":"2026-03-20T00:00:00.000Z","pub_date":"2026-03-20T00:00:00.000Z","strikedate":"2026-03-20T00:00:00.000Z","event_type":"Missile Attack","actor":"Iran","site_type":"civilian","siteStype":"civilian : building","city":"","province":"","country":"Israel","latitude":31.894701,"longitude":34.810501,"coord_type":"general town","source_1":"https://x.com/manniefabian/status/2034917640020340991","source_2":"https://x.com/GLZRadio/status/2034919576736026628","sources":""}},{"type":"Feature","geometry":{"type":"Point","coordinates":[34.810501,31.894701]},"properties":{"event_id":100726,"data_org":"Green","post_date":"2026-03-20T00:00:00.000Z","pub_date":"2026-03-20T00:00:00.000Z","strikedate":"2026-03-20T00:00:00.000Z","event_type":"Missile Attack","actor":"Iran","site_type":"unknown","siteStype":"NA","city":"","province":"","country":"Israel","latitude":31.894701,"longitude":34.810501,"coord_type":"general town","source_1":"https://x.com/manniefabian/status/2034956637761310996","source_2":"https://x.com/manniefabian/status/2034963204623753246","sources":"https://x.com/GLZRadio/status/2034958450505982398; https://t.me/mehrnews/362348"}},{"type":"Feature","geometry":{"type":"Point","coordinates":[35.231896,31.774848999999996]},"properties":{"event_id":100732,"data_org":"Green","post_date":"2026-03-20T00:00:00.000Z","pub_date":"2026-03-20T00:00:00.000Z","strikedate":"2026-03-20T00:00:00.000Z","event_type":"Missile Attack","actor":"Iran","site_type":"civilian","siteStype":"civilian : unknown","city":"","province":"","country":"Israel","latitude":31.774849,"longitude":35.231896,"coord_type":"general neighborhood","source_1":"https://x.com/manniefabian/status/2035004162748911831?s=20","source_2":"https://x.com/MarioLeb79/status/2034998571578110316?s=20","sources":"https://x.com/AvichayAdraee/status/2035016788195332268?s=20; https://x.com/nakash_noam/status/2034999457943597219?s=20"}},{"type":"Feature","geometry":{"type":"Point","coordinates":[35.163666,31.933721999999996]},"properties":{"event_id":100734,"data_org":"Green","post_date":"2026-03-20T00:00:00.000Z","pub_date":"2026-03-20T00:00:00.000Z","strikedate":"2026-03-20T00:00:00.000Z","event_type":"Missile Attack","actor":"Iran","site_type":"civilian","siteStype":"civilian : building","city":"","province":"","country":"West Bank","latitude":31.933722,"longitude":35.163666,"coord_type":"exact","source_1":"https://x.com/no_itsmyturn/status/2035008989033865590","source_2":"","sources":""}},{"type":"Feature","geometry":{"type":"Point","coordinates":[35.029119,31.06653499999999]},"properties":{"event_id":100735,"data_org":"Green","post_date":"2026-03-20T00:00:00.000Z","pub_date":"2026-03-20T00:00:00.000Z","strikedate":"2026-03-20T00:00:00.000Z","event_type":"Missile Attack","actor":"Iran","site_type":"civilian","siteStype":"civilian : building","city":"","province":"","country":"Israel","latitude":31.066535,"longitude":35.029119,"coord_type":"general neighborhood","source_1":"DNGTS: https://www.ynetnews.com/article/eyv0jbrbx#google_vignette","source_2":"","sources":""}},{"type":"Feature","geometry":{"type":"Point","coordinates":[34.799885,31.960154000000006]},"properties":{"event_id":100746,"data_org":"Green","post_date":"2026-03-20T00:00:00.000Z","pub_date":"2026-03-21T00:00:00.000Z","strikedate":"2026-03-20T00:00:00.000Z","event_type":"Missile Attack","actor":"Iran","site_type":"civilian","siteStype":"civilian : building","city":"","province":"","country":"Israel","latitude":31.960154,"longitude":34.799885,"coord_type":"","source_1":"https://x.com/manniefabian/status/2035086417970270345","source_2":"https://x.com/manniefabian/status/2035249082545889554","sources":"https://x.com/manniefabian/status/2035254935512617237; https://x.com/GLZRadio/status/2035262728193945875"}},{"type":"Feature","geometry":{"type":"Point","coordinates":[35.040868,31.063183999999996]},"properties":{"event_id":100776,"data_org":"Green","post_date":"2026-03-21T00:00:00.000Z","pub_date":"2026-03-21T00:00:00.000Z","strikedate":"2026-03-21T00:00:00.000Z","event_type":"Missile Attack","actor":"Iran","site_type":"unknown","siteStype":"NA","city":"","province":"","country":"Israel","latitude":31.063184,"longitude":35.040868,"coord_type":"POV","source_1":"https://x.com/manniefabian/status/2035402117649764396","source_2":"https://x.com/manniefabian/status/2035404110522933412","sources":"https://x.com/acceladealer/status/2035407840764940702?s=20; https://x.com/acceladealer/status/2035408973063401952?s=20; https://x.com/Osint613/status/2035410211737936134?s=20; https://x.com/FaytuksNetwork/status/2035401017534153006?s=20; https://x.com/se"}},{"type":"Feature","geometry":{"type":"Point","coordinates":[46.894215,24.547517999999993]},"properties":{"event_id":100783,"data_org":"Green","post_date":"2026-03-21T00:00:00.000Z","pub_date":"2026-03-22T00:00:00.000Z","strikedate":"2026-03-18T00:00:00.000Z","event_type":"Drone Attack","actor":"Iran","site_type":"civilian","siteStype":"civilian : industrial","city":"","province":"","country":"Saudi Arabia","latitude":24.547518,"longitude":46.894215,"coord_type":"exact","source_1":"https://x.com/MerruX/status/2035318130050748747?s=20","source_2":"https://x.com/Zeldamices/status/2035409105213427998?s=20","sources":"https://www.etvbharat.com/en/state/district-admin-steps-in-to-repatriate-body-of-up-man-killed-in-saudi-arabia-enn26032201369; https://x.com/acceladealer/status/2037089936487198825"}},{"type":"Feature","geometry":{"type":"Point","coordinates":[35.207979,31.258774000000003]},"properties":{"event_id":100788,"data_org":"Green","post_date":"2026-03-21T00:00:00.000Z","pub_date":"2026-03-22T00:00:00.000Z","strikedate":"2026-03-21T00:00:00.000Z","event_type":"Missile Attack","actor":"Iran","site_type":"civilian","siteStype":"civilian : building","city":"","province":"","country":"Israel","latitude":31.258774,"longitude":35.207979,"coord_type":"general town","source_1":"https://x.com/vcdgf555/status/2035452380003880998?s=20","source_2":"https://x.com/Faytuks/status/2035452019876458710?s=20","sources":"https://x.com/vcdgf555/status/2035483613127737701?s=20; https://x.com/idfonline/status/2035464262055862667; https://x.com/ZvikaKlein/status/2035480158593831228?s=20; https://x.com/manniefabian/status/2035451650819739737?s=20; https://x.com/acceladealer/s"}},{"type":"Feature","geometry":{"type":"Point","coordinates":[34.772583,32.08341999999999]},"properties":{"event_id":100805,"data_org":"Green","post_date":"2026-03-22T00:00:00.000Z","pub_date":"2026-03-22T00:00:00.000Z","strikedate":"2026-03-22T00:00:00.000Z","event_type":"Missile Attack","actor":"Iran","site_type":"civilian","siteStype":"civilian : unknown","city":"","province":"","country":"Israel","latitude":32.08342,"longitude":34.772583,"coord_type":"general town","source_1":"https://x.com/manniefabian/status/2035673494155939840","source_2":"https://x.com/manniefabian/status/2035656923974980068","sources":"https://x.com/manniefabian/status/2035651742319194411; https://x.com/manniefabian/status/2035649198587088981; https://x.com/manniefabian/status/2035648175357170075; https://www.timesofisrael.com/liveblog_entry/reports-indicate-several-cluster-bomb-impact"}},{"type":"Feature","geometry":{"type":"Point","coordinates":[34.769895,32.069576999999995]},"properties":{"event_id":100811,"data_org":"Green","post_date":"2026-03-22T00:00:00.000Z","pub_date":"2026-03-22T00:00:00.000Z","strikedate":"2026-03-22T00:00:00.000Z","event_type":"Missile Attack","actor":"Iran","site_type":"civilian","siteStype":"civilian : building","city":"","province":"","country":"Israel","latitude":32.069577,"longitude":34.769895,"coord_type":"exact","source_1":"https://x.com/AdamZivo/status/2035682859369837044","source_2":"https://x.com/DanLinnaeus/status/2035714261591167475","sources":""}},{"type":"Feature","geometry":{"type":"Point","coordinates":[34.758601,32.049993]},"properties":{"event_id":100812,"data_org":"Green","post_date":"2026-03-22T00:00:00.000Z","pub_date":"2026-03-22T00:00:00.000Z","strikedate":"2026-03-22T00:00:00.000Z","event_type":"Missile Attack","actor":"Iran","site_type":"civilian","siteStype":"civilian : building","city":"","province":"","country":"Israel","latitude":32.049993,"longitude":34.758601,"coord_type":"general town","source_1":"DNGTS: https://www.timesofisrael dot com/15-injured-one-seriously-as-iranian-cluster-munitions-impact-in-central-israel/","source_2":"","sources":"https://t.me/Tasnimnews/399741"}},{"type":"Feature","geometry":{"type":"Point","coordinates":[34.886387,32.084207]},"properties":{"event_id":100813,"data_org":"Green","post_date":"2026-03-22T00:00:00.000Z","pub_date":"2026-03-22T00:00:00.000Z","strikedate":"2026-03-22T00:00:00.000Z","event_type":"Missile Attack","actor":"Iran","site_type":"civilian","siteStype":"civilian : unknown","city":"","province":"","country":"Israel","latitude":32.084207,"longitude":34.886387,"coord_type":"","source_1":"DNGTS: https://www.timesofisrael dot com/15-injured-one-seriously-as-iranian-cluster-munitions-impact-in-central-israel/","source_2":"","sources":"https://t.me/Tasnimnews/399741"}},{"type":"Feature","geometry":{"type":"Point","coordinates":[34.75253,32.01560799999999]},"properties":{"event_id":100816,"data_org":"Green","post_date":"2026-03-22T00:00:00.000Z","pub_date":"2026-03-22T00:00:00.000Z","strikedate":"2026-03-22T00:00:00.000Z","event_type":"Missile Attack","actor":"Iran","site_type":"unknown","siteStype":"NA","city":"","province":"","country":"Israel","latitude":32.015608,"longitude":34.75253,"coord_type":"general town","source_1":"DNGTS: https://www.timesofisrael.com/liveblog_entry/iranian-missile-attack-causes-damage-in-bat-yam-holon-no-injuries-reported/","source_2":"https://x.com/manniefabian/status/2035711899476656222","sources":""}},{"type":"Feature","geometry":{"type":"Point","coordinates":[34.785071,32.010614000000004]},"properties":{"event_id":100817,"data_org":"Green","post_date":"2026-03-22T00:00:00.000Z","pub_date":"2026-03-22T00:00:00.000Z","strikedate":"2026-03-22T00:00:00.000Z","event_type":"Missile Attack","actor":"Iran","site_type":"unknown","siteStype":"NA","city":"","province":"","country":"Israel","latitude":32.010614,"longitude":34.785071,"coord_type":"general town","source_1":"DNGTS: https://www.timesofisrael.com/liveblog_entry/iranian-missile-attack-causes-damage-in-bat-yam-holon-no-injuries-reported/","source_2":"https://x.com/manniefabian/status/2035711899476656222","sources":""}},{"type":"Feature","geometry":{"type":"Point","coordinates":[34.859877,32.022178999999994]},"properties":{"event_id":100818,"data_org":"Green","post_date":"2026-03-22T00:00:00.000Z","pub_date":"2026-03-22T00:00:00.000Z","strikedate":"2026-03-22T00:00:00.000Z","event_type":"Missile Attack","actor":"Iran","site_type":"civilian","siteStype":"civilian : transit","city":"","province":"","country":"Israel","latitude":32.022179,"longitude":34.859877,"coord_type":"POV","source_1":"https://x.com/MoloWarMonitor/status/2035716774885228640?s=20","source_2":"","sources":""}},{"type":"Feature","geometry":{"type":"Point","coordinates":[54.46325099999999,24.268861999999995]},"properties":{"event_id":100828,"data_org":"Green","post_date":"2026-03-22T00:00:00.000Z","pub_date":"2026-03-23T00:00:00.000Z","strikedate":"2026-03-22T00:00:00.000Z","event_type":"Drone Attack","actor":"Iran","site_type":"civilian","siteStype":"civilian : data center","city":"","province":"","country":"UAE","latitude":24.268862,"longitude":54.463251,"coord_type":"exact","source_1":"https://x.com/EGYOSINT/status/2035749614909849745","source_2":"https://x.com/dex_eve/status/2035787636200157448","sources":"https://geoconfirmed.org/iran/abc1017b-b94a-4966-f13d-08de88381db0; https://www.abc.net.au/news/2026-03-15/iran-war-ai-technology-data-centres/106443004"}},{"type":"Feature","geometry":{"type":"Point","coordinates":[54.741437,24.709016999999996]},"properties":{"event_id":100829,"data_org":"Green","post_date":"2026-03-22T00:00:00.000Z","pub_date":"2026-03-23T00:00:00.000Z","strikedate":"2026-03-22T00:00:00.000Z","event_type":"Drone Attack","actor":"Iran","site_type":"civilian","siteStype":"civilian : data center","city":"","province":"","country":"UAE","latitude":24.709017,"longitude":54.741437,"coord_type":"exact","source_1":"https://x.com/EGYOSINT/status/2035749614909849745","source_2":"https://x.com/dex_eve/status/2035787636200157448","sources":"https://geoconfirmed.org/iran/fecd5ccf-fdf8-46d3-f13e-08de88381db0; https://www.abc.net.au/news/2026-03-15/iran-war-ai-technology-data-centres/106443004"}},{"type":"Feature","geometry":{"type":"Point","coordinates":[34.781541,32.082425]},"properties":{"event_id":100833,"data_org":"Green","post_date":"2026-03-22T00:00:00.000Z","pub_date":"2026-03-23T00:00:00.000Z","strikedate":"2026-03-22T00:00:00.000Z","event_type":"Missile Attack","actor":"Iran","site_type":"unknown","siteStype":"NA","city":"","province":"","country":"Israel","latitude":32.082425,"longitude":34.781541,"coord_type":"general town","source_1":"https://x.com/clashreport/status/2035845123397869805","source_2":"","sources":""}},{"type":"Feature","geometry":{"type":"Point","coordinates":[34.773258,31.609883999999994]},"properties":{"event_id":100834,"data_org":"Green","post_date":"2026-03-22T00:00:00.000Z","pub_date":"2026-03-23T00:00:00.000Z","strikedate":"2026-03-22T00:00:00.000Z","event_type":"Missile Attack","actor":"Iran","site_type":"unknown","siteStype":"NA","city":"","province":"","country":"Israel","latitude":31.609884,"longitude":34.773258,"coord_type":"general town","source_1":"https://x.com/clashreport/status/2035845123397869805","source_2":"","sources":""}},{"type":"Feature","geometry":{"type":"Point","coordinates":[34.580446,31.668449000000003]},"properties":{"event_id":100835,"data_org":"Green","post_date":"2026-03-22T00:00:00.000Z","pub_date":"2026-03-23T00:00:00.000Z","strikedate":"2026-03-22T00:00:00.000Z","event_type":"Missile Attack","actor":"Iran","site_type":"unknown","siteStype":"NA","city":"","province":"","country":"Israel","latitude":31.668449,"longitude":34.580446,"coord_type":"general town","source_1":"https://x.com/clashreport/status/2035845123397869805","source_2":"","sources":""}},{"type":"Feature","geometry":{"type":"Point","coordinates":[46.653236,24.73388099999999]},"properties":{"event_id":100842,"data_org":"Green","post_date":"2026-03-22T00:00:00.000Z","pub_date":"2026-03-23T00:00:00.000Z","strikedate":"2026-03-22T00:00:00.000Z","event_type":"Air Defense Activity","actor":"Iran","site_type":"unknown","siteStype":"NA","city":"","province":"","country":"Saudi Arabia","latitude":24.733881,"longitude":46.653236,"coord_type":"general town","source_1":"https://x.com/modgovksa/status/2035903502048772517","source_2":"","sources":""}},{"type":"Feature","geometry":{"type":"Point","coordinates":[35.497062,32.96432399999999]},"properties":{"event_id":100845,"data_org":"Green","post_date":"2026-03-23T00:00:00.000Z","pub_date":"2026-03-23T00:00:00.000Z","strikedate":"2026-03-23T00:00:00.000Z","event_type":"Air Defense Activity","actor":"Iran","site_type":"unknown","siteStype":"NA","city":"","province":"","country":"Israel","latitude":32.964324,"longitude":35.497062,"coord_type":"general town","source_1":"https://x.com/GLZRadio/status/2035950659934060546","source_2":"","sources":""}},{"type":"Feature","geometry":{"type":"Point","coordinates":[35.048665,32.77183900000001]},"properties":{"event_id":100865,"data_org":"Green","post_date":"2026-03-23T00:00:00.000Z","pub_date":"2026-03-24T00:00:00.000Z","strikedate":"2026-03-23T00:00:00.000Z","event_type":"Missile Attack","actor":"Iran","site_type":"civilian","siteStype":"civilian : unknown","city":"","province":"","country":"Israel","latitude":32.771839,"longitude":35.048665,"coord_type":"general neighborhood","source_1":"https://x.com/manniefabian/status/2036210507275747479","source_2":"https://x.com/manniefabian/status/2036212709566423249","sources":"https://x.com/GLZRadio/status/2036215696972013662"}},{"type":"Feature","geometry":{"type":"Point","coordinates":[34.78583,32.092198999999994]},"properties":{"event_id":100885,"data_org":"Green","post_date":"2026-03-24T00:00:00.000Z","pub_date":"2026-03-24T00:00:00.000Z","strikedate":"2026-03-24T00:00:00.000Z","event_type":"Missile Attack","actor":"Iran","site_type":"civilian","siteStype":"civilian : building","city":"","province":"","country":"Israel","latitude":32.092199,"longitude":34.78583,"coord_type":"exact","source_1":"https://x.com/manniefabian/status/2036340105602859119","source_2":"https://x.com/manniefabian/status/2036352772874879262","sources":"https://x.com/isik5/status/2036385226016920032; https://x.com/sentdefender/status/2036324179297832961; https://x.com/GLZRadio/status/2036326369789919569; https://x.com/manniefabian/status/2036337527368351968"}},{"type":"Feature","geometry":{"type":"Point","coordinates":[34.835468,32.08442]},"properties":{"event_id":100902,"data_org":"Green","post_date":"2026-03-24T00:00:00.000Z","pub_date":"2026-03-24T00:00:00.000Z","strikedate":"2026-03-24T00:00:00.000Z","event_type":"Missile Attack","actor":"Iran","site_type":"unknown","siteStype":"NA","city":"","province":"","country":"Israel","latitude":32.08442,"longitude":34.835468,"coord_type":"general town","source_1":"https://x.com/manniefabian/status/2036518165841060250?s=20","source_2":"https://x.com/manniefabian/status/2036519348622250396?s=20","sources":"https://x.com/manniefabian/status/2036522298459693405?s=20; https://x.com/sentdefender/status/2036517054660915614; https://x.com/sentdefender/status/2036518277417939409; https://x.com/sentdefender/status/2036518963497103624; https://x.com/sentdefender/st"}},{"type":"Feature","geometry":{"type":"Point","coordinates":[34.95124,29.558188999999995]},"properties":{"event_id":100904,"data_org":"Green","post_date":"2026-03-24T00:00:00.000Z","pub_date":"2026-03-25T00:00:00.000Z","strikedate":"2026-03-24T00:00:00.000Z","event_type":"Missile Attack","actor":"Iran","site_type":"NA","siteStype":"NA","city":"","province":"","country":"Israel","latitude":29.558189,"longitude":34.95124,"coord_type":"general town","source_1":"https://x.com/manniefabian/status/2036555866007072990","source_2":"https://x.com/manniefabian/status/2036559322742677960","sources":""}},{"type":"Feature","geometry":{"type":"Point","coordinates":[34.95124,29.558188999999995]},"properties":{"event_id":100907,"data_org":"Green","post_date":"2026-03-24T00:00:00.000Z","pub_date":"2026-03-25T00:00:00.000Z","strikedate":"2026-03-24T00:00:00.000Z","event_type":"Missile Attack","actor":"Iran","site_type":"NA","siteStype":"NA","city":"","province":"","country":"Israel","latitude":29.558189,"longitude":34.95124,"coord_type":"general town","source_1":"https://x.com/manniefabian/status/2036575438986682779","source_2":"https://x.com/manniefabian/status/2036575438986682779","sources":"https://x.com/manniefabian/status/2036579554903400622"}},{"type":"Feature","geometry":{"type":"Point","coordinates":[47.98763,29.20255300000001]},"properties":{"event_id":100909,"data_org":"Green","post_date":"2026-03-24T00:00:00.000Z","pub_date":"2026-03-25T00:00:00.000Z","strikedate":"2026-03-24T00:00:00.000Z","event_type":"Drone Attack","actor":"Iran","site_type":"civilian","siteStype":"civilian : transit","city":"","province":"","country":"Kuwait","latitude":29.202553,"longitude":47.98763,"coord_type":"exact","source_1":"https://x.com/Kuwait_DGCA/status/2036578802474569878","source_2":"https://x.com/Faytuks/status/2036593122889658733","sources":"https://x.com/tzalivia/status/2036808934124638298?s=20; https://x.com/tzalivia/status/2036809721122845039?s=20"}},{"type":"Feature","geometry":{"type":"Point","coordinates":[34.919292,32.434133]},"properties":{"event_id":100925,"data_org":"Green","post_date":"2026-03-25T00:00:00.000Z","pub_date":"2026-03-25T00:00:00.000Z","strikedate":"2026-03-25T00:00:00.000Z","event_type":"Missile Attack","actor":"Iran","site_type":"civilian","siteStype":"civilian : industrial","city":"","province":"","country":"Israel","latitude":32.434133,"longitude":34.919292,"coord_type":"general town","source_1":"https://x.com/manniefabian/status/2036733553224876453","source_2":"https://x.com/EGYOSINT/status/2036735116924330404","sources":"https://x.com/manniefabian/status/2036736403116015763; https://x.com/manniefabian/status/2036733320927531177; https://x.com/FaytuksNetwork/status/2036732494528000263"}},{"type":"Feature","geometry":{"type":"Point","coordinates":[34.9197,32.434]},"properties":{"event_id":100930,"data_org":"Green","post_date":"2026-03-25T00:00:00.000Z","pub_date":"2026-03-25T00:00:00.000Z","strikedate":"2026-03-25T00:00:00.000Z","event_type":"Missile Attack","actor":"Iran","site_type":"energy","siteStype":"NA","city":"","province":"","country":"Israel","latitude":32.434,"longitude":34.9197,"coord_type":"general town","source_1":"https://x.com/Osint613/status/2036786932756156760","source_2":"","sources":""}},{"type":"Feature","geometry":{"type":"Point","coordinates":[35.193562,31.062423999999993]},"properties":{"event_id":100933,"data_org":"Green","post_date":"2026-03-25T00:00:00.000Z","pub_date":"2026-03-25T00:00:00.000Z","strikedate":"2026-03-25T00:00:00.000Z","event_type":"Missile Attack","actor":"Iran","site_type":"civilian","siteStype":"civilian : industrial","city":"","province":"","country":"Israel","latitude":31.062424,"longitude":35.193562,"coord_type":"exact","source_1":"https://x.com/acceladealer/status/2036794454623883450","source_2":"https://x.com/EGYOSINT/status/2036815664451653994?s=20","sources":""}},{"type":"Feature","geometry":{"type":"Point","coordinates":[47.971014,29.240712999999996]},"properties":{"event_id":100935,"data_org":"Green","post_date":"2026-03-25T00:00:00.000Z","pub_date":"2026-03-25T00:00:00.000Z","strikedate":"2026-03-25T00:00:00.000Z","event_type":"Drone Attack","actor":"Iran","site_type":"civilian","siteStype":"civilian : transit","city":"","province":"","country":"Kuwait","latitude":29.240713,"longitude":47.971014,"coord_type":"exact","source_1":"https://x.com/Osint613/status/2036819353593655375","source_2":"https://x.com/search?q=%40geoconfirmed&src=typed_query&f=live","sources":""}},{"type":"Feature","geometry":{"type":"Point","coordinates":[34.96974,32.117081]},"properties":{"event_id":100949,"data_org":"Green","post_date":"2026-03-26T00:00:00.000Z","pub_date":"2026-03-26T00:00:00.000Z","strikedate":"2026-03-26T00:00:00.000Z","event_type":"Missile Attack","actor":"Iran","site_type":"unknown","siteStype":"NA","city":"","province":"","country":"Israel","latitude":32.117081,"longitude":34.96974,"coord_type":"general town","source_1":"https://x.com/manniefabian/status/2037040068209045671?s=20","source_2":"https://x.com/manniefabian/status/2037042136625860925?s=20","sources":"https://x.com/manniefabian/status/2037048857838686698?s=20; https://x.com/Osint613/status/2037071780804763778; https://x.com/Osint613/status/2037075908595462509"}},{"type":"Feature","geometry":{"type":"Point","coordinates":[34.780604,32.08456799999998]},"properties":{"event_id":100957,"data_org":"Green","post_date":"2026-03-26T00:00:00.000Z","pub_date":"2026-03-26T00:00:00.000Z","strikedate":"2026-03-26T00:00:00.000Z","event_type":"Missile Attack","actor":"Iran","site_type":"unknown","siteStype":"NA","city":"","province":"","country":"Israel","latitude":32.084568,"longitude":34.780604,"coord_type":"general town","source_1":"https://x.com/manniefabian/status/2037100075927625977?s=20","source_2":"","sources":""}},{"type":"Feature","geometry":{"type":"Point","coordinates":[35.237096,31.926429]},"properties":{"event_id":100960,"data_org":"Green","post_date":"2026-03-26T00:00:00.000Z","pub_date":"2026-03-26T00:00:00.000Z","strikedate":"2026-03-26T00:00:00.000Z","event_type":"Missile Attack","actor":"Iran","site_type":"unknown","siteStype":"NA","city":"","province":"","country":"Israel","latitude":31.926429,"longitude":35.237096,"coord_type":"general town","source_1":"https://x.com/Osint613/status/2037139034997236022","source_2":"","sources":""}},{"type":"Feature","geometry":{"type":"Point","coordinates":[47.915752,29.355381999999988]},"properties":{"event_id":100972,"data_org":"Green","post_date":"2026-03-27T00:00:00.000Z","pub_date":"2026-03-27T00:00:00.000Z","strikedate":"2026-03-27T00:00:00.000Z","event_type":"Drone Attack","actor":"Iran","site_type":"civilian","siteStype":"civilian : port","city":"","province":"","country":"Kuwait","latitude":29.355382,"longitude":47.915752,"coord_type":"general neighborhood","source_1":"DNGTS https://www.timesofisrael dot com/liveblog_entry/kuwaits-main-port-damaged-in-Iranian-drone-attack/","source_2":"","sources":""}},{"type":"Feature","geometry":{"type":"Point","coordinates":[48.318,29.865]},"properties":{"event_id":100974,"data_org":"Green","post_date":"2026-03-27T00:00:00.000Z","pub_date":"2026-03-27T00:00:00.000Z","strikedate":"2026-03-27T00:00:00.000Z","event_type":"Drone & Missile Attack","actor":"Iran","site_type":"civilian","siteStype":"civilian : port","city":"","province":"","country":"Kuwait","latitude":29.865,"longitude":48.318,"coord_type":"general neighborhood","source_1":"https://www.aa.com.tr/en/middle-east/kuwait-says-mubarak-al-kabeer-port-targeted-by-drone-cruise-missile/3881399","source_2":"https://www.nytimes.com/live/2026/03/27/world/iran-war-trump-oil-israel/5607863d-bbd7-5c51-96fd-06ce47905306?smid=url-share","sources":""}},{"type":"Feature","geometry":{"type":"Point","coordinates":[46.684859,24.741787000000006]},"properties":{"event_id":100977,"data_org":"Green","post_date":"2026-03-27T00:00:00.000Z","pub_date":"2026-03-27T00:00:00.000Z","strikedate":"2026-03-27T00:00:00.000Z","event_type":"Drone Attack","actor":"Iran","site_type":"NA","siteStype":"NA","city":"","province":"","country":"Saudi Arabia","latitude":24.741787,"longitude":46.684859,"coord_type":"general town","source_1":"https://x.com/modgovksa/status/2037460383431045291?s=20","source_2":"","sources":""}},{"type":"Feature","geometry":{"type":"Point","coordinates":[46.684859,24.741787000000006]},"properties":{"event_id":100979,"data_org":"Green","post_date":"2026-03-27T00:00:00.000Z","pub_date":"2026-03-27T00:00:00.000Z","strikedate":"2026-03-27T00:00:00.000Z","event_type":"Drone Attack","actor":"Iran","site_type":"NA","siteStype":"NA","city":"","province":"","country":"Saudi Arabia","latitude":24.741787,"longitude":46.684859,"coord_type":"general town","source_1":"https://x.com/modgovksa/status/2037468702686253541?s=20","source_2":"","sources":""}},{"type":"Feature","geometry":{"type":"Point","coordinates":[34.799504000000006,32.166157999999996]},"properties":{"event_id":100987,"data_org":"Green","post_date":"2026-03-27T00:00:00.000Z","pub_date":"2026-03-27T00:00:00.000Z","strikedate":"2026-03-27T00:00:00.000Z","event_type":"Missile Attack","actor":"Iran","site_type":"civilian","siteStype":"civilian : building","city":"","province":"","country":"Israel","latitude":32.166158,"longitude":34.799504,"coord_type":"NA","source_1":"https://x.com/manniefabian/status/2037539388343656741","source_2":"DNGTS https://www.timesofisrael dot com/liveblog_entry/herzliya-hotel-damaged-in-recent-iranian-missile-attack-no-injuries-reported/","sources":"https://x.com/Osint613/status/2037520142620410191"}},{"type":"Feature","geometry":{"type":"Point","coordinates":[34.8135,32.05436]},"properties":{"event_id":100993,"data_org":"Green","post_date":"2026-03-27T00:00:00.000Z","pub_date":"2026-03-28T00:00:00.000Z","strikedate":"2026-03-27T00:00:00.000Z","event_type":"Missile Attack","actor":"Iran","site_type":"civilian","siteStype":"civilian : building","city":"","province":"","country":"Israel","latitude":32.05436,"longitude":34.8135,"coord_type":"general neighborhood","source_1":"https://x.com/zarGEOINT/status/2037645498438345033","source_2":"https://t.me/firstreportsnews/43631#","sources":"https://x.com/GLZRadio/status/2037636520476025127; https://x.com/GLZRadio/status/2037636520476025127; https://x.com/JoeTruzman/status/2037639985034363126"}},{"type":"Feature","geometry":{"type":"Point","coordinates":[34.78959,32.07077]},"properties":{"event_id":100995,"data_org":"Green","post_date":"2026-03-27T00:00:00.000Z","pub_date":"2026-03-28T00:00:00.000Z","strikedate":"2026-03-27T00:00:00.000Z","event_type":"Missile Attack","actor":"Iran","site_type":"civilian","siteStype":"civilian : building","city":"","province":"","country":"Israel","latitude":32.07077,"longitude":34.78959,"coord_type":"exact","source_1":"https://x.com/isik5/status/2037660634712506684","source_2":"https://x.com/sentdefender/status/2037645708237390202","sources":""}},{"type":"Feature","geometry":{"type":"Point","coordinates":[53.99532500000001,16.941681999999986]},"properties":{"event_id":100996,"data_org":"Green","post_date":"2026-03-28T00:00:00.000Z","pub_date":"2026-03-28T00:00:00.000Z","strikedate":"2026-03-28T00:00:00.000Z","event_type":"Drone Attack","actor":"Iran","site_type":"civilian","siteStype":"civilian : port","city":"","province":"","country":"Oman","latitude":16.941682,"longitude":53.995325,"coord_type":"general neighborhood","source_1":"https://www.nytimes.com/live/2026/03/28/world/iran-war-trump-israel-oil/a0b87c8f-d9a1-5e80-9277-0e0b39caf5b3?smid=url-share","source_2":"https://www.reuters.com/world/middle-east/maersk-halts-operations-omans-salalah-port-due-security-incident-2026-03-28/","sources":"https://x.com/ariel_oseran/status/2037876492491763980"}},{"type":"Feature","geometry":{"type":"Point","coordinates":[47.970992,29.240650000000013]},"properties":{"event_id":100997,"data_org":"Green","post_date":"2026-03-28T00:00:00.000Z","pub_date":"2026-03-28T00:00:00.000Z","strikedate":"2026-03-28T00:00:00.000Z","event_type":"Drone Attack","actor":"Iran","site_type":"civilian","siteStype":"civilian : transit","city":"","province":"","country":"Kuwait","latitude":29.24065,"longitude":47.970992,"coord_type":"general neighborhood","source_1":"https://www.reuters.com/world/middle-east/kuwait-international-airport-suffers-significant-radar-system-damage-after-drone-2026-03-28/","source_2":"","sources":""}},{"type":"Feature","geometry":{"type":"Point","coordinates":[35.008185,31.78142799999999]},"properties":{"event_id":101003,"data_org":"Green","post_date":"2026-03-28T00:00:00.000Z","pub_date":"2026-03-28T00:00:00.000Z","strikedate":"2026-03-28T00:00:00.000Z","event_type":"Missile Attack","actor":"Iran","site_type":"civilian","siteStype":"civilian : building","city":"","province":"","country":"Israel","latitude":31.781428,"longitude":35.008185,"coord_type":"general town","source_1":"https://x.com/manniefabian/status/2037861078487474310","source_2":"DNGTS: https://www.ynetnews dot com/article/r1tzcnbowg","sources":""}},{"type":"Feature","geometry":{"type":"Point","coordinates":[34.87529,32.045022]},"properties":{"event_id":101012,"data_org":"Green","post_date":"2026-03-28T00:00:00.000Z","pub_date":"2026-03-29T00:00:00.000Z","strikedate":"2026-03-28T00:00:00.000Z","event_type":"Missile Attack","actor":"Iran","site_type":"civilian","siteStype":"civilian : building","city":"","province":"","country":"Israel","latitude":32.045022,"longitude":34.87529,"coord_type":"general town","source_1":"https://x.com/GLZRadio/status/2037978915373801672","source_2":"","sources":""}},{"type":"Feature","geometry":{"type":"Point","coordinates":[55.559077,25.429240999999998]},"properties":{"event_id":101013,"data_org":"Green","post_date":"2026-03-28T00:00:00.000Z","pub_date":"2026-03-29T00:00:00.000Z","strikedate":"2026-03-28T00:00:00.000Z","event_type":"Drone & Missile Attack","actor":"Iran","site_type":"civilian","siteStype":"civilian : industrial","city":"","province":"","country":"UAE","latitude":25.429241,"longitude":55.559077,"coord_type":"exact","source_1":"https://t.me/defapress_ir/53991","source_2":"https://x.com/IranIntl/status/2037988181644022183?s=20","sources":""}},{"type":"Feature","geometry":{"type":"Point","coordinates":[50.607374,26.094761000000002]},"properties":{"event_id":101014,"data_org":"Green","post_date":"2026-03-28T00:00:00.000Z","pub_date":"2026-03-29T00:00:00.000Z","strikedate":"2026-03-28T00:00:00.000Z","event_type":"Drone & Missile Attack","actor":"Iran","site_type":"civilian","siteStype":"civilian : industrial","city":"","province":"","country":"Bahrain","latitude":26.094761,"longitude":50.607374,"coord_type":"exact","source_1":"https://t.me/defapress_ir/53991","source_2":"https://x.com/IranIntl/status/2038052432182141378?s=20","sources":""}},{"type":"Feature","geometry":{"type":"Point","coordinates":[34.789149,32.071067]},"properties":{"event_id":101023,"data_org":"Green","post_date":"2026-03-29T00:00:00.000Z","pub_date":"2026-03-29T00:00:00.000Z","strikedate":"2026-03-29T00:00:00.000Z","event_type":"unknown","actor":"Iran","site_type":"civilian","siteStype":"civilian : building","city":"","province":"","country":"Israel","latitude":32.071067,"longitude":34.789149,"coord_type":"exact","source_1":"https://x.com/Shayan86/status/2038160771712966829?s=20","source_2":"","sources":""}},{"type":"Feature","geometry":{"type":"Point","coordinates":[34.78814,31.253737000000008]},"properties":{"event_id":101027,"data_org":"Green","post_date":"2026-03-29T00:00:00.000Z","pub_date":"2026-03-29T00:00:00.000Z","strikedate":"2026-03-29T00:00:00.000Z","event_type":"Missile Attack","actor":"Iran","site_type":"civilian","siteStype":"civilian : unknown","city":"","province":"","country":"Israel","latitude":31.253737,"longitude":34.78814,"coord_type":"general town","source_1":"https://x.com/manniefabian/status/2038274427415060866?s=20","source_2":"https://x.com/manniefabian/status/2038290385588420718?s=20","sources":""}},{"type":"Feature","geometry":{"type":"Point","coordinates":[34.787836,31.129952]},"properties":{"event_id":101031,"data_org":"Green","post_date":"2026-03-29T00:00:00.000Z","pub_date":"2026-03-29T00:00:00.000Z","strikedate":"2026-03-29T00:00:00.000Z","event_type":"unknown","actor":"Iran","site_type":"civilian","siteStype":"civilian : industrial","city":"","province":"","country":"Israel","latitude":31.129952,"longitude":34.787836,"coord_type":"exact","source_1":"https://x.com/acceladealer/status/2038246559821742359?s=20","source_2":"https://x.com/GLZRadio/status/2038263511244059090","sources":"https://x.com/ariel_oseran/status/2038247543457358087; https://x.com/FaytuksNetwork/status/2038239251456762333; https://x.com/N12News/status/2038261649388281908"}},{"type":"Feature","geometry":{"type":"Point","coordinates":[47.784291,29.372268999999996]},"properties":{"event_id":101044,"data_org":"Green","post_date":"2026-03-29T00:00:00.000Z","pub_date":"2026-03-30T00:00:00.000Z","strikedate":"2026-03-29T00:00:00.000Z","event_type":"unknown","actor":"Iran","site_type":"energy","siteStype":"energy : water desalination","city":"","province":"","country":"Kuwait","latitude":29.372269,"longitude":47.784291,"coord_type":"NA","source_1":"https://x.com/ariel_oseran/status/2038400041111503043?s=20","source_2":"https://x.com/ariel_oseran/status/2038565967735800177?s=20","sources":""}},{"type":"Feature","geometry":{"type":"Point","coordinates":[35.175252,32.80331]},"properties":{"event_id":101054,"data_org":"Green","post_date":"2026-03-30T00:00:00.000Z","pub_date":"2026-03-30T00:00:00.000Z","strikedate":"2026-03-30T00:00:00.000Z","event_type":"Missile Attack","actor":"Iran","site_type":"civilian","siteStype":"civilian : building","city":"Shefaram","province":"Shefaram","country":"Israel","latitude":32.80331,"longitude":35.175252,"coord_type":"general town","source_1":"https://x.com/manniefabian/status/2038535651574898953","source_2":"https://t.me/moriahdoron/29200","sources":""}},{"type":"Feature","geometry":{"type":"Point","coordinates":[54.250761,23.275995000000005]},"properties":{"event_id":101056,"data_org":"Green","post_date":"2026-03-30T00:00:00.000Z","pub_date":"2026-03-30T00:00:00.000Z","strikedate":"2026-03-30T00:00:00.000Z","event_type":"Missile Attack","actor":"Iran","site_type":"energy","siteStype":"energy : gas","city":"","province":"","country":"UAE","latitude":23.275995,"longitude":54.250761,"coord_type":"exact","source_1":"https://x.com/SoarAtlas/status/2038537160937402569?s=20","source_2":"https://x.com/tom_bike/status/2038650623801901235?s=20","sources":"https://t.me/sepah_pasdaran/190298"}},{"type":"Feature","geometry":{"type":"Point","coordinates":[55.828282,25.243745999999984]},"properties":{"event_id":101067,"data_org":"Green","post_date":"2026-03-30T00:00:00.000Z","pub_date":"2026-03-31T00:00:00.000Z","strikedate":"2026-03-30T00:00:00.000Z","event_type":"Drone Attack","actor":"Iran","site_type":"civilian","siteStype":"civilian : building","city":"","province":"","country":"UAE","latitude":25.243746,"longitude":55.828282,"coord_type":"exact","source_1":"https://x.com/no_itsmyturn/status/2038718559778406467","source_2":"https://x.com/sharjahmedia/status/2038711297496543441","sources":"https://x.com/sentdefender/status/2038724963805417909"}},{"type":"Feature","geometry":{"type":"Point","coordinates":[34.833631,32.08581900000001]},"properties":{"event_id":101077,"data_org":"Green","post_date":"2026-03-31T00:00:00.000Z","pub_date":"2026-03-31T00:00:00.000Z","strikedate":"2026-03-31T00:00:00.000Z","event_type":"Missile Attack","actor":"Iran","site_type":"unknown","siteStype":"NA","city":"Tel Aviv","province":"Tel Aviv","country":"Israel","latitude":32.085819,"longitude":34.833631,"coord_type":"general neighborhood","source_1":"https://x.com/Osint613/status/2038884195297058915","source_2":"","sources":""}},{"type":"Feature","geometry":{"type":"Point","coordinates":[34.854417,32.083194]},"properties":{"event_id":101083,"data_org":"Green","post_date":"2026-03-31T00:00:00.000Z","pub_date":"2026-03-31T00:00:00.000Z","strikedate":"2026-03-31T00:00:00.000Z","event_type":"Missile Attack","actor":"Iran","site_type":"civilian","siteStype":"civilian : unknown","city":"Givat Shmuel","province":"Givat Shmuel","country":"Israel","latitude":32.083194,"longitude":34.854417,"coord_type":"exact","source_1":"https://x.com/EndlessWint_r/status/2038918883457843592?s=20","source_2":"https://x.com/ShaykhSulaiman/status/2038873763081506821?s=20","sources":""}},{"type":"Feature","geometry":{"type":"Point","coordinates":[47.971046,29.240422999999993]},"properties":{"event_id":101090,"data_org":"Green","post_date":"2026-03-31T00:00:00.000Z","pub_date":"2026-04-01T00:00:00.000Z","strikedate":"2026-03-31T00:00:00.000Z","event_type":"Drone Attack","actor":"Iran","site_type":"civilian","siteStype":"civilian : oil infrastructure","city":"","province":"","country":"Kuwait","latitude":29.240423,"longitude":47.971046,"coord_type":"","source_1":"https://x.com/no_itsmyturn/status/2039184498068238525","source_2":"https://www.reuters.com/world/middle-east/kuwait-says-iran-drone-attack-sets-airport-fuel-tanks-ablaze-no-casualties-2026-04-01/","sources":""}},{"type":"Feature","geometry":{"type":"Point","coordinates":[34.832852,32.08453500000001]},"properties":{"event_id":101100,"data_org":"Green","post_date":"2026-04-01T00:00:00.000Z","pub_date":"2026-04-01T00:00:00.000Z","strikedate":"2026-04-01T00:00:00.000Z","event_type":"Missile Attack","actor":"Iran","site_type":"NA","siteStype":"NA","city":"Bnei Brak","province":"","country":"Israel","latitude":32.084535,"longitude":34.832852,"coord_type":"general town","source_1":"https://t.me/moriahdoron/29291","source_2":"https://t.me/moriahdoron/29295","sources":"https://t.me/moriahdoron/29297"}},{"type":"Feature","geometry":{"type":"Point","coordinates":[34.88616467,32.083742]},"properties":{"event_id":101104,"data_org":"Green","post_date":"2026-04-01T00:00:00.000Z","pub_date":"2026-04-01T00:00:00.000Z","strikedate":"2026-04-01T00:00:00.000Z","event_type":"Missile Attack","actor":"Iran","site_type":"civilian","siteStype":"civilian : unknown","city":"Petah Tikva","province":"","country":"Israel","latitude":32.083742,"longitude":34.88616467,"coord_type":"general town","source_1":"https://x.com/manniefabian/status/2039363440590901456","source_2":"","sources":""}},{"type":"Feature","geometry":{"type":"Point","coordinates":[34.95152672,32.09638499999999]},"properties":{"event_id":101105,"data_org":"Green","post_date":"2026-04-01T00:00:00.000Z","pub_date":"2026-04-01T00:00:00.000Z","strikedate":"2026-04-01T00:00:00.000Z","event_type":"Missile Attack","actor":"Iran","site_type":"civilian","siteStype":"civilian : unknown","city":"Rosh Haayin","province":"","country":"Israel","latitude":32.096385,"longitude":34.95152672,"coord_type":"general town","source_1":"https://x.com/manniefabian/status/2039363440590901456","source_2":"https://t.me/sepah_pasdaran/190791","sources":""}},{"type":"Feature","geometry":{"type":"Point","coordinates":[50.471332,26.159961]},"properties":{"event_id":101107,"data_org":"Green","post_date":"2026-03-31T00:00:00.000Z","pub_date":"2026-04-01T00:00:00.000Z","strikedate":"2026-03-31T00:00:00.000Z","event_type":"unknown","actor":"Iran","site_type":"civilian","siteStype":"civilian : industrial","city":"Manama","province":"","country":"Bahrain","latitude":26.159961,"longitude":50.471332,"coord_type":"exact","source_1":"https://x.com/moi_bahrain/status/2039161632069169338?s=20","source_2":"https://x.com/Currentreport1/status/2039174435656306978?s=20","sources":""}},{"type":"Feature","geometry":{"type":"Point","coordinates":[47.563959,24.06391899999999]},"properties":{"event_id":101109,"data_org":"Green","post_date":"2026-04-01T00:00:00.000Z","pub_date":"2026-04-02T00:00:00.000Z","strikedate":"2026-03-27T00:00:00.000Z","event_type":"Drone Attack","actor":"Iran","site_type":"military : US base","siteStype":"military : airbase","city":"Industrial Area 16464","province":"","country":"Saudi Arabia","latitude":24.063919,"longitude":47.563959,"coord_type":"exact","source_1":"https://x.com/MT_Anderson/status/2039419658294772068?s=20","source_2":"","sources":""}},{"type":"Feature","geometry":{"type":"Point","coordinates":[34.832852,32.08453500000001]},"properties":{"event_id":101117,"data_org":"Green","post_date":"2026-04-01T00:00:00.000Z","pub_date":"2026-04-02T00:00:00.000Z","strikedate":"2026-04-01T00:00:00.000Z","event_type":"Missile Attack","actor":"Iran","site_type":"civilian","siteStype":"civilian : unknown","city":"Bnei Brak","province":"","country":"Israel","latitude":32.084535,"longitude":34.832852,"coord_type":"general town","source_1":"https://t.me/manniefabian/57290","source_2":"https://t.me/manniefabian/57291","sources":""}},{"type":"Feature","geometry":{"type":"Point","coordinates":[47.530419,29.335666999999997]},"properties":{"event_id":101115,"data_org":"Green","post_date":"2026-04-02T00:00:00.000Z","pub_date":"2026-04-02T00:00:00.000Z","strikedate":"2026-04-01T00:00:00.000Z","event_type":"unknown","actor":"Iran","site_type":"military : US base","siteStype":"military : airbase","city":"Al Jahra","province":"","country":"Kuwait","latitude":29.335667,"longitude":47.530419,"coord_type":"exact","source_1":"https://x.com/EGYOSINT/status/2039663900975579390?s=20","source_2":"","sources":""}},{"type":"Feature","geometry":{"type":"Point","coordinates":[34.883641000000004,32.107251]},"properties":{"event_id":0,"data_org":"Green","post_date":"2026-04-02T00:00:00.000Z","pub_date":"2026-04-02T00:00:00.000Z","strikedate":"2026-04-02T00:00:00.000Z","event_type":"Missile Attack","actor":"Iran","site_type":"unknown","siteStype":"NA","city":"Petah Tikva","province":"","country":"Israel","latitude":32.107251,"longitude":34.883641,"coord_type":"exact","source_1":"https://t.me/manniefabian/57314","source_2":"https://t.me/manniefabian/57315","sources":"https://x.com/vcdgf555/status/2039753880771371455?s=20"}},{"type":"Feature","geometry":{"type":"Point","coordinates":[34.884365,32.107364]},"properties":{"event_id":101126,"data_org":"Green","post_date":"2026-04-02T00:00:00.000Z","pub_date":"2026-04-03T00:00:00.000Z","strikedate":"2026-04-02T00:00:00.000Z","event_type":"Missile Attack","actor":"Iran","site_type":"civilian","siteStype":"civilian : industrial","city":"Petah Tikva","province":"","country":"Israel","latitude":32.107364,"longitude":34.884365,"coord_type":"exact","source_1":"https://x.com/Stinky915846091/status/2039782522813366280?s=20","source_2":"https://x.com/Stinky915846091/status/2039782517432025549?s=20","sources":"https://x.com/vcdgf555/status/2039753880771371455?s=20"}},{"type":"Feature","geometry":{"type":"Point","coordinates":[34.848746,32.07743299999999]},"properties":{"event_id":101128,"data_org":"Green","post_date":"2026-04-02T00:00:00.000Z","pub_date":"2026-04-03T00:00:00.000Z","strikedate":"2026-04-02T00:00:00.000Z","event_type":"Missile Attack","actor":"Iran","site_type":"civilian","siteStype":"civilian : unknown","city":"Giv'at Shmuel","province":"","country":"Israel","latitude":32.077433,"longitude":34.848746,"coord_type":"general town","source_1":"https://x.com/JoeTruzman/status/2039867973641654295","source_2":"","sources":""}},{"type":"Feature","geometry":{"type":"Point","coordinates":[34.83504,32.08486099999999]},"properties":{"event_id":101129,"data_org":"Green","post_date":"2026-04-02T00:00:00.000Z","pub_date":"2026-04-03T00:00:00.000Z","strikedate":"2026-04-02T00:00:00.000Z","event_type":"Missile Attack","actor":"Iran","site_type":"civilian","siteStype":"civilian : unknown","city":"Bnei Brak","province":"","country":"Israel","latitude":32.084861,"longitude":34.83504,"coord_type":"general town","source_1":"https://x.com/JoeTruzman/status/2039865072303132755","source_2":"","sources":""}},{"type":"Feature","geometry":{"type":"Point","coordinates":[35.10293,32.79856]},"properties":{"event_id":101130,"data_org":"Green","post_date":"2026-04-03T00:00:00.000Z","pub_date":"2026-04-03T00:00:00.000Z","strikedate":"2026-04-03T00:00:00.000Z","event_type":"Missile Attack","actor":"Iran","site_type":"civilian","siteStype":"civilian : transit","city":"Haifa/Kiryat Ata","province":"","country":"Israel","latitude":32.79856,"longitude":35.10293,"coord_type":"exact","source_1":"https://x.com/zarGEOINT/status/2039982386801267139?s=20","source_2":"https://x.com/zarGEOINT/status/2039985583510986892?s=20","sources":"https://t.me/bintjbeilnews/169443"}},{"type":"Feature","geometry":{"type":"Point","coordinates":[34.98759,32.794401]},"properties":{"event_id":101133,"data_org":"Green","post_date":"2026-04-03T00:00:00.000Z","pub_date":"2026-04-03T00:00:00.000Z","strikedate":"2026-04-03T00:00:00.000Z","event_type":"Missile Attack","actor":"Iran","site_type":"civilian","siteStype":"civilian : unknown","city":"Haifa","province":"","country":"Israel","latitude":32.794401,"longitude":34.98759,"coord_type":"general town","source_1":"https://x.com/GLZRadio/status/2039982792050610583","source_2":"","sources":""}},{"type":"Feature","geometry":{"type":"Point","coordinates":[35.072676,32.84222499999999]},"properties":{"event_id":101136,"data_org":"Green","post_date":"2026-04-03T00:00:00.000Z","pub_date":"2026-04-03T00:00:00.000Z","strikedate":"2026-04-03T00:00:00.000Z","event_type":"Missile Attack","actor":"Iran","site_type":"civilian","siteStype":"civilian : unknown","city":"Krayot","province":"","country":"Israel","latitude":32.842225,"longitude":35.072676,"coord_type":"general town","source_1":"https://x.com/GLZRadio/status/2039982792050610583","source_2":"","sources":""}},{"type":"Feature","geometry":{"type":"Point","coordinates":[48.115613,29.058888999999994]},"properties":{"event_id":101125,"data_org":"Green","post_date":"2026-04-03T00:00:00.000Z","pub_date":"2026-04-03T00:00:00.000Z","strikedate":"2026-04-03T00:00:00.000Z","event_type":"Drone Attack","actor":"Iran","site_type":"civilian","siteStype":"civilian : oil infrastructure","city":"al Ahmadi","province":"","country":"Kuwait","latitude":29.058889,"longitude":48.115613,"coord_type":"exact","source_1":"https://x.com/Faytuks/status/2039998330772586649","source_2":"https://x.com/ariel_oseran/status/2040048935163621468","sources":"https://www.reuters.com/world/middle-east/drones-hit-kuwaits-mina-al-ahmadi-refinery-fires-reported-no-injuries-2026-04-03/ ; https://x.com/kpcofficialkw/status/2039931610473074785; https://x.com/ariel_oseran/status/2040048935163621468"}},{"type":"Feature","geometry":{"type":"Point","coordinates":[53.640592000000005,23.85210099999999]},"properties":{"event_id":101132,"data_org":"Green","post_date":"2026-04-03T00:00:00.000Z","pub_date":"2026-04-03T00:00:00.000Z","strikedate":"2026-04-03T00:00:00.000Z","event_type":"unknown","actor":"Iran","site_type":"energy","siteStype":"energy : gas","city":"Abu Dhabi","province":"","country":"UAE","latitude":23.852101,"longitude":53.640592,"coord_type":"exact","source_1":"https://x.com/ariel_oseran/status/2040034231347241085","source_2":"https://x.com/ariel_oseran/status/2039983038205944243","sources":""}},{"type":"Feature","geometry":{"type":"Point","coordinates":[34.884387,32.1074]},"properties":{"event_id":101153,"data_org":"Green","post_date":"2026-04-03T00:00:00.000Z","pub_date":"2026-04-04T00:00:00.000Z","strikedate":"2026-04-04T00:00:00.000Z","event_type":"Missile Attack","actor":"Iran","site_type":"military : other","siteStype":"military : industrial","city":"Petah Tikva","province":"","country":"Israel","latitude":32.1074,"longitude":34.884387,"coord_type":"exact","source_1":"https://x.com/Shayan86/status/2040237841398059409?s=20","source_2":"DNGTS: https://www.ynetnews dot com/business/article/byrlihj2bl","sources":""}},{"type":"Feature","geometry":{"type":"Point","coordinates":[34.790726,31.134690999999997]},"properties":{"event_id":101157,"data_org":"Green","post_date":"2026-04-03T00:00:00.000Z","pub_date":"2026-04-04T00:00:00.000Z","strikedate":"2026-04-03T00:00:00.000Z","event_type":"Missile Attack","actor":"Iran","site_type":"civilian","siteStype":"civilian : industrial","city":"","province":"","country":"Israel","latitude":31.134691,"longitude":34.790726,"coord_type":"general neighborhood","source_1":"https://x.com/manniefabian/status/2040203575637557330","source_2":"https://x.com/manniefabian/status/2040312179014951298","sources":"https://www.timesofisrael.com/liveblog_entry/iranian-missile-sparks-fire-at-industrial-zone-near-beersheba-no-reported-injuries-or-hazardous-material-fears/"}},{"type":"Feature","geometry":{"type":"Point","coordinates":[34.768008,32.076717999999985]},"properties":{"event_id":101159,"data_org":"Green","post_date":"2026-04-03T00:00:00.000Z","pub_date":"2026-04-04T00:00:00.000Z","strikedate":"2026-04-03T00:00:00.000Z","event_type":"Missile Attack","actor":"Iran","site_type":"civilian","siteStype":"civilian : unknown","city":"Tel Aviv","province":"","country":"Israel","latitude":32.076718,"longitude":34.768008,"coord_type":"general town","source_1":"https://x.com/manniefabian/status/2040208837748162823","source_2":"https://www.timesofisrael.com/liveblog_entry/no-injuries-immediately-reported-after-iranian-cluster-bomb-on-center/","sources":""}},{"type":"Feature","geometry":{"type":"Point","coordinates":[34.768008,32.076717999999985]},"properties":{"event_id":101161,"data_org":"Green","post_date":"2026-04-03T00:00:00.000Z","pub_date":"2026-04-04T00:00:00.000Z","strikedate":"2026-04-03T00:00:00.000Z","event_type":"Missile Attack","actor":"Iran","site_type":"unknown","siteStype":"NA","city":"Tel Aviv","province":"","country":"Israel","latitude":32.076718,"longitude":34.768008,"coord_type":"general town","source_1":"https://x.com/manniefabian/status/2040207631835373993","source_2":"","sources":""}},{"type":"Feature","geometry":{"type":"Point","coordinates":[34.834808,32.08488199999999]},"properties":{"event_id":101163,"data_org":"Green","post_date":"2026-04-04T00:00:00.000Z","pub_date":"2026-04-04T00:00:00.000Z","strikedate":"2026-04-04T00:00:00.000Z","event_type":"Missile Attack","actor":"Iran","site_type":"civilian","siteStype":"civilian : building","city":"Bnei Brak","province":"","country":"Israel","latitude":32.084882,"longitude":34.834808,"coord_type":"general town","source_1":"https://x.com/manniefabian/status/2040356027934105657","source_2":"https://t.me/moriahdoron/29483","sources":""}},{"type":"Feature","geometry":{"type":"Point","coordinates":[34.823357,32.068574]},"properties":{"event_id":101164,"data_org":"Green","post_date":"2026-04-04T00:00:00.000Z","pub_date":"2026-04-04T00:00:00.000Z","strikedate":"2026-04-04T00:00:00.000Z","event_type":"Missile Attack","actor":"Iran","site_type":"civilian","siteStype":"civilian : building","city":"Ramat Gan","province":"","country":"Israel","latitude":32.068574,"longitude":34.823357,"coord_type":"general town","source_1":"https://x.com/manniefabian/status/2040356027934105657","source_2":"https://x.com/DanLinnaeus/status/2040356594416771097?s=20","sources":"https://www.timesofisrael.com/liveblog_entry/iranian-cluster-bomb-attack-fells-ramat-gan-building-causes-power-outage-in-rosh-haayin/"}},{"type":"Feature","geometry":{"type":"Point","coordinates":[34.78963501,32.075067]},"properties":{"event_id":101166,"data_org":"Green","post_date":"2026-04-04T00:00:00.000Z","pub_date":"2026-04-04T00:00:00.000Z","strikedate":"2026-04-04T00:00:00.000Z","event_type":"Missile Attack","actor":"Iran","site_type":"military : IDF base","siteStype":"military : base","city":"Tel Aviv","province":"","country":"Israel","latitude":32.075067,"longitude":34.78963501,"coord_type":"general neighborhood","source_1":"https://x.com/N12News/status/2040426584885096569","source_2":"https://x.com/manniefabian/status/2040429270783205813","sources":"DNGTS: https://www.ynetnews.com/article/ryssuqcowe"}},{"type":"Feature","geometry":{"type":"Point","coordinates":[55.16111600000001,25.09376399999999]},"properties":{"event_id":101170,"data_org":"Green","post_date":"2026-04-03T00:00:00.000Z","pub_date":"2026-04-04T00:00:00.000Z","strikedate":"2026-04-03T00:00:00.000Z","event_type":"unknown","actor":"Iran","site_type":"civilian","siteStype":"civilian : unknown","city":"","province":"","country":"UAE","latitude":25.093764,"longitude":55.161116,"coord_type":"exact","source_1":"https://x.com/DXBMediaOffice/status/2040264748181471655","source_2":"","sources":""}},{"type":"Feature","geometry":{"type":"Point","coordinates":[34.78458,32.07197000000001]},"properties":{"event_id":101171,"data_org":"Green","post_date":"2026-04-04T00:00:00.000Z","pub_date":"2026-04-04T00:00:00.000Z","strikedate":"2026-04-04T00:00:00.000Z","event_type":"Missile Attack","actor":"Iran","site_type":"civilian","siteStype":"civilian : building","city":"Tel Aviv","province":"","country":"Israel","latitude":32.07197,"longitude":34.78458,"coord_type":"exact","source_1":"https://x.com/zarGEOINT/status/2040419793103102329?s=20","source_2":"https://t.me/New_security8200/192846","sources":""}},{"type":"Feature","geometry":{"type":"Point","coordinates":[50.62517,26.146709999999995]},"properties":{"event_id":101176,"data_org":"Green","post_date":"2026-04-04T00:00:00.000Z","pub_date":"2026-04-05T00:00:00.000Z","strikedate":"2026-04-04T00:00:00.000Z","event_type":"unknown","actor":"Iran","site_type":"energy","siteStype":"energy : oil","city":"","province":"","country":"Bahrain","latitude":26.14671,"longitude":50.62517,"coord_type":"exact","source_1":"https://x.com/vcdgf555/status/2040650062720835744?s=20","source_2":"https://x.com/Faytuks/status/2040626694491451458?s=20","sources":"https://x.com/Mitch_Ulrich/status/2040630981082669506?s=20"}},{"type":"Feature","geometry":{"type":"Point","coordinates":[52.757807899999996,24.122051999999996]},"properties":{"event_id":101182,"data_org":"Green","post_date":"2026-04-05T00:00:00.000Z","pub_date":"2026-04-05T00:00:00.000Z","strikedate":"2026-04-05T00:00:00.000Z","event_type":"Missile Attack","actor":"Iran","site_type":"civilian","siteStype":"civilian : industrial","city":"Al Ruwais Industrial City","province":"Abu Dhabi","country":"UAE","latitude":24.122052,"longitude":52.7578079,"coord_type":"general neighborhood","source_1":"https://www.reuters.com/world/middle-east/abu-dhabi-reports-damage-borouge-plant-falling-debris-2026-04-05/","source_2":"https://www.bloomberg.com/news/articles/2026-04-05/borouge-suspends-abu-dhabi-plant-operations-after-multiple-fires","sources":""}},{"type":"Feature","geometry":{"type":"Point","coordinates":[34.790726,31.134690999999997]},"properties":{"event_id":101157,"data_org":"Green","post_date":"2026-04-05T00:00:00.000Z","pub_date":"2026-04-05T00:00:00.000Z","strikedate":"2026-04-05T00:00:00.000Z","event_type":"Missile Attack","actor":"Iran","site_type":"civilian","siteStype":"civilian : industrial","city":"","province":"","country":"Israel","latitude":31.134691,"longitude":34.790726,"coord_type":"general neighborhood","source_1":"https://x.com/manniefabian/status/2040743406696112318","source_2":"","sources":""}},{"type":"Feature","geometry":{"type":"Point","coordinates":[56.367607,25.35347799999999]},"properties":{"event_id":101185,"data_org":"Green","post_date":"2026-04-05T00:00:00.000Z","pub_date":"2026-04-05T00:00:00.000Z","strikedate":"2026-04-05T00:00:00.000Z","event_type":"unknown","actor":"Iran","site_type":"civilian","siteStype":"civilian : port","city":"Hay al Sharg","province":"Sharjah","country":"UAE","latitude":25.353478,"longitude":56.367607,"coord_type":"exact","source_1":"https://t.me/farsna/426741","source_2":"https://x.com/ariel_oseran/status/2040813573023158703","sources":"https://x.com/ariel_oseran/status/2040851281745432683 ; https://x.com/no_itsmyturn/status/2040862048687419816?s=20; https://x.com/UK_MTO/status/2040823228982010182?s=20"}},{"type":"Feature","geometry":{"type":"Point","coordinates":[34.992768,32.795224]},"properties":{"event_id":101188,"data_org":"Green","post_date":"2026-04-05T00:00:00.000Z","pub_date":"2026-04-05T00:00:00.000Z","strikedate":"2026-04-05T00:00:00.000Z","event_type":"Missile Attack","actor":"Iran","site_type":"civilian","siteStype":"civilian : building","city":"","province":"Haifa","country":"Israel","latitude":32.795224,"longitude":34.992768,"coord_type":"exact","source_1":"https://x.com/acceladealer/status/2040825010902769927?s=20","source_2":"https://x.com/acceladealer/status/2040825326733856898?s=20","sources":"https://x.com/manniefabian/status/2040814613323780176 ; https://t.me/lelotsenzura/89858; https://x.com/manniefabian/status/2040817188878127603"}},{"type":"Feature","geometry":{"type":"Point","coordinates":[45.395897,35.573042999999984]},"properties":{"event_id":101212,"data_org":"Green","post_date":"2026-04-05T00:00:00.000Z","pub_date":"2026-04-06T00:00:00.000Z","strikedate":"2026-04-05T00:00:00.000Z","event_type":"Drone Attack","actor":"Likely Iraqi militias","site_type":"military : other","siteStype":"military : hq","city":"Sulaymaniyah","province":"","country":"Iraq","latitude":35.573043,"longitude":45.395897,"coord_type":"general neighborhood","source_1":"https://x.com/IranIntl/status/2040954600061120899?s=20","source_2":"https://x.com/bbcpersian/status/2041165970165690831","sources":""}},{"type":"Feature","geometry":{"type":"Point","coordinates":[35.02118,32.789289999999994]},"properties":{"event_id":101196,"data_org":"Green","post_date":"2026-04-05T00:00:00.000Z","pub_date":"2026-04-06T00:00:00.000Z","strikedate":"2026-04-05T00:00:00.000Z","event_type":"Missile Attack","actor":"Iran","site_type":"unknown","siteStype":"NA","city":"Haifa","province":"","country":"Israel","latitude":32.78929,"longitude":35.02118,"coord_type":"exact","source_1":"https://x.com/manniefabian/status/2040983739623162315?s=20","source_2":"https://x.com/manniefabian/status/2040987472411107753?s=20; https://x.com/manniefabian/status/2040989997491195941?s=20","sources":"https://x.com/JoeTruzman/status/2040987182853501248?s=20; https://www.ynetnews dot com/article/hk00zlfx2bx#autoplay"}},{"type":"Feature","geometry":{"type":"Point","coordinates":[34.89422,32.10731]},"properties":{"event_id":101202,"data_org":"Green","post_date":"2026-04-06T00:00:00.000Z","pub_date":"2026-04-06T00:00:00.000Z","strikedate":"2026-04-06T00:00:00.000Z","event_type":"Missile Attack","actor":"Iran","site_type":"civilian","siteStype":"civilian : building","city":"Petah Tikva","province":"","country":"Israel","latitude":32.10731,"longitude":34.89422,"coord_type":"exact","source_1":"https://x.com/zarGEOINT/status/2041108819665653871","source_2":"https://t.me/bintjbeilnews/170125","sources":"https://x.com/Shayan86/status/2041179745635696959?s=20"}},{"type":"Feature","geometry":{"type":"Point","coordinates":[47.519835,29.346243000000012]},"properties":{"event_id":101222,"data_org":"Green","post_date":"2026-04-06T00:00:00.000Z","pub_date":"2026-04-07T00:00:00.000Z","strikedate":"2026-04-06T00:00:00.000Z","event_type":"Drone Attack","actor":"Iran","site_type":"military : US base","siteStype":"military : airbase","city":"","province":"","country":"Kuwait","latitude":29.346243,"longitude":47.519835,"coord_type":"exact","source_1":"https://www.cbsnews.com/live-updates/iran-war-trump-deadline-power-plants-bridges-ceasefire-push-air-force-rescue/#post-update-377cfd12","source_2":"","sources":""}},{"type":"Feature","geometry":{"type":"Point","coordinates":[49.60485559,27.004859000000003]},"properties":{"event_id":101224,"data_org":"Green","post_date":"2026-04-06T00:00:00.000Z","pub_date":"2026-04-07T00:00:00.000Z","strikedate":"2026-04-07T00:00:00.000Z","event_type":"Missile Attack","actor":"Iran","site_type":"civilian","siteStype":"civilian : industrial","city":"","province":"Eastern Province","country":"Saudi Arabia","latitude":27.004859,"longitude":49.60485559,"coord_type":"general neighborhood","source_1":"https://x.com/Faytuks/status/2041287585079640546","source_2":"https://x.com/Faytuks/status/2041291037054804257","sources":"https://x.com/Faytuks/status/2041296529554587753; ; https://x.com/Mitch_Ulrich/status/2041325173844971603/history"}},{"type":"Feature","geometry":{"type":"Point","coordinates":[34.952289,29.55749299999999]},"properties":{"event_id":101218,"data_org":"Green","post_date":"2026-04-07T00:00:00.000Z","pub_date":"2026-04-07T00:00:00.000Z","strikedate":"2026-04-07T00:00:00.000Z","event_type":"Missile Attack","actor":"Iran","site_type":"unknown","siteStype":"NA","city":"Eilat","province":"","country":"Israel","latitude":29.557493,"longitude":34.952289,"coord_type":"general town","source_1":"https://x.com/manniefabian/status/2041396949585104979?s=20","source_2":"https://x.com/manniefabian/status/2041401856253960593?s=20","sources":""}},{"type":"Feature","geometry":{"type":"Point","coordinates":[34.82431,32.09769999999999]},"properties":{"event_id":101225,"data_org":"Green","post_date":"2026-04-07T00:00:00.000Z","pub_date":"2026-04-07T00:00:00.000Z","strikedate":"2026-04-07T00:00:00.000Z","event_type":"Missile Attack","actor":"Iran","site_type":"civilian","siteStype":"civilian : transit","city":"Bnei Brak","province":"","country":"Israel","latitude":32.0977,"longitude":34.82431,"coord_type":"exact","source_1":"https://x.com/zarGEOINT/status/2041405228205957145?s=20","source_2":"https://x.com/zarGEOINT/status/2041407962132943351?s=20","sources":"https://t.me/N12chat/200233"}},{"type":"Feature","geometry":{"type":"Point","coordinates":[55.42708783,25.354801999999992]},"properties":{"event_id":101231,"data_org":"Green","post_date":"2026-04-07T00:00:00.000Z","pub_date":"2026-04-07T00:00:00.000Z","strikedate":"2026-04-07T00:00:00.000Z","event_type":"Missile Attack","actor":"Iran","site_type":"civilian","siteStype":"civilian : industrial","city":"","province":"Sharjah","country":"UAE","latitude":25.354802,"longitude":55.42708783,"coord_type":"general town","source_1":"https://x.com/no_itsmyturn/status/2041496552485568560","source_2":"https://gulfnews.com/uae/two-injured-after-missile-strikes-administrative-building-in-sharjah-1.500498987","sources":""}},{"type":"Feature","geometry":{"type":"Point","coordinates":[34.953641,32.09768199999999]},"properties":{"event_id":101233,"data_org":"Green","post_date":"2026-04-07T00:00:00.000Z","pub_date":"2026-04-07T00:00:00.000Z","strikedate":"2026-04-07T00:00:00.000Z","event_type":"Missile Attack","actor":"Iran","site_type":"civilian","siteStype":"civilian : transit","city":"Rosh Haayin","province":"","country":"Israel","latitude":32.097682,"longitude":34.953641,"coord_type":"exact","source_1":"https://x.com/i24NEWS_EN/status/2041431492568474100","source_2":"https://x.com/MwaiPetrov/status/2041466338367987795","sources":""}},{"type":"Feature","geometry":{"type":"Point","coordinates":[34.85955,32.131919]},"properties":{"event_id":101234,"data_org":"Green","post_date":"2026-04-07T00:00:00.000Z","pub_date":"2026-04-07T00:00:00.000Z","strikedate":"2026-04-07T00:00:00.000Z","event_type":"Missile Attack","actor":"Iran","site_type":"civilian","siteStype":"civilian : unknown","city":"Tel Aviv","province":"","country":"Israel","latitude":32.131919,"longitude":34.85955,"coord_type":"exact","source_1":"https://x.com/MwaiPetrov/status/2041445505872384169","source_2":"","sources":""}},{"type":"Feature","geometry":{"type":"Point","coordinates":[47.770708000000006,30.23190799999999]},"properties":{"event_id":101235,"data_org":"Green","post_date":"2026-04-07T00:00:00.000Z","pub_date":"2026-04-07T00:00:00.000Z","strikedate":"2026-04-07T00:00:00.000Z","event_type":"Missile Attack","actor":"UNK","site_type":"civilian","siteStype":"civilian : building","city":"Khor al Zubayr","province":"Basra","country":"Iraq","latitude":30.231908,"longitude":47.770708,"coord_type":"general town","source_1":"DNGTS: https://shafaq dot com/ar/????/4-?????-?????-?????-???-????-??-??????","source_2":"","sources":""}},{"type":"Feature","geometry":{"type":"Point","coordinates":[34.858759,31.246544]},"properties":{"event_id":101246,"data_org":"Green","post_date":"2026-04-07T00:00:00.000Z","pub_date":"2026-04-08T00:00:00.000Z","strikedate":"2026-04-07T00:00:00.000Z","event_type":"Missile Attack","actor":"Iran","site_type":"civilian","siteStype":"civilian : unknown","city":"Tel Sheva","province":"","country":"Israel","latitude":31.246544,"longitude":34.858759,"coord_type":"general town","source_1":"https://x.com/manniefabian/status/2041681475272069478?s=20","source_2":"https://x.com/JoeTruzman/status/2041689380499452247","sources":""}},{"type":"Feature","geometry":{"type":"Point","coordinates":[34.788268,31.249758]},"properties":{"event_id":101247,"data_org":"Green","post_date":"2026-04-07T00:00:00.000Z","pub_date":"2026-04-08T00:00:00.000Z","strikedate":"2026-04-07T00:00:00.000Z","event_type":"Missile Attack","actor":"Iran","site_type":"unknown","siteStype":"NA","city":"Beersheba","province":"","country":"Israel","latitude":31.249758,"longitude":34.788268,"coord_type":"general town","source_1":"https://x.com/manniefabian/status/2041681475272069478?s=20","source_2":"","sources":""}},{"type":"Feature","geometry":{"type":"Point","coordinates":[34.849704,31.269159]},"properties":{"event_id":101250,"data_org":"Green","post_date":"2026-04-07T00:00:00.000Z","pub_date":"2026-04-08T00:00:00.000Z","strikedate":"2026-04-07T00:00:00.000Z","event_type":"Missile Attack","actor":"Iran","site_type":"unknown","siteStype":"NA","city":"Omer","province":"","country":"Israel","latitude":31.269159,"longitude":34.849704,"coord_type":"general town","source_1":"https://x.com/ThetiMapping/status/2041691057662943471?s=20","source_2":"","sources":""}},{"type":"Feature","geometry":{"type":"Point","coordinates":[34.835384,32.08820599999999]},"properties":{"event_id":101252,"data_org":"Green","post_date":"2026-04-07T00:00:00.000Z","pub_date":"2026-04-08T00:00:00.000Z","strikedate":"2026-04-07T00:00:00.000Z","event_type":"Missile Attack","actor":"Iran","site_type":"unknown","siteStype":"civilian : unknown","city":"Bnei Brak","province":"","country":"Israel","latitude":32.088206,"longitude":34.835384,"coord_type":"general town","source_1":"https://x.com/ThetiMapping/status/2041691057662943471?s=20","source_2":"","sources":""}},{"type":"Feature","geometry":{"type":"Point","coordinates":[34.881348,32.091074]},"properties":{"event_id":101253,"data_org":"Green","post_date":"2026-04-07T00:00:00.000Z","pub_date":"2026-04-08T00:00:00.000Z","strikedate":"2026-04-07T00:00:00.000Z","event_type":"Missile Attack","actor":"Iran","site_type":"unknown","siteStype":"NA","city":"Petah Tikva","province":"","country":"Israel","latitude":32.091074,"longitude":34.881348,"coord_type":"general town","source_1":"https://x.com/ThetiMapping/status/2041691057662943471?s=20","source_2":"","sources":""}},{"type":"Feature","geometry":{"type":"Point","coordinates":[35.012624,32.805486]},"properties":{"event_id":101254,"data_org":"Green","post_date":"2026-04-07T00:00:00.000Z","pub_date":"2026-04-08T00:00:00.000Z","strikedate":"2026-04-07T00:00:00.000Z","event_type":"Missile Attack","actor":"Iran","site_type":"unknown","siteStype":"civilian : unknown","city":"Haifa","province":"","country":"Israel","latitude":32.805486,"longitude":35.012624,"coord_type":"general town","source_1":"https://x.com/ThetiMapping/status/2041691057662943471?s=20","source_2":"","sources":""}},{"type":"Feature","geometry":{"type":"Point","coordinates":[47.94113141,29.353147999999997]},"properties":{"event_id":101255,"data_org":"Green","post_date":"2026-04-08T00:00:00.000Z","pub_date":"2026-04-08T00:00:00.000Z","strikedate":"2026-04-08T00:00:00.000Z","event_type":"Drone Attack","actor":"Iran","site_type":"energy","siteStype":"energy : oil","city":"Kuwait City","province":"","country":"Kuwait","latitude":29.353148,"longitude":47.94113141,"coord_type":"general town","source_1":"https://x.com/Moi_kuw/status/2041891228669678048","source_2":"","sources":""}},{"type":"Feature","geometry":{"type":"Point","coordinates":[56.349599000000005,25.189801]},"properties":{"event_id":101273,"data_org":"Green","post_date":"2026-05-04T00:00:00.000Z","pub_date":"2026-05-04T00:00:00.000Z","strikedate":"2026-05-04T00:00:00.000Z","event_type":"Drone Attack","actor":"Iran","site_type":"energy","siteStype":"energy : oil","city":"Fujairah","province":"","country":"UAE","latitude":25.189801,"longitude":56.349599,"coord_type":"exact","source_1":"https://x.com/ariel_oseran/status/2051322882949624131","source_2":"https://x.com/ariel_oseran/status/2051328415169388716?s=20","sources":"https://x.com/Faytuks/status/2051327003643490444; https://apnews.com/live/donald-trump-news-updates-05-04-2026#0000019d-f3ae-dcd3-a7fd-f3ffdcf10000; https://x.com/FaytuksNetwork/status/2051330697789386775?s=20; https://x.com/Osint613/status/2051332549813"}},{"type":"Feature","geometry":{"type":"Point","coordinates":[56.14970585,26.143244700000004]},"properties":{"event_id":101274,"data_org":"Green","post_date":"2026-05-04T00:00:00.000Z","pub_date":"2026-05-04T00:00:00.000Z","strikedate":"2026-05-04T00:00:00.000Z","event_type":"unknown","actor":"Iran","site_type":"civilian","siteStype":"civilian : building","city":"","province":"Bukha","country":"Oman","latitude":26.1432447,"longitude":56.14970585,"coord_type":"general province","source_1":"https://x.com/ariel_oseran/status/2051340665577943306?s=20","source_2":"https://t.me/moriahdoron/30576","sources":"https://x.com/Osint613/status/2051348919691436264"}},{"type":"Feature","geometry":{"type":"Point","coordinates":[47.543669,29.339226]},"properties":{"event_id":101283,"data_org":"Green","post_date":"2026-05-06T00:00:00.000Z","pub_date":"2026-05-06T00:00:00.000Z","strikedate":"1899-11-30T00:00:00.000Z","event_type":"unknown","actor":"Iran","site_type":"military : US base","siteStype":"military : airbase","city":"Al Jahra","province":"","country":"Kuwait","latitude":29.339226,"longitude":47.543669,"coord_type":"exact","source_1":"Planet Imagery","source_2":"https://www.washingtonpost.com/investigations/2026/05/06/iran-us-bases-satellite-images/","sources":""}},{"type":"Feature","geometry":{"type":"Point","coordinates":[47.543669,29.339226]},"properties":{"event_id":101284,"data_org":"Green","post_date":"2026-05-06T00:00:00.000Z","pub_date":"2026-05-06T00:00:00.000Z","strikedate":"1899-11-30T00:00:00.000Z","event_type":"unknown","actor":"Iran","site_type":"military : US base","siteStype":"military : airbase","city":"Al Jahra","province":"","country":"Kuwait","latitude":29.339226,"longitude":47.543669,"coord_type":"exact","source_1":"Planet Imagery","source_2":"https://www.washingtonpost.com/investigations/2026/05/06/iran-us-bases-satellite-images/","sources":""}},{"type":"Feature","geometry":{"type":"Point","coordinates":[47.504755,29.363001999999994]},"properties":{"event_id":101285,"data_org":"Green","post_date":"2026-05-06T00:00:00.000Z","pub_date":"2026-05-06T00:00:00.000Z","strikedate":"1899-11-30T00:00:00.000Z","event_type":"unknown","actor":"Iran","site_type":"military : US base","siteStype":"military : airbase","city":"Al Jahra","province":"","country":"Kuwait","latitude":29.363002,"longitude":47.504755,"coord_type":"exact","source_1":"Planet Imagery","source_2":"https://www.washingtonpost.com/investigations/2026/05/06/iran-us-bases-satellite-images/","sources":""}},{"type":"Feature","geometry":{"type":"Point","coordinates":[47.521866,29.348554999999994]},"properties":{"event_id":101286,"data_org":"Green","post_date":"2026-05-06T00:00:00.000Z","pub_date":"2026-05-06T00:00:00.000Z","strikedate":"1899-11-30T00:00:00.000Z","event_type":"unknown","actor":"Iran","site_type":"military : US base","siteStype":"military : airbase","city":"Al Jahra","province":"","country":"Kuwait","latitude":29.348555,"longitude":47.521866,"coord_type":"exact","source_1":"Planet Imagery","source_2":"https://www.washingtonpost.com/investigations/2026/05/06/iran-us-bases-satellite-images/","sources":""}},{"type":"Feature","geometry":{"type":"Point","coordinates":[47.504379,29.351077999999994]},"properties":{"event_id":101287,"data_org":"Green","post_date":"2026-05-06T00:00:00.000Z","pub_date":"2026-05-06T00:00:00.000Z","strikedate":"1899-11-30T00:00:00.000Z","event_type":"unknown","actor":"Iran","site_type":"military : US base","siteStype":"military : airbase","city":"Al Jahra","province":"","country":"Kuwait","latitude":29.351078,"longitude":47.504379,"coord_type":"exact","source_1":"Planet Imagery","source_2":"https://www.washingtonpost.com/investigations/2026/05/06/iran-us-bases-satellite-images/","sources":""}},{"type":"Feature","geometry":{"type":"Point","coordinates":[50.609271,26.206024000000003]},"properties":{"event_id":101288,"data_org":"Green","post_date":"2026-05-06T00:00:00.000Z","pub_date":"2026-05-06T00:00:00.000Z","strikedate":"1899-11-30T00:00:00.000Z","event_type":"unknown","actor":"Iran","site_type":"military : US base","siteStype":"military : naval base","city":"Manama","province":"","country":"Bahrain","latitude":26.206024,"longitude":50.609271,"coord_type":"exact","source_1":"Planet Imagery","source_2":"https://www.washingtonpost.com/investigations/2026/05/06/iran-us-bases-satellite-images/","sources":""}},{"type":"Feature","geometry":{"type":"Point","coordinates":[50.607442,26.204673000000003]},"properties":{"event_id":101289,"data_org":"Green","post_date":"2026-05-06T00:00:00.000Z","pub_date":"2026-05-06T00:00:00.000Z","strikedate":"1899-11-30T00:00:00.000Z","event_type":"unknown","actor":"Iran","site_type":"military : US base","siteStype":"military : naval base","city":"Manama","province":"","country":"Bahrain","latitude":26.204673,"longitude":50.607442,"coord_type":"exact","source_1":"Planet Imagery","source_2":"https://www.washingtonpost.com/investigations/2026/05/06/iran-us-bases-satellite-images/","sources":""}},{"type":"Feature","geometry":{"type":"Point","coordinates":[50.586116,26.110704000000002]},"properties":{"event_id":101290,"data_org":"Green","post_date":"2026-05-06T00:00:00.000Z","pub_date":"2026-05-06T00:00:00.000Z","strikedate":"1899-11-30T00:00:00.000Z","event_type":"unknown","actor":"Iran","site_type":"military : Allied Base","siteStype":"military : airbase","city":"Riffa","province":"","country":"Bahrain","latitude":26.110704,"longitude":50.586116,"coord_type":"exact","source_1":"Planet Imagery","source_2":"https://www.washingtonpost.com/investigations/2026/05/06/iran-us-bases-satellite-images/","sources":""}},{"type":"Feature","geometry":{"type":"Point","coordinates":[44.344383,36.525622999999996]},"properties":{"event_id":101291,"data_org":"Green","post_date":"2026-05-06T00:00:00.000Z","pub_date":"2026-05-06T00:00:00.000Z","strikedate":"2026-03-04T00:00:00.000Z","event_type":"unknown","actor":"Iran","site_type":"military : US base","siteStype":"military : airbase","city":"Khrwatan","province":"","country":"Iraq","latitude":36.525623,"longitude":44.344383,"coord_type":"exact","source_1":"Planet Imagery","source_2":"https://www.washingtonpost.com/investigations/2026/05/06/iran-us-bases-satellite-images/","sources":""}},{"type":"Feature","geometry":{"type":"Point","coordinates":[48.1579,28.878000000000004]},"properties":{"event_id":101292,"data_org":"Green","post_date":"2026-05-06T00:00:00.000Z","pub_date":"2026-05-06T00:00:00.000Z","strikedate":"1899-11-30T00:00:00.000Z","event_type":"unknown","actor":"Iran","site_type":"military : US base","siteStype":"military : radar","city":"Ali Sabah Al Salem","province":"","country":"Kuwait","latitude":28.878,"longitude":48.1579,"coord_type":"exact","source_1":"Planet Imagery","source_2":"https://www.washingtonpost.com/investigations/2026/05/06/iran-us-bases-satellite-images/","sources":""}},{"type":"Feature","geometry":{"type":"Point","coordinates":[48.16314200000001,28.875773999999993]},"properties":{"event_id":101293,"data_org":"Green","post_date":"2026-05-06T00:00:00.000Z","pub_date":"2026-05-06T00:00:00.000Z","strikedate":"1899-11-30T00:00:00.000Z","event_type":"unknown","actor":"Iran","site_type":"military : US base","siteStype":"military : intelligence","city":"Ali Sabah Al Salem","province":"","country":"Kuwait","latitude":28.875774,"longitude":48.163142,"coord_type":"exact","source_1":"Planet Imagery","source_2":"https://www.washingtonpost.com/investigations/2026/05/06/iran-us-bases-satellite-images/","sources":""}},{"type":"Feature","geometry":{"type":"Point","coordinates":[47.430277999999994,29.701192000000002]},"properties":{"event_id":101294,"data_org":"Green","post_date":"2026-05-06T00:00:00.000Z","pub_date":"2026-05-06T00:00:00.000Z","strikedate":"1899-11-30T00:00:00.000Z","event_type":"unknown","actor":"Iran","site_type":"military : US base","siteStype":"military : base","city":"","province":"Al Jahra","country":"Kuwait","latitude":29.701192,"longitude":47.430278,"coord_type":"exact","source_1":"Planet Imagery","source_2":"https://www.washingtonpost.com/investigations/2026/05/06/iran-us-bases-satellite-images/","sources":""}},{"type":"Feature","geometry":{"type":"Point","coordinates":[54.559055,24.247211999999998]},"properties":{"event_id":101295,"data_org":"Green","post_date":"2026-05-06T00:00:00.000Z","pub_date":"2026-05-06T00:00:00.000Z","strikedate":"1899-11-30T00:00:00.000Z","event_type":"unknown","actor":"Iran","site_type":"military : US base","siteStype":"military : airbase","city":"Al Bihouth","province":"Abu Dhabi","country":"UAE","latitude":24.247212,"longitude":54.559055,"coord_type":"exact","source_1":"Planet Imagery","source_2":"https://www.washingtonpost.com/investigations/2026/05/06/iran-us-bases-satellite-images/","sources":""}},{"type":"Feature","geometry":{"type":"Point","coordinates":[47.425700000000006,29.698487999999987]},"properties":{"event_id":101296,"data_org":"Green","post_date":"2026-05-06T00:00:00.000Z","pub_date":"2026-05-06T00:00:00.000Z","strikedate":"1899-11-30T00:00:00.000Z","event_type":"unknown","actor":"Iran","site_type":"military : US base","siteStype":"military : base","city":"","province":"Al JAhra","country":"Kuwait","latitude":29.698488,"longitude":47.4257,"coord_type":"exact","source_1":"Planet Imagery","source_2":"https://www.washingtonpost.com/investigations/2026/05/06/iran-us-bases-satellite-images/","sources":""}},{"type":"Feature","geometry":{"type":"Point","coordinates":[52.231667,23.967778000000003]},"properties":{"event_id":101304,"data_org":"Green","post_date":"2026-05-17T00:00:00.000Z","pub_date":"2026-05-17T00:00:00.000Z","strikedate":"2026-05-17T00:00:00.000Z","event_type":"Drone Attack","actor":"Iran","site_type":"energy","siteStype":"energy : gas","city":"Barakah","province":"Abu Dhabi","country":"UAE","latitude":23.967778,"longitude":52.231667,"coord_type":"general neighborhood","source_1":"https://x.com/ADMediaOffice/status/2055953520302682178?s=20","source_2":"https://apnews.com/article/iran-us-uae-nuclear-drones-71e7e58f45193b7dee3df28740532a7b","sources":"https://x.com/modgovae/status/2056014348993360147?s=20"}},{"type":"Feature","geometry":{"type":"Point","coordinates":[47.970979,29.240345999999995]},"properties":{"event_id":101320,"data_org":"Green","post_date":"2026-06-03T00:00:00.000Z","pub_date":"2026-06-03T00:00:00.000Z","strikedate":"2026-06-03T00:00:00.000Z","event_type":"Drone Attack","actor":"Iran","site_type":"civilian","siteStype":"civilian : transit","city":"Al Dajeej","province":"","country":"Kuwait","latitude":29.240346,"longitude":47.970979,"coord_type":"exact","source_1":"https://x.com/WillUnderhill23/status/2062090576552398997?s=20","source_2":"https://x.com/ahmadslmanx/status/2062072258965672382?s=20","sources":"https://x.com/andynovy/status/2062105000860402133?s=20; https://x.com/RoaaWarStudies/status/2062102651307737220?s=20; https://x.com/EGYOSINT/status/2062139701528568061?s=20 ; https://t.me/defapress_ir/60179 ; https://x.com/GLZRadio/status/206210205522581"}},{"type":"Feature","geometry":{"type":"Point","coordinates":[34.813774,31.837506]},"properties":{"event_id":101354,"data_org":"Green","post_date":"2026-06-08T00:00:00.000Z","pub_date":"2026-06-08T00:00:00.000Z","strikedate":"2026-06-08T00:00:00.000Z","event_type":"Missile Attack","actor":"Iran","site_type":"military : IDF base","siteStype":"military : airbase","city":"Tel Nof","province":"","country":"Israel","latitude":31.837506,"longitude":34.813774,"coord_type":"exact","source_1":"https://x.com/PalHighlight/status/2063853997157458286?s=20","source_2":"","sources":""}},{"type":"Feature","geometry":{"type":"Point","coordinates":[35.2544,32.22105]},"properties":{"event_id":101361,"data_org":"Green","post_date":"2026-06-08T00:00:00.000Z","pub_date":"2026-06-08T00:00:00.000Z","strikedate":"2026-06-08T00:00:00.000Z","event_type":"Missile Attack","actor":"Iran","site_type":"","siteStype":"","city":"Nablus","province":"","country":"Israel","latitude":32.22105,"longitude":35.2544,"coord_type":"general town","source_1":"https://www.haaretz.com/israel-news/israel-security/2026-06-08/ty-article-live/iran-fires-missiles-at-israel-for-first-time-since-april-truce/0000019e-a3cc-d3e2-a3df-abfe61da0000?liveBlogItemId=1693218093#1693218093","source_2":"https://t.me/Nournews_ir/362178","sources":""}},{"type":"Feature","geometry":{"type":"Point","coordinates":[34.9866,31.745699999999992]},"properties":{"event_id":101362,"data_org":"Green","post_date":"2026-06-08T00:00:00.000Z","pub_date":"2026-06-08T00:00:00.000Z","strikedate":"2026-06-08T00:00:00.000Z","event_type":"unknown","actor":"Iran","site_type":"","siteStype":"","city":"Beit Shemesh","province":"","country":"Israel","latitude":31.7457,"longitude":34.9866,"coord_type":"general town","source_1":"https://t.me/mehrnews/384963","source_2":"","sources":""}},{"type":"Feature","geometry":{"type":"Point","coordinates":[34.7913,31.251799999999996]},"properties":{"event_id":101363,"data_org":"Green","post_date":"2026-06-08T00:00:00.000Z","pub_date":"2026-06-08T00:00:00.000Z","strikedate":"2026-06-08T00:00:00.000Z","event_type":"unknown","actor":"Iran","site_type":"","siteStype":"","city":"Beer Sheva","province":"","country":"Israel","latitude":31.2518,"longitude":34.7913,"coord_type":"general town","source_1":"https://t.me/mehrnews/384961","source_2":"","sources":""}},{"type":"Feature","geometry":{"type":"Point","coordinates":[50.577155,26.246813000000003]},"properties":{"event_id":101365,"data_org":"Green","post_date":"2026-06-09T00:00:00.000Z","pub_date":"2026-06-10T00:00:00.000Z","strikedate":"2026-06-10T00:00:00.000Z","event_type":"Missile Attack","actor":"Iran","site_type":"military : US base","siteStype":"","city":"","province":"","country":"Bahrain","latitude":26.246813,"longitude":50.577155,"coord_type":"POV","source_1":"https://x.com/HormuzLetter/status/2064526850810876123?s=20","source_2":"https://x.com/WillUnderhill23/status/2064620170740449718?s=20","sources":""}},{"type":"Feature","geometry":{"type":"Point","coordinates":[50.541962,26.037484999999986]},"properties":{"event_id":101388,"data_org":"Green","post_date":"2026-06-11T00:00:00.000Z","pub_date":"2026-06-11T00:00:00.000Z","strikedate":"2026-06-11T00:00:00.000Z","event_type":"unknown","actor":"Iran","site_type":"military : other","siteStype":"military : radar","city":"Zallaq","province":"","country":"Bahrain","latitude":26.037485,"longitude":50.541962,"coord_type":"exact","source_1":"https://t.me/final_battle313/157074?single","source_2":"https://x.com/acceladealer/status/2065065788952674532?s=20","sources":"https://x.com/acceladealer/status/2065065794665382253?s=20 ; https://x.com/acceladealer/status/2065425120970093054; https://x.com/tom_bike/status/2065449768625594597"}},{"type":"Feature","geometry":{"type":"Point","coordinates":[50.61341654,26.254532999999995]},"properties":{"event_id":101393,"data_org":"Green","post_date":"2026-06-28T00:00:00.000Z","pub_date":"2026-06-28T00:00:00.000Z","strikedate":"2026-06-28T00:00:00.000Z","event_type":"Drone & Missile Attack","actor":"Iran","site_type":"","siteStype":"","city":"Muharraq","province":"","country":"Bahrain","latitude":26.254533,"longitude":50.61341654,"coord_type":"general neighborhood","source_1":"https://x.com/AmitSegal/status/2071132414567457269?s=20","source_2":"https://www.reuters.com/world/asia-pacific/us-carries-out-fresh-strikes-against-iran-after-tanker-struck-hormuz-escalating-2026-06-27/","sources":"https://www.pbs.org/newshour/world/iran-attacks-bahrain-and-kuwait-following-u-s-strikes-and-threatens-to-halt-talks"}},{"type":"Feature","geometry":{"type":"Point","coordinates":[43.95903,36.24613999999999]},"properties":{"event_id":200003,"data_org":"Green","post_date":"2026-02-28T00:00:00.000Z","pub_date":"2026-02-28T00:00:00.000Z","strikedate":"2026-03-01T00:00:00.000Z","event_type":"Drone Attack","actor":"Saraya Awlia al Dam","site_type":"","siteStype":"","city":"Erbil","province":"","country":"Iraq","latitude":36.24614,"longitude":43.95903,"coord_type":"","source_1":"https://x.com/TheLukeReport/status/2027952774055346653?s=20","source_2":"https://x.com/vcdgf555/status/2027972108387807687?s=20","sources":"https://t.me/awlialdm/189"}},{"type":"Feature","geometry":{"type":"Point","coordinates":[44.22792,33.22491]},"properties":{"event_id":200007,"data_org":"Green","post_date":"2026-03-01T00:00:00.000Z","pub_date":"2026-03-01T00:00:00.000Z","strikedate":"2026-03-02T00:00:00.000Z","event_type":"Drone Attack","actor":"Saraya Awlia al Dam","site_type":"","siteStype":"","city":"Baghdad","province":"","country":"Iraq","latitude":33.22491,"longitude":44.22792,"coord_type":"","source_1":"https://t.me/awlialdm/198","source_2":"https://t.me/awlialdm/194","sources":"https://shafaq.com/ar/%D8%A3%D9%85%D9%80%D9%86/%D8%A7%D8%B3%D9%82%D8%A7%D8%B7-%D8%B7%D8%A7-%D8%B1%D8%A9-%D9%85%D8%B3%D9%8A%D8%B1%D8%A9-%D8%AD%D8%A7%D9%88%D9%84%D8%AA-%D8%A7%D8%B3%D8%AA%D9%87%D8%AF%D8%A7%D9%81-%D9%82%D8%A7%D8%B9%D8%AF%D8%A9-%D9%85%D9%8A%D"}},{"type":"Feature","geometry":{"type":"Point","coordinates":[34.991023,32.79584]},"properties":{"event_id":200005,"data_org":"Green","post_date":"2026-03-01T00:00:00.000Z","pub_date":"2026-03-01T00:00:00.000Z","strikedate":"2026-03-01T00:00:00.000Z","event_type":"Rocket Attack","actor":"Hezbollah","site_type":"","siteStype":"","city":"Haifa","province":"","country":"Israel","latitude":32.79584,"longitude":34.991023,"coord_type":"general town","source_1":"DNGTS: https://www.ynetnews dot com/article/bj5jpbmfbl","source_2":"https://x.com/ariel_oseran/status/2028251972541763888?s=20","sources":"https://x.com/idfonline/status/2028250957243445629"}},{"type":"Feature","geometry":{"type":"Point","coordinates":[32.987778,34.59027999999999]},"properties":{"event_id":200013,"data_org":"Green","post_date":"2026-03-02T00:00:00.000Z","pub_date":"2026-03-02T00:00:00.000Z","strikedate":"2026-03-02T00:00:00.000Z","event_type":"Drone Attack","actor":"Hezbollah","site_type":"","siteStype":"","city":"Akrotiri","province":"","country":"Cyprus","latitude":34.59028,"longitude":32.987778,"coord_type":"","source_1":"https://x.com/N12News/status/2028481659545231459","source_2":"https://x.com/Osint613/status/2028438665693659329","sources":"https://x.com/Osint613/status/2028438665693659329; https://x.com/posted_news/status/2028443470709350633?s=20; https://x.com/ariel_oseran/status/2028440005677318561?s=20; https://x.com/JasonMBrodsky/status/2028423432816280030?s=20 ; DNGTS: https://www.yne"}},{"type":"Feature","geometry":{"type":"Point","coordinates":[35.413586,32.99833]},"properties":{"event_id":200020,"data_org":"Green","post_date":"2026-03-03T00:00:00.000Z","pub_date":"2026-03-03T00:00:00.000Z","strikedate":"2026-03-03T00:00:00.000Z","event_type":"Drone Attack","actor":"Hezbollah","site_type":"","siteStype":"","city":"","province":"","country":"Israel","latitude":32.99833,"longitude":35.413586,"coord_type":"","source_1":"https://t.me/mmirleb/10211","source_2":"","sources":"DNGTS: https://www.timesofisrael.com/liveblog_entry/hezbollah-claims-responsibility-for-drones-launched-at-israel-overnight/"}},{"type":"Feature","geometry":{"type":"Point","coordinates":[35.734427,33.05320999999999]},"properties":{"event_id":200022,"data_org":"Green","post_date":"2026-03-03T00:00:00.000Z","pub_date":"2026-03-03T00:00:00.000Z","strikedate":"2026-03-03T00:00:00.000Z","event_type":"Rocket Attack","actor":"Hezbollah","site_type":"","siteStype":"","city":"Kidmat Tsvi","province":"","country":"Israel","latitude":33.05321,"longitude":35.734427,"coord_type":"general town","source_1":"https://t.me/mmirleb/10212","source_2":"","sources":""}},{"type":"Feature","geometry":{"type":"Point","coordinates":[43.990578,36.22695]},"properties":{"event_id":200025,"data_org":"Green","post_date":"2026-03-03T00:00:00.000Z","pub_date":"2026-03-03T00:00:00.000Z","strikedate":"2026-03-03T00:00:00.000Z","event_type":"Drone Attack","actor":"UNK","site_type":"","siteStype":"","city":"Erbil","province":"","country":"Iraq","latitude":36.22695,"longitude":43.990578,"coord_type":"","source_1":"DNGTS: https://www.shafaq dot com/ar/%D9%83%D9%88%D8%B1%D8%AF%D8%B3%D9%80%D9%80%D8%AA%D8%A7%D9%86%D9%8A%D8%A7%D8%AA/%D8%A7%D8%B9%D8%AA%D8%B1%D8%A7%D8%B6-%D9%85%D8%B3%D9%8A%D8%B1%D8%A9-%D9%82%D8%B1%D8%A8-%D8%A7%D9%84%D9%82%D9%86%D8%B5%D9%84%D9%8A%D8%A9-%D","source_2":"","sources":""}},{"type":"Feature","geometry":{"type":"Point","coordinates":[35.60888400000001,33.239779999999996]},"properties":{"event_id":200027,"data_org":"Green","post_date":"2026-03-03T00:00:00.000Z","pub_date":"2026-03-03T00:00:00.000Z","strikedate":"2026-03-03T00:00:00.000Z","event_type":"Rocket Attack","actor":"Hezbollah","site_type":"","siteStype":"","city":"Maayan Baruch","province":"","country":"Israel","latitude":33.23978,"longitude":35.608884,"coord_type":"general town","source_1":"https://t.me/defapress_ir/49997","source_2":"https://t.me/mmirleb/10213","sources":";  ;"}},{"type":"Feature","geometry":{"type":"Point","coordinates":[35.70129500000001,33.30025]},"properties":{"event_id":200030,"data_org":"Green","post_date":"2026-03-03T00:00:00.000Z","pub_date":"2026-03-03T00:00:00.000Z","strikedate":"2026-03-03T00:00:00.000Z","event_type":"unknown","actor":"Hezbollah","site_type":"","siteStype":"","city":"Kfarshouba","province":"","country":"Israel","latitude":33.30025,"longitude":35.701295,"coord_type":"general town","source_1":"https://t.me/mmirleb/10215","source_2":"","sources":""}},{"type":"Feature","geometry":{"type":"Point","coordinates":[44.15722,36.320609999999995]},"properties":{"event_id":200018,"data_org":"Green","post_date":"2026-03-02T00:00:00.000Z","pub_date":"2026-03-03T00:00:00.000Z","strikedate":"2026-03-02T00:00:00.000Z","event_type":"Drone Attack","actor":"Saraya Awlia al Dam","site_type":"","siteStype":"","city":"Erbil","province":"","country":"Iraq","latitude":36.32061,"longitude":44.15722,"coord_type":"","source_1":"https://x.com/Osinttechnical/status/2028669511738573206","source_2":"https://t.me/awlialdm/206","sources":"https://t.me/awlialdm/205; https://t.me/awlialdm/210; https://x.com/RudawEnglish/status/2028631665434665447"}},{"type":"Feature","geometry":{"type":"Point","coordinates":[35.182906,32.66823999999999]},"properties":{"event_id":200019,"data_org":"Green","post_date":"2026-03-02T00:00:00.000Z","pub_date":"2026-03-03T00:00:00.000Z","strikedate":"2026-03-03T00:00:00.000Z","event_type":"Drone Attack","actor":"Hezbollah","site_type":"","siteStype":"","city":"","province":"","country":"Israel","latitude":32.66824,"longitude":35.182906,"coord_type":"general town","source_1":"https://t.me/mmirleb/10210","source_2":"","sources":"DNGTS: https://www.timesofisrael.com/liveblog_entry/hezbollah-claims-responsibility-for-drones-launched-at-israel-overnight/"}},{"type":"Feature","geometry":{"type":"Point","coordinates":[35.614098,33.23707]},"properties":{"event_id":200068,"data_org":"Green","post_date":"2026-03-05T00:00:00.000Z","pub_date":"2026-03-05T00:00:00.000Z","strikedate":"2026-03-05T00:00:00.000Z","event_type":"Rocket Attack","actor":"Hezbollah","site_type":"","siteStype":"","city":"","province":"","country":"Israel","latitude":33.23707,"longitude":35.614098,"coord_type":"general town","source_1":"https://t.me/mmirleb/10258","source_2":"","sources":""}},{"type":"Feature","geometry":{"type":"Point","coordinates":[35.08253,32.933129999999984]},"properties":{"event_id":200069,"data_org":"Green","post_date":"2026-03-05T00:00:00.000Z","pub_date":"2026-03-05T00:00:00.000Z","strikedate":"2026-03-05T00:00:00.000Z","event_type":"Rocket Attack","actor":"Hezbollah","site_type":"","siteStype":"","city":"Acre","province":"","country":"Israel","latitude":32.93313,"longitude":35.08253,"coord_type":"general town","source_1":"https://t.me/mmirleb/10261","source_2":"","sources":""}},{"type":"Feature","geometry":{"type":"Point","coordinates":[36.787294,31.83377]},"properties":{"event_id":200074,"data_org":"Green","post_date":"2026-03-05T00:00:00.000Z","pub_date":"2026-03-05T00:00:00.000Z","strikedate":"2026-03-02T00:00:00.000Z","event_type":"Drone Attack","actor":"Rijal Albas Alshadid","site_type":"","siteStype":"","city":"","province":"","country":"Jordan","latitude":31.83377,"longitude":36.787294,"coord_type":"exact","source_1":"https://x.com/JoeTruzman/status/2029586154685923443","source_2":"","sources":""}},{"type":"Feature","geometry":{"type":"Point","coordinates":[43.95903,36.24613999999999]},"properties":{"event_id":200075,"data_org":"Green","post_date":"2026-03-05T00:00:00.000Z","pub_date":"2026-03-05T00:00:00.000Z","strikedate":"2026-03-05T00:00:00.000Z","event_type":"Drone Attack","actor":"Saraya Awlia al Dam","site_type":"","siteStype":"","city":"Erbil","province":"","country":"Iraq","latitude":36.24614,"longitude":43.95903,"coord_type":"exact","source_1":"https://t.me/awlialdm/228","source_2":"https://t.me/awlialdm/229","sources":""}},{"type":"Feature","geometry":{"type":"Point","coordinates":[35.187612,33.06843]},"properties":{"event_id":200076,"data_org":"Green","post_date":"2026-03-05T00:00:00.000Z","pub_date":"2026-03-05T00:00:00.000Z","strikedate":"2026-03-05T00:00:00.000Z","event_type":"Drone Attack","actor":"Hezbollah","site_type":"","siteStype":"","city":"Yaara","province":"","country":"Israel","latitude":33.06843,"longitude":35.187612,"coord_type":"general town","source_1":"https://t.me/mmirleb/10270","source_2":"","sources":""}},{"type":"Feature","geometry":{"type":"Point","coordinates":[35.597256,33.24085999999999]},"properties":{"event_id":200077,"data_org":"Green","post_date":"2026-03-05T00:00:00.000Z","pub_date":"2026-03-05T00:00:00.000Z","strikedate":"2026-03-05T00:00:00.000Z","event_type":"Rocket Attack","actor":"Hezbollah","site_type":"","siteStype":"","city":"Kfar Yuval","province":"","country":"Israel","latitude":33.24086,"longitude":35.597256,"coord_type":"general town","source_1":"https://t.me/mmirleb/10275","source_2":"","sources":""}},{"type":"Feature","geometry":{"type":"Point","coordinates":[35.496437,32.77842]},"properties":{"event_id":200078,"data_org":"Green","post_date":"2026-03-05T00:00:00.000Z","pub_date":"2026-03-05T00:00:00.000Z","strikedate":"2026-03-05T00:00:00.000Z","event_type":"Rocket Attack","actor":"Hezbollah","site_type":"","siteStype":"","city":"Lake Tiberias","province":"","country":"Israel","latitude":32.77842,"longitude":35.496437,"coord_type":"general town","source_1":"https://t.me/mmirleb/10278","source_2":"","sources":""}},{"type":"Feature","geometry":{"type":"Point","coordinates":[35.08253,32.933129999999984]},"properties":{"event_id":200065,"data_org":"Green","post_date":"2026-03-04T00:00:00.000Z","pub_date":"2026-03-05T00:00:00.000Z","strikedate":"2026-03-04T00:00:00.000Z","event_type":"Drone Attack","actor":"Hezbollah","site_type":"","siteStype":"","city":"Acre","province":"","country":"Israel","latitude":32.93313,"longitude":35.08253,"coord_type":"general town","source_1":"https://t.me/mmirleb/10253","source_2":"","sources":""}},{"type":"Feature","geometry":{"type":"Point","coordinates":[35.495972,32.96284999999999]},"properties":{"event_id":200066,"data_org":"Green","post_date":"2026-03-04T00:00:00.000Z","pub_date":"2026-03-05T00:00:00.000Z","strikedate":"2026-03-04T00:00:00.000Z","event_type":"Drone Attack","actor":"Hezbollah","site_type":"","siteStype":"","city":"Safed","province":"","country":"Israel","latitude":32.96285,"longitude":35.495972,"coord_type":"general town","source_1":"https://t.me/mmirleb/10254","source_2":"","sources":""}},{"type":"Feature","geometry":{"type":"Point","coordinates":[35.281113,33.10035]},"properties":{"event_id":200108,"data_org":"Green","post_date":"2026-03-06T00:00:00.000Z","pub_date":"2026-03-06T00:00:00.000Z","strikedate":"2026-03-06T00:00:00.000Z","event_type":"Rocket Attack","actor":"Hezbollah","site_type":"","siteStype":"","city":"Zarit","province":"","country":"Israel","latitude":33.10035,"longitude":35.281113,"coord_type":"exact","source_1":"https://t.me/mmirleb/10317","source_2":"","sources":""}},{"type":"Feature","geometry":{"type":"Point","coordinates":[35.394413,33.028529999999996]},"properties":{"event_id":200109,"data_org":"Green","post_date":"2026-03-06T00:00:00.000Z","pub_date":"2026-03-06T00:00:00.000Z","strikedate":"2026-03-06T00:00:00.000Z","event_type":"Rocket Attack","actor":"Hezbollah","site_type":"","siteStype":"","city":"Sasa","province":"","country":"Israel","latitude":33.02853,"longitude":35.394413,"coord_type":"general town","source_1":"https://t.me/mmirleb/10320","source_2":"","sources":";  ;  ;"}},{"type":"Feature","geometry":{"type":"Point","coordinates":[47.41130900000001,30.230319999999995]},"properties":{"event_id":200091,"data_org":"Green","post_date":"2026-03-05T00:00:00.000Z","pub_date":"2026-03-06T00:00:00.000Z","strikedate":"2026-03-05T00:00:00.000Z","event_type":"Drone Attack","actor":"UNK","site_type":"","siteStype":"","city":"Basra Province","province":"","country":"Iraq","latitude":30.23032,"longitude":47.411309,"coord_type":"general town","source_1":"https://x.com/Tammuz_Intel/status/2029907313469817287","source_2":"https://x.com/Tammuz_Intel/status/2029907966690721874","sources":""}},{"type":"Feature","geometry":{"type":"Point","coordinates":[47.668244,30.55179]},"properties":{"event_id":200110,"data_org":"Green","post_date":"2026-03-06T00:00:00.000Z","pub_date":"2026-03-06T00:00:00.000Z","strikedate":"2026-03-06T00:00:00.000Z","event_type":"Drone Attack","actor":"Probably militias","site_type":"","siteStype":"","city":"Basra Province","province":"","country":"Iraq","latitude":30.55179,"longitude":47.668244,"coord_type":"general neighborhood","source_1":"https://x.com/Tammuz_Intel/status/2029907966690721874","source_2":"DNGTS: https://shafaq dot com/ar/%D8%A3%D9%85%D9%80%D9%86/%D9%85%D8%B3%D9%8A-%D8%B1%D8%A9-%D8%AA%D8%B3%D8%AA%D9%87%D8%AF%D9%81-%D9%85%D8%A8%D9%86%D9%89-%D8%A7%D9%84%D8%B4%D8%AD%D9%86-%D8%A7%D9%84%D8%AC%D9%88%D9%8A-%D9%81%D9%8A-%D9%85%D8%B7%D8%A7%D8%B1-%D","sources":""}},{"type":"Feature","geometry":{"type":"Point","coordinates":[35.281431,33.086529999999996]},"properties":{"event_id":200111,"data_org":"Green","post_date":"2026-03-06T00:00:00.000Z","pub_date":"2026-03-06T00:00:00.000Z","strikedate":"2026-03-06T00:00:00.000Z","event_type":"Rocket Attack","actor":"Hezbollah","site_type":"","siteStype":"","city":"Shomera","province":"","country":"Israel","latitude":33.08653,"longitude":35.281431,"coord_type":"general town","source_1":"https://t.me/mmirleb/10337","source_2":"","sources":""}},{"type":"Feature","geometry":{"type":"Point","coordinates":[35.494032,32.96583999999999]},"properties":{"event_id":200113,"data_org":"Green","post_date":"2026-03-06T00:00:00.000Z","pub_date":"2026-03-06T00:00:00.000Z","strikedate":"2026-03-06T00:00:00.000Z","event_type":"Drone Attack","actor":"Hezbollah","site_type":"","siteStype":"","city":"Safed","province":"","country":"Israel","latitude":32.96584,"longitude":35.494032,"coord_type":"general town","source_1":"https://t.me/mmirleb/10343","source_2":"","sources":""}},{"type":"Feature","geometry":{"type":"Point","coordinates":[35.727063,32.9837]},"properties":{"event_id":200114,"data_org":"Green","post_date":"2026-03-06T00:00:00.000Z","pub_date":"2026-03-06T00:00:00.000Z","strikedate":"2026-03-06T00:00:00.000Z","event_type":"Drone Attack","actor":"Hezbollah","site_type":"","siteStype":"","city":"Katzrin","province":"","country":"Israel","latitude":32.9837,"longitude":35.727063,"coord_type":"exact","source_1":"https://t.me/mmirleb/10346","source_2":"","sources":""}},{"type":"Feature","geometry":{"type":"Point","coordinates":[44.1639,33.3146]},"properties":{"event_id":200117,"data_org":"Green","post_date":"2026-03-06T00:00:00.000Z","pub_date":"2026-03-06T00:00:00.000Z","strikedate":"2026-03-06T00:00:00.000Z","event_type":"Rocket Attack","actor":"Probably Militias","site_type":"","siteStype":"","city":"Taji","province":"","country":"Iraq","latitude":33.3146,"longitude":44.1639,"coord_type":"general town","source_1":"DNGTS: https://shafaq dot com/ar/%D8%A3%D9%85%D9%80%D9%86/%D9%82%D8%B5%D9%81-%D8%B5%D8%A7%D8%B1%D9%88%D8%AE%D9%8A-%D9%8A%D8%B3%D8%AA%D9%87%D8%AF%D9%81-%D9%82%D8%A7%D8%B9%D8%AF%D8%A9-%D8%A7%D9%84%D8%AA%D8%A7%D8%AC%D9%8A-%D8%B4%D9%85%D8%A7%D9%84%D9%8A-%D8%","source_2":"","sources":""}},{"type":"Feature","geometry":{"type":"Point","coordinates":[35.446615,33.08998]},"properties":{"event_id":200119,"data_org":"Green","post_date":"2026-03-06T00:00:00.000Z","pub_date":"2026-03-06T00:00:00.000Z","strikedate":"2026-03-05T00:00:00.000Z","event_type":"Drone Attack","actor":"Hezbollah","site_type":"","siteStype":"","city":"Jal al Deir","province":"","country":"Israel","latitude":33.08998,"longitude":35.446615,"coord_type":"exact","source_1":"https://t.me/mmirleb/10357","source_2":"","sources":""}},{"type":"Feature","geometry":{"type":"Point","coordinates":[35.509825,33.098479999999995]},"properties":{"event_id":200096,"data_org":"Green","post_date":"2026-03-05T00:00:00.000Z","pub_date":"2026-03-06T00:00:00.000Z","strikedate":"2026-03-05T00:00:00.000Z","event_type":"Rocket Attack","actor":"Hezbollah","site_type":"","siteStype":"","city":"","province":"","country":"Israel","latitude":33.09848,"longitude":35.509825,"coord_type":"general town","source_1":"https://t.me/mmirleb/10296","source_2":"","sources":""}},{"type":"Feature","geometry":{"type":"Point","coordinates":[35.578142,33.27718]},"properties":{"event_id":200102,"data_org":"Green","post_date":"2026-03-05T00:00:00.000Z","pub_date":"2026-03-06T00:00:00.000Z","strikedate":"2026-03-05T00:00:00.000Z","event_type":"Rocket Attack","actor":"Hezbollah","site_type":"","siteStype":"","city":"Metula","province":"","country":"Israel","latitude":33.27718,"longitude":35.578142,"coord_type":"general town","source_1":"https://t.me/mmirleb/10305","source_2":"","sources":""}},{"type":"Feature","geometry":{"type":"Point","coordinates":[35.54433,33.19613]},"properties":{"event_id":200103,"data_org":"Green","post_date":"2026-03-05T00:00:00.000Z","pub_date":"2026-03-06T00:00:00.000Z","strikedate":"2026-03-05T00:00:00.000Z","event_type":"Rocket Attack","actor":"Hezbollah","site_type":"","siteStype":"","city":"Manara","province":"","country":"Israel","latitude":33.19613,"longitude":35.54433,"coord_type":"general town","source_1":"https://t.me/mmirleb/10305","source_2":"","sources":""}},{"type":"Feature","geometry":{"type":"Point","coordinates":[35.595578,33.251589999999986]},"properties":{"event_id":200104,"data_org":"Green","post_date":"2026-03-05T00:00:00.000Z","pub_date":"2026-03-06T00:00:00.000Z","strikedate":"2026-03-05T00:00:00.000Z","event_type":"Rocket Attack","actor":"Hezbollah","site_type":"","siteStype":"","city":"","province":"","country":"Israel","latitude":33.25159,"longitude":35.595578,"coord_type":"general neighborhood","source_1":"https://t.me/mmirleb/10305","source_2":"","sources":""}},{"type":"Feature","geometry":{"type":"Point","coordinates":[35.016196,32.82446999999999]},"properties":{"event_id":200105,"data_org":"Green","post_date":"2026-03-05T00:00:00.000Z","pub_date":"2026-03-06T00:00:00.000Z","strikedate":"2026-03-05T00:00:00.000Z","event_type":"Rocket Attack","actor":"Hezbollah","site_type":"","siteStype":"","city":"Haifa","province":"","country":"Israel","latitude":32.82447,"longitude":35.016196,"coord_type":"general neighborhood","source_1":"https://t.me/mmirleb/10308","source_2":"https://t.me/defapress_ir/50379","sources":""}},{"type":"Feature","geometry":{"type":"Point","coordinates":[35.714852,33.15738]},"properties":{"event_id":200106,"data_org":"Green","post_date":"2026-03-05T00:00:00.000Z","pub_date":"2026-03-06T00:00:00.000Z","strikedate":"2026-03-05T00:00:00.000Z","event_type":"Rocket Attack","actor":"Hezbollah","site_type":"","siteStype":"","city":"","province":"","country":"Israel","latitude":33.15738,"longitude":35.714852,"coord_type":"exact","source_1":"https://t.me/mmirleb/10311","source_2":"","sources":""}},{"type":"Feature","geometry":{"type":"Point","coordinates":[35.516875,32.98991]},"properties":{"event_id":200135,"data_org":"Green","post_date":"2026-03-07T00:00:00.000Z","pub_date":"2026-03-07T00:00:00.000Z","strikedate":"2026-03-07T00:00:00.000Z","event_type":"Rocket Attack","actor":"Hezbollah","site_type":"","siteStype":"","city":"Safed","province":"","country":"Israel","latitude":32.98991,"longitude":35.516875,"coord_type":"exact","source_1":"https://t.me/mmirleb/10376","source_2":"","sources":""}},{"type":"Feature","geometry":{"type":"Point","coordinates":[35.08239,32.93236]},"properties":{"event_id":200136,"data_org":"Green","post_date":"2026-03-07T00:00:00.000Z","pub_date":"2026-03-07T00:00:00.000Z","strikedate":"2026-03-07T00:00:00.000Z","event_type":"Rocket Attack","actor":"Hezbollah","site_type":"","siteStype":"","city":"Acre","province":"","country":"Israel","latitude":32.93236,"longitude":35.08239,"coord_type":"general town","source_1":"https://t.me/mmirleb/10379","source_2":"","sources":""}},{"type":"Feature","geometry":{"type":"Point","coordinates":[35.484992,32.99484999999999]},"properties":{"event_id":200138,"data_org":"Green","post_date":"2026-03-07T00:00:00.000Z","pub_date":"2026-03-07T00:00:00.000Z","strikedate":"2026-03-07T00:00:00.000Z","event_type":"Rocket Attack","actor":"Hezbollah","site_type":"","siteStype":"","city":"Safed","province":"","country":"Israel","latitude":32.99485,"longitude":35.484992,"coord_type":"general town","source_1":"https://t.me/mmirleb/10385","source_2":"","sources":""}},{"type":"Feature","geometry":{"type":"Point","coordinates":[35.05749,32.79505]},"properties":{"event_id":200141,"data_org":"Green","post_date":"2026-03-07T00:00:00.000Z","pub_date":"2026-03-07T00:00:00.000Z","strikedate":"2026-03-07T00:00:00.000Z","event_type":"Drone Attack","actor":"Hezbollah","site_type":"","siteStype":"","city":"Haifa","province":"","country":"Israel","latitude":32.79505,"longitude":35.05749,"coord_type":"exact","source_1":"https://t.me/mmirleb/10400","source_2":"","sources":""}},{"type":"Feature","geometry":{"type":"Point","coordinates":[35.299292,32.86316999999999]},"properties":{"event_id":200142,"data_org":"Green","post_date":"2026-03-07T00:00:00.000Z","pub_date":"2026-03-07T00:00:00.000Z","strikedate":"2026-03-07T00:00:00.000Z","event_type":"Drone Attack","actor":"Hezbollah","site_type":"","siteStype":"","city":"Sakhnin","province":"","country":"Israel","latitude":32.86317,"longitude":35.299292,"coord_type":"general town","source_1":"https://t.me/mmirleb/10403","source_2":"","sources":""}},{"type":"Feature","geometry":{"type":"Point","coordinates":[34.848696,32.03726000000001]},"properties":{"event_id":200144,"data_org":"Green","post_date":"2026-03-07T00:00:00.000Z","pub_date":"2026-03-07T00:00:00.000Z","strikedate":"2026-03-07T00:00:00.000Z","event_type":"Rocket Attack","actor":"Hezbollah","site_type":"","siteStype":"","city":"el HaShomer","province":"","country":"Israel","latitude":32.03726,"longitude":34.848696,"coord_type":"general neighborhood","source_1":"https://t.me/mmirleb/10409","source_2":"","sources":""}},{"type":"Feature","geometry":{"type":"Point","coordinates":[35.095746,33.00865999999999]},"properties":{"event_id":200145,"data_org":"Green","post_date":"2026-03-07T00:00:00.000Z","pub_date":"2026-03-07T00:00:00.000Z","strikedate":"2026-03-07T00:00:00.000Z","event_type":"Drone Attack","actor":"Hezbollah","site_type":"","siteStype":"","city":"Nahariya","province":"","country":"Israel","latitude":33.00866,"longitude":35.095746,"coord_type":"general town","source_1":"https://t.me/mmirleb/10414","source_2":"","sources":""}},{"type":"Feature","geometry":{"type":"Point","coordinates":[35.569564,33.20763]},"properties":{"event_id":200146,"data_org":"Green","post_date":"2026-03-07T00:00:00.000Z","pub_date":"2026-03-07T00:00:00.000Z","strikedate":"2026-03-07T00:00:00.000Z","event_type":"Drone Attack","actor":"Hezbollah","site_type":"","siteStype":"","city":"Kiryat Shmona","province":"","country":"Israel","latitude":33.20763,"longitude":35.569564,"coord_type":"general town","source_1":"https://t.me/mmirleb/10418","source_2":"","sources":""}},{"type":"Feature","geometry":{"type":"Point","coordinates":[35.095746,33.00865999999999]},"properties":{"event_id":200147,"data_org":"Green","post_date":"2026-03-07T00:00:00.000Z","pub_date":"2026-03-07T00:00:00.000Z","strikedate":"2026-03-07T00:00:00.000Z","event_type":"Rocket Attack","actor":"Hezbollah","site_type":"","siteStype":"","city":"Nahariya","province":"","country":"Israel","latitude":33.00866,"longitude":35.095746,"coord_type":"general town","source_1":"https://t.me/mmirleb/10424","source_2":"https://t.me/mmirleb/10427","sources":""}},{"type":"Feature","geometry":{"type":"Point","coordinates":[44.385975,33.300129999999996]},"properties":{"event_id":200150,"data_org":"Green","post_date":"2026-03-07T00:00:00.000Z","pub_date":"2026-03-07T00:00:00.000Z","strikedate":"2026-03-07T00:00:00.000Z","event_type":"unknown","actor":"Likely militias","site_type":"","siteStype":"","city":"Baghdad","province":"","country":"Iraq","latitude":33.30013,"longitude":44.385975,"coord_type":"","source_1":"https://x.com/sentdefender/status/2030357450163900502","source_2":"DNGTS: https://www.shafaq dot com/ar/%D8%A3%D9%85%D9%80%D9%86/%D8%A7%D9%84%D8%B3%D9%88%D8%AF%D8%A7%D9%86%D9%8A-%D8%B9%D9%86-%D8%A7%D8%B3%D8%AA%D9%87%D8%AF%D8%A7%D9%81-%D8%A7%D9%84%D8%B3%D9%81%D8%A7%D8%B1%D8%A9-%D8%A7%D9%84-%D9%85%D9%8A%D8%B1%D9%83%D9%8A%","sources":""}},{"type":"Feature","geometry":{"type":"Point","coordinates":[34.983002,32.82914]},"properties":{"event_id":200151,"data_org":"Green","post_date":"2026-03-07T00:00:00.000Z","pub_date":"2026-03-07T00:00:00.000Z","strikedate":"2026-03-07T00:00:00.000Z","event_type":"Drone Attack","actor":"Hezbollah","site_type":"","siteStype":"","city":"Haifa","province":"","country":"Israel","latitude":32.82914,"longitude":34.983002,"coord_type":"general town","source_1":"https://t.me/mmirleb/10430","source_2":"","sources":""}},{"type":"Feature","geometry":{"type":"Point","coordinates":[34.981468,32.83477]},"properties":{"event_id":200152,"data_org":"Green","post_date":"2026-03-07T00:00:00.000Z","pub_date":"2026-03-07T00:00:00.000Z","strikedate":"2026-03-07T00:00:00.000Z","event_type":"Rocket Attack","actor":"Hezbollah","site_type":"","siteStype":"","city":"Acre","province":"","country":"Israel","latitude":32.83477,"longitude":34.981468,"coord_type":"general town","source_1":"https://t.me/mmirleb/10435","source_2":"","sources":""}},{"type":"Feature","geometry":{"type":"Point","coordinates":[35.016196,32.82446999999999]},"properties":{"event_id":200153,"data_org":"Green","post_date":"2026-03-07T00:00:00.000Z","pub_date":"2026-03-07T00:00:00.000Z","strikedate":"2026-03-07T00:00:00.000Z","event_type":"Rocket Attack","actor":"Hezbollah","site_type":"","siteStype":"","city":"Haifa","province":"","country":"Israel","latitude":32.82447,"longitude":35.016196,"coord_type":"general neighborhood","source_1":"https://t.me/mmirleb/10438","source_2":"","sources":""}},{"type":"Feature","geometry":{"type":"Point","coordinates":[35.342543,33.05831]},"properties":{"event_id":200154,"data_org":"Green","post_date":"2026-03-07T00:00:00.000Z","pub_date":"2026-03-07T00:00:00.000Z","strikedate":"2026-03-07T00:00:00.000Z","event_type":"Rocket Attack","actor":"Hezbollah","site_type":"","siteStype":"","city":"","province":"","country":"Israel","latitude":33.05831,"longitude":35.342543,"coord_type":"general town","source_1":"https://t.me/mmirleb/10441","source_2":"","sources":""}},{"type":"Feature","geometry":{"type":"Point","coordinates":[35.569564,33.20763]},"properties":{"event_id":200155,"data_org":"Green","post_date":"2026-03-07T00:00:00.000Z","pub_date":"2026-03-07T00:00:00.000Z","strikedate":"2026-03-07T00:00:00.000Z","event_type":"Rocket Attack","actor":"Hezbollah","site_type":"","siteStype":"","city":"Kiryat Shmona","province":"","country":"Israel","latitude":33.20763,"longitude":35.569564,"coord_type":"general town","source_1":"https://t.me/mmirleb/10444","source_2":"","sources":";  ;  ;"}},{"type":"Feature","geometry":{"type":"Point","coordinates":[44.007982,36.223909999999975]},"properties":{"event_id":200122,"data_org":"Green","post_date":"2026-03-06T00:00:00.000Z","pub_date":"2026-03-07T00:00:00.000Z","strikedate":"2026-03-06T00:00:00.000Z","event_type":"Drone Attack","actor":"Likely militias","site_type":"","siteStype":"","city":"Erbil","province":"","country":"Iraq","latitude":36.22391,"longitude":44.007982,"coord_type":"exact","source_1":"https://x.com/vcdgf555/status/2030020716796793140","source_2":"https://x.com/zarGEOINT/status/2030017595189948851","sources":"https://x.com/vcdgf555/status/2030020716796793140"}},{"type":"Feature","geometry":{"type":"Point","coordinates":[44.22513,33.23951999999999]},"properties":{"event_id":200127,"data_org":"Green","post_date":"2026-03-06T00:00:00.000Z","pub_date":"2026-03-07T00:00:00.000Z","strikedate":"2026-03-06T00:00:00.000Z","event_type":"unknown","actor":"Likely militias","site_type":"","siteStype":"","city":"Baghdad","province":"","country":"Iraq","latitude":33.23952,"longitude":44.22513,"coord_type":"exact","source_1":"https://x.com/andynovy/status/2030039838494261352","source_2":"https://x.com/Tammuz_Intel/status/2030044476920537421","sources":"DNGTS: https://www.shafaq dot com/ar/%D8%A3%D9%85%D9%80%D9%86/%D8%B3%D9%82%D8%A7%D8%B7-%D9%85%D8%B3%D9%8A%D8%B1%D8%AA%D9%8A%D9%86-%D8%AD%D8%A7%D9%88%D9%84%D8%AA%D8%A7-%D8%A7%D8%B3%D8%AA%D9%87%D8%AF%D8%A7%D9%81-%D9%82%D8%A7%D8%B9%D8%AF%D8%A9-%D9%81%D9%8A%"}},{"type":"Feature","geometry":{"type":"Point","coordinates":[35.568619,33.20891999999999]},"properties":{"event_id":200179,"data_org":"Green","post_date":"2026-03-08T00:00:00.000Z","pub_date":"2026-03-08T00:00:00.000Z","strikedate":"2026-03-08T00:00:00.000Z","event_type":"Drone Attack","actor":"Hezbollah","site_type":"","siteStype":"","city":"Kiryat Shmona","province":"","country":"Israel","latitude":33.20892,"longitude":35.568619,"coord_type":"general town","source_1":"https://t.me/mmirleb/10505","source_2":"","sources":""}},{"type":"Feature","geometry":{"type":"Point","coordinates":[35.100376,33.008500000000005]},"properties":{"event_id":200180,"data_org":"Green","post_date":"2026-03-08T00:00:00.000Z","pub_date":"2026-03-08T00:00:00.000Z","strikedate":"2026-03-08T00:00:00.000Z","event_type":"Drone Attack","actor":"Hezbollah","site_type":"","siteStype":"","city":"Nahariya","province":"","country":"Israel","latitude":33.0085,"longitude":35.100376,"coord_type":"general town","source_1":"https://t.me/mmirleb/10508","source_2":"","sources":""}},{"type":"Feature","geometry":{"type":"Point","coordinates":[35.100376,33.008500000000005]},"properties":{"event_id":200181,"data_org":"Green","post_date":"2026-03-08T00:00:00.000Z","pub_date":"2026-03-08T00:00:00.000Z","strikedate":"2026-03-08T00:00:00.000Z","event_type":"Drone Attack","actor":"Hezbollah","site_type":"","siteStype":"","city":"Nahariya","province":"","country":"Israel","latitude":33.0085,"longitude":35.100376,"coord_type":"general town","source_1":"https://t.me/mmirleb/10511","source_2":"","sources":""}},{"type":"Feature","geometry":{"type":"Point","coordinates":[34.988551,32.793739999999985]},"properties":{"event_id":200182,"data_org":"Green","post_date":"2026-03-08T00:00:00.000Z","pub_date":"2026-03-08T00:00:00.000Z","strikedate":"2026-03-08T00:00:00.000Z","event_type":"Rocket Attack","actor":"Hezbollah","site_type":"","siteStype":"","city":"Haifa","province":"","country":"Israel","latitude":32.79374,"longitude":34.988551,"coord_type":"general town","source_1":"https://t.me/mmirleb/10514","source_2":"","sources":";  ;  ;"}},{"type":"Feature","geometry":{"type":"Point","coordinates":[35.25966,32.859289999999994]},"properties":{"event_id":200183,"data_org":"Green","post_date":"2026-03-08T00:00:00.000Z","pub_date":"2026-03-08T00:00:00.000Z","strikedate":"2026-03-08T00:00:00.000Z","event_type":"Rocket Attack","actor":"Hezbollah","site_type":"","siteStype":"","city":"Misgav","province":"","country":"Israel","latitude":32.85929,"longitude":35.25966,"coord_type":"general town","source_1":"https://t.me/mmirleb/10517","source_2":"","sources":""}},{"type":"Feature","geometry":{"type":"Point","coordinates":[35.569564,33.20763]},"properties":{"event_id":200185,"data_org":"Green","post_date":"2026-03-08T00:00:00.000Z","pub_date":"2026-03-08T00:00:00.000Z","strikedate":"2026-03-08T00:00:00.000Z","event_type":"Rocket Attack","actor":"Hezbollah","site_type":"","siteStype":"","city":"Kiryat Shmona","province":"","country":"Israel","latitude":33.20763,"longitude":35.569564,"coord_type":"general town","source_1":"https://t.me/mmirleb/10524","source_2":"","sources":";  ;  ;"}},{"type":"Feature","geometry":{"type":"Point","coordinates":[35.100376,33.008500000000005]},"properties":{"event_id":200156,"data_org":"Green","post_date":"2026-03-07T00:00:00.000Z","pub_date":"2026-03-08T00:00:00.000Z","strikedate":"2026-03-07T00:00:00.000Z","event_type":"Rocket Attack","actor":"Hezbollah","site_type":"","siteStype":"","city":"Nahariya","province":"","country":"Israel","latitude":33.0085,"longitude":35.100376,"coord_type":"general town","source_1":"https://t.me/mmirleb/10455","source_2":"","sources":""}},{"type":"Feature","geometry":{"type":"Point","coordinates":[35.595982,33.24625]},"properties":{"event_id":200158,"data_org":"Green","post_date":"2026-03-07T00:00:00.000Z","pub_date":"2026-03-08T00:00:00.000Z","strikedate":"2026-03-07T00:00:00.000Z","event_type":"Rocket Attack","actor":"Hezbollah","site_type":"","siteStype":"","city":"Kfar Yuval","province":"","country":"Israel","latitude":33.24625,"longitude":35.595982,"coord_type":"general town","source_1":"https://t.me/mmirleb/10462","source_2":"","sources":""}},{"type":"Feature","geometry":{"type":"Point","coordinates":[35.595982,33.24625]},"properties":{"event_id":200162,"data_org":"Green","post_date":"2026-03-07T00:00:00.000Z","pub_date":"2026-03-08T00:00:00.000Z","strikedate":"2026-03-07T00:00:00.000Z","event_type":"Rocket Attack","actor":"Hezbollah","site_type":"","siteStype":"","city":"Kfar Yuval","province":"","country":"Israel","latitude":33.24625,"longitude":35.595982,"coord_type":"general town","source_1":"https://t.me/mmirleb/10471","source_2":"","sources":""}},{"type":"Feature","geometry":{"type":"Point","coordinates":[45.468384,35.57501]},"properties":{"event_id":200167,"data_org":"Green","post_date":"2026-03-07T00:00:00.000Z","pub_date":"2026-03-08T00:00:00.000Z","strikedate":"2026-03-07T00:00:00.000Z","event_type":"Drone & Missile Attack","actor":"UNK","site_type":"","siteStype":"","city":"Sulaymaniyah","province":"","country":"Iraq","latitude":35.57501,"longitude":45.468384,"coord_type":"exact","source_1":"https://x.com/ariel_oseran/status/2030405088393543763","source_2":"https://x.com/boringosint/status/2030406183928913927?s=20","sources":"https://t.me/Middle_East_Spectator/30077; https://t.me/qudsfeed/408546; https://x.com/PHREUTERS/status/2030408392653832430"}},{"type":"Feature","geometry":{"type":"Point","coordinates":[34.873034,31.931700000000003]},"properties":{"event_id":200163,"data_org":"Green","post_date":"2026-03-07T00:00:00.000Z","pub_date":"2026-03-08T00:00:00.000Z","strikedate":"2026-03-07T00:00:00.000Z","event_type":"Rocket Attack","actor":"Hezbollah","site_type":"","siteStype":"","city":"Ramla","province":"","country":"Israel","latitude":31.9317,"longitude":34.873034,"coord_type":"general town","source_1":"https://t.me/mmirleb/10474","source_2":"","sources":""}},{"type":"Feature","geometry":{"type":"Point","coordinates":[34.81859,32.14331000000001]},"properties":{"event_id":200164,"data_org":"Green","post_date":"2026-03-07T00:00:00.000Z","pub_date":"2026-03-08T00:00:00.000Z","strikedate":"2026-03-07T00:00:00.000Z","event_type":"Drone Attack","actor":"Hezbollah","site_type":"","siteStype":"","city":"Tel Aviv","province":"","country":"Israel","latitude":32.14331,"longitude":34.81859,"coord_type":"exact","source_1":"https://t.me/mmirleb/10477","source_2":"","sources":""}},{"type":"Feature","geometry":{"type":"Point","coordinates":[35.544141,33.216499999999996]},"properties":{"event_id":200170,"data_org":"Green","post_date":"2026-03-07T00:00:00.000Z","pub_date":"2026-03-08T00:00:00.000Z","strikedate":"2026-03-07T00:00:00.000Z","event_type":"Rocket Attack","actor":"Hezbollah","site_type":"","siteStype":"","city":"Margaliot","province":"","country":"Israel","latitude":33.2165,"longitude":35.544141,"coord_type":"general town","source_1":"https://t.me/alichoeib1970/15587","source_2":"","sources":""}},{"type":"Feature","geometry":{"type":"Point","coordinates":[35.338267,33.05943]},"properties":{"event_id":200171,"data_org":"Green","post_date":"2026-03-07T00:00:00.000Z","pub_date":"2026-03-08T00:00:00.000Z","strikedate":"2026-03-07T00:00:00.000Z","event_type":"Rocket Attack","actor":"Hezbollah","site_type":"","siteStype":"","city":"Fassuta","province":"","country":"Israel","latitude":33.05943,"longitude":35.338267,"coord_type":"general town","source_1":"https://t.me/mmirleb/10483","source_2":"","sources":""}},{"type":"Feature","geometry":{"type":"Point","coordinates":[35.100376,33.008500000000005]},"properties":{"event_id":200173,"data_org":"Green","post_date":"2026-03-07T00:00:00.000Z","pub_date":"2026-03-08T00:00:00.000Z","strikedate":"2026-03-07T00:00:00.000Z","event_type":"Rocket Attack","actor":"Hezbollah","site_type":"","siteStype":"","city":"Nahariya","province":"","country":"Israel","latitude":33.0085,"longitude":35.100376,"coord_type":"general town","source_1":"https://t.me/mmirleb/10490","source_2":"","sources":""}},{"type":"Feature","geometry":{"type":"Point","coordinates":[35.508438,33.09861999999999]},"properties":{"event_id":200176,"data_org":"Green","post_date":"2026-03-07T00:00:00.000Z","pub_date":"2026-03-08T00:00:00.000Z","strikedate":"2026-03-07T00:00:00.000Z","event_type":"Anti-Tank Fire","actor":"Hezbollah","site_type":"","siteStype":"","city":"Makiliyah","province":"","country":"Israel","latitude":33.09862,"longitude":35.508438,"coord_type":"general town","source_1":"https://t.me/mmirleb/10496","source_2":"","sources":""}},{"type":"Feature","geometry":{"type":"Point","coordinates":[35.508438,33.09861999999999]},"properties":{"event_id":200178,"data_org":"Green","post_date":"2026-03-07T00:00:00.000Z","pub_date":"2026-03-08T00:00:00.000Z","strikedate":"2026-03-07T00:00:00.000Z","event_type":"Rocket Attack","actor":"Hezbollah","site_type":"","siteStype":"","city":"Makiliyah","province":"","country":"Israel","latitude":33.09862,"longitude":35.508438,"coord_type":"general town","source_1":"https://t.me/mmirleb/10502","source_2":"","sources":""}},{"type":"Feature","geometry":{"type":"Point","coordinates":[35.569564,33.20763]},"properties":{"event_id":200207,"data_org":"Green","post_date":"2026-03-09T00:00:00.000Z","pub_date":"2026-03-09T00:00:00.000Z","strikedate":"2026-03-09T00:00:00.000Z","event_type":"Rocket Attack","actor":"Hezbollah","site_type":"","siteStype":"","city":"Kiryat Shmona","province":"","country":"Israel","latitude":33.20763,"longitude":35.569564,"coord_type":"general town","source_1":"https://t.me/mmirleb/10569","source_2":"","sources":""}},{"type":"Feature","geometry":{"type":"Point","coordinates":[35.569564,33.20763]},"properties":{"event_id":200209,"data_org":"Green","post_date":"2026-03-09T00:00:00.000Z","pub_date":"2026-03-09T00:00:00.000Z","strikedate":"2026-03-09T00:00:00.000Z","event_type":"Rocket Attack","actor":"Hezbollah","site_type":"","siteStype":"","city":"Kiryat Shmona","province":"","country":"Israel","latitude":33.20763,"longitude":35.569564,"coord_type":"general town","source_1":"https://t.me/mmirleb/10575","source_2":"","sources":""}},{"type":"Feature","geometry":{"type":"Point","coordinates":[34.988551,32.793739999999985]},"properties":{"event_id":200210,"data_org":"Green","post_date":"2026-03-09T00:00:00.000Z","pub_date":"2026-03-09T00:00:00.000Z","strikedate":"2026-03-09T00:00:00.000Z","event_type":"Rocket Attack","actor":"Hezbollah","site_type":"","siteStype":"","city":"Haifa","province":"","country":"Israel","latitude":32.79374,"longitude":34.988551,"coord_type":"general town","source_1":"https://t.me/mmirleb/10578","source_2":"","sources":";  ;  ;"}},{"type":"Feature","geometry":{"type":"Point","coordinates":[35.100376,33.008500000000005]},"properties":{"event_id":200214,"data_org":"Green","post_date":"2026-03-09T00:00:00.000Z","pub_date":"2026-03-09T00:00:00.000Z","strikedate":"2026-03-09T00:00:00.000Z","event_type":"Rocket Attack","actor":"Hezbollah","site_type":"","siteStype":"","city":"Nahariya","province":"","country":"Israel","latitude":33.0085,"longitude":35.100376,"coord_type":"general town","source_1":"https://t.me/mmirleb/10588","source_2":"","sources":""}},{"type":"Feature","geometry":{"type":"Point","coordinates":[35.546156,33.220789999999994]},"properties":{"event_id":200215,"data_org":"Green","post_date":"2026-03-09T00:00:00.000Z","pub_date":"2026-03-09T00:00:00.000Z","strikedate":"2026-03-09T00:00:00.000Z","event_type":"Rocket Attack","actor":"Hezbollah","site_type":"","siteStype":"","city":"Wadi Hounine","province":"","country":"Israel","latitude":33.22079,"longitude":35.546156,"coord_type":"general town","source_1":"https://t.me/mmirleb/10591","source_2":"","sources":""}},{"type":"Feature","geometry":{"type":"Point","coordinates":[34.993197,31.6837]},"properties":{"event_id":200221,"data_org":"Green","post_date":"2026-03-09T00:00:00.000Z","pub_date":"2026-03-09T00:00:00.000Z","strikedate":"2026-03-09T00:00:00.000Z","event_type":"Missile Attack","actor":"Hezbollah","site_type":"","siteStype":"","city":"Beit Shemesh","province":"","country":"Israel","latitude":31.6837,"longitude":34.993197,"coord_type":"exact","source_1":"https://x.com/vcdgf555/status/2031035259081687356","source_2":"https://t.me/mmirleb/10600","sources":"https://x.com/manniefabian/status/2031416252770533883"}},{"type":"Feature","geometry":{"type":"Point","coordinates":[35.544338,33.16653999999999]},"properties":{"event_id":200218,"data_org":"Green","post_date":"2026-03-09T00:00:00.000Z","pub_date":"2026-03-09T00:00:00.000Z","strikedate":"2026-03-09T00:00:00.000Z","event_type":"Rocket Attack","actor":"Hezbollah","site_type":"","siteStype":"","city":"","province":"","country":"Israel","latitude":33.16654,"longitude":35.544338,"coord_type":"general town","source_1":"https://t.me/mmirleb/10597","source_2":"","sources":""}},{"type":"Feature","geometry":{"type":"Point","coordinates":[34.873034,31.931700000000003]},"properties":{"event_id":200222,"data_org":"Green","post_date":"2026-03-09T00:00:00.000Z","pub_date":"2026-03-09T00:00:00.000Z","strikedate":"2026-03-09T00:00:00.000Z","event_type":"Rocket Attack","actor":"Hezbollah","site_type":"","siteStype":"","city":"Ramla","province":"","country":"Israel","latitude":31.9317,"longitude":34.873034,"coord_type":"general town","source_1":"https://t.me/mmirleb/10603","source_2":"","sources":""}},{"type":"Feature","geometry":{"type":"Point","coordinates":[35.139764,33.017830000000004]},"properties":{"event_id":200224,"data_org":"Green","post_date":"2026-03-09T00:00:00.000Z","pub_date":"2026-03-09T00:00:00.000Z","strikedate":"2026-03-09T00:00:00.000Z","event_type":"Drone Attack","actor":"Hezbollah","site_type":"","siteStype":"","city":"Jaatoun","province":"","country":"Israel","latitude":33.01783,"longitude":35.139764,"coord_type":"general town","source_1":"https://t.me/mmirleb/10610","source_2":"","sources":";  ;  ;"}},{"type":"Feature","geometry":{"type":"Point","coordinates":[35.544165,33.21671999999999]},"properties":{"event_id":200186,"data_org":"Green","post_date":"2026-03-08T00:00:00.000Z","pub_date":"2026-03-09T00:00:00.000Z","strikedate":"2026-03-08T00:00:00.000Z","event_type":"Drone Attack","actor":"Hezbollah","site_type":"","siteStype":"","city":"Marj","province":"","country":"Israel","latitude":33.21672,"longitude":35.544165,"coord_type":"general town","source_1":"https://t.me/mmirleb/10530","source_2":"","sources":""}},{"type":"Feature","geometry":{"type":"Point","coordinates":[35.569564,33.20763]},"properties":{"event_id":200191,"data_org":"Green","post_date":"2026-03-08T00:00:00.000Z","pub_date":"2026-03-09T00:00:00.000Z","strikedate":"2026-03-08T00:00:00.000Z","event_type":"Rocket Attack","actor":"Hezbollah","site_type":"","siteStype":"","city":"Kiryat Shmona","province":"","country":"Israel","latitude":33.20763,"longitude":35.569564,"coord_type":"general town","source_1":"https://t.me/mmirleb/10543","source_2":"","sources":""}},{"type":"Feature","geometry":{"type":"Point","coordinates":[35.544165,33.21671999999999]},"properties":{"event_id":200193,"data_org":"Green","post_date":"2026-03-08T00:00:00.000Z","pub_date":"2026-03-09T00:00:00.000Z","strikedate":"2026-03-08T00:00:00.000Z","event_type":"Drone Attack","actor":"Hezbollah","site_type":"","siteStype":"","city":"Margaliot","province":"","country":"Israel","latitude":33.21672,"longitude":35.544165,"coord_type":"general town","source_1":"https://t.me/mmirleb/10546","source_2":"","sources":""}},{"type":"Feature","geometry":{"type":"Point","coordinates":[44.23287,33.268409999999996]},"properties":{"event_id":200204,"data_org":"Green","post_date":"2026-03-08T00:00:00.000Z","pub_date":"2026-03-09T00:00:00.000Z","strikedate":"2026-03-08T00:00:00.000Z","event_type":"Drone Attack","actor":"UNK","site_type":"","siteStype":"","city":"Baghdad","province":"","country":"Iraq","latitude":33.26841,"longitude":44.23287,"coord_type":"","source_1":"https://x.com/JoeTruzman/status/2030822047337894125","source_2":"","sources":""}},{"type":"Feature","geometry":{"type":"Point","coordinates":[35.57798,33.27744]},"properties":{"event_id":200255,"data_org":"Green","post_date":"2026-03-10T00:00:00.000Z","pub_date":"2026-03-10T00:00:00.000Z","strikedate":"2026-03-10T00:00:00.000Z","event_type":"Rocket Attack","actor":"Hezbollah","site_type":"","siteStype":"","city":"Metual","province":"","country":"Israel","latitude":33.27744,"longitude":35.57798,"coord_type":"general town","source_1":"https://t.me/mmirleb/10683","source_2":"","sources":""}},{"type":"Feature","geometry":{"type":"Point","coordinates":[44.22513,33.23951999999999]},"properties":{"event_id":200259,"data_org":"Green","post_date":"2026-03-10T00:00:00.000Z","pub_date":"2026-03-10T00:00:00.000Z","strikedate":"2026-03-10T00:00:00.000Z","event_type":"Drone Attack","actor":"UNK Iraqi militias","site_type":"","siteStype":"","city":"Baghdad","province":"","country":"Iraq","latitude":33.23952,"longitude":44.22513,"coord_type":"exact","source_1":"DNGTS: https://shafaq dot com/ar/%D8%A3%D9%85%D9%80%D9%86/%D8%A8%D8%BA%D8%AF%D8%A7%D8%AF-%D9%82%D8%B5%D9%81-%D9%81%D9%8A-%D9%85%D8%AD%D9%8A%D8%B7-%D9%82%D8%A7%D8%B9%D8%AF%D8%A9-%D9%81%D9%83%D8%AA%D9%88%D8%B1%D9%8A%D8%A7-%D9%88%D8%AC%D9%87%D8%A7%D8%B2-%D9","source_2":"","sources":""}},{"type":"Feature","geometry":{"type":"Point","coordinates":[35.394413,33.028529999999996]},"properties":{"event_id":200263,"data_org":"Green","post_date":"2026-03-10T00:00:00.000Z","pub_date":"2026-03-10T00:00:00.000Z","strikedate":"2026-03-10T00:00:00.000Z","event_type":"Rocket Attack","actor":"Hezbollah","site_type":"","siteStype":"","city":"Sasa","province":"","country":"Israel","latitude":33.02853,"longitude":35.394413,"coord_type":"general town","source_1":"https://t.me/mmirleb/10705","source_2":"","sources":""}},{"type":"Feature","geometry":{"type":"Point","coordinates":[34.986559,32.79498]},"properties":{"event_id":200264,"data_org":"Green","post_date":"2026-03-10T00:00:00.000Z","pub_date":"2026-03-10T00:00:00.000Z","strikedate":"2026-03-10T00:00:00.000Z","event_type":"Rocket Attack","actor":"Hezbollah","site_type":"","siteStype":"","city":"Haifa","province":"","country":"Israel","latitude":32.79498,"longitude":34.986559,"coord_type":"general town","source_1":"https://t.me/mmirleb/10708","source_2":"","sources":""}},{"type":"Feature","geometry":{"type":"Point","coordinates":[35.081397,32.934169999999995]},"properties":{"event_id":200265,"data_org":"Green","post_date":"2026-03-10T00:00:00.000Z","pub_date":"2026-03-10T00:00:00.000Z","strikedate":"2026-03-10T00:00:00.000Z","event_type":"Rocket Attack","actor":"Hezbollah","site_type":"","siteStype":"","city":"southeast of Acre","province":"","country":"Israel","latitude":32.93417,"longitude":35.081397,"coord_type":"general town","source_1":"https://t.me/mmirleb/10713","source_2":"","sources":""}},{"type":"Feature","geometry":{"type":"Point","coordinates":[35.5378,33.208289999999984]},"properties":{"event_id":200225,"data_org":"Green","post_date":"2026-03-09T00:00:00.000Z","pub_date":"2026-03-10T00:00:00.000Z","strikedate":"2026-03-09T00:00:00.000Z","event_type":"Rocket Attack","actor":"Hezbollah","site_type":"","siteStype":"","city":"Margaliot","province":"","country":"Israel","latitude":33.20829,"longitude":35.5378,"coord_type":"exact","source_1":"https://t.me/mmirleb/10613","source_2":"","sources":""}},{"type":"Feature","geometry":{"type":"Point","coordinates":[35.543081,33.196099999999994]},"properties":{"event_id":200226,"data_org":"Green","post_date":"2026-03-09T00:00:00.000Z","pub_date":"2026-03-10T00:00:00.000Z","strikedate":"2026-03-09T00:00:00.000Z","event_type":"Rocket Attack","actor":"Hezbollah","site_type":"","siteStype":"","city":"Manara","province":"","country":"Israel","latitude":33.1961,"longitude":35.543081,"coord_type":"exact","source_1":"https://t.me/mmirleb/10616","source_2":"","sources":""}},{"type":"Feature","geometry":{"type":"Point","coordinates":[35.5378,33.208289999999984]},"properties":{"event_id":200231,"data_org":"Green","post_date":"2026-03-09T00:00:00.000Z","pub_date":"2026-03-10T00:00:00.000Z","strikedate":"2026-03-09T00:00:00.000Z","event_type":"Rocket Attack","actor":"Hezbollah","site_type":"","siteStype":"","city":"Margaliot","province":"","country":"Israel","latitude":33.20829,"longitude":35.5378,"coord_type":"exact","source_1":"https://t.me/mmirleb/10619","source_2":"","sources":""}},{"type":"Feature","geometry":{"type":"Point","coordinates":[35.494878,32.96518]},"properties":{"event_id":200232,"data_org":"Green","post_date":"2026-03-09T00:00:00.000Z","pub_date":"2026-03-10T00:00:00.000Z","strikedate":"2026-03-09T00:00:00.000Z","event_type":"Rocket Attack","actor":"Hezbollah","site_type":"","siteStype":"","city":"Safed","province":"","country":"Israel","latitude":32.96518,"longitude":35.494878,"coord_type":"general town","source_1":"https://t.me/mmirleb/10622","source_2":"https://t.me/alichoeib1970/15659","sources":""}},{"type":"Feature","geometry":{"type":"Point","coordinates":[35.548605,33.24753]},"properties":{"event_id":200233,"data_org":"Green","post_date":"2026-03-09T00:00:00.000Z","pub_date":"2026-03-10T00:00:00.000Z","strikedate":"2026-03-09T00:00:00.000Z","event_type":"Rocket Attack","actor":"Hezbollah","site_type":"","siteStype":"","city":"Misgav Am","province":"","country":"Israel","latitude":33.24753,"longitude":35.548605,"coord_type":"general town","source_1":"https://t.me/mmirleb/10625","source_2":"https://t.me/alichoeib1970/15654","sources":"https://t.me/alichoeib1970/15656"}},{"type":"Feature","geometry":{"type":"Point","coordinates":[35.274281,32.749069999999996]},"properties":{"event_id":200236,"data_org":"Green","post_date":"2026-03-09T00:00:00.000Z","pub_date":"2026-03-10T00:00:00.000Z","strikedate":"2026-03-09T00:00:00.000Z","event_type":"Drone Attack","actor":"Hezbollah","site_type":"","siteStype":"","city":"Tzipori","province":"","country":"Israel","latitude":32.74907,"longitude":35.274281,"coord_type":"general town","source_1":"https://t.me/mmirleb/10632","source_2":"","sources":""}},{"type":"Feature","geometry":{"type":"Point","coordinates":[35.54444,33.23255999999999]},"properties":{"event_id":200240,"data_org":"Green","post_date":"2026-03-09T00:00:00.000Z","pub_date":"2026-03-10T00:00:00.000Z","strikedate":"2026-03-09T00:00:00.000Z","event_type":"Rocket Attack","actor":"Hezbollah","site_type":"","siteStype":"","city":"","province":"","country":"Israel","latitude":33.23256,"longitude":35.54444,"coord_type":"exact","source_1":"https://t.me/mmirleb/10641","source_2":"","sources":""}},{"type":"Feature","geometry":{"type":"Point","coordinates":[34.848696,32.03726000000001]},"properties":{"event_id":200242,"data_org":"Green","post_date":"2026-03-09T00:00:00.000Z","pub_date":"2026-03-10T00:00:00.000Z","strikedate":"2026-03-09T00:00:00.000Z","event_type":"Drone Attack","actor":"Hezbollah","site_type":"","siteStype":"","city":"el HaShomer","province":"","country":"Israel","latitude":32.03726,"longitude":34.848696,"coord_type":"general neighborhood","source_1":"https://t.me/mmirleb/10644","source_2":"","sources":""}},{"type":"Feature","geometry":{"type":"Point","coordinates":[35.495103,32.96502]},"properties":{"event_id":200244,"data_org":"Green","post_date":"2026-03-09T00:00:00.000Z","pub_date":"2026-03-10T00:00:00.000Z","strikedate":"2026-03-09T00:00:00.000Z","event_type":"Rocket Attack","actor":"Hezbollah","site_type":"","siteStype":"","city":"Safed","province":"","country":"Israel","latitude":32.96502,"longitude":35.495103,"coord_type":"general town","source_1":"https://t.me/mmirleb/10650","source_2":"","sources":""}},{"type":"Feature","geometry":{"type":"Point","coordinates":[35.554543,33.14332]},"properties":{"event_id":200245,"data_org":"Green","post_date":"2026-03-09T00:00:00.000Z","pub_date":"2026-03-10T00:00:00.000Z","strikedate":"2026-03-09T00:00:00.000Z","event_type":"Rocket Attack","actor":"Hezbollah","site_type":"","siteStype":"","city":"Yiftah","province":"","country":"Israel","latitude":33.14332,"longitude":35.554543,"coord_type":"exact","source_1":"https://t.me/mmirleb/10653","source_2":"","sources":""}},{"type":"Feature","geometry":{"type":"Point","coordinates":[35.508438,33.09861999999999]},"properties":{"event_id":200247,"data_org":"Green","post_date":"2026-03-09T00:00:00.000Z","pub_date":"2026-03-10T00:00:00.000Z","strikedate":"2026-03-09T00:00:00.000Z","event_type":"Rocket Attack","actor":"Hezbollah","site_type":"","siteStype":"","city":"Makiliyah","province":"","country":"Israel","latitude":33.09862,"longitude":35.508438,"coord_type":"general town","source_1":"https://t.me/mmirleb/10662","source_2":"","sources":""}},{"type":"Feature","geometry":{"type":"Point","coordinates":[35.5378,33.208289999999984]},"properties":{"event_id":200249,"data_org":"Green","post_date":"2026-03-09T00:00:00.000Z","pub_date":"2026-03-10T00:00:00.000Z","strikedate":"2026-03-09T00:00:00.000Z","event_type":"Rocket Attack","actor":"Hezbollah","site_type":"","siteStype":"","city":"Margaliot","province":"","country":"Israel","latitude":33.20829,"longitude":35.5378,"coord_type":"exact","source_1":"https://t.me/mmirleb/10671","source_2":"","sources":""}},{"type":"Feature","geometry":{"type":"Point","coordinates":[34.986559,32.79498]},"properties":{"event_id":200291,"data_org":"Green","post_date":"2026-03-11T00:00:00.000Z","pub_date":"2026-03-11T00:00:00.000Z","strikedate":"2026-03-11T00:00:00.000Z","event_type":"Rocket Attack","actor":"Hezbollah","site_type":"","siteStype":"","city":"Haifa","province":"","country":"Israel","latitude":32.79498,"longitude":34.986559,"coord_type":"general town","source_1":"https://x.com/manniefabian/status/2031792893728272872?s=20","source_2":"https://x.com/no_itsmyturn/status/2031797884115402876","sources":"https://x.com/idfonline/status/2031797738841526332?s=20; https://x.com/ariel_oseran/status/2031800945575706983; https://t.me/moriahdoron/29087; https://x.com/OSINTWarfare/status/2031802920992125270?s=20; https://x.com/PopularFront_/status/203181494692993"}},{"type":"Feature","geometry":{"type":"Point","coordinates":[35.271687,32.92984199999999]},"properties":{"event_id":200292,"data_org":"Green","post_date":"2026-03-11T00:00:00.000Z","pub_date":"2026-03-11T00:00:00.000Z","strikedate":"2026-03-11T00:00:00.000Z","event_type":"Rocket Attack","actor":"Hezbollah","site_type":"","siteStype":"","city":"Biina","province":"","country":"Israel","latitude":32.929842,"longitude":35.271687,"coord_type":"general town","source_1":"https://x.com/sentdefender/status/2031800605652418829","source_2":"https://x.com/guyelster/status/2031804944546722006","sources":""}},{"type":"Feature","geometry":{"type":"Point","coordinates":[35.57798,33.27744]},"properties":{"event_id":200271,"data_org":"Green","post_date":"2026-03-10T00:00:00.000Z","pub_date":"2026-03-11T00:00:00.000Z","strikedate":"2026-03-10T00:00:00.000Z","event_type":"Rocket Attack","actor":"Hezbollah","site_type":"","siteStype":"","city":"Metula","province":"","country":"Israel","latitude":33.27744,"longitude":35.57798,"coord_type":"general town","source_1":"https://t.me/mmirleb/10721","source_2":"https://t.me/alichoeib1970/15682","sources":""}},{"type":"Feature","geometry":{"type":"Point","coordinates":[35.573757,33.24223]},"properties":{"event_id":200272,"data_org":"Green","post_date":"2026-03-10T00:00:00.000Z","pub_date":"2026-03-11T00:00:00.000Z","strikedate":"2026-03-10T00:00:00.000Z","event_type":"Rocket Attack","actor":"Hezbollah","site_type":"","siteStype":"","city":"Kfar Giladi","province":"","country":"Israel","latitude":33.24223,"longitude":35.573757,"coord_type":"general town","source_1":"https://t.me/mmirleb/10721","source_2":"https://t.me/alichoeib1970/15682","sources":""}},{"type":"Feature","geometry":{"type":"Point","coordinates":[35.54444,33.23255999999999]},"properties":{"event_id":200278,"data_org":"Green","post_date":"2026-03-10T00:00:00.000Z","pub_date":"2026-03-11T00:00:00.000Z","strikedate":"2026-03-10T00:00:00.000Z","event_type":"Rocket Attack","actor":"Hezbollah","site_type":"","siteStype":"","city":"","province":"","country":"Israel","latitude":33.23256,"longitude":35.54444,"coord_type":"exact","source_1":"https://t.me/mmirleb/10744","source_2":"","sources":""}},{"type":"Feature","geometry":{"type":"Point","coordinates":[44.215945,33.254839999999994]},"properties":{"event_id":200280,"data_org":"Green","post_date":"2026-03-10T00:00:00.000Z","pub_date":"2026-03-11T00:00:00.000Z","strikedate":"1899-11-30T00:00:00.000Z","event_type":"Drone Attack","actor":"Likely Iraqi militas","site_type":"","siteStype":"","city":"Baghdad","province":"","country":"Iraq","latitude":33.25484,"longitude":44.215945,"coord_type":"general neighborhood","source_1":"https://www.washingtonpost.com/national-security/2026/03/10/baghdad-diplomatic-drone-strike/","source_2":"","sources":""}},{"type":"Feature","geometry":{"type":"Point","coordinates":[35.543081,33.196099999999994]},"properties":{"event_id":200281,"data_org":"Green","post_date":"2026-03-10T00:00:00.000Z","pub_date":"2026-03-11T00:00:00.000Z","strikedate":"2026-03-10T00:00:00.000Z","event_type":"Rocket Attack","actor":"Hezbollah","site_type":"","siteStype":"","city":"Manara","province":"","country":"Israel","latitude":33.1961,"longitude":35.543081,"coord_type":"exact","source_1":"https://t.me/mmirleb/10751","source_2":"https://t.me/defapress_ir/51320","sources":""}},{"type":"Feature","geometry":{"type":"Point","coordinates":[43.574850000000005,35.800276999999994]},"properties":{"event_id":200329,"data_org":"Green","post_date":"2026-03-12T00:00:00.000Z","pub_date":"2026-03-12T00:00:00.000Z","strikedate":"2026-03-12T00:00:00.000Z","event_type":"Drone Attack","actor":"UNK","site_type":"","siteStype":"","city":"Makhmour","province":"","country":"Iraq","latitude":35.800277,"longitude":43.57485,"coord_type":"general town","source_1":"DNGTS: https://www.shafaq dot com/ar/????/???-????-???????-????????-????-?????-???????-??-?????","source_2":"DNGTS: https://www.shafaq dot com/ar/????/??????-????????-?-??-????-???????-?????-??4-??-???-?????-??-?????","sources":""}},{"type":"Feature","geometry":{"type":"Point","coordinates":[35.293952,33.07448599999999]},"properties":{"event_id":200332,"data_org":"Green","post_date":"2026-03-12T00:00:00.000Z","pub_date":"2026-03-12T00:00:00.000Z","strikedate":"2026-03-12T00:00:00.000Z","event_type":"Drone attack","actor":"Hezbollah","site_type":"","siteStype":"","city":"Even Menachem","province":"","country":"Israel","latitude":33.074486,"longitude":35.293952,"coord_type":"general town","source_1":"https://t.me/mmirleb/10878","source_2":"","sources":""}},{"type":"Feature","geometry":{"type":"Point","coordinates":[35.278544,33.01464299999999]},"properties":{"event_id":200333,"data_org":"Green","post_date":"2026-03-12T00:00:00.000Z","pub_date":"2026-03-12T00:00:00.000Z","strikedate":"2026-03-12T00:00:00.000Z","event_type":"Rocket Attack","actor":"Hezbollah","site_type":"","siteStype":"","city":"Ma'alot-Tarshiha","province":"","country":"Israel","latitude":33.014643,"longitude":35.278544,"coord_type":"general town","source_1":"https://t.me/mmirleb/10883","source_2":"","sources":""}},{"type":"Feature","geometry":{"type":"Point","coordinates":[35.3254,33.1452]},"properties":{"event_id":200335,"data_org":"Green","post_date":"2026-03-12T00:00:00.000Z","pub_date":"2026-03-12T00:00:00.000Z","strikedate":"2026-03-12T00:00:00.000Z","event_type":"Rocket Attack","actor":"Hezbollah","site_type":"","siteStype":"","city":"Misgav Am","province":"","country":"Israel","latitude":33.1452,"longitude":35.3254,"coord_type":"general town","source_1":"https://t.me/QudsN/674906","source_2":"","sources":""}},{"type":"Feature","geometry":{"type":"Point","coordinates":[35.097892,33.01054]},"properties":{"event_id":200339,"data_org":"Green","post_date":"2026-03-12T00:00:00.000Z","pub_date":"2026-03-12T00:00:00.000Z","strikedate":"2026-03-12T00:00:00.000Z","event_type":"Rocket Attack","actor":"Hezbollah","site_type":"","siteStype":"","city":"Nahariya","province":"","country":"Israel","latitude":33.01054,"longitude":35.097892,"coord_type":"general town","source_1":"https://t.me/mmirleb/10892","source_2":"","sources":""}},{"type":"Feature","geometry":{"type":"Point","coordinates":[35.508438,33.09861999999999]},"properties":{"event_id":200342,"data_org":"Green","post_date":"2026-03-12T00:00:00.000Z","pub_date":"2026-03-12T00:00:00.000Z","strikedate":"2026-03-12T00:00:00.000Z","event_type":"Rocket Attack","actor":"Hezbollah","site_type":"","siteStype":"","city":"Makiliyah","province":"","country":"Israel","latitude":33.09862,"longitude":35.508438,"coord_type":"general town","source_1":"https://t.me/mmirleb/10901","source_2":"","sources":""}},{"type":"Feature","geometry":{"type":"Point","coordinates":[35.56656,33.209713]},"properties":{"event_id":200297,"data_org":"Green","post_date":"2026-03-11T00:00:00.000Z","pub_date":"2026-03-12T00:00:00.000Z","strikedate":"2026-03-11T00:00:00.000Z","event_type":"Rocket Attack","actor":"Hezbollah","site_type":"","siteStype":"","city":"Kiryat Shmona","province":"","country":"Israel","latitude":33.209713,"longitude":35.56656,"coord_type":"general town","source_1":"https://t.me/mmirleb/10777","source_2":"","sources":""}},{"type":"Feature","geometry":{"type":"Point","coordinates":[35.097892,33.01054]},"properties":{"event_id":200298,"data_org":"Green","post_date":"2026-03-11T00:00:00.000Z","pub_date":"2026-03-12T00:00:00.000Z","strikedate":"2026-03-11T00:00:00.000Z","event_type":"Rocket Attack","actor":"Hezbollah","site_type":"","siteStype":"","city":"Nahariya","province":"","country":"Israel","latitude":33.01054,"longitude":35.097892,"coord_type":"general town","source_1":"https://t.me/mmirleb/10777","source_2":"","sources":""}},{"type":"Feature","geometry":{"type":"Point","coordinates":[35.25966,32.859289999999994]},"properties":{"event_id":200299,"data_org":"Green","post_date":"2026-03-11T00:00:00.000Z","pub_date":"2026-03-12T00:00:00.000Z","strikedate":"2026-03-11T00:00:00.000Z","event_type":"Rocket Attack","actor":"Hezbollah","site_type":"","siteStype":"","city":"Haifa","province":"","country":"Israel","latitude":32.85929,"longitude":35.25966,"coord_type":"general town","source_1":"https://t.me/mmirleb/10780","source_2":"","sources":""}},{"type":"Feature","geometry":{"type":"Point","coordinates":[35.081397,32.934169999999995]},"properties":{"event_id":200300,"data_org":"Green","post_date":"2026-03-11T00:00:00.000Z","pub_date":"2026-03-12T00:00:00.000Z","strikedate":"2026-03-11T00:00:00.000Z","event_type":"Rocket Attack","actor":"Hezbollah","site_type":"","siteStype":"","city":"Haifa","province":"","country":"Israel","latitude":32.93417,"longitude":35.081397,"coord_type":"general town","source_1":"https://t.me/mmirleb/10780","source_2":"","sources":""}},{"type":"Feature","geometry":{"type":"Point","coordinates":[35.511743,32.91639399999999]},"properties":{"event_id":200301,"data_org":"Green","post_date":"2026-03-11T00:00:00.000Z","pub_date":"2026-03-12T00:00:00.000Z","strikedate":"2026-03-11T00:00:00.000Z","event_type":"Rocket Attack","actor":"Hezbollah","site_type":"","siteStype":"","city":"Safed","province":"","country":"Israel","latitude":32.916394,"longitude":35.511743,"coord_type":"general town","source_1":"https://t.me/mmirleb/10783","source_2":"","sources":""}},{"type":"Feature","geometry":{"type":"Point","coordinates":[35.513025,32.979903]},"properties":{"event_id":200303,"data_org":"Green","post_date":"2026-03-11T00:00:00.000Z","pub_date":"2026-03-12T00:00:00.000Z","strikedate":"2026-03-11T00:00:00.000Z","event_type":"Rocket Attack","actor":"Hezbollah","site_type":"","siteStype":"","city":"Safed","province":"","country":"Israel","latitude":32.979903,"longitude":35.513025,"coord_type":"general town","source_1":"https://t.me/mmirleb/10786","source_2":"","sources":""}},{"type":"Feature","geometry":{"type":"Point","coordinates":[35.484992,32.99484799999999]},"properties":{"event_id":200304,"data_org":"Green","post_date":"2026-03-11T00:00:00.000Z","pub_date":"2026-03-12T00:00:00.000Z","strikedate":"2026-03-11T00:00:00.000Z","event_type":"Rocket Attack","actor":"Hezbollah","site_type":"","siteStype":"","city":"Safed","province":"","country":"Israel","latitude":32.994848,"longitude":35.484992,"coord_type":"general town","source_1":"https://t.me/mmirleb/10786","source_2":"","sources":""}},{"type":"Feature","geometry":{"type":"Point","coordinates":[34.981815,32.83227800000001]},"properties":{"event_id":200305,"data_org":"Green","post_date":"2026-03-11T00:00:00.000Z","pub_date":"2026-03-12T00:00:00.000Z","strikedate":"2026-03-11T00:00:00.000Z","event_type":"Rocket Attack","actor":"Hezbollah","site_type":"","siteStype":"","city":"Haifa","province":"","country":"Israel","latitude":32.832278,"longitude":34.981815,"coord_type":"general town","source_1":"https://t.me/mmirleb/10789","source_2":"","sources":""}},{"type":"Feature","geometry":{"type":"Point","coordinates":[34.971682,32.746742]},"properties":{"event_id":200306,"data_org":"Green","post_date":"2026-03-11T00:00:00.000Z","pub_date":"2026-03-12T00:00:00.000Z","strikedate":"2026-03-11T00:00:00.000Z","event_type":"Rocket Attack","actor":"Hezbollah","site_type":"","siteStype":"","city":"Haifa","province":"","country":"Israel","latitude":32.746742,"longitude":34.971682,"coord_type":"general town","source_1":"https://t.me/mmirleb/10789","source_2":"","sources":""}},{"type":"Feature","geometry":{"type":"Point","coordinates":[35.56656,33.209713]},"properties":{"event_id":200307,"data_org":"Green","post_date":"2026-03-11T00:00:00.000Z","pub_date":"2026-03-12T00:00:00.000Z","strikedate":"2026-03-11T00:00:00.000Z","event_type":"Drone Attack","actor":"Hezbollah","site_type":"","siteStype":"","city":"Kiryat Shmona","province":"","country":"Israel","latitude":33.209713,"longitude":35.56656,"coord_type":"general town","source_1":"https://t.me/mmirleb/10792","source_2":"","sources":""}},{"type":"Feature","geometry":{"type":"Point","coordinates":[35.097892,33.01054]},"properties":{"event_id":200308,"data_org":"Green","post_date":"2026-03-11T00:00:00.000Z","pub_date":"2026-03-12T00:00:00.000Z","strikedate":"2026-03-11T00:00:00.000Z","event_type":"Rocket Attack","actor":"Hezbollah","site_type":"","siteStype":"","city":"Nahariya","province":"","country":"Israel","latitude":33.01054,"longitude":35.097892,"coord_type":"general town","source_1":"https://t.me/mmirleb/10795","source_2":"","sources":""}},{"type":"Feature","geometry":{"type":"Point","coordinates":[35.581241,33.27715499999999]},"properties":{"event_id":200309,"data_org":"Green","post_date":"2026-03-11T00:00:00.000Z","pub_date":"2026-03-12T00:00:00.000Z","strikedate":"2026-03-11T00:00:00.000Z","event_type":"Rocket Attack","actor":"Hezbollah","site_type":"","siteStype":"","city":"Metula","province":"","country":"Israel","latitude":33.277155,"longitude":35.581241,"coord_type":"general town","source_1":"https://t.me/mmirleb/10798","source_2":"","sources":""}},{"type":"Feature","geometry":{"type":"Point","coordinates":[35.144892,33.07077099999999]},"properties":{"event_id":200310,"data_org":"Green","post_date":"2026-03-11T00:00:00.000Z","pub_date":"2026-03-12T00:00:00.000Z","strikedate":"2026-03-11T00:00:00.000Z","event_type":"Drone Attack","actor":"Hezbollah","site_type":"","siteStype":"","city":"Shlomi","province":"","country":"Israel","latitude":33.070771,"longitude":35.144892,"coord_type":"general town","source_1":"https://t.me/mmirleb/10801","source_2":"","sources":""}},{"type":"Feature","geometry":{"type":"Point","coordinates":[34.981468,32.83476599999999]},"properties":{"event_id":200311,"data_org":"Green","post_date":"2026-03-11T00:00:00.000Z","pub_date":"2026-03-12T00:00:00.000Z","strikedate":"2026-03-11T00:00:00.000Z","event_type":"Drone Attack","actor":"Hezbollah","site_type":"","siteStype":"","city":"Acre","province":"","country":"Israel","latitude":32.834766,"longitude":34.981468,"coord_type":"general town","source_1":"https://t.me/mmirleb/10804","source_2":"","sources":""}},{"type":"Feature","geometry":{"type":"Point","coordinates":[35.56656,33.209713]},"properties":{"event_id":200312,"data_org":"Green","post_date":"2026-03-11T00:00:00.000Z","pub_date":"2026-03-12T00:00:00.000Z","strikedate":"2026-03-11T00:00:00.000Z","event_type":"Rocket Attack","actor":"Hezbollah","site_type":"","siteStype":"","city":"Kiryat Shmona","province":"","country":"Israel","latitude":33.209713,"longitude":35.56656,"coord_type":"general town","source_1":"https://t.me/mmirleb/10807","source_2":"","sources":""}},{"type":"Feature","geometry":{"type":"Point","coordinates":[35.581241,33.27715499999999]},"properties":{"event_id":200313,"data_org":"Green","post_date":"2026-03-11T00:00:00.000Z","pub_date":"2026-03-12T00:00:00.000Z","strikedate":"2026-03-11T00:00:00.000Z","event_type":"unknown","actor":"Hezbollah","site_type":"","siteStype":"","city":"Metula","province":"","country":"Israel","latitude":33.277155,"longitude":35.581241,"coord_type":"general town","source_1":"https://t.me/mmirleb/10810","source_2":"","sources":""}},{"type":"Feature","geometry":{"type":"Point","coordinates":[35.471008,33.088677999999994]},"properties":{"event_id":200314,"data_org":"Green","post_date":"2026-03-11T00:00:00.000Z","pub_date":"2026-03-12T00:00:00.000Z","strikedate":"2026-03-11T00:00:00.000Z","event_type":"Drone Attack","actor":"Hezbollah","site_type":"","siteStype":"","city":"Avivm","province":"","country":"Israel","latitude":33.088678,"longitude":35.471008,"coord_type":"general town","source_1":"https://t.me/mmirleb/10813","source_2":"","sources":""}},{"type":"Feature","geometry":{"type":"Point","coordinates":[35.315577,33.085672]},"properties":{"event_id":200315,"data_org":"Green","post_date":"2026-03-11T00:00:00.000Z","pub_date":"2026-03-12T00:00:00.000Z","strikedate":"2026-03-11T00:00:00.000Z","event_type":"Drone Attack","actor":"Hezbollah","site_type":"","siteStype":"","city":"Shtula","province":"","country":"Israel","latitude":33.085672,"longitude":35.315577,"coord_type":"general town","source_1":"https://t.me/mmirleb/10816","source_2":"","sources":""}},{"type":"Feature","geometry":{"type":"Point","coordinates":[35.08253,32.933129999999984]},"properties":{"event_id":200316,"data_org":"Green","post_date":"2026-03-11T00:00:00.000Z","pub_date":"2026-03-12T00:00:00.000Z","strikedate":"2026-03-11T00:00:00.000Z","event_type":"Drone Attack","actor":"Hezbollah","site_type":"","siteStype":"","city":"Acre","province":"","country":"Israel","latitude":32.93313,"longitude":35.08253,"coord_type":"general town","source_1":"https://t.me/mmirleb/10819","source_2":"","sources":""}},{"type":"Feature","geometry":{"type":"Point","coordinates":[43.971365,36.22101]},"properties":{"event_id":200326,"data_org":"Green","post_date":"2026-03-11T00:00:00.000Z","pub_date":"2026-03-12T00:00:00.000Z","strikedate":"2026-03-11T00:00:00.000Z","event_type":"unknown","actor":"UNK","site_type":"","siteStype":"","city":"Erbil","province":"","country":"Iraq","latitude":36.22101,"longitude":43.971365,"coord_type":"POV","source_1":"https://x.com/vcdgf555/status/2031872204665995772?s=20","source_2":"https://x.com/Habersayaci/status/2031865139805270127?s=20","sources":""}},{"type":"Feature","geometry":{"type":"Point","coordinates":[35.097892,33.01054]},"properties":{"event_id":200318,"data_org":"Green","post_date":"2026-03-11T00:00:00.000Z","pub_date":"2026-03-12T00:00:00.000Z","strikedate":"2026-03-11T00:00:00.000Z","event_type":"Drone Attack","actor":"Hezbollah","site_type":"","siteStype":"","city":"Nahariya","province":"","country":"Israel","latitude":33.01054,"longitude":35.097892,"coord_type":"general town","source_1":"https://t.me/mmirleb/10829","source_2":"","sources":""}},{"type":"Feature","geometry":{"type":"Point","coordinates":[35.097892,33.01054]},"properties":{"event_id":200319,"data_org":"Green","post_date":"2026-03-11T00:00:00.000Z","pub_date":"2026-03-12T00:00:00.000Z","strikedate":"2026-03-11T00:00:00.000Z","event_type":"Rocket Attack","actor":"Hezbollah","site_type":"","siteStype":"","city":"Nahariya","province":"","country":"Israel","latitude":33.01054,"longitude":35.097892,"coord_type":"general town","source_1":"https://t.me/mmirleb/10832","source_2":"","sources":""}},{"type":"Feature","geometry":{"type":"Point","coordinates":[34.923522,32.333711]},"properties":{"event_id":200320,"data_org":"Green","post_date":"2026-03-11T00:00:00.000Z","pub_date":"2026-03-12T00:00:00.000Z","strikedate":"2026-03-11T00:00:00.000Z","event_type":"Rocket Attack","actor":"Hezbollah","site_type":"","siteStype":"","city":"","province":"","country":"Israel","latitude":32.333711,"longitude":34.923522,"coord_type":"general town","source_1":"https://t.me/mmirleb/10835","source_2":"","sources":""}},{"type":"Feature","geometry":{"type":"Point","coordinates":[35.184795,33.067499]},"properties":{"event_id":200322,"data_org":"Green","post_date":"2026-03-11T00:00:00.000Z","pub_date":"2026-03-12T00:00:00.000Z","strikedate":"2026-03-11T00:00:00.000Z","event_type":"Drone Attack","actor":"Hezbollah","site_type":"","siteStype":"","city":"","province":"","country":"Israel","latitude":33.067499,"longitude":35.184795,"coord_type":"general town","source_1":"https://t.me/mmirleb/10841","source_2":"","sources":""}},{"type":"Feature","geometry":{"type":"Point","coordinates":[35.413586,32.99833]},"properties":{"event_id":200323,"data_org":"Green","post_date":"2026-03-11T00:00:00.000Z","pub_date":"2026-03-12T00:00:00.000Z","strikedate":"2026-03-11T00:00:00.000Z","event_type":"Drone Attack","actor":"Hezbollah","site_type":"","siteStype":"","city":"","province":"","country":"Israel","latitude":32.99833,"longitude":35.413586,"coord_type":"general town","source_1":"https://t.me/mmirleb/10844","source_2":"","sources":""}},{"type":"Feature","geometry":{"type":"Point","coordinates":[47.588663,31.15429999999999]},"properties":{"event_id":200327,"data_org":"Green","post_date":"2026-03-11T00:00:00.000Z","pub_date":"2026-03-12T00:00:00.000Z","strikedate":"2026-03-11T00:00:00.000Z","event_type":"Drone Attack","actor":"UNK","site_type":"","siteStype":"","city":"Jaraiyah","province":"","country":"Iraq","latitude":31.1543,"longitude":47.588663,"coord_type":"exact","source_1":"https://x.com/no_itsmyturn/status/2031891965600550984","source_2":"","sources":""}},{"type":"Feature","geometry":{"type":"Point","coordinates":[34.933884,32.705382]},"properties":{"event_id":200325,"data_org":"Green","post_date":"2026-03-11T00:00:00.000Z","pub_date":"2026-03-12T00:00:00.000Z","strikedate":"2026-03-11T00:00:00.000Z","event_type":"Rocket Attack","actor":"Hezbollah","site_type":"","siteStype":"","city":"","province":"","country":"Israel","latitude":32.705382,"longitude":34.933884,"coord_type":"","source_1":"https://t.me/mmirleb/10852","source_2":"","sources":""}},{"type":"Feature","geometry":{"type":"Point","coordinates":[35.56656,33.209713]},"properties":{"event_id":200361,"data_org":"Green","post_date":"2026-03-13T00:00:00.000Z","pub_date":"2026-03-13T00:00:00.000Z","strikedate":"2026-03-13T00:00:00.000Z","event_type":"Drone Attack","actor":"Hezbollah","site_type":"","siteStype":"","city":"Kiryat Shmona","province":"","country":"Israel","latitude":33.209713,"longitude":35.56656,"coord_type":"general town","source_1":"https://t.me/mmirleb/10952","source_2":"https://x.com/manniefabian/status/2032378480998989990","sources":""}},{"type":"Feature","geometry":{"type":"Point","coordinates":[35.097892,33.01054]},"properties":{"event_id":200362,"data_org":"Green","post_date":"2026-03-13T00:00:00.000Z","pub_date":"2026-03-13T00:00:00.000Z","strikedate":"2026-03-13T00:00:00.000Z","event_type":"Rocket Attack","actor":"Hezbollah","site_type":"","siteStype":"","city":"Nahariya","province":"","country":"Israel","latitude":33.01054,"longitude":35.097892,"coord_type":"general town","source_1":"https://t.me/mmirleb/10955","source_2":"","sources":""}},{"type":"Feature","geometry":{"type":"Point","coordinates":[35.14683300000001,33.020985]},"properties":{"event_id":200365,"data_org":"Green","post_date":"2026-03-13T00:00:00.000Z","pub_date":"2026-03-13T00:00:00.000Z","strikedate":"2026-03-13T00:00:00.000Z","event_type":"Rocket Attack","actor":"Hezbollah","site_type":"","siteStype":"","city":"Kabri","province":"","country":"Israel","latitude":33.020985,"longitude":35.146833,"coord_type":"general town","source_1":"https://t.me/mmirleb/10964","source_2":"https://x.com/manniefabian/status/2032418330175234104","sources":"https://x.com/manniefabian/status/2032412262367940795"}},{"type":"Feature","geometry":{"type":"Point","coordinates":[35.413586,32.99833]},"properties":{"event_id":200363,"data_org":"Green","post_date":"2026-03-13T00:00:00.000Z","pub_date":"2026-03-13T00:00:00.000Z","strikedate":"2026-03-13T00:00:00.000Z","event_type":"Rocket Attack","actor":"Hezbollah","site_type":"","siteStype":"","city":"","province":"","country":"Israel","latitude":32.99833,"longitude":35.413586,"coord_type":"general town","source_1":"https://t.me/mmirleb/10958","source_2":"","sources":""}},{"type":"Feature","geometry":{"type":"Point","coordinates":[35.295001,33.075233]},"properties":{"event_id":200364,"data_org":"Green","post_date":"2026-03-13T00:00:00.000Z","pub_date":"2026-03-13T00:00:00.000Z","strikedate":"2026-03-13T00:00:00.000Z","event_type":"Rocket Attack","actor":"Hezbollah","site_type":"","siteStype":"","city":"Evan Menachem","province":"","country":"Israel","latitude":33.075233,"longitude":35.295001,"coord_type":"general town","source_1":"https://t.me/mmirleb/10961","source_2":"","sources":""}},{"type":"Feature","geometry":{"type":"Point","coordinates":[35.581241,33.27715499999999]},"properties":{"event_id":200367,"data_org":"Green","post_date":"2026-03-13T00:00:00.000Z","pub_date":"2026-03-13T00:00:00.000Z","strikedate":"2026-03-13T00:00:00.000Z","event_type":"Rocket Attack","actor":"Hezbollah","site_type":"","siteStype":"","city":"Metula","province":"","country":"Israel","latitude":33.277155,"longitude":35.581241,"coord_type":"general town","source_1":"https://t.me/mmirleb/10970","source_2":"","sources":""}},{"type":"Feature","geometry":{"type":"Point","coordinates":[35.513025,32.979903]},"properties":{"event_id":200369,"data_org":"Green","post_date":"2026-03-13T00:00:00.000Z","pub_date":"2026-03-13T00:00:00.000Z","strikedate":"2026-03-13T00:00:00.000Z","event_type":"Rocket Attack","actor":"Hezbollah","site_type":"","siteStype":"","city":"Safed","province":"","country":"Israel","latitude":32.979903,"longitude":35.513025,"coord_type":"general town","source_1":"https://t.me/mmirleb/10973","source_2":"","sources":""}},{"type":"Feature","geometry":{"type":"Point","coordinates":[35.581241,33.27715499999999]},"properties":{"event_id":200370,"data_org":"Green","post_date":"2026-03-13T00:00:00.000Z","pub_date":"2026-03-13T00:00:00.000Z","strikedate":"2026-03-13T00:00:00.000Z","event_type":"Rocket Attack","actor":"Hezbollah","site_type":"","siteStype":"","city":"Metula","province":"","country":"Israel","latitude":33.277155,"longitude":35.581241,"coord_type":"general town","source_1":"https://t.me/mmirleb/10976","source_2":"","sources":""}},{"type":"Feature","geometry":{"type":"Point","coordinates":[35.581241,33.27715499999999]},"properties":{"event_id":200371,"data_org":"Green","post_date":"2026-03-13T00:00:00.000Z","pub_date":"2026-03-13T00:00:00.000Z","strikedate":"2026-03-13T00:00:00.000Z","event_type":"Rocket Attack","actor":"Hezbollah","site_type":"","siteStype":"","city":"Metula","province":"","country":"Israel","latitude":33.277155,"longitude":35.581241,"coord_type":"general town","source_1":"https://t.me/mmirleb/10982","source_2":"","sources":""}},{"type":"Feature","geometry":{"type":"Point","coordinates":[44.215945,33.254839999999994]},"properties":{"event_id":200372,"data_org":"Green","post_date":"2026-03-13T00:00:00.000Z","pub_date":"2026-03-13T00:00:00.000Z","strikedate":"2026-03-13T00:00:00.000Z","event_type":"Drone Attack","actor":"Militias","site_type":"","siteStype":"","city":"Baghdad","province":"","country":"Iraq","latitude":33.25484,"longitude":44.215945,"coord_type":"exact","source_1":"https://x.com/Tammuz_Intel/status/2032496393764434030","source_2":"DNGTS: https://www.shafaq. dot com/ar/%D8%A3%D9%85%D9%80%D9%86/%D8%B3%D9%82%D8%A7%D8%B7-%D8%B7%D8%A7-%D8%B1%D8%A9-%D9%85%D8%B3%D9%8A%D8%B1%D8%A9-%D8%A7%D9%82%D8%AA%D8%B1%D8%A8%D8%AA-%D9%85%D9%86-%D9%85%D8%B1%D9%83%D8%B2-%D8%A7%D9%84%D8%AF%D8%B9%D9%85-%D8","sources":""}},{"type":"Feature","geometry":{"type":"Point","coordinates":[44.215945,33.254839999999994]},"properties":{"event_id":200374,"data_org":"Green","post_date":"2026-03-13T00:00:00.000Z","pub_date":"2026-03-13T00:00:00.000Z","strikedate":"2026-03-13T00:00:00.000Z","event_type":"Drone Attack","actor":"Likely militias","site_type":"","siteStype":"","city":"Baghdad","province":"","country":"Iraq","latitude":33.25484,"longitude":44.215945,"coord_type":"exact","source_1":"https://x.com/Tammuz_Intel/status/2032518389113971049","source_2":"","sources":""}},{"type":"Feature","geometry":{"type":"Point","coordinates":[35.546156,33.220789999999994]},"properties":{"event_id":200376,"data_org":"Green","post_date":"2026-03-13T00:00:00.000Z","pub_date":"2026-03-13T00:00:00.000Z","strikedate":"2026-03-13T00:00:00.000Z","event_type":"Rocket Attack","actor":"Hezbollah","site_type":"","siteStype":"","city":"Wadi Hounine","province":"","country":"Israel","latitude":33.22079,"longitude":35.546156,"coord_type":"general town","source_1":"https://t.me/mmirleb/10989","source_2":"","sources":""}},{"type":"Feature","geometry":{"type":"Point","coordinates":[44.284047,35.513034]},"properties":{"event_id":200377,"data_org":"Green","post_date":"2026-03-13T00:00:00.000Z","pub_date":"2026-03-13T00:00:00.000Z","strikedate":"2026-03-13T00:00:00.000Z","event_type":"unknown","actor":"Likely militias","site_type":"","siteStype":"","city":"Kumbatlar","province":"","country":"Iraq","latitude":35.513034,"longitude":44.284047,"coord_type":"exact","source_1":"DNGTS: https://www.kurdistan24 dot net/ar/story/900307/slug","source_2":"DNGTS: https://www.eremnews dot com/news/arab-world/es1x29d","sources":"DNGTS: https://rojnews dot news/ar/?p=263825; DNGTS: https://www.kurdistan24 dot net/en/story/900291/slug"}},{"type":"Feature","geometry":{"type":"Point","coordinates":[47.588663,31.15429999999999]},"properties":{"event_id":200344,"data_org":"Green","post_date":"2026-03-12T00:00:00.000Z","pub_date":"2026-03-13T00:00:00.000Z","strikedate":"2026-03-12T00:00:00.000Z","event_type":"Drone Attack","actor":"Likely militias","site_type":"","siteStype":"","city":"Jaraiyah","province":"","country":"Iraq","latitude":31.1543,"longitude":47.588663,"coord_type":"exact","source_1":"DNGTS: https://www.shafaq dot com/ar/%D8%A3%D9%85%D9%80%D9%86/%D9%85%D8%B3%D9%8A%D8%B1%D8%A9-%D8%AA%D8%B3%D8%AA%D9%87%D8%AF%D9%81-%D8%B1%D8%A7%D8%AF%D8%A7%D8%B1-%D8%AD%D9%82%D9%84-%D9%85%D8%AC%D9%86%D9%88%D9%86-%D8%A7%D9%84%D9%86%D9%81%D8%B7%D9%8A-%D9%81","source_2":"","sources":""}},{"type":"Feature","geometry":{"type":"Point","coordinates":[35.178345,33.09268899999999]},"properties":{"event_id":200346,"data_org":"Green","post_date":"2026-03-12T00:00:00.000Z","pub_date":"2026-03-13T00:00:00.000Z","strikedate":"2026-03-12T00:00:00.000Z","event_type":"Rocket Attack","actor":"Hezbollah","site_type":"","siteStype":"","city":"Nimr al Jamal","province":"","country":"Israel","latitude":33.092689,"longitude":35.178345,"coord_type":"general town","source_1":"https://t.me/mmirleb/10906","source_2":"","sources":""}},{"type":"Feature","geometry":{"type":"Point","coordinates":[35.56656,33.209713]},"properties":{"event_id":200348,"data_org":"Green","post_date":"2026-03-12T00:00:00.000Z","pub_date":"2026-03-13T00:00:00.000Z","strikedate":"2026-03-12T00:00:00.000Z","event_type":"Rocket Attack","actor":"Hezbollah","site_type":"","siteStype":"","city":"Kiryat Shmona","province":"","country":"Israel","latitude":33.209713,"longitude":35.56656,"coord_type":"general town","source_1":"https://t.me/mmirleb/10912","source_2":"https://x.com/manniefabian/status/2032176133605625894","sources":""}},{"type":"Feature","geometry":{"type":"Point","coordinates":[44.215945,33.254839999999994]},"properties":{"event_id":200353,"data_org":"Green","post_date":"2026-03-12T00:00:00.000Z","pub_date":"2026-03-13T00:00:00.000Z","strikedate":"2026-03-12T00:00:00.000Z","event_type":"Drone Attack","actor":"UNK","site_type":"","siteStype":"","city":"Baghdad","province":"","country":"Iraq","latitude":33.25484,"longitude":44.215945,"coord_type":"exact","source_1":"DNGTS: https://shafaq dot com/ar/%D8%A3%D9%85%D9%80%D9%86/%D8%AD%D8%A8%D8%A7%D8%B7-%D9%87%D8%AC%D9%88%D9%85-%D8%AC%D8%AF%D9%8A%D8%AF-%D8%B9%D9%84%D9%89-%D9%85%D8%B1%D9%83%D8%B2-%D8%A7%D9%84%D8%AF%D8%B9%D9%85-%D8%A7%D9%84%D8%AF%D8%A8%D9%84%D9%88%D9%85%D8%","source_2":"","sources":""}},{"type":"Feature","geometry":{"type":"Point","coordinates":[43.997761,36.196583]},"properties":{"event_id":200350,"data_org":"Green","post_date":"2026-03-12T00:00:00.000Z","pub_date":"2026-03-13T00:00:00.000Z","strikedate":"2026-03-12T00:00:00.000Z","event_type":"Drone Attack","actor":"Likely militias","site_type":"","siteStype":"","city":"Erbil","province":"","country":"Iraq","latitude":36.196583,"longitude":43.997761,"coord_type":"general town","source_1":"https://x.com/Tammuz_Intel/status/2032205997138202856","source_2":"","sources":""}},{"type":"Feature","geometry":{"type":"Point","coordinates":[35.595982,33.24625]},"properties":{"event_id":200349,"data_org":"Green","post_date":"2026-03-12T00:00:00.000Z","pub_date":"2026-03-13T00:00:00.000Z","strikedate":"2026-03-12T00:00:00.000Z","event_type":"Rocket Attack","actor":"Hezbollah","site_type":"","siteStype":"","city":"Kfar Yuval","province":"","country":"Israel","latitude":33.24625,"longitude":35.595982,"coord_type":"general town","source_1":"https://t.me/mmirleb/10915","source_2":"","sources":""}},{"type":"Feature","geometry":{"type":"Point","coordinates":[35.55187000000001,33.127174999999994]},"properties":{"event_id":200352,"data_org":"Green","post_date":"2026-03-12T00:00:00.000Z","pub_date":"2026-03-13T00:00:00.000Z","strikedate":"2026-03-12T00:00:00.000Z","event_type":"Drone Attack","actor":"Hezbollah","site_type":"","siteStype":"","city":"Yiftah","province":"","country":"Israel","latitude":33.127175,"longitude":35.55187,"coord_type":"general town","source_1":"https://t.me/mmirleb/10918","source_2":"","sources":""}},{"type":"Feature","geometry":{"type":"Point","coordinates":[35.544165,33.21671999999999]},"properties":{"event_id":200354,"data_org":"Green","post_date":"2026-03-12T00:00:00.000Z","pub_date":"2026-03-13T00:00:00.000Z","strikedate":"2026-03-12T00:00:00.000Z","event_type":"Rocket Attack","actor":"Hezbollah","site_type":"","siteStype":"","city":"Marj","province":"","country":"Israel","latitude":33.21672,"longitude":35.544165,"coord_type":"general town","source_1":"https://t.me/mmirleb/10918","source_2":"","sources":""}},{"type":"Feature","geometry":{"type":"Point","coordinates":[35.544165,33.21671999999999]},"properties":{"event_id":200359,"data_org":"Green","post_date":"2026-03-12T00:00:00.000Z","pub_date":"2026-03-13T00:00:00.000Z","strikedate":"2026-03-12T00:00:00.000Z","event_type":"Rocket Attack","actor":"Hezbollah","site_type":"","siteStype":"","city":"Marj","province":"","country":"Israel","latitude":33.21672,"longitude":35.544165,"coord_type":"general town","source_1":"https://t.me/mmirleb/10944","source_2":"","sources":""}},{"type":"Feature","geometry":{"type":"Point","coordinates":[35.573757,33.24223]},"properties":{"event_id":200360,"data_org":"Green","post_date":"2026-03-12T00:00:00.000Z","pub_date":"2026-03-13T00:00:00.000Z","strikedate":"2026-03-12T00:00:00.000Z","event_type":"Rocket Attack","actor":"Hezbollah","site_type":"","siteStype":"","city":"Kfar Giladi","province":"","country":"Israel","latitude":33.24223,"longitude":35.573757,"coord_type":"general town","source_1":"https://t.me/mmirleb/10947","source_2":"","sources":""}},{"type":"Feature","geometry":{"type":"Point","coordinates":[35.578134,33.277229999999996]},"properties":{"event_id":200399,"data_org":"Green","post_date":"2026-03-14T00:00:00.000Z","pub_date":"2026-03-14T00:00:00.000Z","strikedate":"2026-03-14T00:00:00.000Z","event_type":"Rocket Attack","actor":"Hezbollah","site_type":"","siteStype":"","city":"Metula","province":"","country":"Israel","latitude":33.27723,"longitude":35.578134,"coord_type":"general town","source_1":"https://t.me/mmirleb/11055","source_2":"","sources":""}},{"type":"Feature","geometry":{"type":"Point","coordinates":[35.569686,33.208059999999996]},"properties":{"event_id":200400,"data_org":"Green","post_date":"2026-03-14T00:00:00.000Z","pub_date":"2026-03-14T00:00:00.000Z","strikedate":"2026-03-14T00:00:00.000Z","event_type":"Rocket Attack","actor":"Hezbollah","site_type":"","siteStype":"","city":"Kiryat Shmona","province":"","country":"Israel","latitude":33.20806,"longitude":35.569686,"coord_type":"general town","source_1":"https://t.me/mmirleb/11058","source_2":"https://t.me/mmirleb/11099","sources":""}},{"type":"Feature","geometry":{"type":"Point","coordinates":[44.393581,33.298253]},"properties":{"event_id":200402,"data_org":"Green","post_date":"2026-03-14T00:00:00.000Z","pub_date":"2026-03-14T00:00:00.000Z","strikedate":"2026-03-14T00:00:00.000Z","event_type":"unknown","actor":"Likely Iraqi militias","site_type":"","siteStype":"","city":"Baghdad","province":"","country":"Iraq","latitude":33.298253,"longitude":44.393581,"coord_type":"exact","source_1":"https://x.com/Tammuz_Intel/status/2032760392204644428?s=20","source_2":"https://x.com/ariel_oseran","sources":"https://x.com/AZ_Intel_/status/2032663820066287979?s=20; https://x.com/sentdefender/status/2032668270709424451?s=20; https://x.com/hey_itsmyturn/status/2032725451907428475?s=20; https://x.com/JoeTruzman/status/2032671315531125042; https://x.com/JoeTruzma"}},{"type":"Feature","geometry":{"type":"Point","coordinates":[35.139955,33.09158999999999]},"properties":{"event_id":200404,"data_org":"Green","post_date":"2026-03-14T00:00:00.000Z","pub_date":"2026-03-14T00:00:00.000Z","strikedate":"2026-03-14T00:00:00.000Z","event_type":"Direct Engagement","actor":"Hezbollah","site_type":"","siteStype":"","city":"","province":"","country":"Israel","latitude":33.09159,"longitude":35.139955,"coord_type":"exact","source_1":"https://t.me/mmirleb/11068","source_2":"","sources":""}},{"type":"Feature","geometry":{"type":"Point","coordinates":[35.188369,33.005256999999986]},"properties":{"event_id":200405,"data_org":"Green","post_date":"2026-03-14T00:00:00.000Z","pub_date":"2026-03-14T00:00:00.000Z","strikedate":"2026-03-14T00:00:00.000Z","event_type":"Rocket Attack","actor":"Hezbollah","site_type":"","siteStype":"","city":"Jaatoun","province":"","country":"Israel","latitude":33.005257,"longitude":35.188369,"coord_type":"exact","source_1":"https://t.me/mmirleb/11071","source_2":"","sources":""}},{"type":"Feature","geometry":{"type":"Point","coordinates":[35.24973,33.05936899999999]},"properties":{"event_id":200406,"data_org":"Green","post_date":"2026-03-14T00:00:00.000Z","pub_date":"2026-03-14T00:00:00.000Z","strikedate":"2026-03-14T00:00:00.000Z","event_type":"Rocket Attack","actor":"Hezbollah","site_type":"","siteStype":"","city":"Gornot Hagalil","province":"","country":"Israel","latitude":33.059369,"longitude":35.24973,"coord_type":"general town","source_1":"https://t.me/mmirleb/11075","source_2":"","sources":""}},{"type":"Feature","geometry":{"type":"Point","coordinates":[35.278327,33.014663999999996]},"properties":{"event_id":200407,"data_org":"Green","post_date":"2026-03-14T00:00:00.000Z","pub_date":"2026-03-14T00:00:00.000Z","strikedate":"2026-03-14T00:00:00.000Z","event_type":"Rocket Attack","actor":"Hezbollah","site_type":"","siteStype":"","city":"Maalot-Tarshiha","province":"","country":"Israel","latitude":33.014664,"longitude":35.278327,"coord_type":"general town","source_1":"https://t.me/mmirleb/11078","source_2":"","sources":""}},{"type":"Feature","geometry":{"type":"Point","coordinates":[35.238955,33.057109]},"properties":{"event_id":200408,"data_org":"Green","post_date":"2026-03-14T00:00:00.000Z","pub_date":"2026-03-14T00:00:00.000Z","strikedate":"2026-03-14T00:00:00.000Z","event_type":"Rocket Attack","actor":"Hezbollah","site_type":"","siteStype":"","city":"Goren","province":"","country":"Israel","latitude":33.057109,"longitude":35.238955,"coord_type":"general town","source_1":"https://t.me/mmirleb/11081","source_2":"","sources":""}},{"type":"Feature","geometry":{"type":"Point","coordinates":[35.209183,33.078813999999994]},"properties":{"event_id":200410,"data_org":"Green","post_date":"2026-03-14T00:00:00.000Z","pub_date":"2026-03-14T00:00:00.000Z","strikedate":"2026-03-14T00:00:00.000Z","event_type":"Rocket Attack","actor":"Hezbollah","site_type":"","siteStype":"","city":"Adamit","province":"","country":"Israel","latitude":33.078814,"longitude":35.209183,"coord_type":"general town","source_1":"https://t.me/mmirleb/11084","source_2":"","sources":""}},{"type":"Feature","geometry":{"type":"Point","coordinates":[35.173287,33.08763199999999]},"properties":{"event_id":200411,"data_org":"Green","post_date":"2026-03-14T00:00:00.000Z","pub_date":"2026-03-14T00:00:00.000Z","strikedate":"2026-03-14T00:00:00.000Z","event_type":"Rocket Attack","actor":"Hezbollah","site_type":"","siteStype":"","city":"Hanita","province":"","country":"Israel","latitude":33.087632,"longitude":35.173287,"coord_type":"general town","source_1":"https://t.me/mmirleb/11087","source_2":"","sources":""}},{"type":"Feature","geometry":{"type":"Point","coordinates":[35.071289,32.841649999999994]},"properties":{"event_id":200412,"data_org":"Green","post_date":"2026-03-14T00:00:00.000Z","pub_date":"2026-03-14T00:00:00.000Z","strikedate":"2026-03-14T00:00:00.000Z","event_type":"Rocket Attack","actor":"Likely Hezbollah","site_type":"","siteStype":"","city":"Krayot","province":"","country":"Israel","latitude":32.84165,"longitude":35.071289,"coord_type":"general town","source_1":"https://x.com/GLZRadio/status/2032839868494086157","source_2":"","sources":""}},{"type":"Feature","geometry":{"type":"Point","coordinates":[35.145468,33.07272799999999]},"properties":{"event_id":200413,"data_org":"Green","post_date":"2026-03-14T00:00:00.000Z","pub_date":"2026-03-14T00:00:00.000Z","strikedate":"2026-03-14T00:00:00.000Z","event_type":"Rocket Attack","actor":"Hezbollah","site_type":"","siteStype":"","city":"Shlomi","province":"","country":"Israel","latitude":33.072728,"longitude":35.145468,"coord_type":"general town","source_1":"https://t.me/mmirleb/11090","source_2":"","sources":""}},{"type":"Feature","geometry":{"type":"Point","coordinates":[35.112632,33.058472999999985]},"properties":{"event_id":200414,"data_org":"Green","post_date":"2026-03-14T00:00:00.000Z","pub_date":"2026-03-14T00:00:00.000Z","strikedate":"2026-03-14T00:00:00.000Z","event_type":"Rocket Attack","actor":"Hezbollah","site_type":"","siteStype":"","city":"Liman","province":"","country":"Israel","latitude":33.058473,"longitude":35.112632,"coord_type":"general town","source_1":"https://t.me/mmirleb/11093","source_2":"","sources":""}},{"type":"Feature","geometry":{"type":"Point","coordinates":[35.145468,33.07272799999999]},"properties":{"event_id":200415,"data_org":"Green","post_date":"2026-03-14T00:00:00.000Z","pub_date":"2026-03-14T00:00:00.000Z","strikedate":"2026-03-14T00:00:00.000Z","event_type":"Rocket Attack","actor":"Hezbollah","site_type":"","siteStype":"","city":"Shlomi","province":"","country":"Israel","latitude":33.072728,"longitude":35.145468,"coord_type":"general town","source_1":"https://t.me/mmirleb/11096","source_2":"","sources":""}},{"type":"Feature","geometry":{"type":"Point","coordinates":[44.215945,33.254839999999994]},"properties":{"event_id":200430,"data_org":"Green","post_date":"2026-03-14T00:00:00.000Z","pub_date":"2026-03-14T00:00:00.000Z","strikedate":"2026-03-14T00:00:00.000Z","event_type":"Drone Attack","actor":"Likely Iraqi militias","site_type":"","siteStype":"","city":"Baghdad","province":"","country":"Iraq","latitude":33.25484,"longitude":44.215945,"coord_type":"","source_1":"DNGTS: https://shafaq dot com/ar/????/????-???????-????-?????-?????-??????????-??-????-?????","source_2":"https://t.me/iribnews/323065","sources":""}},{"type":"Feature","geometry":{"type":"Point","coordinates":[43.790564,36.13534799999999]},"properties":{"event_id":200429,"data_org":"Green","post_date":"2026-03-14T00:00:00.000Z","pub_date":"2026-03-14T00:00:00.000Z","strikedate":"2026-03-14T00:00:00.000Z","event_type":"Drone Attack","actor":"Likely militas","site_type":"","siteStype":"","city":"Erbil","province":"","country":"Iraq","latitude":36.135348,"longitude":43.790564,"coord_type":"exact","source_1":"https://t.me/Tasnimnews/396932","source_2":"DNGTS: https://shafaq dot com/ar/?????????????/???-?????????-?????-?????-??????-?????-??-????","sources":""}},{"type":"Feature","geometry":{"type":"Point","coordinates":[34.995128,32.79198399999999]},"properties":{"event_id":200418,"data_org":"Green","post_date":"2026-03-14T00:00:00.000Z","pub_date":"2026-03-14T00:00:00.000Z","strikedate":"2026-03-14T00:00:00.000Z","event_type":"Drone Attack","actor":"Hezbollah","site_type":"","siteStype":"","city":"Haifa","province":"","country":"Israel","latitude":32.791984,"longitude":34.995128,"coord_type":"general town","source_1":"https://t.me/mmirleb/11104","source_2":"","sources":""}},{"type":"Feature","geometry":{"type":"Point","coordinates":[44.215945,33.254839999999994]},"properties":{"event_id":200431,"data_org":"Green","post_date":"2026-03-14T00:00:00.000Z","pub_date":"2026-03-14T00:00:00.000Z","strikedate":"2026-03-14T00:00:00.000Z","event_type":"Drone Attack","actor":"Likely Iraqi militias","site_type":"","siteStype":"","city":"Baghdad","province":"","country":"Iraq","latitude":33.25484,"longitude":44.215945,"coord_type":"","source_1":"","source_2":"","sources":""}},{"type":"Feature","geometry":{"type":"Point","coordinates":[35.578134,33.277229999999996]},"properties":{"event_id":200427,"data_org":"Green","post_date":"2026-03-14T00:00:00.000Z","pub_date":"2026-03-14T00:00:00.000Z","strikedate":"2026-03-14T00:00:00.000Z","event_type":"Rocket Attack","actor":"Hezbollah","site_type":"","siteStype":"","city":"Metula","province":"","country":"Israel","latitude":33.27723,"longitude":35.578134,"coord_type":"general town","source_1":"https://t.me/mmirleb/11133","source_2":"","sources":""}},{"type":"Feature","geometry":{"type":"Point","coordinates":[35.466734,33.09212299999999]},"properties":{"event_id":200381,"data_org":"Green","post_date":"2026-03-13T00:00:00.000Z","pub_date":"2026-03-14T00:00:00.000Z","strikedate":"2026-03-13T00:00:00.000Z","event_type":"Rocket Attack","actor":"Hezbollah","site_type":"","siteStype":"","city":"","province":"","country":"Israel","latitude":33.092123,"longitude":35.466734,"coord_type":"general town","source_1":"https://t.me/mmirleb/11001","source_2":"","sources":""}},{"type":"Feature","geometry":{"type":"Point","coordinates":[35.187612,33.06843]},"properties":{"event_id":200383,"data_org":"Green","post_date":"2026-03-13T00:00:00.000Z","pub_date":"2026-03-14T00:00:00.000Z","strikedate":"2026-03-13T00:00:00.000Z","event_type":"Drone Attack","actor":"Hezbollah","site_type":"","siteStype":"","city":"Yaara","province":"","country":"Israel","latitude":33.06843,"longitude":35.187612,"coord_type":"general town","source_1":"https://t.me/mmirleb/11005","source_2":"","sources":""}},{"type":"Feature","geometry":{"type":"Point","coordinates":[34.981468,32.83477]},"properties":{"event_id":200388,"data_org":"Green","post_date":"2026-03-13T00:00:00.000Z","pub_date":"2026-03-14T00:00:00.000Z","strikedate":"2026-03-13T00:00:00.000Z","event_type":"Drone Attack","actor":"Hezbollah","site_type":"","siteStype":"","city":"Acre","province":"","country":"Israel","latitude":32.83477,"longitude":34.981468,"coord_type":"general town","source_1":"https://t.me/mmirleb/11019","source_2":"","sources":""}},{"type":"Feature","geometry":{"type":"Point","coordinates":[35.007235,32.46213999999999]},"properties":{"event_id":200389,"data_org":"Green","post_date":"2026-03-13T00:00:00.000Z","pub_date":"2026-03-14T00:00:00.000Z","strikedate":"2026-03-13T00:00:00.000Z","event_type":"Drone Attack","actor":"Hezbollah","site_type":"","siteStype":"","city":"Ein Shemer","province":"","country":"Israel","latitude":32.46214,"longitude":35.007235,"coord_type":"general town","source_1":"https://t.me/mmirleb/11022","source_2":"","sources":""}},{"type":"Feature","geometry":{"type":"Point","coordinates":[35.178345,33.09268899999999]},"properties":{"event_id":200391,"data_org":"Green","post_date":"2026-03-13T00:00:00.000Z","pub_date":"2026-03-14T00:00:00.000Z","strikedate":"2026-03-13T00:00:00.000Z","event_type":"Rocket Attack","actor":"Hezbollah","site_type":"","siteStype":"","city":"Nimr al Jamal","province":"","country":"Israel","latitude":33.092689,"longitude":35.178345,"coord_type":"general town","source_1":"https://t.me/mmirleb/11028","source_2":"","sources":""}},{"type":"Feature","geometry":{"type":"Point","coordinates":[35.484992,32.99484999999999]},"properties":{"event_id":200395,"data_org":"Green","post_date":"2026-03-13T00:00:00.000Z","pub_date":"2026-03-14T00:00:00.000Z","strikedate":"2026-03-13T00:00:00.000Z","event_type":"Rocket Attack","actor":"Hezbollah","site_type":"","siteStype":"","city":"Safed","province":"","country":"Israel","latitude":32.99485,"longitude":35.484992,"coord_type":"general town","source_1":"https://t.me/mmirleb/11037","source_2":"https://t.me/alichoeib1970/15814","sources":""}},{"type":"Feature","geometry":{"type":"Point","coordinates":[35.578134,33.277229999999996]},"properties":{"event_id":200396,"data_org":"Green","post_date":"2026-03-13T00:00:00.000Z","pub_date":"2026-03-14T00:00:00.000Z","strikedate":"2026-03-13T00:00:00.000Z","event_type":"Rocket Attack","actor":"Hezbollah","site_type":"","siteStype":"","city":"Metula","province":"","country":"Israel","latitude":33.27723,"longitude":35.578134,"coord_type":"general town","source_1":"https://t.me/mmirleb/11042","source_2":"https://t.me/alichoeib1970/15815","sources":""}},{"type":"Feature","geometry":{"type":"Point","coordinates":[35.193766,32.905793999999986]},"properties":{"event_id":200450,"data_org":"Green","post_date":"2026-03-15T00:00:00.000Z","pub_date":"2026-03-15T00:00:00.000Z","strikedate":"2026-03-15T00:00:00.000Z","event_type":"Rocket Attack","actor":"Hezbollah","site_type":"","siteStype":"","city":"Ahihud","province":"","country":"Israel","latitude":32.905794,"longitude":35.193766,"coord_type":"exact","source_1":"https://x.com/Osint613/status/2033132070466101316?s=20","source_2":"https://t.me/mmirleb/11184","sources":""}},{"type":"Feature","geometry":{"type":"Point","coordinates":[35.278327,33.014663999999996]},"properties":{"event_id":200451,"data_org":"Green","post_date":"2026-03-15T00:00:00.000Z","pub_date":"2026-03-15T00:00:00.000Z","strikedate":"2026-03-15T00:00:00.000Z","event_type":"Rocket Attack","actor":"Hezbollah","site_type":"","siteStype":"","city":"Maalot-Tarshiha","province":"","country":"Israel","latitude":33.014664,"longitude":35.278327,"coord_type":"general town","source_1":"https://t.me/mmirleb/11186","source_2":"","sources":""}},{"type":"Feature","geometry":{"type":"Point","coordinates":[35.095746,33.00865999999999]},"properties":{"event_id":200452,"data_org":"Green","post_date":"2026-03-15T00:00:00.000Z","pub_date":"2026-03-15T00:00:00.000Z","strikedate":"2026-03-15T00:00:00.000Z","event_type":"Rocket Attack","actor":"Hezbollah","site_type":"","siteStype":"","city":"Nahariya","province":"","country":"Israel","latitude":33.00866,"longitude":35.095746,"coord_type":"general town","source_1":"https://t.me/mmirleb/11189","source_2":"","sources":""}},{"type":"Feature","geometry":{"type":"Point","coordinates":[35.08253,32.933129999999984]},"properties":{"event_id":200453,"data_org":"Green","post_date":"2026-03-15T00:00:00.000Z","pub_date":"2026-03-15T00:00:00.000Z","strikedate":"2026-03-15T00:00:00.000Z","event_type":"Rocket Attack","actor":"Hezbollah","site_type":"","siteStype":"","city":"Acre","province":"","country":"Israel","latitude":32.93313,"longitude":35.08253,"coord_type":"general town","source_1":"https://t.me/mmirleb/11192","source_2":"","sources":""}},{"type":"Feature","geometry":{"type":"Point","coordinates":[34.690423,31.898229999999998]},"properties":{"event_id":200454,"data_org":"Green","post_date":"2026-03-15T00:00:00.000Z","pub_date":"2026-03-15T00:00:00.000Z","strikedate":"2026-03-15T00:00:00.000Z","event_type":"Rocket Attack","actor":"Hezbollah","site_type":"","siteStype":"","city":"Yavne","province":"","country":"Israel","latitude":31.89823,"longitude":34.690423,"coord_type":"general neighborhood","source_1":"https://t.me/mmirleb/11195","source_2":"","sources":""}},{"type":"Feature","geometry":{"type":"Point","coordinates":[35.716473,33.170829999999995]},"properties":{"event_id":200459,"data_org":"Green","post_date":"2026-03-15T00:00:00.000Z","pub_date":"2026-03-15T00:00:00.000Z","strikedate":"2026-03-15T00:00:00.000Z","event_type":"Rocket Attack","actor":"Hezbollah","site_type":"","siteStype":"","city":"","province":"","country":"Israel","latitude":33.17083,"longitude":35.716473,"coord_type":"exact","source_1":"https://t.me/mmirleb/11209","source_2":"","sources":""}},{"type":"Feature","geometry":{"type":"Point","coordinates":[44.21293,33.26460999999999]},"properties":{"event_id":200460,"data_org":"Green","post_date":"2026-03-15T00:00:00.000Z","pub_date":"2026-03-15T00:00:00.000Z","strikedate":"2026-03-15T00:00:00.000Z","event_type":"Rocket Attack","actor":"Likely militias","site_type":"","siteStype":"","city":"Baghdad","province":"","country":"Iraq","latitude":33.26461,"longitude":44.21293,"coord_type":"exact","source_1":"https://x.com/Tammuz_Intel/status/2033222143870169259","source_2":"https://x.com/BaxtiyarGoran/status/2033257390745797086?s=20","sources":""}},{"type":"Feature","geometry":{"type":"Point","coordinates":[35.662918,33.00970699999999]},"properties":{"event_id":200461,"data_org":"Green","post_date":"2026-03-15T00:00:00.000Z","pub_date":"2026-03-15T00:00:00.000Z","strikedate":"2026-03-15T00:00:00.000Z","event_type":"Rocket Attack","actor":"Hezbollah","site_type":"","siteStype":"","city":"","province":"","country":"Israel","latitude":33.009707,"longitude":35.662918,"coord_type":"exact","source_1":"https://t.me/mmirleb/11212","source_2":"","sources":""}},{"type":"Feature","geometry":{"type":"Point","coordinates":[35.413586,32.998329]},"properties":{"event_id":200462,"data_org":"Green","post_date":"2026-03-15T00:00:00.000Z","pub_date":"2026-03-15T00:00:00.000Z","strikedate":"2026-03-15T00:00:00.000Z","event_type":"Drone Attack","actor":"Hezbollah","site_type":"","siteStype":"","city":"","province":"","country":"Israel","latitude":32.998329,"longitude":35.413586,"coord_type":"general town","source_1":"https://t.me/mmirleb/11215","source_2":"","sources":""}},{"type":"Feature","geometry":{"type":"Point","coordinates":[44.232923,33.267702]},"properties":{"event_id":200463,"data_org":"Green","post_date":"2026-03-15T00:00:00.000Z","pub_date":"2026-03-15T00:00:00.000Z","strikedate":"2026-03-15T00:00:00.000Z","event_type":"Missile Attack","actor":"UNK","site_type":"","siteStype":"","city":"Baghdad","province":"","country":"Iraq","latitude":33.267702,"longitude":44.232923,"coord_type":"exact","source_1":"https://x.com/thenewregion/status/2033239910891614660","source_2":"https://x.com/ariel_oseran/status/2033239397726920711?s=20","sources":""}},{"type":"Feature","geometry":{"type":"Point","coordinates":[35.569686,33.208059999999996]},"properties":{"event_id":200464,"data_org":"Green","post_date":"2026-03-15T00:00:00.000Z","pub_date":"2026-03-15T00:00:00.000Z","strikedate":"2026-03-15T00:00:00.000Z","event_type":"Rocket Attack","actor":"Hezbollah","site_type":"","siteStype":"","city":"Kiryat Shmona","province":"","country":"Israel","latitude":33.20806,"longitude":35.569686,"coord_type":"general town","source_1":"https://t.me/mmirleb/11218","source_2":"","sources":""}},{"type":"Feature","geometry":{"type":"Point","coordinates":[35.470216,33.08937399999999]},"properties":{"event_id":200465,"data_org":"Green","post_date":"2026-03-15T00:00:00.000Z","pub_date":"2026-03-15T00:00:00.000Z","strikedate":"2026-03-15T00:00:00.000Z","event_type":"Rocket Attack","actor":"Hezbollah","site_type":"","siteStype":"","city":"Avivim","province":"","country":"Israel","latitude":33.089374,"longitude":35.470216,"coord_type":"general town","source_1":"https://t.me/mmirleb/11221","source_2":"","sources":""}},{"type":"Feature","geometry":{"type":"Point","coordinates":[35.727063,32.9837]},"properties":{"event_id":200467,"data_org":"Green","post_date":"2026-03-15T00:00:00.000Z","pub_date":"2026-03-15T00:00:00.000Z","strikedate":"2026-03-15T00:00:00.000Z","event_type":"Rocket Attack","actor":"Hezbollah","site_type":"","siteStype":"","city":"Katzrin","province":"","country":"Israel","latitude":32.9837,"longitude":35.727063,"coord_type":"exact","source_1":"https://t.me/mmirleb/11227","source_2":"","sources":""}},{"type":"Feature","geometry":{"type":"Point","coordinates":[35.413586,32.998329]},"properties":{"event_id":200468,"data_org":"Green","post_date":"2026-03-15T00:00:00.000Z","pub_date":"2026-03-15T00:00:00.000Z","strikedate":"2026-03-15T00:00:00.000Z","event_type":"Rocket Attack","actor":"Hezbollah","site_type":"","siteStype":"","city":"","province":"","country":"Israel","latitude":32.998329,"longitude":35.413586,"coord_type":"general town","source_1":"https://t.me/mmirleb/11230","source_2":"","sources":""}},{"type":"Feature","geometry":{"type":"Point","coordinates":[35.516415,33.082271]},"properties":{"event_id":200436,"data_org":"Green","post_date":"2026-03-14T00:00:00.000Z","pub_date":"2026-03-15T00:00:00.000Z","strikedate":"2026-03-14T00:00:00.000Z","event_type":"Rocket Attack","actor":"Hezbollah","site_type":"","siteStype":"","city":"Dishon","province":"","country":"Israel","latitude":33.082271,"longitude":35.516415,"coord_type":"general town","source_1":"https://t.me/mmirleb/11149","source_2":"","sources":""}},{"type":"Feature","geometry":{"type":"Point","coordinates":[44.21334999999999,33.26356199999999]},"properties":{"event_id":200442,"data_org":"Green","post_date":"2026-03-14T00:00:00.000Z","pub_date":"2026-03-15T00:00:00.000Z","strikedate":"2026-03-14T00:00:00.000Z","event_type":"Drone Attack","actor":"Kataib Hezbollah","site_type":"","siteStype":"","city":"Baghdad","province":"","country":"Iraq","latitude":33.263562,"longitude":44.21335,"coord_type":"exact","source_1":"https://x.com/NotWoofers/status/2032976839048602109?s=20","source_2":"https://x.com/Wolltigerhueter/status/2032972867567034865?s=20","sources":"https://x.com/obretix/status/2032983087848526062?s=20; https://x.com/JoeTruzman/status/2032963872693563531?s=20; https://x.com/sentdefender/status/2032969327566049644?s=20; https://x.com/ariel_oseran/status/2032964632839663988"}},{"type":"Feature","geometry":{"type":"Point","coordinates":[35.467033,33.091807]},"properties":{"event_id":200441,"data_org":"Green","post_date":"2026-03-14T00:00:00.000Z","pub_date":"2026-03-15T00:00:00.000Z","strikedate":"2026-03-14T00:00:00.000Z","event_type":"Rocket Attack","actor":"Hezbollah","site_type":"","siteStype":"","city":"Avivim","province":"","country":"Israel","latitude":33.091807,"longitude":35.467033,"coord_type":"exact","source_1":"https://t.me/mmirleb/11172","source_2":"","sources":""}},{"type":"Feature","geometry":{"type":"Point","coordinates":[35.595578,33.251589999999986]},"properties":{"event_id":200447,"data_org":"Green","post_date":"2026-03-14T00:00:00.000Z","pub_date":"2026-03-15T00:00:00.000Z","strikedate":"2026-03-14T00:00:00.000Z","event_type":"Rocket Attack","actor":"Hezbollah","site_type":"","siteStype":"","city":"","province":"","country":"Israel","latitude":33.25159,"longitude":35.595578,"coord_type":"general neighborhood","source_1":"https://t.me/mmirleb/11178","source_2":"","sources":""}},{"type":"Feature","geometry":{"type":"Point","coordinates":[35.569686,33.208059999999996]},"properties":{"event_id":200487,"data_org":"Green","post_date":"2026-03-16T00:00:00.000Z","pub_date":"2026-03-16T00:00:00.000Z","strikedate":"2026-03-16T00:00:00.000Z","event_type":"Rocket Attack","actor":"Hezbollah","site_type":"","siteStype":"","city":"Kiryat Shmona","province":"","country":"Israel","latitude":33.20806,"longitude":35.569686,"coord_type":"general town","source_1":"https://t.me/mmirleb/11276","source_2":"","sources":""}},{"type":"Feature","geometry":{"type":"Point","coordinates":[35.569686,33.208059999999996]},"properties":{"event_id":200488,"data_org":"Green","post_date":"2026-03-16T00:00:00.000Z","pub_date":"2026-03-16T00:00:00.000Z","strikedate":"2026-03-16T00:00:00.000Z","event_type":"Drone & Missile Attack","actor":"Hezbollah","site_type":"","siteStype":"","city":"Kiryat Shmona","province":"","country":"Israel","latitude":33.20806,"longitude":35.569686,"coord_type":"general town","source_1":"https://t.me/mmirleb/11279","source_2":"","sources":""}},{"type":"Feature","geometry":{"type":"Point","coordinates":[35.569686,33.208059999999996]},"properties":{"event_id":200489,"data_org":"Green","post_date":"2026-03-16T00:00:00.000Z","pub_date":"2026-03-16T00:00:00.000Z","strikedate":"2026-03-16T00:00:00.000Z","event_type":"Drone Attack","actor":"Hezbollah","site_type":"","siteStype":"","city":"Kiryat Shmona","province":"","country":"Israel","latitude":33.20806,"longitude":35.569686,"coord_type":"general town","source_1":"https://t.me/mmirleb/11282","source_2":"","sources":""}},{"type":"Feature","geometry":{"type":"Point","coordinates":[35.288162,33.09893799999999]},"properties":{"event_id":200490,"data_org":"Green","post_date":"2026-03-16T00:00:00.000Z","pub_date":"2026-03-16T00:00:00.000Z","strikedate":"2026-03-16T00:00:00.000Z","event_type":"Rocket Attack","actor":"Hezbollah","site_type":"","siteStype":"","city":"Zarit","province":"","country":"Israel","latitude":33.098938,"longitude":35.288162,"coord_type":"general town","source_1":"https://t.me/mmirleb/11285","source_2":"","sources":""}},{"type":"Feature","geometry":{"type":"Point","coordinates":[35.09595,33.02688]},"properties":{"event_id":200496,"data_org":"Green","post_date":"2026-03-16T00:00:00.000Z","pub_date":"2026-03-16T00:00:00.000Z","strikedate":"2026-03-16T00:00:00.000Z","event_type":"unknown","actor":"Hezbollah","site_type":"","siteStype":"","city":"Nahariya","province":"","country":"Israel","latitude":33.02688,"longitude":35.09595,"coord_type":"POV","source_1":"https://t.me/koahadasotbatelegram/161323","source_2":"https://x.com/zarGEOINT/status/2033584915162227024","sources":"https://x.com/zarGEOINT/status/2033581927270125699; https://x.com/FaytuksNetwork/status/2033582913359339701; https://x.com/manniefabian/status/2033591006587691482?s=20"}},{"type":"Feature","geometry":{"type":"Point","coordinates":[35.280437,33.082590999999994]},"properties":{"event_id":200494,"data_org":"Green","post_date":"2026-03-16T00:00:00.000Z","pub_date":"2026-03-16T00:00:00.000Z","strikedate":"2026-03-16T00:00:00.000Z","event_type":"Rocket Attack","actor":"Hezbollah","site_type":"","siteStype":"","city":"Shomera","province":"","country":"Israel","latitude":33.082591,"longitude":35.280437,"coord_type":"general town","source_1":"https://t.me/mmirleb/11291","source_2":"","sources":""}},{"type":"Feature","geometry":{"type":"Point","coordinates":[47.540444,30.893815000000007]},"properties":{"event_id":200495,"data_org":"Green","post_date":"2026-03-16T00:00:00.000Z","pub_date":"2026-03-16T00:00:00.000Z","strikedate":"2026-03-16T00:00:00.000Z","event_type":"Drone Attack","actor":"Likely Iraqi militias","site_type":"","siteStype":"","city":"al Bubsairy","province":"","country":"Iraq","latitude":30.893815,"longitude":47.540444,"coord_type":"exact","source_1":"https://x.com/JoeTruzman/status/2033587296482824656?s=20","source_2":"DNGTS: https://www.shafaq.com/en/Security/Drone-strikes-hit-Majnoon-oil-field-in-Basra","sources":""}},{"type":"Feature","geometry":{"type":"Point","coordinates":[35.595982,33.24625]},"properties":{"event_id":200473,"data_org":"Green","post_date":"2026-03-15T00:00:00.000Z","pub_date":"2026-03-16T00:00:00.000Z","strikedate":"2026-03-15T00:00:00.000Z","event_type":"Rocket Attack","actor":"Hezbollah","site_type":"","siteStype":"","city":"Kfar Yuval","province":"","country":"Israel","latitude":33.24625,"longitude":35.595982,"coord_type":"general town","source_1":"https://t.me/mmirleb/11246","source_2":"","sources":""}},{"type":"Feature","geometry":{"type":"Point","coordinates":[44.21293,33.26460999999999]},"properties":{"event_id":200477,"data_org":"Green","post_date":"2026-03-15T00:00:00.000Z","pub_date":"2026-03-16T00:00:00.000Z","strikedate":"2026-03-15T00:00:00.000Z","event_type":"Rocket Attack","actor":"UNK","site_type":"","siteStype":"","city":"Baghdad","province":"","country":"Iraq","latitude":33.26461,"longitude":44.21293,"coord_type":"exact","source_1":"https://x.com/Tammuz_Intel/status/2033291656330396083","source_2":"","sources":""}},{"type":"Feature","geometry":{"type":"Point","coordinates":[35.57253,33.273701]},"properties":{"event_id":200478,"data_org":"Green","post_date":"2026-03-15T00:00:00.000Z","pub_date":"2026-03-16T00:00:00.000Z","strikedate":"2026-03-15T00:00:00.000Z","event_type":"Missile Attack","actor":"Hezbollah","site_type":"","siteStype":"","city":"Metula","province":"","country":"Israel","latitude":33.273701,"longitude":35.57253,"coord_type":"general town","source_1":"https://x.com/MarioLeb79/status/2033295331384021225","source_2":"https://t.me/inon_yttach/5617","sources":""}},{"type":"Feature","geometry":{"type":"Point","coordinates":[35.595982,33.24625]},"properties":{"event_id":200480,"data_org":"Green","post_date":"2026-03-15T00:00:00.000Z","pub_date":"2026-03-16T00:00:00.000Z","strikedate":"2026-03-15T00:00:00.000Z","event_type":"Rocket Attack","actor":"Hezbollah","site_type":"","siteStype":"","city":"Kfar Yuval","province":"","country":"Israel","latitude":33.24625,"longitude":35.595982,"coord_type":"general town","source_1":"https://t.me/mmirleb/11255","source_2":"","sources":""}},{"type":"Feature","geometry":{"type":"Point","coordinates":[35.595982,33.24625]},"properties":{"event_id":200483,"data_org":"Green","post_date":"2026-03-15T00:00:00.000Z","pub_date":"2026-03-16T00:00:00.000Z","strikedate":"2026-03-15T00:00:00.000Z","event_type":"Rocket Attack","actor":"Hezbollah","site_type":"","siteStype":"","city":"Kfar Yuval","province":"","country":"Israel","latitude":33.24625,"longitude":35.595982,"coord_type":"general town","source_1":"https://t.me/mmirleb/11268","source_2":"","sources":""}},{"type":"Feature","geometry":{"type":"Point","coordinates":[35.546156,33.220789999999994]},"properties":{"event_id":200485,"data_org":"Green","post_date":"2026-03-15T00:00:00.000Z","pub_date":"2026-03-16T00:00:00.000Z","strikedate":"2026-03-15T00:00:00.000Z","event_type":"Rocket Attack","actor":"Hezbollah","site_type":"","siteStype":"","city":"Wadi Hounine","province":"","country":"Israel","latitude":33.22079,"longitude":35.546156,"coord_type":"general town","source_1":"https://t.me/mmirleb/11271","source_2":"","sources":""}},{"type":"Feature","geometry":{"type":"Point","coordinates":[44.393581,33.298253]},"properties":{"event_id":200486,"data_org":"Green","post_date":"2026-03-15T00:00:00.000Z","pub_date":"2026-03-16T00:00:00.000Z","strikedate":"2026-03-15T00:00:00.000Z","event_type":"Drone Attack","actor":"Militias or Iran","site_type":"","siteStype":"","city":"Baghdad","province":"","country":"Iraq","latitude":33.298253,"longitude":44.393581,"coord_type":"exact","source_1":"https://x.com/Tammuz_Intel/status/2033389176607879615","source_2":"","sources":""}},{"type":"Feature","geometry":{"type":"Point","coordinates":[43.990524,36.226797999999995]},"properties":{"event_id":200522,"data_org":"Green","post_date":"2026-03-17T00:00:00.000Z","pub_date":"2026-03-17T00:00:00.000Z","strikedate":"2026-03-17T00:00:00.000Z","event_type":"Air Defense Activity","actor":"Iraqi militias","site_type":"","siteStype":"","city":"Erbil","province":"","country":"Iraq","latitude":36.226798,"longitude":43.990524,"coord_type":"","source_1":"DNGTS: https://www.shafaq dot com/ar/?????????????/??-???-??-10-?????-???-??-???-????","source_2":"","sources":""}},{"type":"Feature","geometry":{"type":"Point","coordinates":[43.955391,36.233711]},"properties":{"event_id":200523,"data_org":"Green","post_date":"2026-03-17T00:00:00.000Z","pub_date":"2026-03-17T00:00:00.000Z","strikedate":"2026-03-17T00:00:00.000Z","event_type":"Air Defense Activity","actor":"Iraqi militias","site_type":"","siteStype":"","city":"Erbil","province":"","country":"Iraq","latitude":36.233711,"longitude":43.955391,"coord_type":"","source_1":"DNGTS: https://www.shafaq dot com/ar/?????????????/??-???-??-10-?????-???-??-???-????","source_2":"","sources":""}},{"type":"Feature","geometry":{"type":"Point","coordinates":[44.393581,33.298253]},"properties":{"event_id":200524,"data_org":"Green","post_date":"2026-03-17T00:00:00.000Z","pub_date":"2026-03-17T00:00:00.000Z","strikedate":"2026-03-17T00:00:00.000Z","event_type":"Drone Attack","actor":"Iraqi militias","site_type":"","siteStype":"","city":"Baghdad","province":"","country":"Iraq","latitude":33.298253,"longitude":44.393581,"coord_type":"exact","source_1":"DNGTS: https://www.shafaq dot com/ar/????/??-??????-??????-???-???????-??-??????-??????","source_2":"","sources":"Drones, rockets fired at US embassy in Baghdad, security sources say | Reuters"}},{"type":"Feature","geometry":{"type":"Point","coordinates":[44.393581,33.298253]},"properties":{"event_id":200525,"data_org":"Green","post_date":"2026-03-17T00:00:00.000Z","pub_date":"2026-03-17T00:00:00.000Z","strikedate":"2026-03-17T00:00:00.000Z","event_type":"Rocket Attack","actor":"Iraqi militias","site_type":"","siteStype":"","city":"Baghdad","province":"","country":"Iraq","latitude":33.298253,"longitude":44.393581,"coord_type":"exact","source_1":"DNGTS: https://www.shafaq dot com/ar/????/???-????????-?????-??-?????","source_2":"https://www.reuters.com/world/middle-east/drone-attack-hits-hotel-baghdad-no-injuries-reported-2026-03-16/","sources":"Drones, rockets fired at US embassy in Baghdad, security sources say | Reuters"}},{"type":"Feature","geometry":{"type":"Point","coordinates":[35.097034,33.007301]},"properties":{"event_id":200534,"data_org":"Green","post_date":"2026-03-17T00:00:00.000Z","pub_date":"2026-03-17T00:00:00.000Z","strikedate":"2026-03-17T00:00:00.000Z","event_type":"Rocket Attack","actor":"Hezbollah","site_type":"","siteStype":"","city":"Nahariya","province":"","country":"Israel","latitude":33.007301,"longitude":35.097034,"coord_type":"general town","source_1":"https://t.me/mmirleb/11369","source_2":"","sources":""}},{"type":"Feature","geometry":{"type":"Point","coordinates":[35.54433,33.19613]},"properties":{"event_id":200539,"data_org":"Green","post_date":"2026-03-17T00:00:00.000Z","pub_date":"2026-03-17T00:00:00.000Z","strikedate":"2026-03-17T00:00:00.000Z","event_type":"Rocket Attack","actor":"Hezbollah","site_type":"","siteStype":"","city":"Manara","province":"","country":"Israel","latitude":33.19613,"longitude":35.54433,"coord_type":"general town","source_1":"https://t.me/mmirleb/11378","source_2":"","sources":""}},{"type":"Feature","geometry":{"type":"Point","coordinates":[44.38920000000001,33.31626]},"properties":{"event_id":200502,"data_org":"Green","post_date":"2026-03-16T00:00:00.000Z","pub_date":"2026-03-17T00:00:00.000Z","strikedate":"2026-03-16T00:00:00.000Z","event_type":"Drone Attack","actor":"UNK","site_type":"","siteStype":"","city":"Baghdad","province":"","country":"Iraq","latitude":33.31626,"longitude":44.3892,"coord_type":"exact","source_1":"https://x.com/zarGEOINT/status/2033623472849445148","source_2":"DNGTS: https://www.shafaq dot com/ar/????/?????-??????-????-????-???????-??????-???-?????","sources":"https://x.com/Osint613/status/2033628596930011315"}},{"type":"Feature","geometry":{"type":"Point","coordinates":[35.595982,33.24625]},"properties":{"event_id":200506,"data_org":"Green","post_date":"2026-03-16T00:00:00.000Z","pub_date":"2026-03-17T00:00:00.000Z","strikedate":"2026-03-16T00:00:00.000Z","event_type":"Rocket Attack","actor":"Hezbollah","site_type":"","siteStype":"","city":"Kfar Yuval","province":"","country":"Israel","latitude":33.24625,"longitude":35.595982,"coord_type":"general town","source_1":"https://t.me/mmirleb/11323","source_2":"","sources":""}},{"type":"Feature","geometry":{"type":"Point","coordinates":[35.697952,32.99609300000001]},"properties":{"event_id":200508,"data_org":"Green","post_date":"2026-03-16T00:00:00.000Z","pub_date":"2026-03-17T00:00:00.000Z","strikedate":"2026-03-16T00:00:00.000Z","event_type":"Drone Attack","actor":"Hezbollah","site_type":"","siteStype":"","city":"Katzrin","province":"","country":"Israel","latitude":32.996093,"longitude":35.697952,"coord_type":"general town","source_1":"https://t.me/mmirleb/11329","source_2":"","sources":""}},{"type":"Feature","geometry":{"type":"Point","coordinates":[35.182906,32.66823999999999]},"properties":{"event_id":200509,"data_org":"Green","post_date":"2026-03-16T00:00:00.000Z","pub_date":"2026-03-17T00:00:00.000Z","strikedate":"2026-03-16T00:00:00.000Z","event_type":"Drone Attack","actor":"Hezbollah","site_type":"","siteStype":"","city":"Ramat David","province":"","country":"Israel","latitude":32.66824,"longitude":35.182906,"coord_type":"general town","source_1":"https://t.me/mmirleb/11332","source_2":"","sources":""}},{"type":"Feature","geometry":{"type":"Point","coordinates":[44.38980999999999,33.301648]},"properties":{"event_id":200515,"data_org":"Green","post_date":"2026-03-16T00:00:00.000Z","pub_date":"2026-03-17T00:00:00.000Z","strikedate":"2026-03-16T00:00:00.000Z","event_type":"Drone Attack","actor":"Iraqi militias","site_type":"","siteStype":"","city":"Baghdad","province":"","country":"Iraq","latitude":33.301648,"longitude":44.38981,"coord_type":"POV","source_1":"https://x.com/Grimm_Intel/status/2033700305041232038","source_2":"https://x.com/sentdefender/status/2033706889855250806","sources":"https://x.com/sentdefender/status/2033701779183952109; https://x.com/sentdefender/status/2033701264089870395; https://x.com/sentdefender/status/2033700034278044097; https://x.com/sentdefender/status/2033695925592293384; https://x.com/JasonMBrodsky/status"}},{"type":"Feature","geometry":{"type":"Point","coordinates":[44.38980999999999,33.301648]},"properties":{"event_id":200516,"data_org":"Green","post_date":"2026-03-16T00:00:00.000Z","pub_date":"2026-03-17T00:00:00.000Z","strikedate":"2026-03-16T00:00:00.000Z","event_type":"Air Defense Activity","actor":"UNK","site_type":"","siteStype":"","city":"Baghdad","province":"","country":"Iraq","latitude":33.301648,"longitude":44.38981,"coord_type":"general town","source_1":"https://x.com/sentdefender/status/2033714381050274098","source_2":"https://x.com/sentdefender/status/2033705134480310288","sources":"https://x.com/JoeTruzman/status/2033642673375261000"}},{"type":"Feature","geometry":{"type":"Point","coordinates":[35.3254,33.24978899999999]},"properties":{"event_id":200529,"data_org":"Green","post_date":"2026-03-16T00:00:00.000Z","pub_date":"2026-03-17T00:00:00.000Z","strikedate":"2026-03-16T00:00:00.000Z","event_type":"Rocket Attack","actor":"Hezbollah","site_type":"","siteStype":"","city":"Misgav Am","province":"","country":"Israel","latitude":33.249789,"longitude":35.3254,"coord_type":"general town","source_1":"https://t.me/mmirleb/11358","source_2":"","sources":""}},{"type":"Feature","geometry":{"type":"Point","coordinates":[35.139764,33.017830000000004]},"properties":{"event_id":200590,"data_org":"Green","post_date":"2026-03-18T00:00:00.000Z","pub_date":"2026-03-18T00:00:00.000Z","strikedate":"2026-03-18T00:00:00.000Z","event_type":"Rocket Attack","actor":"Hezbollah","site_type":"","siteStype":"","city":"Jaatoun","province":"","country":"Israel","latitude":33.01783,"longitude":35.139764,"coord_type":"general town","source_1":"https://t.me/mmirleb/11479","source_2":"","sources":""}},{"type":"Feature","geometry":{"type":"Point","coordinates":[44.231104,33.267827]},"properties":{"event_id":200592,"data_org":"Green","post_date":"2026-03-18T00:00:00.000Z","pub_date":"2026-03-18T00:00:00.000Z","strikedate":"2026-03-18T00:00:00.000Z","event_type":"Drone Attack","actor":"UNK","site_type":"","siteStype":"","city":"Baghdad","province":"","country":"Iraq","latitude":33.267827,"longitude":44.231104,"coord_type":"general neighborhood","source_1":"DNGTS: https://www.shafaq.com/ar/%D8%A3%D9%85%D9%80%D9%86/%D8%B3%D9%82%D8%A7%D8%B7-%D9%85%D8%B3%D9%8A%D8%B1%D8%A9-%D9%81%D9%8A-%D9%85%D8%AD%D9%8A%D8%B7-%D9%85%D8%B7%D8%A7%D8%B1-%D8%A8%D8%BA%D8%AF%D8%A7%D8%AF-%D8%A7%D9%84%D8%AF%D9%88%D9%84%D9%8A","source_2":"","sources":""}},{"type":"Feature","geometry":{"type":"Point","coordinates":[35.281831,33.082305]},"properties":{"event_id":200595,"data_org":"Green","post_date":"2026-03-18T00:00:00.000Z","pub_date":"2026-03-18T00:00:00.000Z","strikedate":"2026-03-18T00:00:00.000Z","event_type":"Rocket Attack","actor":"Hezbollah","site_type":"","siteStype":"","city":"Shomera","province":"","country":"Israel","latitude":33.082305,"longitude":35.281831,"coord_type":"general town","source_1":"https://t.me/mmirleb/11495","source_2":"","sources":""}},{"type":"Feature","geometry":{"type":"Point","coordinates":[35.569686,33.208059999999996]},"properties":{"event_id":200596,"data_org":"Green","post_date":"2026-03-18T00:00:00.000Z","pub_date":"2026-03-18T00:00:00.000Z","strikedate":"2026-03-18T00:00:00.000Z","event_type":"Drone Attack","actor":"Hezbollah","site_type":"","siteStype":"","city":"Kiryat Shmona","province":"","country":"Israel","latitude":33.20806,"longitude":35.569686,"coord_type":"general town","source_1":"https://t.me/mmirleb/11498","source_2":"","sources":""}},{"type":"Feature","geometry":{"type":"Point","coordinates":[35.513025,32.979903]},"properties":{"event_id":200600,"data_org":"Green","post_date":"2026-03-18T00:00:00.000Z","pub_date":"2026-03-18T00:00:00.000Z","strikedate":"2026-03-18T00:00:00.000Z","event_type":"Drone Attack","actor":"Hezbollah","site_type":"","siteStype":"","city":"Safed","province":"","country":"Israel","latitude":32.979903,"longitude":35.513025,"coord_type":"general town","source_1":"https://t.me/mmirleb/11511","source_2":"","sources":""}},{"type":"Feature","geometry":{"type":"Point","coordinates":[35.569686,33.208059999999996]},"properties":{"event_id":200601,"data_org":"Green","post_date":"2026-03-18T00:00:00.000Z","pub_date":"2026-03-18T00:00:00.000Z","strikedate":"2026-03-18T00:00:00.000Z","event_type":"Drone Attack","actor":"Hezbollah","site_type":"","siteStype":"","city":"Kiryat Shmona","province":"","country":"Israel","latitude":33.20806,"longitude":35.569686,"coord_type":"general town","source_1":"https://t.me/mmirleb/11514","source_2":"","sources":""}},{"type":"Feature","geometry":{"type":"Point","coordinates":[35.680001,32.801151999999995]},"properties":{"event_id":200602,"data_org":"Green","post_date":"2026-03-18T00:00:00.000Z","pub_date":"2026-03-18T00:00:00.000Z","strikedate":"2026-03-18T00:00:00.000Z","event_type":"Drone Attack","actor":"Hezbollah","site_type":"","siteStype":"","city":"Givat Yoav","province":"","country":"Israel","latitude":32.801152,"longitude":35.680001,"coord_type":"general town","source_1":"https://t.me/mmirleb/11517","source_2":"","sources":""}},{"type":"Feature","geometry":{"type":"Point","coordinates":[35.544165,33.21671999999999]},"properties":{"event_id":200603,"data_org":"Green","post_date":"2026-03-18T00:00:00.000Z","pub_date":"2026-03-18T00:00:00.000Z","strikedate":"2026-03-18T00:00:00.000Z","event_type":"Rocket Attack","actor":"Hezbollah","site_type":"","siteStype":"","city":"Marj","province":"","country":"Israel","latitude":33.21672,"longitude":35.544165,"coord_type":"general town","source_1":"https://t.me/mmirleb/11521","source_2":"","sources":""}},{"type":"Feature","geometry":{"type":"Point","coordinates":[35.548959,33.247736]},"properties":{"event_id":200605,"data_org":"Green","post_date":"2026-03-18T00:00:00.000Z","pub_date":"2026-03-18T00:00:00.000Z","strikedate":"2026-03-18T00:00:00.000Z","event_type":"Rocket Attack","actor":"Hezbollah","site_type":"","siteStype":"","city":"Misgav Am","province":"","country":"Israel","latitude":33.247736,"longitude":35.548959,"coord_type":"general town","source_1":"https://t.me/mmirleb/11524","source_2":"","sources":""}},{"type":"Feature","geometry":{"type":"Point","coordinates":[35.314391,33.090214]},"properties":{"event_id":200606,"data_org":"Green","post_date":"2026-03-18T00:00:00.000Z","pub_date":"2026-03-18T00:00:00.000Z","strikedate":"2026-03-18T00:00:00.000Z","event_type":"Drone Attack","actor":"Hezbollah","site_type":"","siteStype":"","city":"Shtula","province":"","country":"Israel","latitude":33.090214,"longitude":35.314391,"coord_type":"general town","source_1":"https://t.me/mmirleb/11527","source_2":"","sources":""}},{"type":"Feature","geometry":{"type":"Point","coordinates":[35.291783,32.90897999999999]},"properties":{"event_id":200540,"data_org":"Green","post_date":"2026-03-17T00:00:00.000Z","pub_date":"2026-03-18T00:00:00.000Z","strikedate":"2026-03-17T00:00:00.000Z","event_type":"Rocket Attack","actor":"Hezbollah","site_type":"","siteStype":"","city":"Karmiel","province":"","country":"Israel","latitude":32.90898,"longitude":35.291783,"coord_type":"general town","source_1":"https://x.com/N12News/status/2033981950763913307","source_2":"","sources":""}},{"type":"Feature","geometry":{"type":"Point","coordinates":[35.569686,33.208059999999996]},"properties":{"event_id":200542,"data_org":"Green","post_date":"2026-03-17T00:00:00.000Z","pub_date":"2026-03-18T00:00:00.000Z","strikedate":"2026-03-17T00:00:00.000Z","event_type":"Rocket Attack","actor":"Hezbollah","site_type":"","siteStype":"","city":"Kiryat Shmona","province":"","country":"Israel","latitude":33.20806,"longitude":35.569686,"coord_type":"general town","source_1":"https://t.me/mmirleb/11388","source_2":"","sources":""}},{"type":"Feature","geometry":{"type":"Point","coordinates":[35.578134,33.277229999999996]},"properties":{"event_id":200543,"data_org":"Green","post_date":"2026-03-17T00:00:00.000Z","pub_date":"2026-03-18T00:00:00.000Z","strikedate":"2026-03-17T00:00:00.000Z","event_type":"Rocket Attack","actor":"Hezbollah","site_type":"","siteStype":"","city":"Metula","province":"","country":"Israel","latitude":33.27723,"longitude":35.578134,"coord_type":"general town","source_1":"https://t.me/mmirleb/11388","source_2":"","sources":""}},{"type":"Feature","geometry":{"type":"Point","coordinates":[35.508438,33.09861999999999]},"properties":{"event_id":200544,"data_org":"Green","post_date":"2026-03-17T00:00:00.000Z","pub_date":"2026-03-18T00:00:00.000Z","strikedate":"2026-03-17T00:00:00.000Z","event_type":"Rocket Attack","actor":"Hezbollah","site_type":"","siteStype":"","city":"Makiliyah","province":"","country":"Israel","latitude":33.09862,"longitude":35.508438,"coord_type":"general town","source_1":"https://t.me/mmirleb/11388","source_2":"","sources":""}},{"type":"Feature","geometry":{"type":"Point","coordinates":[35.517442,33.08167799999999]},"properties":{"event_id":200545,"data_org":"Green","post_date":"2026-03-17T00:00:00.000Z","pub_date":"2026-03-18T00:00:00.000Z","strikedate":"2026-03-17T00:00:00.000Z","event_type":"Rocket Attack","actor":"Hezbollah","site_type":"","siteStype":"","city":"Dishon","province":"","country":"Israel","latitude":33.081678,"longitude":35.517442,"coord_type":"general town","source_1":"https://t.me/mmirleb/11388","source_2":"","sources":""}},{"type":"Feature","geometry":{"type":"Point","coordinates":[35.470216,33.08937399999999]},"properties":{"event_id":200546,"data_org":"Green","post_date":"2026-03-17T00:00:00.000Z","pub_date":"2026-03-18T00:00:00.000Z","strikedate":"2026-03-17T00:00:00.000Z","event_type":"Rocket Attack","actor":"Hezbollah","site_type":"","siteStype":"","city":"Avivim","province":"","country":"Israel","latitude":33.089374,"longitude":35.470216,"coord_type":"general town","source_1":"https://t.me/mmirleb/11388","source_2":"","sources":""}},{"type":"Feature","geometry":{"type":"Point","coordinates":[35.607632,33.17261499999999]},"properties":{"event_id":200547,"data_org":"Green","post_date":"2026-03-17T00:00:00.000Z","pub_date":"2026-03-18T00:00:00.000Z","strikedate":"2026-03-17T00:00:00.000Z","event_type":"Rocket Attack","actor":"Hezbollah","site_type":"","siteStype":"","city":"Kfar Blum","province":"","country":"Israel","latitude":33.172615,"longitude":35.607632,"coord_type":"general town","source_1":"https://t.me/mmirleb/11388","source_2":"","sources":""}},{"type":"Feature","geometry":{"type":"Point","coordinates":[35.553073,33.102505]},"properties":{"event_id":200548,"data_org":"Green","post_date":"2026-03-17T00:00:00.000Z","pub_date":"2026-03-18T00:00:00.000Z","strikedate":"2026-03-17T00:00:00.000Z","event_type":"Rocket Attack","actor":"Hezbollah","site_type":"","siteStype":"","city":"Ramot Naftali","province":"","country":"Israel","latitude":33.102505,"longitude":35.553073,"coord_type":"general town","source_1":"https://t.me/mmirleb/11388","source_2":"","sources":""}},{"type":"Feature","geometry":{"type":"Point","coordinates":[35.288441,33.099945]},"properties":{"event_id":200549,"data_org":"Green","post_date":"2026-03-17T00:00:00.000Z","pub_date":"2026-03-18T00:00:00.000Z","strikedate":"2026-03-17T00:00:00.000Z","event_type":"Rocket Attack","actor":"Hezbollah","site_type":"","siteStype":"","city":"Zarit","province":"","country":"Israel","latitude":33.099945,"longitude":35.288441,"coord_type":"general town","source_1":"https://t.me/mmirleb/11388","source_2":"","sources":""}},{"type":"Feature","geometry":{"type":"Point","coordinates":[35.315555,33.085852]},"properties":{"event_id":200550,"data_org":"Green","post_date":"2026-03-17T00:00:00.000Z","pub_date":"2026-03-18T00:00:00.000Z","strikedate":"2026-03-17T00:00:00.000Z","event_type":"Rocket Attack","actor":"Hezbollah","site_type":"","siteStype":"","city":"Shtula","province":"","country":"Israel","latitude":33.085852,"longitude":35.315555,"coord_type":"general town","source_1":"https://t.me/mmirleb/11388","source_2":"","sources":""}},{"type":"Feature","geometry":{"type":"Point","coordinates":[35.295248,33.075144]},"properties":{"event_id":200551,"data_org":"Green","post_date":"2026-03-17T00:00:00.000Z","pub_date":"2026-03-18T00:00:00.000Z","strikedate":"2026-03-17T00:00:00.000Z","event_type":"Rocket Attack","actor":"Hezbollah","site_type":"","siteStype":"","city":"Even Menachem","province":"","country":"Israel","latitude":33.075144,"longitude":35.295248,"coord_type":"general town","source_1":"https://t.me/mmirleb/11388","source_2":"","sources":""}},{"type":"Feature","geometry":{"type":"Point","coordinates":[35.606559,33.208746999999995]},"properties":{"event_id":200552,"data_org":"Green","post_date":"2026-03-17T00:00:00.000Z","pub_date":"2026-03-18T00:00:00.000Z","strikedate":"2026-03-17T00:00:00.000Z","event_type":"Rocket Attack","actor":"Hezbollah","site_type":"","siteStype":"","city":"Beit Hillel","province":"","country":"Israel","latitude":33.208747,"longitude":35.606559,"coord_type":"general town","source_1":"https://t.me/mmirleb/11388","source_2":"","sources":""}},{"type":"Feature","geometry":{"type":"Point","coordinates":[35.413586,32.998329]},"properties":{"event_id":200553,"data_org":"Green","post_date":"2026-03-17T00:00:00.000Z","pub_date":"2026-03-18T00:00:00.000Z","strikedate":"2026-03-17T00:00:00.000Z","event_type":"Rocket Attack","actor":"Hezbollah","site_type":"","siteStype":"","city":"Mount Meron","province":"","country":"Israel","latitude":32.998329,"longitude":35.413586,"coord_type":"general town","source_1":"https://t.me/mmirleb/11391","source_2":"","sources":""}},{"type":"Feature","geometry":{"type":"Point","coordinates":[35.513025,32.979903]},"properties":{"event_id":200554,"data_org":"Green","post_date":"2026-03-17T00:00:00.000Z","pub_date":"2026-03-18T00:00:00.000Z","strikedate":"2026-03-17T00:00:00.000Z","event_type":"Rocket Attack","actor":"Hezbollah","site_type":"","siteStype":"","city":"Safed","province":"","country":"Israel","latitude":32.979903,"longitude":35.513025,"coord_type":"general town","source_1":"https://t.me/mmirleb/11394","source_2":"","sources":""}},{"type":"Feature","geometry":{"type":"Point","coordinates":[44.385958,33.300299]},"properties":{"event_id":200555,"data_org":"Green","post_date":"2026-03-17T00:00:00.000Z","pub_date":"2026-03-18T00:00:00.000Z","strikedate":"2026-03-17T00:00:00.000Z","event_type":"Drone Attack","actor":"Iraqi militias","site_type":"","siteStype":"","city":"Baghdad","province":"","country":"Iraq","latitude":33.300299,"longitude":44.385958,"coord_type":"exact","source_1":"DNGTS: https://www.shafaq dot com/ar/????/????-?????-???-???????-??-??????-???-?????","source_2":"","sources":""}},{"type":"Feature","geometry":{"type":"Point","coordinates":[35.513025,32.979903]},"properties":{"event_id":200556,"data_org":"Green","post_date":"2026-03-17T00:00:00.000Z","pub_date":"2026-03-18T00:00:00.000Z","strikedate":"2026-03-17T00:00:00.000Z","event_type":"Rocket Attack","actor":"Hezbollah","site_type":"","siteStype":"","city":"Safed","province":"","country":"Israel","latitude":32.979903,"longitude":35.513025,"coord_type":"general town","source_1":"https://t.me/mmirleb/11397","source_2":"","sources":""}},{"type":"Feature","geometry":{"type":"Point","coordinates":[35.513025,32.979903]},"properties":{"event_id":200557,"data_org":"Green","post_date":"2026-03-17T00:00:00.000Z","pub_date":"2026-03-18T00:00:00.000Z","strikedate":"2026-03-17T00:00:00.000Z","event_type":"Rocket Attack","actor":"Hezbollah","site_type":"","siteStype":"","city":"Safed","province":"","country":"Israel","latitude":32.979903,"longitude":35.513025,"coord_type":"general town","source_1":"https://t.me/mmirleb/11397","source_2":"","sources":""}},{"type":"Feature","geometry":{"type":"Point","coordinates":[35.496437,32.77842]},"properties":{"event_id":200558,"data_org":"Green","post_date":"2026-03-17T00:00:00.000Z","pub_date":"2026-03-18T00:00:00.000Z","strikedate":"2026-03-17T00:00:00.000Z","event_type":"Rocket Attack","actor":"Hezbollah","site_type":"","siteStype":"","city":"Lake Tiberias","province":"","country":"Israel","latitude":32.77842,"longitude":35.496437,"coord_type":"general town","source_1":"https://t.me/mmirleb/11400","source_2":"","sources":""}},{"type":"Feature","geometry":{"type":"Point","coordinates":[35.496437,32.77842]},"properties":{"event_id":200559,"data_org":"Green","post_date":"2026-03-17T00:00:00.000Z","pub_date":"2026-03-18T00:00:00.000Z","strikedate":"2026-03-17T00:00:00.000Z","event_type":"Rocket Attack","actor":"Hezbollah","site_type":"","siteStype":"","city":"Lake Tiberias","province":"","country":"Israel","latitude":32.77842,"longitude":35.496437,"coord_type":"general town","source_1":"https://t.me/mmirleb/11400","source_2":"","sources":""}},{"type":"Feature","geometry":{"type":"Point","coordinates":[35.277426,33.014952]},"properties":{"event_id":200560,"data_org":"Green","post_date":"2026-03-17T00:00:00.000Z","pub_date":"2026-03-18T00:00:00.000Z","strikedate":"2026-03-17T00:00:00.000Z","event_type":"Rocket Attack","actor":"Hezbollah","site_type":"","siteStype":"","city":"Maalot Tarshiha","province":"","country":"Israel","latitude":33.014952,"longitude":35.277426,"coord_type":"general town","source_1":"https://t.me/mmirleb/11403","source_2":"","sources":""}},{"type":"Feature","geometry":{"type":"Point","coordinates":[35.097034,33.007301]},"properties":{"event_id":200561,"data_org":"Green","post_date":"2026-03-17T00:00:00.000Z","pub_date":"2026-03-18T00:00:00.000Z","strikedate":"2026-03-17T00:00:00.000Z","event_type":"Drone Attack","actor":"Hezbollah","site_type":"","siteStype":"","city":"Nahariya","province":"","country":"Israel","latitude":33.007301,"longitude":35.097034,"coord_type":"general town","source_1":"https://t.me/mmirleb/11406","source_2":"","sources":""}},{"type":"Feature","geometry":{"type":"Point","coordinates":[35.281831,33.082305]},"properties":{"event_id":200562,"data_org":"Green","post_date":"2026-03-17T00:00:00.000Z","pub_date":"2026-03-18T00:00:00.000Z","strikedate":"2026-03-17T00:00:00.000Z","event_type":"Mortar Attack","actor":"Hezbollah","site_type":"","siteStype":"","city":"Shomera","province":"","country":"Israel","latitude":33.082305,"longitude":35.281831,"coord_type":"general town","source_1":"https://t.me/mmirleb/11409","source_2":"","sources":""}},{"type":"Feature","geometry":{"type":"Point","coordinates":[35.288441,33.099945]},"properties":{"event_id":200563,"data_org":"Green","post_date":"2026-03-17T00:00:00.000Z","pub_date":"2026-03-18T00:00:00.000Z","strikedate":"2026-03-17T00:00:00.000Z","event_type":"Mortar Attack","actor":"Hezbollah","site_type":"","siteStype":"","city":"Zarit","province":"","country":"Israel","latitude":33.099945,"longitude":35.288441,"coord_type":"general town","source_1":"https://t.me/mmirleb/11409","source_2":"","sources":""}},{"type":"Feature","geometry":{"type":"Point","coordinates":[35.315555,33.085852]},"properties":{"event_id":200564,"data_org":"Green","post_date":"2026-03-17T00:00:00.000Z","pub_date":"2026-03-18T00:00:00.000Z","strikedate":"2026-03-17T00:00:00.000Z","event_type":"Mortar Attack","actor":"Hezbollah","site_type":"","siteStype":"","city":"Shtula","province":"","country":"Israel","latitude":33.085852,"longitude":35.315555,"coord_type":"general town","source_1":"https://t.me/mmirleb/11409","source_2":"","sources":""}},{"type":"Feature","geometry":{"type":"Point","coordinates":[35.54433,33.19613]},"properties":{"event_id":200566,"data_org":"Green","post_date":"2026-03-17T00:00:00.000Z","pub_date":"2026-03-18T00:00:00.000Z","strikedate":"2026-03-17T00:00:00.000Z","event_type":"Rocket Attack","actor":"Hezbollah","site_type":"","siteStype":"","city":"Manara","province":"","country":"Israel","latitude":33.19613,"longitude":35.54433,"coord_type":"general town","source_1":"https://t.me/mmirleb/11415","source_2":"","sources":""}},{"type":"Feature","geometry":{"type":"Point","coordinates":[35.016196,32.82446999999999]},"properties":{"event_id":200569,"data_org":"Green","post_date":"2026-03-17T00:00:00.000Z","pub_date":"2026-03-18T00:00:00.000Z","strikedate":"2026-03-17T00:00:00.000Z","event_type":"Rocket Attack","actor":"Hezbollah","site_type":"","siteStype":"","city":"Haifa","province":"","country":"Israel","latitude":32.82447,"longitude":35.016196,"coord_type":"general neighborhood","source_1":"https://t.me/mmirleb/11424","source_2":"","sources":""}},{"type":"Feature","geometry":{"type":"Point","coordinates":[43.955412,36.23375]},"properties":{"event_id":200570,"data_org":"Green","post_date":"2026-03-18T00:00:00.000Z","pub_date":"2026-03-18T00:00:00.000Z","strikedate":"2026-03-17T00:00:00.000Z","event_type":"Drone Attack","actor":"Iraqi militias","site_type":"","siteStype":"","city":"Erbil","province":"","country":"Iraq","latitude":36.23375,"longitude":43.955412,"coord_type":"exact","source_1":"DNGTS: https://www.shafaq dot com/ar/?????????????/????-????-????-????????-???-????-????","source_2":"","sources":""}},{"type":"Feature","geometry":{"type":"Point","coordinates":[34.944519,32.69696299999999]},"properties":{"event_id":200571,"data_org":"Green","post_date":"2026-03-17T00:00:00.000Z","pub_date":"2026-03-18T00:00:00.000Z","strikedate":"2026-03-17T00:00:00.000Z","event_type":"Rocket Attack","actor":"Hezbollah","site_type":"","siteStype":"","city":"Atlit","province":"","country":"Israel","latitude":32.696963,"longitude":34.944519,"coord_type":"general town","source_1":"https://t.me/mmirleb/11430","source_2":"","sources":""}},{"type":"Feature","geometry":{"type":"Point","coordinates":[35.548959,33.247736]},"properties":{"event_id":200575,"data_org":"Green","post_date":"2026-03-17T00:00:00.000Z","pub_date":"2026-03-18T00:00:00.000Z","strikedate":"2026-03-17T00:00:00.000Z","event_type":"Drone Attack","actor":"Hezbollah","site_type":"","siteStype":"","city":"Misgav Am","province":"","country":"Israel","latitude":33.247736,"longitude":35.548959,"coord_type":"general town","source_1":"https://t.me/mmirleb/11443","source_2":"","sources":""}},{"type":"Feature","geometry":{"type":"Point","coordinates":[35.544165,33.21671999999999]},"properties":{"event_id":200581,"data_org":"Green","post_date":"2026-03-17T00:00:00.000Z","pub_date":"2026-03-18T00:00:00.000Z","strikedate":"2026-03-17T00:00:00.000Z","event_type":"Rocket Attack","actor":"Hezbollah","site_type":"","siteStype":"","city":"Marj","province":"","country":"Israel","latitude":33.21672,"longitude":35.544165,"coord_type":"general town","source_1":"https://t.me/mmirleb/11461","source_2":"","sources":""}},{"type":"Feature","geometry":{"type":"Point","coordinates":[35.371486,33.03396899999999]},"properties":{"event_id":200635,"data_org":"Green","post_date":"2026-03-19T00:00:00.000Z","pub_date":"2026-03-19T00:00:00.000Z","strikedate":"2026-03-19T00:00:00.000Z","event_type":"Rocket Attack","actor":"Hezbollah","site_type":"","siteStype":"","city":"Mount Adir","province":"","country":"Israel","latitude":33.033969,"longitude":35.371486,"coord_type":"general town","source_1":"https://t.me/mmirleb/11610","source_2":"https://t.me/IL_RedAlerts/33199","sources":""}},{"type":"Feature","geometry":{"type":"Point","coordinates":[35.08253,32.933129999999984]},"properties":{"event_id":200636,"data_org":"Green","post_date":"2026-03-19T00:00:00.000Z","pub_date":"2026-03-19T00:00:00.000Z","strikedate":"2026-03-19T00:00:00.000Z","event_type":"Rocket Attack","actor":"Hezbollah","site_type":"","siteStype":"","city":"Acre","province":"","country":"Israel","latitude":32.93313,"longitude":35.08253,"coord_type":"general town","source_1":"https://t.me/mmirleb/11613","source_2":"","sources":""}},{"type":"Feature","geometry":{"type":"Point","coordinates":[35.17779,33.09024099999999]},"properties":{"event_id":200637,"data_org":"Green","post_date":"2026-03-19T00:00:00.000Z","pub_date":"2026-03-19T00:00:00.000Z","strikedate":"2026-03-19T00:00:00.000Z","event_type":"Rocket Attack","actor":"Hezbollah","site_type":"","siteStype":"","city":"Hanita","province":"","country":"Israel","latitude":33.090241,"longitude":35.17779,"coord_type":"general town","source_1":"https://t.me/mmirleb/11616","source_2":"","sources":""}},{"type":"Feature","geometry":{"type":"Point","coordinates":[35.295248,33.075144]},"properties":{"event_id":200643,"data_org":"Green","post_date":"2026-03-19T00:00:00.000Z","pub_date":"2026-03-19T00:00:00.000Z","strikedate":"2026-03-19T00:00:00.000Z","event_type":"Rocket Attack","actor":"Hezbollah","site_type":"","siteStype":"","city":"Even Menachem","province":"","country":"Israel","latitude":33.075144,"longitude":35.295248,"coord_type":"general town","source_1":"https://t.me/mmirleb/11622","source_2":"https://t.me/IL_RedAlerts/33231","sources":""}},{"type":"Feature","geometry":{"type":"Point","coordinates":[35.569686,33.208059999999996]},"properties":{"event_id":200644,"data_org":"Green","post_date":"2026-03-19T00:00:00.000Z","pub_date":"2026-03-19T00:00:00.000Z","strikedate":"2026-03-19T00:00:00.000Z","event_type":"Rocket Attack","actor":"Hezbollah","site_type":"","siteStype":"","city":"Kiryat Shmona","province":"","country":"Israel","latitude":33.20806,"longitude":35.569686,"coord_type":"general town","source_1":"https://t.me/mmirleb/11625","source_2":"https://t.me/IL_RedAlerts/33235","sources":"https://x.com/GLZRadio/status/2034659852945907880"}},{"type":"Feature","geometry":{"type":"Point","coordinates":[35.569686,33.208059999999996]},"properties":{"event_id":200645,"data_org":"Green","post_date":"2026-03-19T00:00:00.000Z","pub_date":"2026-03-19T00:00:00.000Z","strikedate":"2026-03-19T00:00:00.000Z","event_type":"Rocket Attack","actor":"Hezbollah","site_type":"","siteStype":"","city":"Kiryat Shmona","province":"","country":"Israel","latitude":33.20806,"longitude":35.569686,"coord_type":"general town","source_1":"https://t.me/mmirleb/11628","source_2":"https://t.me/IL_RedAlerts/33237","sources":"https://x.com/GLZRadio/status/2034659852945907880"}},{"type":"Feature","geometry":{"type":"Point","coordinates":[35.54433,33.19613]},"properties":{"event_id":200646,"data_org":"Green","post_date":"2026-03-19T00:00:00.000Z","pub_date":"2026-03-19T00:00:00.000Z","strikedate":"2026-03-19T00:00:00.000Z","event_type":"Rocket Attack","actor":"Hezbollah","site_type":"","siteStype":"","city":"Manara","province":"","country":"Israel","latitude":33.19613,"longitude":35.54433,"coord_type":"general town","source_1":"https://t.me/mmirleb/11631","source_2":"https://t.me/IL_RedAlerts/33239","sources":""}},{"type":"Feature","geometry":{"type":"Point","coordinates":[35.569686,33.208059999999996]},"properties":{"event_id":200647,"data_org":"Green","post_date":"2026-03-19T00:00:00.000Z","pub_date":"2026-03-19T00:00:00.000Z","strikedate":"2026-03-19T00:00:00.000Z","event_type":"Rocket Attack","actor":"Hezbollah","site_type":"","siteStype":"","city":"Kiryat Shmona","province":"","country":"Israel","latitude":33.20806,"longitude":35.569686,"coord_type":"general town","source_1":"https://t.me/mmirleb/11634","source_2":"https://t.me/IL_RedAlerts/33241","sources":"https://x.com/GLZRadio/status/2034659852945907880"}},{"type":"Feature","geometry":{"type":"Point","coordinates":[35.595982,33.24625]},"properties":{"event_id":200648,"data_org":"Green","post_date":"2026-03-19T00:00:00.000Z","pub_date":"2026-03-19T00:00:00.000Z","strikedate":"2026-03-19T00:00:00.000Z","event_type":"Drone Attack","actor":"Hezbollah","site_type":"","siteStype":"","city":"Kfar Yuval","province":"","country":"Israel","latitude":33.24625,"longitude":35.595982,"coord_type":"general town","source_1":"https://t.me/mmirleb/11637","source_2":"","sources":""}},{"type":"Feature","geometry":{"type":"Point","coordinates":[35.17779,33.09024099999999]},"properties":{"event_id":200649,"data_org":"Green","post_date":"2026-03-19T00:00:00.000Z","pub_date":"2026-03-19T00:00:00.000Z","strikedate":"2026-03-19T00:00:00.000Z","event_type":"Drone Attack","actor":"Hezbollah","site_type":"","siteStype":"","city":"Hanita","province":"","country":"Israel","latitude":33.090241,"longitude":35.17779,"coord_type":"general town","source_1":"https://t.me/mmirleb/11640","source_2":"","sources":""}},{"type":"Feature","geometry":{"type":"Point","coordinates":[35.315555,33.085852]},"properties":{"event_id":200650,"data_org":"Green","post_date":"2026-03-19T00:00:00.000Z","pub_date":"2026-03-19T00:00:00.000Z","strikedate":"2026-03-19T00:00:00.000Z","event_type":"Rocket Attack","actor":"Hezbollah","site_type":"","siteStype":"","city":"Shtula","province":"","country":"Israel","latitude":33.085852,"longitude":35.315555,"coord_type":"general town","source_1":"https://t.me/mmirleb/11645","source_2":"","sources":""}},{"type":"Feature","geometry":{"type":"Point","coordinates":[35.548959,33.247736]},"properties":{"event_id":200652,"data_org":"Green","post_date":"2026-03-19T00:00:00.000Z","pub_date":"2026-03-19T00:00:00.000Z","strikedate":"2026-03-19T00:00:00.000Z","event_type":"Rocket Attack","actor":"Hezbollah","site_type":"","siteStype":"","city":"Misgav Am","province":"","country":"Israel","latitude":33.247736,"longitude":35.548959,"coord_type":"general town","source_1":"https://t.me/mmirleb/11651","source_2":"","sources":""}},{"type":"Feature","geometry":{"type":"Point","coordinates":[35.097034,33.007301]},"properties":{"event_id":200608,"data_org":"Green","post_date":"2026-03-18T00:00:00.000Z","pub_date":"2026-03-19T00:00:00.000Z","strikedate":"2026-03-18T00:00:00.000Z","event_type":"Rocket Attack","actor":"Hezbollah","site_type":"","siteStype":"","city":"Nahariya","province":"","country":"Israel","latitude":33.007301,"longitude":35.097034,"coord_type":"general town","source_1":"https://t.me/mmirleb/11533","source_2":"","sources":""}},{"type":"Feature","geometry":{"type":"Point","coordinates":[35.193766,32.905793999999986]},"properties":{"event_id":200609,"data_org":"Green","post_date":"2026-03-18T00:00:00.000Z","pub_date":"2026-03-19T00:00:00.000Z","strikedate":"2026-03-18T00:00:00.000Z","event_type":"Rocket Attack","actor":"Hezbollah","site_type":"","siteStype":"","city":"Ahihud","province":"","country":"Israel","latitude":32.905794,"longitude":35.193766,"coord_type":"exact","source_1":"https://t.me/mmirleb/11536","source_2":"","sources":""}},{"type":"Feature","geometry":{"type":"Point","coordinates":[35.569686,33.208059999999996]},"properties":{"event_id":200611,"data_org":"Green","post_date":"2026-03-18T00:00:00.000Z","pub_date":"2026-03-19T00:00:00.000Z","strikedate":"2026-03-18T00:00:00.000Z","event_type":"Rocket Attack","actor":"Hezbollah","site_type":"","siteStype":"","city":"Kiryat Shmona","province":"","country":"Israel","latitude":33.20806,"longitude":35.569686,"coord_type":"general town","source_1":"https://t.me/mmirleb/11542","source_2":"https://x.com/ILRedAlert/status/2034343017826472145","sources":""}},{"type":"Feature","geometry":{"type":"Point","coordinates":[35.569686,33.208059999999996]},"properties":{"event_id":200612,"data_org":"Green","post_date":"2026-03-18T00:00:00.000Z","pub_date":"2026-03-19T00:00:00.000Z","strikedate":"2026-03-18T00:00:00.000Z","event_type":"Rocket Attack","actor":"Hezbollah","site_type":"","siteStype":"","city":"Kiryat Shmona","province":"","country":"Israel","latitude":33.20806,"longitude":35.569686,"coord_type":"general town","source_1":"https://t.me/mmirleb/11545","source_2":"https://x.com/ILRedAlert/status/2034343017826472145","sources":""}},{"type":"Feature","geometry":{"type":"Point","coordinates":[35.573757,33.24223]},"properties":{"event_id":200615,"data_org":"Green","post_date":"2026-03-18T00:00:00.000Z","pub_date":"2026-03-19T00:00:00.000Z","strikedate":"2026-03-18T00:00:00.000Z","event_type":"Rocket Attack","actor":"Hezbollah","site_type":"","siteStype":"","city":"Kfar Giladi","province":"","country":"Israel","latitude":33.24223,"longitude":35.573757,"coord_type":"general town","source_1":"https://t.me/mmirleb/11554","source_2":"","sources":""}},{"type":"Feature","geometry":{"type":"Point","coordinates":[47.92384,30.036935000000007]},"properties":{"event_id":200639,"data_org":"Green","post_date":"2026-03-18T00:00:00.000Z","pub_date":"2026-03-19T00:00:00.000Z","strikedate":"2026-03-18T00:00:00.000Z","event_type":"Drone Attack","actor":"Probably militias","site_type":"","siteStype":"","city":"","province":"","country":"Iraq","latitude":30.036935,"longitude":47.92384,"coord_type":"general town","source_1":"dngts: https://www.shafaq dot com/ar/????/???-??????-???-?-??????-?????-?-???-???????-??-??????","source_2":"","sources":""}},{"type":"Feature","geometry":{"type":"Point","coordinates":[35.54433,33.19613]},"properties":{"event_id":200618,"data_org":"Green","post_date":"2026-03-18T00:00:00.000Z","pub_date":"2026-03-19T00:00:00.000Z","strikedate":"2026-03-18T00:00:00.000Z","event_type":"Rocket Attack","actor":"Hezbollah","site_type":"","siteStype":"","city":"Manara","province":"","country":"Israel","latitude":33.19613,"longitude":35.54433,"coord_type":"general town","source_1":"https://t.me/mmirleb/11563","source_2":"https://t.me/IL_RedAlerts/33041","sources":""}},{"type":"Feature","geometry":{"type":"Point","coordinates":[35.517442,33.08167799999999]},"properties":{"event_id":200619,"data_org":"Green","post_date":"2026-03-18T00:00:00.000Z","pub_date":"2026-03-19T00:00:00.000Z","strikedate":"2026-03-18T00:00:00.000Z","event_type":"Rocket Attack","actor":"Hezbollah","site_type":"","siteStype":"","city":"Dishon","province":"","country":"Israel","latitude":33.081678,"longitude":35.517442,"coord_type":"general town","source_1":"https://t.me/mmirleb/11566","source_2":"","sources":""}},{"type":"Feature","geometry":{"type":"Point","coordinates":[35.544165,33.21671999999999]},"properties":{"event_id":200621,"data_org":"Green","post_date":"2026-03-18T00:00:00.000Z","pub_date":"2026-03-19T00:00:00.000Z","strikedate":"2026-03-18T00:00:00.000Z","event_type":"Drone Attack","actor":"Hezbollah","site_type":"","siteStype":"","city":"Marj","province":"","country":"Israel","latitude":33.21672,"longitude":35.544165,"coord_type":"general town","source_1":"https://t.me/mmirleb/11572","source_2":"","sources":""}},{"type":"Feature","geometry":{"type":"Point","coordinates":[35.544165,33.21671999999999]},"properties":{"event_id":200622,"data_org":"Green","post_date":"2026-03-18T00:00:00.000Z","pub_date":"2026-03-19T00:00:00.000Z","strikedate":"2026-03-18T00:00:00.000Z","event_type":"Drone Attack","actor":"Hezbollah","site_type":"","siteStype":"","city":"Marj","province":"","country":"Israel","latitude":33.21672,"longitude":35.544165,"coord_type":"general town","source_1":"https://t.me/mmirleb/11575","source_2":"","sources":""}},{"type":"Feature","geometry":{"type":"Point","coordinates":[44.215945,33.254839999999994]},"properties":{"event_id":200641,"data_org":"Green","post_date":"2026-03-18T00:00:00.000Z","pub_date":"2026-03-19T00:00:00.000Z","strikedate":"2026-03-18T00:00:00.000Z","event_type":"Drone Attack","actor":"Probably militias","site_type":"","siteStype":"","city":"Baghdad","province":"","country":"Iraq","latitude":33.25484,"longitude":44.215945,"coord_type":"exact","source_1":"DNGTS: https://www.shafaq dot com/ar/????/?????-??-??-??-??????-????-?????-???-??-???-????-?????-????????","source_2":"","sources":""}},{"type":"Feature","geometry":{"type":"Point","coordinates":[34.572035,31.669405000000005]},"properties":{"event_id":200628,"data_org":"Green","post_date":"2026-03-18T00:00:00.000Z","pub_date":"2026-03-19T00:00:00.000Z","strikedate":"2026-03-18T00:00:00.000Z","event_type":"Missile Attack","actor":"Hezbollah","site_type":"","siteStype":"","city":"Ashkelon","province":"","country":"Israel","latitude":31.669405,"longitude":34.572035,"coord_type":"general town","source_1":"https://www.timesofisrael.com/liveblog_entry/no-injuries-reported-in-hezbollah-fire-targeting-gaza-border-area/#:~:text=No%20injuries%20reported%20in%20Hezbollah,conditions%20to%20cover%20this%20conflict","source_2":"","sources":""}},{"type":"Feature","geometry":{"type":"Point","coordinates":[35.569686,33.208059999999996]},"properties":{"event_id":200629,"data_org":"Green","post_date":"2026-03-18T00:00:00.000Z","pub_date":"2026-03-19T00:00:00.000Z","strikedate":"2026-03-18T00:00:00.000Z","event_type":"Rocket Attack","actor":"Hezbollah","site_type":"","siteStype":"","city":"Kiryat Shmona","province":"","country":"Israel","latitude":33.20806,"longitude":35.569686,"coord_type":"general town","source_1":"https://t.me/mmirleb/11595","source_2":"","sources":""}},{"type":"Feature","geometry":{"type":"Point","coordinates":[35.569686,33.208059999999996]},"properties":{"event_id":200631,"data_org":"Green","post_date":"2026-03-18T00:00:00.000Z","pub_date":"2026-03-19T00:00:00.000Z","strikedate":"2026-03-18T00:00:00.000Z","event_type":"Rocket Attack","actor":"Hezbollah","site_type":"","siteStype":"","city":"Kiryat Shmona","province":"","country":"Israel","latitude":33.20806,"longitude":35.569686,"coord_type":"general town","source_1":"https://t.me/mmirleb/11598","source_2":"","sources":""}},{"type":"Feature","geometry":{"type":"Point","coordinates":[35.569686,33.208059999999996]},"properties":{"event_id":200632,"data_org":"Green","post_date":"2026-03-18T00:00:00.000Z","pub_date":"2026-03-19T00:00:00.000Z","strikedate":"2026-03-18T00:00:00.000Z","event_type":"Rocket Attack","actor":"Hezbollah","site_type":"","siteStype":"","city":"Kiryat Shmona","province":"","country":"Israel","latitude":33.20806,"longitude":35.569686,"coord_type":"general town","source_1":"https://t.me/mmirleb/11598","source_2":"https://t.me/IL_RedAlerts/33107","sources":"https://t.me/farsna/421681; https://x.com/GLZRadio/status/2034659852945907880"}},{"type":"Feature","geometry":{"type":"Point","coordinates":[35.548959,33.247736]},"properties":{"event_id":200633,"data_org":"Green","post_date":"2026-03-18T00:00:00.000Z","pub_date":"2026-03-19T00:00:00.000Z","strikedate":"2026-03-18T00:00:00.000Z","event_type":"Rocket Attack","actor":"Hezbollah","site_type":"","siteStype":"","city":"Misgav Am","province":"","country":"Israel","latitude":33.247736,"longitude":35.548959,"coord_type":"general town","source_1":"https://t.me/mmirleb/11604","source_2":"https://t.me/IL_RedAlerts/33109","sources":""}},{"type":"Feature","geometry":{"type":"Point","coordinates":[35.54433,33.19613]},"properties":{"event_id":200634,"data_org":"Green","post_date":"2026-03-18T00:00:00.000Z","pub_date":"2026-03-19T00:00:00.000Z","strikedate":"2026-03-18T00:00:00.000Z","event_type":"Rocket Attack","actor":"Hezbollah","site_type":"","siteStype":"","city":"Manara","province":"","country":"Israel","latitude":33.19613,"longitude":35.54433,"coord_type":"general town","source_1":"https://t.me/mmirleb/11607","source_2":"https://t.me/IL_RedAlerts/33087","sources":""}},{"type":"Feature","geometry":{"type":"Point","coordinates":[35.55187000000001,33.127174999999994]},"properties":{"event_id":200671,"data_org":"Green","post_date":"2026-03-20T00:00:00.000Z","pub_date":"2026-03-20T00:00:00.000Z","strikedate":"2026-03-20T00:00:00.000Z","event_type":"Rocket Attack","actor":"Hezbollah","site_type":"","siteStype":"","city":"Yiftah","province":"","country":"Israel","latitude":33.127175,"longitude":35.55187,"coord_type":"general town","source_1":"https://t.me/mmirleb/11730","source_2":"https://t.me/IL_RedAlerts/33662","sources":""}},{"type":"Feature","geometry":{"type":"Point","coordinates":[35.286832,33.08555900000001]},"properties":{"event_id":200673,"data_org":"Green","post_date":"2026-03-20T00:00:00.000Z","pub_date":"2026-03-20T00:00:00.000Z","strikedate":"2026-03-20T00:00:00.000Z","event_type":"Rocket Attack","actor":"Hezbollah","site_type":"","siteStype":"","city":"Shomira","province":"","country":"Israel","latitude":33.085559,"longitude":35.286832,"coord_type":"general town","source_1":"https://t.me/mmirleb/11736","source_2":"https://t.me/IL_RedAlerts/33684","sources":""}},{"type":"Feature","geometry":{"type":"Point","coordinates":[35.569686,33.208059999999996]},"properties":{"event_id":200674,"data_org":"Green","post_date":"2026-03-20T00:00:00.000Z","pub_date":"2026-03-20T00:00:00.000Z","strikedate":"2026-03-20T00:00:00.000Z","event_type":"Rocket Attack","actor":"Hezbollah","site_type":"","siteStype":"","city":"Kiryat Shmona","province":"","country":"Israel","latitude":33.20806,"longitude":35.569686,"coord_type":"general town","source_1":"https://t.me/mmirleb/11739","source_2":"","sources":""}},{"type":"Feature","geometry":{"type":"Point","coordinates":[35.184795,33.067499]},"properties":{"event_id":200675,"data_org":"Green","post_date":"2026-03-20T00:00:00.000Z","pub_date":"2026-03-20T00:00:00.000Z","strikedate":"2026-03-20T00:00:00.000Z","event_type":"Drone Attack","actor":"Hezbollah","site_type":"","siteStype":"","city":"","province":"","country":"Israel","latitude":33.067499,"longitude":35.184795,"coord_type":"general town","source_1":"https://t.me/mmirleb/11742","source_2":"","sources":""}},{"type":"Feature","geometry":{"type":"Point","coordinates":[35.361642,33.04299099999999]},"properties":{"event_id":200676,"data_org":"Green","post_date":"2026-03-20T00:00:00.000Z","pub_date":"2026-03-20T00:00:00.000Z","strikedate":"2026-03-20T00:00:00.000Z","event_type":"Drone Attack","actor":"Hezbollah","site_type":"","siteStype":"","city":"Mattat","province":"","country":"Israel","latitude":33.042991,"longitude":35.361642,"coord_type":"exact","source_1":"https://t.me/mmirleb/11745","source_2":"","sources":""}},{"type":"Feature","geometry":{"type":"Point","coordinates":[35.553073,33.102505]},"properties":{"event_id":200677,"data_org":"Green","post_date":"2026-03-20T00:00:00.000Z","pub_date":"2026-03-20T00:00:00.000Z","strikedate":"2026-03-20T00:00:00.000Z","event_type":"Rocket Attack","actor":"Hezbollah","site_type":"","siteStype":"","city":"Ramot Naftali","province":"","country":"Israel","latitude":33.102505,"longitude":35.553073,"coord_type":"general town","source_1":"https://t.me/mmirleb/11748","source_2":"","sources":""}},{"type":"Feature","geometry":{"type":"Point","coordinates":[35.17779,33.09024099999999]},"properties":{"event_id":200678,"data_org":"Green","post_date":"2026-03-20T00:00:00.000Z","pub_date":"2026-03-20T00:00:00.000Z","strikedate":"2026-03-20T00:00:00.000Z","event_type":"Rocket Attack","actor":"Hezbollah","site_type":"","siteStype":"","city":"Hanita","province":"","country":"Israel","latitude":33.090241,"longitude":35.17779,"coord_type":"general town","source_1":"https://t.me/mmirleb/11751","source_2":"","sources":""}},{"type":"Feature","geometry":{"type":"Point","coordinates":[35.342001,33.058315]},"properties":{"event_id":200679,"data_org":"Green","post_date":"2026-03-20T00:00:00.000Z","pub_date":"2026-03-20T00:00:00.000Z","strikedate":"2026-03-20T00:00:00.000Z","event_type":"Rocket Attack","actor":"Hezbollah","site_type":"","siteStype":"","city":"Biranit","province":"","country":"Israel","latitude":33.058315,"longitude":35.342001,"coord_type":"general town","source_1":"https://t.me/mmirleb/11756","source_2":"","sources":""}},{"type":"Feature","geometry":{"type":"Point","coordinates":[35.323128,33.06522499999999]},"properties":{"event_id":200680,"data_org":"Green","post_date":"2026-03-20T00:00:00.000Z","pub_date":"2026-03-20T00:00:00.000Z","strikedate":"2026-03-20T00:00:00.000Z","event_type":"Rocket Attack","actor":"Hezbollah","site_type":"","siteStype":"","city":"Netua","province":"","country":"Israel","latitude":33.065225,"longitude":35.323128,"coord_type":"general town","source_1":"https://t.me/mmirleb/11759","source_2":"","sources":""}},{"type":"Feature","geometry":{"type":"Point","coordinates":[35.281113,33.10035]},"properties":{"event_id":200681,"data_org":"Green","post_date":"2026-03-20T00:00:00.000Z","pub_date":"2026-03-20T00:00:00.000Z","strikedate":"2026-03-20T00:00:00.000Z","event_type":"Rocket Attack","actor":"Hezbollah","site_type":"","siteStype":"","city":"Zarit","province":"","country":"Israel","latitude":33.10035,"longitude":35.281113,"coord_type":"exact","source_1":"https://t.me/mmirleb/11765","source_2":"","sources":""}},{"type":"Feature","geometry":{"type":"Point","coordinates":[35.453811,33.07699999999999]},"properties":{"event_id":200683,"data_org":"Green","post_date":"2026-03-20T00:00:00.000Z","pub_date":"2026-03-20T00:00:00.000Z","strikedate":"2026-03-20T00:00:00.000Z","event_type":"Rocket Attack","actor":"Hezbollah","site_type":"","siteStype":"","city":"Yiron","province":"","country":"Israel","latitude":33.077,"longitude":35.453811,"coord_type":"general town","source_1":"https://t.me/mmirleb/11771","source_2":"","sources":""}},{"type":"Feature","geometry":{"type":"Point","coordinates":[35.145468,33.07272799999999]},"properties":{"event_id":200685,"data_org":"Green","post_date":"2026-03-20T00:00:00.000Z","pub_date":"2026-03-20T00:00:00.000Z","strikedate":"2026-03-20T00:00:00.000Z","event_type":"Rocket Attack","actor":"Hezbollah","site_type":"","siteStype":"","city":"Shlomi","province":"","country":"Israel","latitude":33.072728,"longitude":35.145468,"coord_type":"general town","source_1":"https://t.me/mmirleb/11777","source_2":"","sources":""}},{"type":"Feature","geometry":{"type":"Point","coordinates":[35.470448,33.089484]},"properties":{"event_id":200686,"data_org":"Green","post_date":"2026-03-20T00:00:00.000Z","pub_date":"2026-03-20T00:00:00.000Z","strikedate":"2026-03-20T00:00:00.000Z","event_type":"Rocket Attack","actor":"Hezbollah","site_type":"","siteStype":"","city":"Avivim","province":"","country":"Israel","latitude":33.089484,"longitude":35.470448,"coord_type":"general town","source_1":"https://t.me/mmirleb/11780","source_2":"","sources":""}},{"type":"Feature","geometry":{"type":"Point","coordinates":[35.574737,33.242041]},"properties":{"event_id":200689,"data_org":"Green","post_date":"2026-03-20T00:00:00.000Z","pub_date":"2026-03-20T00:00:00.000Z","strikedate":"2026-03-20T00:00:00.000Z","event_type":"Rocket Attack","actor":"Hezbollah","site_type":"","siteStype":"","city":"Kfar Giladi","province":"","country":"Israel","latitude":33.242041,"longitude":35.574737,"coord_type":"general town","source_1":"https://t.me/mmirleb/11789","source_2":"","sources":""}},{"type":"Feature","geometry":{"type":"Point","coordinates":[35.569686,33.208059999999996]},"properties":{"event_id":200691,"data_org":"Green","post_date":"2026-03-20T00:00:00.000Z","pub_date":"2026-03-20T00:00:00.000Z","strikedate":"2026-03-20T00:00:00.000Z","event_type":"Drone Attack","actor":"Hezbollah","site_type":"","siteStype":"","city":"Kiryat Shmona","province":"","country":"Israel","latitude":33.20806,"longitude":35.569686,"coord_type":"general town","source_1":"https://t.me/mmirleb/11795","source_2":"","sources":""}},{"type":"Feature","geometry":{"type":"Point","coordinates":[35.08239,32.93236]},"properties":{"event_id":200692,"data_org":"Green","post_date":"2026-03-20T00:00:00.000Z","pub_date":"2026-03-20T00:00:00.000Z","strikedate":"2026-03-20T00:00:00.000Z","event_type":"Drone Attack","actor":"Hezbollah","site_type":"","siteStype":"","city":"Acre","province":"","country":"Israel","latitude":32.93236,"longitude":35.08239,"coord_type":"general town","source_1":"https://t.me/mmirleb/11798","source_2":"","sources":""}},{"type":"Feature","geometry":{"type":"Point","coordinates":[35.569686,33.208059999999996]},"properties":{"event_id":200698,"data_org":"Green","post_date":"2026-03-20T00:00:00.000Z","pub_date":"2026-03-20T00:00:00.000Z","strikedate":"2026-03-20T00:00:00.000Z","event_type":"Rocket Attack","actor":"Hezbollah","site_type":"","siteStype":"","city":"Kiryat Shmona","province":"","country":"Israel","latitude":33.20806,"longitude":35.569686,"coord_type":"general town","source_1":"https://t.me/mmirleb/11816","source_2":"","sources":""}},{"type":"Feature","geometry":{"type":"Point","coordinates":[35.569686,33.208059999999996]},"properties":{"event_id":200699,"data_org":"Green","post_date":"2026-03-20T00:00:00.000Z","pub_date":"2026-03-20T00:00:00.000Z","strikedate":"2026-03-20T00:00:00.000Z","event_type":"Rocket Attack","actor":"Hezbollah","site_type":"","siteStype":"","city":"Kiryat Shmona","province":"","country":"Israel","latitude":33.20806,"longitude":35.569686,"coord_type":"general town","source_1":"https://t.me/mmirleb/11819","source_2":"","sources":""}},{"type":"Feature","geometry":{"type":"Point","coordinates":[35.541184,32.968562999999996]},"properties":{"event_id":200700,"data_org":"Green","post_date":"2026-03-20T00:00:00.000Z","pub_date":"2026-03-20T00:00:00.000Z","strikedate":"2026-03-20T00:00:00.000Z","event_type":"Rocket Attack","actor":"Hezbollah","site_type":"","siteStype":"","city":"Rosh Pinna","province":"","country":"Israel","latitude":32.968563,"longitude":35.541184,"coord_type":"general town","source_1":"https://t.me/mmirleb/11822","source_2":"","sources":""}},{"type":"Feature","geometry":{"type":"Point","coordinates":[35.569686,33.208059999999996]},"properties":{"event_id":200702,"data_org":"Green","post_date":"2026-03-20T00:00:00.000Z","pub_date":"2026-03-20T00:00:00.000Z","strikedate":"2026-03-20T00:00:00.000Z","event_type":"Rocket Attack","actor":"Hezbollah","site_type":"","siteStype":"","city":"Kiryat Shmona","province":"","country":"Israel","latitude":33.20806,"longitude":35.569686,"coord_type":"general town","source_1":"https://t.me/mmirleb/11825","source_2":"","sources":""}},{"type":"Feature","geometry":{"type":"Point","coordinates":[35.100376,33.008500000000005]},"properties":{"event_id":200703,"data_org":"Green","post_date":"2026-03-20T00:00:00.000Z","pub_date":"2026-03-20T00:00:00.000Z","strikedate":"2026-03-20T00:00:00.000Z","event_type":"Rocket Attack","actor":"Hezbollah","site_type":"","siteStype":"","city":"Nahariya","province":"","country":"Israel","latitude":33.0085,"longitude":35.100376,"coord_type":"general town","source_1":"https://t.me/mmirleb/11828","source_2":"","sources":""}},{"type":"Feature","geometry":{"type":"Point","coordinates":[35.494035,32.96375599999999]},"properties":{"event_id":200710,"data_org":"Green","post_date":"2026-03-20T00:00:00.000Z","pub_date":"2026-03-20T00:00:00.000Z","strikedate":"2026-03-20T00:00:00.000Z","event_type":"Rocket Attack","actor":"Hezbollah","site_type":"","siteStype":"","city":"Safed","province":"","country":"Israel","latitude":32.963756,"longitude":35.494035,"coord_type":"general town","source_1":"https://t.me/mmirleb/11848","source_2":"","sources":""}},{"type":"Feature","geometry":{"type":"Point","coordinates":[35.569686,33.208059999999996]},"properties":{"event_id":200653,"data_org":"Green","post_date":"2026-03-19T00:00:00.000Z","pub_date":"2026-03-20T00:00:00.000Z","strikedate":"2026-03-19T00:00:00.000Z","event_type":"Rocket Attack","actor":"Hezbollah","site_type":"","siteStype":"","city":"Kiryat Shmona","province":"","country":"Israel","latitude":33.20806,"longitude":35.569686,"coord_type":"general town","source_1":"https://t.me/mmirleb/11665","source_2":"https://t.me/alichoeib1970/16068","sources":"https://t.me/IL_RedAlerts/33403"}},{"type":"Feature","geometry":{"type":"Point","coordinates":[35.403117,33.06141199999999]},"properties":{"event_id":200654,"data_org":"Green","post_date":"2026-03-19T00:00:00.000Z","pub_date":"2026-03-20T00:00:00.000Z","strikedate":"2026-03-19T00:00:00.000Z","event_type":"Rocket Attack","actor":"Hezbollah","site_type":"","siteStype":"","city":"Mount Hermon","province":"","country":"Israel","latitude":33.061412,"longitude":35.403117,"coord_type":"exact","source_1":"https://t.me/mmirleb/11668","source_2":"","sources":""}},{"type":"Feature","geometry":{"type":"Point","coordinates":[35.54433,33.19613]},"properties":{"event_id":200660,"data_org":"Green","post_date":"2026-03-19T00:00:00.000Z","pub_date":"2026-03-20T00:00:00.000Z","strikedate":"2026-03-19T00:00:00.000Z","event_type":"Rocket Attack","actor":"Hezbollah","site_type":"","siteStype":"","city":"Manara","province":"","country":"Israel","latitude":33.19613,"longitude":35.54433,"coord_type":"general town","source_1":"https://t.me/mmirleb/11689","source_2":"https://t.me/IL_RedAlerts/33403","sources":""}},{"type":"Feature","geometry":{"type":"Point","coordinates":[35.544141,33.216499999999996]},"properties":{"event_id":200661,"data_org":"Green","post_date":"2026-03-19T00:00:00.000Z","pub_date":"2026-03-20T00:00:00.000Z","strikedate":"2026-03-19T00:00:00.000Z","event_type":"Rocket Attack","actor":"Hezbollah","site_type":"","siteStype":"","city":"Margailot","province":"","country":"Israel","latitude":33.2165,"longitude":35.544141,"coord_type":"general town","source_1":"https://t.me/mmirleb/11692","source_2":"https://t.me/IL_RedAlerts/33451","sources":""}},{"type":"Feature","geometry":{"type":"Point","coordinates":[35.508438,33.09861999999999]},"properties":{"event_id":200663,"data_org":"Green","post_date":"2026-03-19T00:00:00.000Z","pub_date":"2026-03-20T00:00:00.000Z","strikedate":"2026-03-19T00:00:00.000Z","event_type":"Rocket Attack","actor":"Hezbollah","site_type":"","siteStype":"","city":"Makiliyah","province":"","country":"Israel","latitude":33.09862,"longitude":35.508438,"coord_type":"general town","source_1":"https://t.me/mmirleb/11698","source_2":"","sources":""}},{"type":"Feature","geometry":{"type":"Point","coordinates":[35.145468,33.07272799999999]},"properties":{"event_id":200669,"data_org":"Green","post_date":"2026-03-19T00:00:00.000Z","pub_date":"2026-03-20T00:00:00.000Z","strikedate":"2026-03-19T00:00:00.000Z","event_type":"Rocket Attack","actor":"Hezbollah","site_type":"","siteStype":"","city":"Shlomi","province":"","country":"Israel","latitude":33.072728,"longitude":35.145468,"coord_type":"general town","source_1":"https://t.me/mmirleb/11719","source_2":"https://t.me/IL_RedAlerts/33521","sources":""}},{"type":"Feature","geometry":{"type":"Point","coordinates":[35.544165,33.21671999999999]},"properties":{"event_id":200737,"data_org":"Green","post_date":"2026-03-21T00:00:00.000Z","pub_date":"2026-03-21T00:00:00.000Z","strikedate":"2026-03-21T00:00:00.000Z","event_type":"Rocket Attack","actor":"Hezbollah","site_type":"","siteStype":"","city":"Marj","province":"","country":"Israel","latitude":33.21672,"longitude":35.544165,"coord_type":"general town","source_1":"https://t.me/mmirleb/11922","source_2":"","sources":""}},{"type":"Feature","geometry":{"type":"Point","coordinates":[44.357667,33.311498]},"properties":{"event_id":200742,"data_org":"Green","post_date":"2026-03-21T00:00:00.000Z","pub_date":"2026-03-21T00:00:00.000Z","strikedate":"2026-03-21T00:00:00.000Z","event_type":"Drone Attack","actor":"Likely Iraqi militias","site_type":"","siteStype":"","city":"Baghdad","province":"","country":"Iraq","latitude":33.311498,"longitude":44.357667,"coord_type":"exact","source_1":"https://x.com/Tammuz_Intel/status/2035307762121408816","source_2":"https://x.com/Mustafa_salimb/status/2035289561538969650","sources":"DNGTS: https://www.shafaq dot com/ar/????/????-????-?????-?????????-???????-??-????-???-??-?????; DNGTS: https://www.shafaq dot com/ar/????/?????-??-??????-?????-??-???????-???-????-?????????-???????-??????-?????-????????; https://x.com/obretix/status/20"}},{"type":"Feature","geometry":{"type":"Point","coordinates":[35.597771,33.24128799999999]},"properties":{"event_id":200743,"data_org":"Green","post_date":"2026-03-21T00:00:00.000Z","pub_date":"2026-03-21T00:00:00.000Z","strikedate":"2026-03-21T00:00:00.000Z","event_type":"unknown","actor":"Hezbollah","site_type":"","siteStype":"","city":"Kfar Yuval","province":"","country":"Israel","latitude":33.241288,"longitude":35.597771,"coord_type":"general town","source_1":"https://t.me/mmirleb/11936","source_2":"","sources":""}},{"type":"Feature","geometry":{"type":"Point","coordinates":[35.577156,33.276704]},"properties":{"event_id":200744,"data_org":"Green","post_date":"2026-03-21T00:00:00.000Z","pub_date":"2026-03-21T00:00:00.000Z","strikedate":"2026-03-21T00:00:00.000Z","event_type":"Rocket Attack","actor":"Hezbollah","site_type":"","siteStype":"","city":"Metula","province":"","country":"Israel","latitude":33.276704,"longitude":35.577156,"coord_type":"general town","source_1":"https://t.me/mmirleb/11939","source_2":"","sources":""}},{"type":"Feature","geometry":{"type":"Point","coordinates":[35.580812,33.277442]},"properties":{"event_id":200747,"data_org":"Green","post_date":"2026-03-20T00:00:00.000Z","pub_date":"2026-03-21T00:00:00.000Z","strikedate":"2026-03-20T00:00:00.000Z","event_type":"Rocket Attack","actor":"Hezbollah","site_type":"","siteStype":"","city":"Metula","province":"","country":"Israel","latitude":33.277442,"longitude":35.580812,"coord_type":"general town","source_1":"https://x.com/manniefabian/status/2035313527603204381","source_2":"https://x.com/MarioLeb79/status/2035313442500784418?s=20","sources":"https://t.me/IL_RedAlerts/34126"}},{"type":"Feature","geometry":{"type":"Point","coordinates":[35.17779,33.09024099999999]},"properties":{"event_id":200748,"data_org":"Green","post_date":"2026-03-21T00:00:00.000Z","pub_date":"2026-03-21T00:00:00.000Z","strikedate":"2026-03-21T00:00:00.000Z","event_type":"Drone Attack","actor":"Hezbollah","site_type":"","siteStype":"","city":"Hanita","province":"","country":"Israel","latitude":33.090241,"longitude":35.17779,"coord_type":"general town","source_1":"https://t.me/mmirleb/11948","source_2":"","sources":""}},{"type":"Feature","geometry":{"type":"Point","coordinates":[35.497501,32.963973]},"properties":{"event_id":200753,"data_org":"Green","post_date":"2026-03-21T00:00:00.000Z","pub_date":"2026-03-21T00:00:00.000Z","strikedate":"2026-03-21T00:00:00.000Z","event_type":"Rocket Attack","actor":"Hezbollah","site_type":"","siteStype":"","city":"Safed","province":"","country":"Israel","latitude":32.963973,"longitude":35.497501,"coord_type":"general town","source_1":"https://x.com/manniefabian/status/2035323830609105157","source_2":"","sources":""}},{"type":"Feature","geometry":{"type":"Point","coordinates":[35.762835,33.290819]},"properties":{"event_id":200756,"data_org":"Green","post_date":"2026-03-21T00:00:00.000Z","pub_date":"2026-03-21T00:00:00.000Z","strikedate":"2026-03-21T00:00:00.000Z","event_type":"Rocket Attack","actor":"Hezbollah","site_type":"","siteStype":"","city":"","province":"","country":"Israel","latitude":33.290819,"longitude":35.762835,"coord_type":"","source_1":"https://t.me/mmirleb/11964","source_2":"","sources":""}},{"type":"Feature","geometry":{"type":"Point","coordinates":[35.49311,32.971883]},"properties":{"event_id":200757,"data_org":"Green","post_date":"2026-03-21T00:00:00.000Z","pub_date":"2026-03-21T00:00:00.000Z","strikedate":"2026-03-21T00:00:00.000Z","event_type":"Rocket Attack","actor":"Hezbollah","site_type":"","siteStype":"","city":"Safed","province":"","country":"Israel","latitude":32.971883,"longitude":35.49311,"coord_type":"","source_1":"https://t.me/mmirleb/11967","source_2":"https://x.com/Shayan86/status/2035442357777125616?s=20","sources":""}},{"type":"Feature","geometry":{"type":"Point","coordinates":[35.496658,32.96543299999999]},"properties":{"event_id":200758,"data_org":"Green","post_date":"2026-03-21T00:00:00.000Z","pub_date":"2026-03-21T00:00:00.000Z","strikedate":"2026-03-21T00:00:00.000Z","event_type":"Rocket Attack","actor":"Hezbollah","site_type":"","siteStype":"","city":"Safed","province":"","country":"Israel","latitude":32.965433,"longitude":35.496658,"coord_type":"","source_1":"https://t.me/mmirleb/11970","source_2":"https://t.me/IL_RedAlerts/34150","sources":""}},{"type":"Feature","geometry":{"type":"Point","coordinates":[35.597771,33.24128799999999]},"properties":{"event_id":200761,"data_org":"Green","post_date":"2026-03-21T00:00:00.000Z","pub_date":"2026-03-21T00:00:00.000Z","strikedate":"2026-03-21T00:00:00.000Z","event_type":"Rocket Attack","actor":"Hezbollah","site_type":"","siteStype":"","city":"Kfar Yuval","province":"","country":"Israel","latitude":33.241288,"longitude":35.597771,"coord_type":"general town","source_1":"https://t.me/mmirleb/11998","source_2":"https://t.me/IL_RedAlerts/34193","sources":""}},{"type":"Feature","geometry":{"type":"Point","coordinates":[35.093057,33.00665000000001]},"properties":{"event_id":200763,"data_org":"Green","post_date":"2026-03-21T00:00:00.000Z","pub_date":"2026-03-21T00:00:00.000Z","strikedate":"2026-03-21T00:00:00.000Z","event_type":"Rocket Attack","actor":"Hezbollah","site_type":"","siteStype":"","city":"Nahariya","province":"","country":"Israel","latitude":33.00665,"longitude":35.093057,"coord_type":"general town","source_1":"https://t.me/mmirleb/12001","source_2":"https://t.me/IL_RedAlerts/34231","sources":""}},{"type":"Feature","geometry":{"type":"Point","coordinates":[35.275623,33.01376400000001]},"properties":{"event_id":200764,"data_org":"Green","post_date":"2026-03-21T00:00:00.000Z","pub_date":"2026-03-21T00:00:00.000Z","strikedate":"2026-03-21T00:00:00.000Z","event_type":"Rocket Attack","actor":"Hezbollah","site_type":"","siteStype":"","city":"Maalot Tarshia","province":"","country":"Israel","latitude":33.013764,"longitude":35.275623,"coord_type":"general town","source_1":"https://x.com/idfonline/status/2035393300325077136?s=20","source_2":"https://x.com/manniefabian/status/2035393562691486201","sources":"https://x.com/manniefabian/status/2035398291370749992; https://x.com/sentdefender/status/2035399818806198386?s=20; https://t.me/mmirleb/12004"}},{"type":"Feature","geometry":{"type":"Point","coordinates":[35.285716,33.084211]},"properties":{"event_id":200765,"data_org":"Green","post_date":"2026-03-21T00:00:00.000Z","pub_date":"2026-03-21T00:00:00.000Z","strikedate":"2026-03-21T00:00:00.000Z","event_type":"Rocket Attack","actor":"Hezbollah","site_type":"","siteStype":"","city":"Shoumera","province":"","country":"Israel","latitude":33.084211,"longitude":35.285716,"coord_type":"general town","source_1":"https://t.me/mmirleb/12007","source_2":"","sources":""}},{"type":"Feature","geometry":{"type":"Point","coordinates":[34.99857900000001,32.795286999999995]},"properties":{"event_id":200766,"data_org":"Green","post_date":"2026-03-21T00:00:00.000Z","pub_date":"2026-03-21T00:00:00.000Z","strikedate":"2026-03-21T00:00:00.000Z","event_type":"Drone Attack","actor":"Hezbollah","site_type":"","siteStype":"","city":"Haifa","province":"","country":"Israel","latitude":32.795287,"longitude":34.998579,"coord_type":"general town","source_1":"https://t.me/mmirleb/12010","source_2":"","sources":""}},{"type":"Feature","geometry":{"type":"Point","coordinates":[35.471405,33.088615]},"properties":{"event_id":200768,"data_org":"Green","post_date":"2026-03-21T00:00:00.000Z","pub_date":"2026-03-21T00:00:00.000Z","strikedate":"2026-03-21T00:00:00.000Z","event_type":"Rocket Attack","actor":"Hezbollah","site_type":"","siteStype":"","city":"Avivm","province":"","country":"Israel","latitude":33.088615,"longitude":35.471405,"coord_type":"general town","source_1":"https://t.me/mmirleb/12016","source_2":"https://t.me/IL_RedAlerts/34242","sources":""}},{"type":"Feature","geometry":{"type":"Point","coordinates":[35.57725,33.02302999999999]},"properties":{"event_id":200711,"data_org":"Green","post_date":"2026-03-20T00:00:00.000Z","pub_date":"2026-03-21T00:00:00.000Z","strikedate":"2026-03-20T00:00:00.000Z","event_type":"Rocket Attack","actor":"Hezbollah","site_type":"","siteStype":"","city":"Ayelet","province":"","country":"Israel","latitude":33.02303,"longitude":35.57725,"coord_type":"exact","source_1":"https://t.me/mmirleb/11853","source_2":"","sources":""}},{"type":"Feature","geometry":{"type":"Point","coordinates":[35.544165,33.21671999999999]},"properties":{"event_id":200712,"data_org":"Green","post_date":"2026-03-20T00:00:00.000Z","pub_date":"2026-03-21T00:00:00.000Z","strikedate":"2026-03-20T00:00:00.000Z","event_type":"Rocket Attack","actor":"Hezbollah","site_type":"","siteStype":"","city":"Marj","province":"","country":"Israel","latitude":33.21672,"longitude":35.544165,"coord_type":"general town","source_1":"https://t.me/mmirleb/11856","source_2":"","sources":""}},{"type":"Feature","geometry":{"type":"Point","coordinates":[44.220087,33.243821]},"properties":{"event_id":200716,"data_org":"Green","post_date":"2026-03-20T00:00:00.000Z","pub_date":"2026-03-21T00:00:00.000Z","strikedate":"2026-03-20T00:00:00.000Z","event_type":"Drone Attack","actor":"Likely Iraqi militias","site_type":"","siteStype":"","city":"Baghdad","province":"","country":"Iraq","latitude":33.243821,"longitude":44.220087,"coord_type":"general neighborhood","source_1":"https://x.com/Tammuz_Intel/status/2035098762855551100","source_2":"","sources":"https://x.com/Osinttechnical/status/2036618002838212834"}},{"type":"Feature","geometry":{"type":"Point","coordinates":[35.569686,33.208059999999996]},"properties":{"event_id":200717,"data_org":"Green","post_date":"2026-03-20T00:00:00.000Z","pub_date":"2026-03-21T00:00:00.000Z","strikedate":"2026-03-20T00:00:00.000Z","event_type":"Rocket Attack","actor":"Hezbollah","site_type":"","siteStype":"","city":"Kiryat Shmona","province":"","country":"Israel","latitude":33.20806,"longitude":35.569686,"coord_type":"general town","source_1":"https://t.me/mmirleb/11868","source_2":"https://t.me/alichoeib1970/16124","sources":""}},{"type":"Feature","geometry":{"type":"Point","coordinates":[35.105641,33.094026]},"properties":{"event_id":200719,"data_org":"Green","post_date":"2026-03-20T00:00:00.000Z","pub_date":"2026-03-21T00:00:00.000Z","strikedate":"2026-03-20T00:00:00.000Z","event_type":"Drone Attack","actor":"Hezbollah","site_type":"","siteStype":"","city":"Ras al Naqoura","province":"","country":"Israel","latitude":33.094026,"longitude":35.105641,"coord_type":"exact","source_1":"https://t.me/mmirleb/11871","source_2":"","sources":""}},{"type":"Feature","geometry":{"type":"Point","coordinates":[35.544165,33.21671999999999]},"properties":{"event_id":200727,"data_org":"Green","post_date":"2026-03-20T00:00:00.000Z","pub_date":"2026-03-21T00:00:00.000Z","strikedate":"2026-03-20T00:00:00.000Z","event_type":"Rocket Attack","actor":"Hezbollah","site_type":"","siteStype":"","city":"Marj","province":"","country":"Israel","latitude":33.21672,"longitude":35.544165,"coord_type":"general town","source_1":"https://t.me/mmirleb/11889","source_2":"","sources":""}},{"type":"Feature","geometry":{"type":"Point","coordinates":[35.569686,33.208059999999996]},"properties":{"event_id":200728,"data_org":"Green","post_date":"2026-03-20T00:00:00.000Z","pub_date":"2026-03-21T00:00:00.000Z","strikedate":"2026-03-20T00:00:00.000Z","event_type":"Rocket Attack","actor":"Hezbollah","site_type":"","siteStype":"","city":"Kiryat Shmona","province":"","country":"Israel","latitude":33.20806,"longitude":35.569686,"coord_type":"general town","source_1":"https://t.me/mmirleb/11892","source_2":"","sources":""}},{"type":"Feature","geometry":{"type":"Point","coordinates":[35.544165,33.21671999999999]},"properties":{"event_id":200729,"data_org":"Green","post_date":"2026-03-20T00:00:00.000Z","pub_date":"2026-03-21T00:00:00.000Z","strikedate":"2026-03-20T00:00:00.000Z","event_type":"Rocket Attack","actor":"Hezbollah","site_type":"","siteStype":"","city":"Marj","province":"","country":"Israel","latitude":33.21672,"longitude":35.544165,"coord_type":"general town","source_1":"https://t.me/mmirleb/11895","source_2":"","sources":""}},{"type":"Feature","geometry":{"type":"Point","coordinates":[44.22329499999999,33.26764500000001]},"properties":{"event_id":200731,"data_org":"Green","post_date":"2026-03-20T00:00:00.000Z","pub_date":"2026-03-21T00:00:00.000Z","strikedate":"2026-03-20T00:00:00.000Z","event_type":"Drone Attack","actor":"UNK","site_type":"","siteStype":"","city":"Baghdad","province":"","country":"Iraq","latitude":33.267645,"longitude":44.223295,"coord_type":"general town","source_1":"https://x.com/EGYOSINT/status/2035140846493081842?s=20","source_2":"https://x.com/ariel_oseran/status/2035147756214305275","sources":""}},{"type":"Feature","geometry":{"type":"Point","coordinates":[35.544749,32.970458999999984]},"properties":{"event_id":200733,"data_org":"Green","post_date":"2026-03-20T00:00:00.000Z","pub_date":"2026-03-21T00:00:00.000Z","strikedate":"2026-03-20T00:00:00.000Z","event_type":"Rocket Attack","actor":"Hezbollah","site_type":"","siteStype":"","city":"Rosh Pinna","province":"","country":"Israel","latitude":32.970459,"longitude":35.544749,"coord_type":"general town","source_1":"https://t.me/mmirleb/11908","source_2":"https://t.me/IL_RedAlerts/34053","sources":""}},{"type":"Feature","geometry":{"type":"Point","coordinates":[35.17779,33.09024099999999]},"properties":{"event_id":200791,"data_org":"Green","post_date":"2026-03-22T00:00:00.000Z","pub_date":"2026-03-22T00:00:00.000Z","strikedate":"2026-03-22T00:00:00.000Z","event_type":"Drone Attack","actor":"Hezbollah","site_type":"","siteStype":"","city":"Hanita","province":"","country":"Israel","latitude":33.090241,"longitude":35.17779,"coord_type":"general town","source_1":"https://t.me/mmirleb/12070","source_2":"","sources":""}},{"type":"Feature","geometry":{"type":"Point","coordinates":[35.517442,33.08167799999999]},"properties":{"event_id":200792,"data_org":"Green","post_date":"2026-03-22T00:00:00.000Z","pub_date":"2026-03-22T00:00:00.000Z","strikedate":"2026-03-22T00:00:00.000Z","event_type":"Rocket Attack","actor":"Hezbollah","site_type":"","siteStype":"","city":"Dishon","province":"","country":"Israel","latitude":33.081678,"longitude":35.517442,"coord_type":"general town","source_1":"https://t.me/mmirleb/12073","source_2":"","sources":""}},{"type":"Feature","geometry":{"type":"Point","coordinates":[35.471405,33.088615]},"properties":{"event_id":200793,"data_org":"Green","post_date":"2026-03-22T00:00:00.000Z","pub_date":"2026-03-22T00:00:00.000Z","strikedate":"2026-03-22T00:00:00.000Z","event_type":"Drone Attack","actor":"Hezbollah","site_type":"","siteStype":"","city":"Avivm","province":"","country":"Israel","latitude":33.088615,"longitude":35.471405,"coord_type":"general town","source_1":"https://t.me/mmirleb/12076","source_2":"","sources":""}},{"type":"Feature","geometry":{"type":"Point","coordinates":[35.54433,33.19613]},"properties":{"event_id":200794,"data_org":"Green","post_date":"2026-03-22T00:00:00.000Z","pub_date":"2026-03-22T00:00:00.000Z","strikedate":"2026-03-22T00:00:00.000Z","event_type":"Rocket Attack","actor":"Hezbollah","site_type":"","siteStype":"","city":"Manara","province":"","country":"Israel","latitude":33.19613,"longitude":35.54433,"coord_type":"general town","source_1":"https://t.me/mmirleb/12079","source_2":"","sources":""}},{"type":"Feature","geometry":{"type":"Point","coordinates":[35.471405,33.088615]},"properties":{"event_id":200795,"data_org":"Green","post_date":"2026-03-22T00:00:00.000Z","pub_date":"2026-03-22T00:00:00.000Z","strikedate":"2026-03-22T00:00:00.000Z","event_type":"Drone Attack","actor":"Hezbollah","site_type":"","siteStype":"","city":"Avivm","province":"","country":"Israel","latitude":33.088615,"longitude":35.471405,"coord_type":"general town","source_1":"https://t.me/mmirleb/12082","source_2":"","sources":""}},{"type":"Feature","geometry":{"type":"Point","coordinates":[35.553159,33.10261299999999]},"properties":{"event_id":200796,"data_org":"Green","post_date":"2026-03-22T00:00:00.000Z","pub_date":"2026-03-22T00:00:00.000Z","strikedate":"2026-03-22T00:00:00.000Z","event_type":"Drone Attack","actor":"Hezbollah","site_type":"","siteStype":"","city":"Ramot Naftali","province":"","country":"Israel","latitude":33.102613,"longitude":35.553159,"coord_type":"general town","source_1":"https://t.me/mmirleb/12085","source_2":"","sources":""}},{"type":"Feature","geometry":{"type":"Point","coordinates":[35.549099,33.24544099999999]},"properties":{"event_id":200798,"data_org":"Green","post_date":"2026-03-22T00:00:00.000Z","pub_date":"2026-03-22T00:00:00.000Z","strikedate":"2026-03-22T00:00:00.000Z","event_type":"Rocket Attack","actor":"Hezbollah","site_type":"","siteStype":"","city":"Misgav Am","province":"","country":"Israel","latitude":33.245441,"longitude":35.549099,"coord_type":"general town","source_1":"https://t.me/mmirleb/12091","source_2":"","sources":""}},{"type":"Feature","geometry":{"type":"Point","coordinates":[35.549099,33.24544099999999]},"properties":{"event_id":200801,"data_org":"Green","post_date":"2026-03-22T00:00:00.000Z","pub_date":"2026-03-22T00:00:00.000Z","strikedate":"2026-03-22T00:00:00.000Z","event_type":"Rocket Attack","actor":"Hezbollah","site_type":"","siteStype":"","city":"Misgav Am","province":"","country":"Israel","latitude":33.245441,"longitude":35.549099,"coord_type":"general town","source_1":"https://t.me/mmirleb/12100","source_2":"","sources":""}},{"type":"Feature","geometry":{"type":"Point","coordinates":[35.549099,33.24544099999999]},"properties":{"event_id":200803,"data_org":"Green","post_date":"2026-03-22T00:00:00.000Z","pub_date":"2026-03-22T00:00:00.000Z","strikedate":"2026-03-22T00:00:00.000Z","event_type":"Rocket Attack","actor":"Hezbollah","site_type":"","siteStype":"","city":"Misgav Am","province":"","country":"Israel","latitude":33.245441,"longitude":35.549099,"coord_type":"general town","source_1":"https://t.me/mmirleb/12100","source_2":"","sources":""}},{"type":"Feature","geometry":{"type":"Point","coordinates":[44.437256,33.313067999999994]},"properties":{"event_id":200805,"data_org":"Green","post_date":"2026-03-22T00:00:00.000Z","pub_date":"2026-03-22T00:00:00.000Z","strikedate":"2026-03-22T00:00:00.000Z","event_type":"Drone Attack","actor":"UNK Iraqi Militia","site_type":"","siteStype":"","city":"Baghdad","province":"","country":"Iraq","latitude":33.313068,"longitude":44.437256,"coord_type":"general neighborhood","source_1":"DNGT: https://shafaq.com/ar/%D8%A3%D9%85%D9%80%D9%86/%D8%B3%D9%82%D9%88%D8%B7-%D8%B7%D8%A7-%D8%B1%D8%A9-%D9%85%D8%B3%D9%8A-%D8%B1%D8%A9-%D8%B9%D9%84%D9%89-%D8%AD%D8%AF-%D8%A7%D9%84%D9%85%D8%A8%D8%A7%D8%B2%D9%84-%D8%A8%D9%86%D8%A7%D8%AD%D9%8A%D8%A9-%D8%A7","source_2":"","sources":""}},{"type":"Feature","geometry":{"type":"Point","coordinates":[35.54444,33.232563]},"properties":{"event_id":200809,"data_org":"Green","post_date":"2026-03-22T00:00:00.000Z","pub_date":"2026-03-22T00:00:00.000Z","strikedate":"2026-03-22T00:00:00.000Z","event_type":"Rocket Attack","actor":"Hezbollah","site_type":"","siteStype":"","city":"Marj","province":"","country":"Israel","latitude":33.232563,"longitude":35.54444,"coord_type":"exact","source_1":"https://t.me/mmirleb/12122","source_2":"","sources":""}},{"type":"Feature","geometry":{"type":"Point","coordinates":[35.580812,33.277442]},"properties":{"event_id":200812,"data_org":"Green","post_date":"2026-03-22T00:00:00.000Z","pub_date":"2026-03-22T00:00:00.000Z","strikedate":"2026-03-22T00:00:00.000Z","event_type":"Rocket Attack","actor":"Hezbollah","site_type":"","siteStype":"","city":"Metula","province":"","country":"Israel","latitude":33.277442,"longitude":35.580812,"coord_type":"general town","source_1":"https://t.me/mmirleb/12131","source_2":"","sources":""}},{"type":"Feature","geometry":{"type":"Point","coordinates":[35.342543,33.05830799999999]},"properties":{"event_id":200813,"data_org":"Green","post_date":"2026-03-22T00:00:00.000Z","pub_date":"2026-03-22T00:00:00.000Z","strikedate":"2026-03-22T00:00:00.000Z","event_type":"Rocket Attack","actor":"Hezbollah","site_type":"","siteStype":"","city":"","province":"","country":"Israel","latitude":33.058308,"longitude":35.342543,"coord_type":"exact","source_1":"https://t.me/mmirleb/12134","source_2":"","sources":""}},{"type":"Feature","geometry":{"type":"Point","coordinates":[35.17779,33.09024099999999]},"properties":{"event_id":200817,"data_org":"Green","post_date":"2026-03-22T00:00:00.000Z","pub_date":"2026-03-22T00:00:00.000Z","strikedate":"2026-03-22T00:00:00.000Z","event_type":"Rocket Attack","actor":"Hezbollah","site_type":"","siteStype":"","city":"Hanita","province":"","country":"Israel","latitude":33.090241,"longitude":35.17779,"coord_type":"general town","source_1":"https://t.me/mmirleb/12148","source_2":"","sources":""}},{"type":"Feature","geometry":{"type":"Point","coordinates":[35.471405,33.088615]},"properties":{"event_id":200823,"data_org":"Green","post_date":"2026-03-22T00:00:00.000Z","pub_date":"2026-03-22T00:00:00.000Z","strikedate":"2026-03-22T00:00:00.000Z","event_type":"Rocket Attack","actor":"Hezbollah","site_type":"","siteStype":"","city":"Avivm","province":"","country":"Israel","latitude":33.088615,"longitude":35.471405,"coord_type":"general town","source_1":"https://t.me/mmirleb/12166","source_2":"","sources":""}},{"type":"Feature","geometry":{"type":"Point","coordinates":[35.471405,33.088615]},"properties":{"event_id":200825,"data_org":"Green","post_date":"2026-03-22T00:00:00.000Z","pub_date":"2026-03-22T00:00:00.000Z","strikedate":"2026-03-22T00:00:00.000Z","event_type":"Rocket Attack","actor":"Hezbollah","site_type":"","siteStype":"","city":"Avivm","province":"","country":"Israel","latitude":33.088615,"longitude":35.471405,"coord_type":"general town","source_1":"https://t.me/mmirleb/12172","source_2":"","sources":""}},{"type":"Feature","geometry":{"type":"Point","coordinates":[44.229189,33.26855299999999]},"properties":{"event_id":200828,"data_org":"Green","post_date":"2026-03-22T00:00:00.000Z","pub_date":"2026-03-22T00:00:00.000Z","strikedate":"2026-03-22T00:00:00.000Z","event_type":"Rocket Attack","actor":"UNK Iraqi Militia","site_type":"","siteStype":"","city":"Baghdad","province":"","country":"Iraq","latitude":33.268553,"longitude":44.229189,"coord_type":"general neighborhood","source_1":"DNGTS: https://shafaq.com/ar/%D8%A3%D9%85%D9%80%D9%86/%D8%B5%D8%A7%D8%A8%D8%A9-5-%D9%85%D9%86-%D9%85%D9%86%D8%AA%D8%B3%D8%A8%D9%8A-%D8%AC%D9%87%D8%A7%D8%B2-%D9%85%D9%83%D8%A7%D9%81%D8%AD%D8%A9-%D8%A7%D9%84-%D8%B1%D9%87%D8%A7%D8%A8-%D8%A8%D9%82%D8%B5%D9%8","source_2":"","sources":""}},{"type":"Feature","geometry":{"type":"Point","coordinates":[44.214296,33.253406999999996]},"properties":{"event_id":200831,"data_org":"Green","post_date":"2026-03-22T00:00:00.000Z","pub_date":"2026-03-22T00:00:00.000Z","strikedate":"2026-03-22T00:00:00.000Z","event_type":"Drone Attack","actor":"UNK Iraqi Militia","site_type":"","siteStype":"","city":"Baghdad","province":"","country":"Iraq","latitude":33.253407,"longitude":44.214296,"coord_type":"exact","source_1":"DNGTS: https://shafaq dot com/ar/????/???????-????-?????-????-?????-??????","source_2":"https://x.com/Tammuz_Intel/status/2035770871638262270","sources":"https://x.com/ME_Observer_/status/2036611022677516312/history"}},{"type":"Feature","geometry":{"type":"Point","coordinates":[35.32458,33.082145]},"properties":{"event_id":200832,"data_org":"Green","post_date":"2026-03-22T00:00:00.000Z","pub_date":"2026-03-22T00:00:00.000Z","strikedate":"2026-03-22T00:00:00.000Z","event_type":"Rocket Attack","actor":"Hezbollah","site_type":"","siteStype":"","city":"Shtula","province":"","country":"Israel","latitude":33.082145,"longitude":35.32458,"coord_type":"exact","source_1":"https://t.me/mmirleb/12185","source_2":"","sources":""}},{"type":"Feature","geometry":{"type":"Point","coordinates":[35.573258,33.083003999999995]},"properties":{"event_id":200833,"data_org":"Green","post_date":"2026-03-22T00:00:00.000Z","pub_date":"2026-03-22T00:00:00.000Z","strikedate":"2026-03-22T00:00:00.000Z","event_type":"Drone Attack","actor":"Hezbollah","site_type":"","siteStype":"","city":"Ramat Naftali","province":"","country":"Israel","latitude":33.083004,"longitude":35.573258,"coord_type":"exact","source_1":"https://t.me/mmirleb/12188","source_2":"","sources":""}},{"type":"Feature","geometry":{"type":"Point","coordinates":[35.413042,32.998164]},"properties":{"event_id":200834,"data_org":"Green","post_date":"2026-03-22T00:00:00.000Z","pub_date":"2026-03-22T00:00:00.000Z","strikedate":"2026-03-22T00:00:00.000Z","event_type":"Rocket Attack","actor":"Hezbollah","site_type":"","siteStype":"","city":"Mount Meron","province":"","country":"Israel","latitude":32.998164,"longitude":35.413042,"coord_type":"exact","source_1":"https://t.me/mmirleb/12191","source_2":"","sources":""}},{"type":"Feature","geometry":{"type":"Point","coordinates":[35.54433,33.19613]},"properties":{"event_id":200835,"data_org":"Green","post_date":"2026-03-22T00:00:00.000Z","pub_date":"2026-03-22T00:00:00.000Z","strikedate":"2026-03-22T00:00:00.000Z","event_type":"Rocket Attack","actor":"Hezbollah","site_type":"","siteStype":"","city":"Manara","province":"","country":"Israel","latitude":33.19613,"longitude":35.54433,"coord_type":"general town","source_1":"https://t.me/mmirleb/12194","source_2":"","sources":""}},{"type":"Feature","geometry":{"type":"Point","coordinates":[35.28893500000001,33.099478000000005]},"properties":{"event_id":200837,"data_org":"Green","post_date":"2026-03-22T00:00:00.000Z","pub_date":"2026-03-22T00:00:00.000Z","strikedate":"2026-03-22T00:00:00.000Z","event_type":"Rocket Attack","actor":"Hezbollah","site_type":"","siteStype":"","city":"Zar'it","province":"","country":"Israel","latitude":33.099478,"longitude":35.288935,"coord_type":"general town","source_1":"https://t.me/mmirleb/12200","source_2":"","sources":""}},{"type":"Feature","geometry":{"type":"Point","coordinates":[35.546156,33.220789999999994]},"properties":{"event_id":200838,"data_org":"Green","post_date":"2026-03-22T00:00:00.000Z","pub_date":"2026-03-22T00:00:00.000Z","strikedate":"2026-03-22T00:00:00.000Z","event_type":"Rocket Attack","actor":"Hezbollah","site_type":"","siteStype":"","city":"Wadi Hounine","province":"","country":"Israel","latitude":33.22079,"longitude":35.546156,"coord_type":"general town","source_1":"https://t.me/mmirleb/12203","source_2":"","sources":""}},{"type":"Feature","geometry":{"type":"Point","coordinates":[44.215945,33.254839999999994]},"properties":{"event_id":200770,"data_org":"Green","post_date":"2026-03-21T00:00:00.000Z","pub_date":"2026-03-22T00:00:00.000Z","strikedate":"2026-03-21T00:00:00.000Z","event_type":"Drone Attack","actor":"UNK Iraqi militia","site_type":"","siteStype":"","city":"Baghdad","province":"","country":"Iraq","latitude":33.25484,"longitude":44.215945,"coord_type":"exact","source_1":"DNGTS: https://shafaq.com/ar/%D8%A3%D9%85%D9%80%D9%86/%D8%B3%D9%82%D9%88%D8%B7-%D9%85%D8%B3%D9%8A%D8%B1%D8%A9-%D8%AC%D8%AF%D9%8A%D8%AF%D8%A9-%D9%81%D9%8A-%D9%85%D8%AD%D9%8A%D8%B7-%D9%85%D8%B7%D8%A7%D8%B1-%D8%A8%D8%BA%D8%AF%D8%A7%D8%AF-%D8%A7%D9%84%D8%AF%","source_2":"https://shafaq.com/ar/%D8%A3%D9%85%D9%80%D9%86/%D8%A7%D8%B3%D8%AA%D9%87%D8%AF%D8%A7%D9%81-%D8%AC%D8%AF%D9%8A%D8%AF-%D9%8A%D8%B7%D8%A7%D9%84-%D9%85%D8%AD%D9%8A%D8%B7-%D9%85%D8%B7%D8%A7%D8%B1-%D8%A8%D8%BA%D8%AF%D8%A7%D8%AF-%D8%A7%D9%84%D8%AF%D9%88%D9%84%D9","sources":""}},{"type":"Feature","geometry":{"type":"Point","coordinates":[43.960478,36.24619]},"properties":{"event_id":200774,"data_org":"Green","post_date":"2026-03-21T00:00:00.000Z","pub_date":"2026-03-22T00:00:00.000Z","strikedate":"2026-03-21T00:00:00.000Z","event_type":"Air Defense Activity","actor":"UNK","site_type":"","siteStype":"","city":"Erbil","province":"","country":"Iraq","latitude":36.24619,"longitude":43.960478,"coord_type":"exact","source_1":"https://x.com/Alhadath_Brk/status/2035484816125124743?s=20","source_2":"https://x.com/Osint613/status/2035633117533180145?s=20","sources":"https://x.com/IranIntl/status/2035463322795917661?s=20"}},{"type":"Feature","geometry":{"type":"Point","coordinates":[35.40088500000001,33.05797799999999]},"properties":{"event_id":200854,"data_org":"Green","post_date":"2026-03-23T00:00:00.000Z","pub_date":"2026-03-23T00:00:00.000Z","strikedate":"2026-03-23T00:00:00.000Z","event_type":"Drone & Rocket Attack","actor":"Hezbollah","site_type":"","siteStype":"","city":"Dovev","province":"","country":"Israel","latitude":33.057978,"longitude":35.400885,"coord_type":"exact","source_1":"https://t.me/mmirleb/12251","source_2":"https://t.me/IL_RedAlerts/34713","sources":"https://t.me/IL_RedAlerts/34723"}},{"type":"Feature","geometry":{"type":"Point","coordinates":[35.467033,33.091807]},"properties":{"event_id":200855,"data_org":"Green","post_date":"2026-03-23T00:00:00.000Z","pub_date":"2026-03-23T00:00:00.000Z","strikedate":"2026-03-23T00:00:00.000Z","event_type":"Drone Attack","actor":"Hezbollah","site_type":"","siteStype":"","city":"Avivim","province":"","country":"Israel","latitude":33.091807,"longitude":35.467033,"coord_type":"exact","source_1":"https://t.me/mmirleb/12254","source_2":"","sources":""}},{"type":"Feature","geometry":{"type":"Point","coordinates":[35.17779,33.09024099999999]},"properties":{"event_id":200856,"data_org":"Green","post_date":"2026-03-23T00:00:00.000Z","pub_date":"2026-03-23T00:00:00.000Z","strikedate":"2026-03-23T00:00:00.000Z","event_type":"Rocket Attack","actor":"Hezbollah","site_type":"","siteStype":"","city":"Hanita","province":"","country":"Israel","latitude":33.090241,"longitude":35.17779,"coord_type":"general town","source_1":"https://t.me/mmirleb/12257","source_2":"","sources":""}},{"type":"Feature","geometry":{"type":"Point","coordinates":[35.54433,33.19613]},"properties":{"event_id":200857,"data_org":"Green","post_date":"2026-03-23T00:00:00.000Z","pub_date":"2026-03-23T00:00:00.000Z","strikedate":"2026-03-23T00:00:00.000Z","event_type":"Rocket Attack","actor":"Hezbollah","site_type":"","siteStype":"","city":"Manara","province":"","country":"Israel","latitude":33.19613,"longitude":35.54433,"coord_type":"general town","source_1":"https://t.me/mmirleb/12260","source_2":"https://t.me/IL_RedAlerts/34663","sources":""}},{"type":"Feature","geometry":{"type":"Point","coordinates":[35.57798,33.27736999999998]},"properties":{"event_id":200858,"data_org":"Green","post_date":"2026-03-23T00:00:00.000Z","pub_date":"2026-03-23T00:00:00.000Z","strikedate":"2026-03-23T00:00:00.000Z","event_type":"Rocket Attack","actor":"Hezbollah","site_type":"","siteStype":"","city":"Metula","province":"","country":"Israel","latitude":33.27737,"longitude":35.57798,"coord_type":"exact","source_1":"https://t.me/mmirleb/12263","source_2":"https://t.me/IL_RedAlerts/34665","sources":""}},{"type":"Feature","geometry":{"type":"Point","coordinates":[35.54444,33.232563]},"properties":{"event_id":200859,"data_org":"Green","post_date":"2026-03-23T00:00:00.000Z","pub_date":"2026-03-23T00:00:00.000Z","strikedate":"2026-03-23T00:00:00.000Z","event_type":"Rocket Attack","actor":"Hezbollah","site_type":"","siteStype":"","city":"Marj","province":"","country":"Israel","latitude":33.232563,"longitude":35.54444,"coord_type":"exact","source_1":"https://t.me/mmirleb/12266","source_2":"","sources":""}},{"type":"Feature","geometry":{"type":"Point","coordinates":[35.57798,33.27736999999998]},"properties":{"event_id":200860,"data_org":"Green","post_date":"2026-03-23T00:00:00.000Z","pub_date":"2026-03-23T00:00:00.000Z","strikedate":"2026-03-23T00:00:00.000Z","event_type":"Rocket Attack","actor":"Hezbollah","site_type":"","siteStype":"","city":"Metula","province":"","country":"Israel","latitude":33.27737,"longitude":35.57798,"coord_type":"exact","source_1":"https://t.me/mmirleb/12269","source_2":"https://t.me/IL_RedAlerts/34667","sources":""}},{"type":"Feature","geometry":{"type":"Point","coordinates":[35.29161,33.094694]},"properties":{"event_id":200861,"data_org":"Green","post_date":"2026-03-23T00:00:00.000Z","pub_date":"2026-03-23T00:00:00.000Z","strikedate":"2026-03-22T00:00:00.000Z","event_type":"Rocket Attack","actor":"Hezbollah","site_type":"","siteStype":"","city":"Zarit","province":"","country":"Israel","latitude":33.094694,"longitude":35.29161,"coord_type":"exact","source_1":"https://t.me/mmirleb/12272","source_2":"","sources":""}},{"type":"Feature","geometry":{"type":"Point","coordinates":[35.57798,33.27736999999998]},"properties":{"event_id":200862,"data_org":"Green","post_date":"2026-03-23T00:00:00.000Z","pub_date":"2026-03-23T00:00:00.000Z","strikedate":"2026-03-23T00:00:00.000Z","event_type":"Rocket Attack","actor":"Hezbollah","site_type":"","siteStype":"","city":"Metula","province":"","country":"Israel","latitude":33.27737,"longitude":35.57798,"coord_type":"exact","source_1":"https://t.me/mmirleb/12275","source_2":"https://t.me/IL_RedAlerts/34717","sources":""}},{"type":"Feature","geometry":{"type":"Point","coordinates":[35.569686,33.208059999999996]},"properties":{"event_id":200863,"data_org":"Green","post_date":"2026-03-23T00:00:00.000Z","pub_date":"2026-03-23T00:00:00.000Z","strikedate":"2026-03-23T00:00:00.000Z","event_type":"Rocket Attack","actor":"Hezbollah","site_type":"","siteStype":"","city":"Kiryat Shmona","province":"","country":"Israel","latitude":33.20806,"longitude":35.569686,"coord_type":"general town","source_1":"https://t.me/mmirleb/12278","source_2":"https://t.me/IL_RedAlerts/34721","sources":""}},{"type":"Feature","geometry":{"type":"Point","coordinates":[35.597771,33.24128799999999]},"properties":{"event_id":200864,"data_org":"Green","post_date":"2026-03-23T00:00:00.000Z","pub_date":"2026-03-23T00:00:00.000Z","strikedate":"2026-03-23T00:00:00.000Z","event_type":"Rocket Attack","actor":"Hezbollah","site_type":"","siteStype":"","city":"Kfar Yuval","province":"","country":"Israel","latitude":33.241288,"longitude":35.597771,"coord_type":"general town","source_1":"https://t.me/mmirleb/12281","source_2":"https://t.me/IL_RedAlerts/34719","sources":""}},{"type":"Feature","geometry":{"type":"Point","coordinates":[35.40088500000001,33.05797799999999]},"properties":{"event_id":200866,"data_org":"Green","post_date":"2026-03-23T00:00:00.000Z","pub_date":"2026-03-23T00:00:00.000Z","strikedate":"2026-03-23T00:00:00.000Z","event_type":"Rocket Attack","actor":"Hezbollah","site_type":"","siteStype":"","city":"Dovev","province":"","country":"Israel","latitude":33.057978,"longitude":35.400885,"coord_type":"exact","source_1":"https://t.me/mmirleb/12287","source_2":"https://t.me/IL_RedAlerts/34723","sources":""}},{"type":"Feature","geometry":{"type":"Point","coordinates":[35.403187,33.002466999999996]},"properties":{"event_id":200870,"data_org":"Green","post_date":"2026-03-23T00:00:00.000Z","pub_date":"2026-03-23T00:00:00.000Z","strikedate":"2026-03-23T00:00:00.000Z","event_type":"Mortar Attack","actor":"Hezbollah","site_type":"","siteStype":"","city":"Meron","province":"","country":"Israel","latitude":33.002467,"longitude":35.403187,"coord_type":"general town","source_1":"https://t.me/mmirleb/12299","source_2":"","sources":""}},{"type":"Feature","geometry":{"type":"Point","coordinates":[35.569686,33.208059999999996]},"properties":{"event_id":200871,"data_org":"Green","post_date":"2026-03-23T00:00:00.000Z","pub_date":"2026-03-23T00:00:00.000Z","strikedate":"2026-03-23T00:00:00.000Z","event_type":"Rocket Attack","actor":"Hezbollah","site_type":"","siteStype":"","city":"Kiryat Shmona","province":"","country":"Israel","latitude":33.20806,"longitude":35.569686,"coord_type":"general town","source_1":"https://t.me/mmirleb/12302","source_2":"https://t.me/IL_RedAlerts/34727","sources":""}},{"type":"Feature","geometry":{"type":"Point","coordinates":[35.569686,33.208059999999996]},"properties":{"event_id":200873,"data_org":"Green","post_date":"2026-03-23T00:00:00.000Z","pub_date":"2026-03-23T00:00:00.000Z","strikedate":"2026-03-23T00:00:00.000Z","event_type":"Rocket Attack","actor":"Hezbollah","site_type":"","siteStype":"","city":"Kiryat Shmona","province":"","country":"Israel","latitude":33.20806,"longitude":35.569686,"coord_type":"general town","source_1":"https://x.com/Osint613/status/2036067245374193839","source_2":"DNGTS: https://www.jpost dot com/israel-news/defense-news/article-890927","sources":"https://x.com/MarioLeb79/status/2036065232791941238; https://x.com/manniefabian/status/2036064104562008403; https://x.com/manniefabian/status/2036066028849938804"}},{"type":"Feature","geometry":{"type":"Point","coordinates":[35.569686,33.208059999999996]},"properties":{"event_id":200874,"data_org":"Green","post_date":"2026-03-23T00:00:00.000Z","pub_date":"2026-03-23T00:00:00.000Z","strikedate":"2026-03-23T00:00:00.000Z","event_type":"Rocket Attack","actor":"Hezbollah","site_type":"","siteStype":"","city":"Kiryat Shmona","province":"","country":"Israel","latitude":33.20806,"longitude":35.569686,"coord_type":"general town","source_1":"https://t.me/mmirleb/12308","source_2":"https://t.me/IL_RedAlerts/34733","sources":""}},{"type":"Feature","geometry":{"type":"Point","coordinates":[35.544057,33.23271899999999]},"properties":{"event_id":200877,"data_org":"Green","post_date":"2026-03-23T00:00:00.000Z","pub_date":"2026-03-23T00:00:00.000Z","strikedate":"2026-03-23T00:00:00.000Z","event_type":"Rocket Attack","actor":"Hezbollah","site_type":"","siteStype":"","city":"Misgav Am","province":"","country":"Israel","latitude":33.232719,"longitude":35.544057,"coord_type":"exact","source_1":"https://t.me/mmirleb/12317","source_2":"","sources":""}},{"type":"Feature","geometry":{"type":"Point","coordinates":[35.610425,33.217166]},"properties":{"event_id":200878,"data_org":"Green","post_date":"2026-03-23T00:00:00.000Z","pub_date":"2026-03-23T00:00:00.000Z","strikedate":"2026-03-23T00:00:00.000Z","event_type":"Rocket Attack","actor":"Hezbollah","site_type":"","siteStype":"","city":"Beit Hillel","province":"","country":"Israel","latitude":33.217166,"longitude":35.610425,"coord_type":"exact","source_1":"https://t.me/mmirleb/12320","source_2":"https://t.me/IL_RedAlerts/34725","sources":""}},{"type":"Feature","geometry":{"type":"Point","coordinates":[35.552448,33.10228]},"properties":{"event_id":200881,"data_org":"Green","post_date":"2026-03-23T00:00:00.000Z","pub_date":"2026-03-23T00:00:00.000Z","strikedate":"2026-03-23T00:00:00.000Z","event_type":"Rocket Attack","actor":"Hezbollah","site_type":"","siteStype":"","city":"Ramot Naftali","province":"","country":"Israel","latitude":33.10228,"longitude":35.552448,"coord_type":"general town","source_1":"https://t.me/mmirleb/12329","source_2":"","sources":""}},{"type":"Feature","geometry":{"type":"Point","coordinates":[35.569686,33.208059999999996]},"properties":{"event_id":200882,"data_org":"Green","post_date":"2026-03-23T00:00:00.000Z","pub_date":"2026-03-23T00:00:00.000Z","strikedate":"2026-03-23T00:00:00.000Z","event_type":"Rocket Attack","actor":"Hezbollah","site_type":"","siteStype":"","city":"Kiryat Shmona","province":"","country":"Israel","latitude":33.20806,"longitude":35.569686,"coord_type":"general town","source_1":"https://t.me/mmirleb/12332","source_2":"https://t.me/IL_RedAlerts/34737","sources":""}},{"type":"Feature","geometry":{"type":"Point","coordinates":[35.57798,33.27736999999998]},"properties":{"event_id":200884,"data_org":"Green","post_date":"2026-03-23T00:00:00.000Z","pub_date":"2026-03-23T00:00:00.000Z","strikedate":"2026-03-23T00:00:00.000Z","event_type":"Drone Attack","actor":"Hezbollah","site_type":"","siteStype":"","city":"Metula","province":"","country":"Israel","latitude":33.27737,"longitude":35.57798,"coord_type":"exact","source_1":"https://t.me/mmirleb/12338","source_2":"https://t.me/IL_RedAlerts/34739","sources":""}},{"type":"Feature","geometry":{"type":"Point","coordinates":[35.542866,33.198255]},"properties":{"event_id":200885,"data_org":"Green","post_date":"2026-03-23T00:00:00.000Z","pub_date":"2026-03-23T00:00:00.000Z","strikedate":"2026-03-23T00:00:00.000Z","event_type":"Rocket Attack","actor":"Hezbollah","site_type":"","siteStype":"","city":"Manara","province":"","country":"Israel","latitude":33.198255,"longitude":35.542866,"coord_type":"general town","source_1":"https://t.me/mmirleb/12341","source_2":"https://t.me/IL_RedAlerts/34749","sources":""}},{"type":"Feature","geometry":{"type":"Point","coordinates":[35.597771,33.24128799999999]},"properties":{"event_id":200886,"data_org":"Green","post_date":"2026-03-23T00:00:00.000Z","pub_date":"2026-03-23T00:00:00.000Z","strikedate":"2026-03-23T00:00:00.000Z","event_type":"Drone Attack","actor":"Hezbollah","site_type":"","siteStype":"","city":"Kfar Yuval","province":"","country":"Israel","latitude":33.241288,"longitude":35.597771,"coord_type":"general town","source_1":"https://t.me/mmirleb/12281","source_2":"https://t.me/IL_RedAlerts/34763","sources":""}},{"type":"Feature","geometry":{"type":"Point","coordinates":[35.532534,33.14022700000001]},"properties":{"event_id":200887,"data_org":"Green","post_date":"2026-03-23T00:00:00.000Z","pub_date":"2026-03-23T00:00:00.000Z","strikedate":"2026-03-23T00:00:00.000Z","event_type":"Drone Attack","actor":"Hezbollah","site_type":"","siteStype":"","city":"Yiftah","province":"","country":"Israel","latitude":33.140227,"longitude":35.532534,"coord_type":"exact","source_1":"https://t.me/mmirleb/12349","source_2":"https://t.me/IL_RedAlerts/34757","sources":""}},{"type":"Feature","geometry":{"type":"Point","coordinates":[35.597771,33.24128799999999]},"properties":{"event_id":200888,"data_org":"Green","post_date":"2026-03-23T00:00:00.000Z","pub_date":"2026-03-23T00:00:00.000Z","strikedate":"2026-03-23T00:00:00.000Z","event_type":"Drone Attack","actor":"Hezbollah","site_type":"","siteStype":"","city":"Kfar Yuval","province":"","country":"Israel","latitude":33.241288,"longitude":35.597771,"coord_type":"general town","source_1":"https://t.me/mmirleb/12352","source_2":"https://t.me/IL_RedAlerts/34769","sources":""}},{"type":"Feature","geometry":{"type":"Point","coordinates":[35.581111,33.25944399999999]},"properties":{"event_id":200889,"data_org":"Green","post_date":"2026-03-23T00:00:00.000Z","pub_date":"2026-03-23T00:00:00.000Z","strikedate":"2026-03-23T00:00:00.000Z","event_type":"Drone Attack","actor":"Hezbollah","site_type":"","siteStype":"","city":"Abil al Qahm near metula","province":"","country":"Israel","latitude":33.259444,"longitude":35.581111,"coord_type":"general town","source_1":"https://t.me/mmirleb/12355","source_2":"https://t.me/IL_RedAlerts/34769","sources":""}},{"type":"Feature","geometry":{"type":"Point","coordinates":[35.17779,33.09024099999999]},"properties":{"event_id":200890,"data_org":"Green","post_date":"2026-03-23T00:00:00.000Z","pub_date":"2026-03-23T00:00:00.000Z","strikedate":"2026-03-23T00:00:00.000Z","event_type":"Drone Attack","actor":"Hezbollah","site_type":"","siteStype":"","city":"Hanita","province":"","country":"Israel","latitude":33.090241,"longitude":35.17779,"coord_type":"general town","source_1":"https://t.me/mmirleb/12358","source_2":"","sources":""}},{"type":"Feature","geometry":{"type":"Point","coordinates":[35.542866,33.198255]},"properties":{"event_id":200891,"data_org":"Green","post_date":"2026-03-23T00:00:00.000Z","pub_date":"2026-03-23T00:00:00.000Z","strikedate":"2026-03-23T00:00:00.000Z","event_type":"Rocket Attack","actor":"Hezbollah","site_type":"","siteStype":"","city":"Manara","province":"","country":"Israel","latitude":33.198255,"longitude":35.542866,"coord_type":"general town","source_1":"https://t.me/mmirleb/12361","source_2":"https://t.me/IL_RedAlerts/34755","sources":""}},{"type":"Feature","geometry":{"type":"Point","coordinates":[35.275632,33.016007]},"properties":{"event_id":200893,"data_org":"Green","post_date":"2026-03-23T00:00:00.000Z","pub_date":"2026-03-23T00:00:00.000Z","strikedate":"2026-03-23T00:00:00.000Z","event_type":"Drone Attack","actor":"Hezbollah","site_type":"","siteStype":"","city":"Maalot Tarshiha","province":"","country":"Israel","latitude":33.016007,"longitude":35.275632,"coord_type":"general town","source_1":"https://t.me/mmirleb/12367","source_2":"","sources":""}},{"type":"Feature","geometry":{"type":"Point","coordinates":[41.996818999999995,36.89909799999999]},"properties":{"event_id":200894,"data_org":"Green","post_date":"2026-03-23T00:00:00.000Z","pub_date":"2026-03-23T00:00:00.000Z","strikedate":"2026-03-23T00:00:00.000Z","event_type":"Rocket Attack","actor":"Likely Iraqi militias","site_type":"","siteStype":"","city":"","province":"","country":"Syria","latitude":36.899098,"longitude":41.996819,"coord_type":"exact","source_1":"https://x.com/QalaatAlMudiq/status/2036138637532786748","source_2":"https://x.com/omar_alharir/status/2036148551068074342?s=20","sources":"https://x.com/omar_alharir/status/2036144975948255337?s=20; DNGTS: https://shafaq dot com/ar/????/????-7-??????-??-??????-???-?????-?????-???????-??????-??-?????; https://www.reuters.com/world/middle-east/rockets-launched-iraqs-mosul-towards-us-base-nort"}},{"type":"Feature","geometry":{"type":"Point","coordinates":[44.09614100000001,36.275522]},"properties":{"event_id":200895,"data_org":"Green","post_date":"2026-03-23T00:00:00.000Z","pub_date":"2026-03-23T00:00:00.000Z","strikedate":"2026-03-23T00:00:00.000Z","event_type":"unknown","actor":"Iraqi militias","site_type":"","siteStype":"","city":"Erbil","province":"","country":"Iraq","latitude":36.275522,"longitude":44.096141,"coord_type":"exact","source_1":"http://x.com/Osint613/status/2036145771154641175","source_2":"","sources":""}},{"type":"Feature","geometry":{"type":"Point","coordinates":[35.569686,33.208059999999996]},"properties":{"event_id":200896,"data_org":"Green","post_date":"2026-03-23T00:00:00.000Z","pub_date":"2026-03-23T00:00:00.000Z","strikedate":"2026-03-23T00:00:00.000Z","event_type":"Drone Attack","actor":"Hezbollah","site_type":"","siteStype":"","city":"Kiryat Shmona","province":"","country":"Israel","latitude":33.20806,"longitude":35.569686,"coord_type":"general town","source_1":"https://t.me/mmirleb/12370","source_2":"","sources":""}},{"type":"Feature","geometry":{"type":"Point","coordinates":[35.39152800000001,32.614579000000006]},"properties":{"event_id":200849,"data_org":"Green","post_date":"2026-03-22T00:00:00.000Z","pub_date":"2026-03-23T00:00:00.000Z","strikedate":"2026-03-22T00:00:00.000Z","event_type":"Drone Attack","actor":"Hezbollah","site_type":"","siteStype":"","city":"Naura","province":"","country":"Israel","latitude":32.614579,"longitude":35.391528,"coord_type":"general town","source_1":"https://t.me/mmirleb/12230","source_2":"","sources":""}},{"type":"Feature","geometry":{"type":"Point","coordinates":[35.569686,33.208059999999996]},"properties":{"event_id":200850,"data_org":"Green","post_date":"2026-03-22T00:00:00.000Z","pub_date":"2026-03-23T00:00:00.000Z","strikedate":"2026-03-22T00:00:00.000Z","event_type":"Rocket Attack","actor":"Hezbollah","site_type":"","siteStype":"","city":"Kiryat Shmona","province":"","country":"Israel","latitude":33.20806,"longitude":35.569686,"coord_type":"general town","source_1":"https://t.me/mmirleb/12233","source_2":"https://t.me/IL_RedAlerts/34621","sources":""}},{"type":"Feature","geometry":{"type":"Point","coordinates":[35.17779,33.09024099999999]},"properties":{"event_id":200918,"data_org":"Green","post_date":"2026-03-24T00:00:00.000Z","pub_date":"2026-03-24T00:00:00.000Z","strikedate":"2026-03-24T00:00:00.000Z","event_type":"Rocket Attack","actor":"Hezbollah","site_type":"","siteStype":"","city":"Hanita","province":"","country":"Israel","latitude":33.090241,"longitude":35.17779,"coord_type":"general town","source_1":"https://t.me/mmirleb/12440","source_2":"","sources":""}},{"type":"Feature","geometry":{"type":"Point","coordinates":[35.071131,32.842423]},"properties":{"event_id":200925,"data_org":"Green","post_date":"2026-03-24T00:00:00.000Z","pub_date":"2026-03-24T00:00:00.000Z","strikedate":"2026-03-24T00:00:00.000Z","event_type":"Air Defense Activity","actor":"Hezbollah","site_type":"","siteStype":"","city":"Haifa","province":"","country":"Israel","latitude":32.842423,"longitude":35.071131,"coord_type":"general neighborhood","source_1":"https://x.com/manniefabian/status/2036358368336425312","source_2":"https://x.com/manniefabian/status/2036361891618963596","sources":""}},{"type":"Feature","geometry":{"type":"Point","coordinates":[35.097034,33.007301]},"properties":{"event_id":200927,"data_org":"Green","post_date":"2026-03-24T00:00:00.000Z","pub_date":"2026-03-24T00:00:00.000Z","strikedate":"2026-03-24T00:00:00.000Z","event_type":"Rocket Attack","actor":"Hezbollah","site_type":"","siteStype":"","city":"Nahariya","province":"","country":"Israel","latitude":33.007301,"longitude":35.097034,"coord_type":"general town","source_1":"https://t.me/mmirleb/12464","source_2":"https://t.me/IL_RedAlerts/34994","sources":""}},{"type":"Feature","geometry":{"type":"Point","coordinates":[35.090334,32.869547999999995]},"properties":{"event_id":200928,"data_org":"Green","post_date":"2026-03-24T00:00:00.000Z","pub_date":"2026-03-24T00:00:00.000Z","strikedate":"2026-03-24T00:00:00.000Z","event_type":"Rocket Attack","actor":"Hezbollah","site_type":"","siteStype":"","city":"Acre","province":"","country":"Israel","latitude":32.869548,"longitude":35.090334,"coord_type":"exact","source_1":"https://t.me/mmirleb/12467","source_2":"","sources":""}},{"type":"Feature","geometry":{"type":"Point","coordinates":[35.569686,33.208059999999996]},"properties":{"event_id":200931,"data_org":"Green","post_date":"2026-03-24T00:00:00.000Z","pub_date":"2026-03-24T00:00:00.000Z","strikedate":"2026-03-24T00:00:00.000Z","event_type":"Rocket Attack","actor":"Hezbollah","site_type":"","siteStype":"","city":"Kiryat Shmona","province":"","country":"Israel","latitude":33.20806,"longitude":35.569686,"coord_type":"general town","source_1":"https://t.me/mmirleb/12480","source_2":"https://t.me/IL_RedAlerts/35002","sources":""}},{"type":"Feature","geometry":{"type":"Point","coordinates":[35.623582999999996,33.221508]},"properties":{"event_id":200932,"data_org":"Green","post_date":"2026-03-24T00:00:00.000Z","pub_date":"2026-03-24T00:00:00.000Z","strikedate":"2026-03-24T00:00:00.000Z","event_type":"Rocket Attack","actor":"Hezbollah","site_type":"","siteStype":"","city":"Hagohsrim","province":"","country":"Israel","latitude":33.221508,"longitude":35.623583,"coord_type":"general town","source_1":"https://t.me/mmirleb/12483","source_2":"https://t.me/IL_RedAlerts/35004","sources":""}},{"type":"Feature","geometry":{"type":"Point","coordinates":[35.548596,33.023649999999996]},"properties":{"event_id":200934,"data_org":"Green","post_date":"2026-03-24T00:00:00.000Z","pub_date":"2026-03-24T00:00:00.000Z","strikedate":"2026-03-24T00:00:00.000Z","event_type":"Drone Attack","actor":"Hezbollah","site_type":"","siteStype":"","city":"Rosh Pinaa","province":"","country":"Israel","latitude":33.02365,"longitude":35.548596,"coord_type":"exact","source_1":"https://t.me/mmirleb/12489","source_2":"","sources":""}},{"type":"Feature","geometry":{"type":"Point","coordinates":[35.371486,33.03396899999999]},"properties":{"event_id":200939,"data_org":"Green","post_date":"2026-03-24T00:00:00.000Z","pub_date":"2026-03-24T00:00:00.000Z","strikedate":"2026-03-24T00:00:00.000Z","event_type":"Drone Attack","actor":"Hezbollah","site_type":"","siteStype":"","city":"Mount Adir","province":"","country":"Israel","latitude":33.033969,"longitude":35.371486,"coord_type":"general town","source_1":"https://t.me/mmirleb/12504","source_2":"https://t.me/IL_RedAlerts/35046","sources":""}},{"type":"Feature","geometry":{"type":"Point","coordinates":[35.275632,33.016007]},"properties":{"event_id":200940,"data_org":"Green","post_date":"2026-03-24T00:00:00.000Z","pub_date":"2026-03-24T00:00:00.000Z","strikedate":"2026-03-24T00:00:00.000Z","event_type":"Drone Attack","actor":"Hezbollah","site_type":"","siteStype":"","city":"Maalot Tarshiha","province":"","country":"Israel","latitude":33.016007,"longitude":35.275632,"coord_type":"general town","source_1":"https://t.me/mmirleb/12507","source_2":"https://t.me/IL_RedAlerts/35046","sources":""}},{"type":"Feature","geometry":{"type":"Point","coordinates":[35.17779,33.09024099999999]},"properties":{"event_id":200943,"data_org":"Green","post_date":"2026-03-24T00:00:00.000Z","pub_date":"2026-03-24T00:00:00.000Z","strikedate":"2026-03-24T00:00:00.000Z","event_type":"Drone Attack","actor":"Hezbollah","site_type":"","siteStype":"","city":"Hanita","province":"","country":"Israel","latitude":33.090241,"longitude":35.17779,"coord_type":"general town","source_1":"https://t.me/mmirleb/12516","source_2":"","sources":""}},{"type":"Feature","geometry":{"type":"Point","coordinates":[35.293819,32.909515000000006]},"properties":{"event_id":200944,"data_org":"Green","post_date":"2026-03-24T00:00:00.000Z","pub_date":"2026-03-24T00:00:00.000Z","strikedate":"2026-03-24T00:00:00.000Z","event_type":"Rocket Attack","actor":"Hezbollah","site_type":"","siteStype":"","city":"Karmiel","province":"","country":"Israel","latitude":32.909515,"longitude":35.293819,"coord_type":"general town","source_1":"https://t.me/mmirleb/12519","source_2":"https://t.me/IL_RedAlerts/35056","sources":"https://x.com/manniefabian/status/2036443059290771925"}},{"type":"Feature","geometry":{"type":"Point","coordinates":[35.560765,32.98979299999999]},"properties":{"event_id":200948,"data_org":"Green","post_date":"2026-03-24T00:00:00.000Z","pub_date":"2026-03-24T00:00:00.000Z","strikedate":"2026-03-24T00:00:00.000Z","event_type":"Rocket Attack","actor":"Hezbollah","site_type":"","siteStype":"","city":"Rosh Pinna","province":"","country":"Israel","latitude":32.989793,"longitude":35.560765,"coord_type":"exact","source_1":"https://t.me/moriahdoron/29158","source_2":"https://x.com/manniefabian/status/2036485534646767810","sources":"https://x.com/manniefabian/status/2036483004344717507"}},{"type":"Feature","geometry":{"type":"Point","coordinates":[35.549099,33.24544099999999]},"properties":{"event_id":200949,"data_org":"Green","post_date":"2026-03-24T00:00:00.000Z","pub_date":"2026-03-24T00:00:00.000Z","strikedate":"2026-03-24T00:00:00.000Z","event_type":"Drone Attack","actor":"Hezbollah","site_type":"","siteStype":"","city":"Misgav Am","province":"","country":"Israel","latitude":33.245441,"longitude":35.549099,"coord_type":"general town","source_1":"https://t.me/mmirleb/12534","source_2":"https://t.me/IL_RedAlerts/35110","sources":"https://x.com/manniefabian/status/2036478123961626788"}},{"type":"Feature","geometry":{"type":"Point","coordinates":[35.549099,33.24544099999999]},"properties":{"event_id":200950,"data_org":"Green","post_date":"2026-03-24T00:00:00.000Z","pub_date":"2026-03-24T00:00:00.000Z","strikedate":"2026-03-24T00:00:00.000Z","event_type":"Rocket Attack","actor":"Hezbollah","site_type":"","siteStype":"","city":"Misgav Am","province":"","country":"Israel","latitude":33.245441,"longitude":35.549099,"coord_type":"general town","source_1":"https://t.me/mmirleb/12534","source_2":"","sources":""}},{"type":"Feature","geometry":{"type":"Point","coordinates":[35.569686,33.208059999999996]},"properties":{"event_id":200954,"data_org":"Green","post_date":"2026-03-24T00:00:00.000Z","pub_date":"2026-03-24T00:00:00.000Z","strikedate":"2026-03-24T00:00:00.000Z","event_type":"Rocket Attack","actor":"Hezbollah","site_type":"","siteStype":"","city":"Kiryat Shmona","province":"","country":"Israel","latitude":33.20806,"longitude":35.569686,"coord_type":"general town","source_1":"https://t.me/mmirleb/12549","source_2":"","sources":""}},{"type":"Feature","geometry":{"type":"Point","coordinates":[35.552448,33.10228]},"properties":{"event_id":200955,"data_org":"Green","post_date":"2026-03-24T00:00:00.000Z","pub_date":"2026-03-24T00:00:00.000Z","strikedate":"2026-03-24T00:00:00.000Z","event_type":"Rocket Attack","actor":"Hezbollah","site_type":"","siteStype":"","city":"Ramot Naftali","province":"","country":"Israel","latitude":33.10228,"longitude":35.552448,"coord_type":"general town","source_1":"https://t.me/mmirleb/12552","source_2":"","sources":""}},{"type":"Feature","geometry":{"type":"Point","coordinates":[35.542866,33.198255]},"properties":{"event_id":200902,"data_org":"Green","post_date":"2026-03-23T00:00:00.000Z","pub_date":"2026-03-24T00:00:00.000Z","strikedate":"2026-03-23T00:00:00.000Z","event_type":"Rocket Attack","actor":"Hezbollah","site_type":"","siteStype":"","city":"Manara","province":"","country":"Israel","latitude":33.198255,"longitude":35.542866,"coord_type":"general town","source_1":"https://t.me/mmirleb/12392","source_2":"https://t.me/IL_RedAlerts/34731","sources":""}},{"type":"Feature","geometry":{"type":"Point","coordinates":[35.533182,33.14068799999999]},"properties":{"event_id":200905,"data_org":"Green","post_date":"2026-03-23T00:00:00.000Z","pub_date":"2026-03-24T00:00:00.000Z","strikedate":"2026-03-23T00:00:00.000Z","event_type":"Rocket Attack","actor":"Hezbollah","site_type":"","siteStype":"","city":"Yiftah","province":"","country":"Israel","latitude":33.140688,"longitude":35.533182,"coord_type":"exact","source_1":"https://t.me/mmirleb/12401","source_2":"https://t.me/IL_RedAlerts/34755","sources":""}},{"type":"Feature","geometry":{"type":"Point","coordinates":[44.003166,36.195916999999994]},"properties":{"event_id":200908,"data_org":"Green","post_date":"2026-03-23T00:00:00.000Z","pub_date":"2026-03-24T00:00:00.000Z","strikedate":"2026-03-23T00:00:00.000Z","event_type":"Air Defense Activity","actor":"Likely Iraqi militias","site_type":"","siteStype":"","city":"Erbil","province":"","country":"Iraq","latitude":36.195917,"longitude":44.003166,"coord_type":"general town","source_1":"https://x.com/Osint613/status/2036180206860275853","source_2":"","sources":""}},{"type":"Feature","geometry":{"type":"Point","coordinates":[35.110759,33.07055]},"properties":{"event_id":200911,"data_org":"Green","post_date":"2026-03-23T00:00:00.000Z","pub_date":"2026-03-24T00:00:00.000Z","strikedate":"2026-03-23T00:00:00.000Z","event_type":"Drone Attack","actor":"Hezbollah","site_type":"","siteStype":"","city":"Liman","province":"","country":"Israel","latitude":33.07055,"longitude":35.110759,"coord_type":"exact","source_1":"https://t.me/mmirleb/12417","source_2":"","sources":""}},{"type":"Feature","geometry":{"type":"Point","coordinates":[35.2745,32.9765]},"properties":{"event_id":200913,"data_org":"Green","post_date":"2026-03-23T00:00:00.000Z","pub_date":"2026-03-24T00:00:00.000Z","strikedate":"2026-03-23T00:00:00.000Z","event_type":"Drone Attack","actor":"Hezbollah","site_type":"","siteStype":"","city":"Yanuh Jat","province":"","country":"Israel","latitude":32.9765,"longitude":35.2745,"coord_type":"general town","source_1":"https://t.me/mmirleb/12425","source_2":"https://t.me/IL_RedAlerts/34879","sources":""}},{"type":"Feature","geometry":{"type":"Point","coordinates":[35.394044,33.028513999999994]},"properties":{"event_id":200914,"data_org":"Green","post_date":"2026-03-23T00:00:00.000Z","pub_date":"2026-03-24T00:00:00.000Z","strikedate":"2026-03-23T00:00:00.000Z","event_type":"Drone Attack","actor":"Hezbollah","site_type":"","siteStype":"","city":"Sasa","province":"","country":"Israel","latitude":33.028514,"longitude":35.394044,"coord_type":"general town","source_1":"https://t.me/mmirleb/12428","source_2":"","sources":""}},{"type":"Feature","geometry":{"type":"Point","coordinates":[35.170349,33.08007299999999]},"properties":{"event_id":200915,"data_org":"Green","post_date":"2026-03-23T00:00:00.000Z","pub_date":"2026-03-24T00:00:00.000Z","strikedate":"2026-03-23T00:00:00.000Z","event_type":"Rocket Attack","actor":"Hezbollah","site_type":"","siteStype":"","city":"Ein Hakovshim","province":"","country":"Israel","latitude":33.080073,"longitude":35.170349,"coord_type":"general town","source_1":"https://t.me/mmirleb/12431","source_2":"https://t.me/IL_RedAlerts/34889","sources":""}},{"type":"Feature","geometry":{"type":"Point","coordinates":[35.286832,33.08555900000001]},"properties":{"event_id":200973,"data_org":"Green","post_date":"2026-03-25T00:00:00.000Z","pub_date":"2026-03-25T00:00:00.000Z","strikedate":"2026-03-25T00:00:00.000Z","event_type":"Drone Attack","actor":"Hezbollah","site_type":"","siteStype":"","city":"Shomira","province":"","country":"Israel","latitude":33.085559,"longitude":35.286832,"coord_type":"exact","source_1":"https://t.me/mmirleb/12613","source_2":"","sources":""}},{"type":"Feature","geometry":{"type":"Point","coordinates":[35.554543,33.14332]},"properties":{"event_id":200974,"data_org":"Green","post_date":"2026-03-25T00:00:00.000Z","pub_date":"2026-03-25T00:00:00.000Z","strikedate":"2026-03-25T00:00:00.000Z","event_type":"Rocket Attack","actor":"Hezbollah","site_type":"","siteStype":"","city":"Yiftah","province":"","country":"Israel","latitude":33.14332,"longitude":35.554543,"coord_type":"exact","source_1":"https://t.me/mmirleb/12616","source_2":"","sources":"https://t.me/IL_RedAlerts/35248"}},{"type":"Feature","geometry":{"type":"Point","coordinates":[35.516875,32.98991]},"properties":{"event_id":200975,"data_org":"Green","post_date":"2026-03-25T00:00:00.000Z","pub_date":"2026-03-25T00:00:00.000Z","strikedate":"2026-03-25T00:00:00.000Z","event_type":"Rocket Attack","actor":"Hezbollah","site_type":"","siteStype":"","city":"Safed","province":"","country":"Israel","latitude":32.98991,"longitude":35.516875,"coord_type":"exact","source_1":"https://t.me/mmirleb/12619","source_2":"","sources":"https://t.me/IL_RedAlerts/35262"}},{"type":"Feature","geometry":{"type":"Point","coordinates":[35.514475,33.084274]},"properties":{"event_id":200976,"data_org":"Green","post_date":"2026-03-25T00:00:00.000Z","pub_date":"2026-03-25T00:00:00.000Z","strikedate":"2026-03-25T00:00:00.000Z","event_type":"Rocket Attack","actor":"Hezbollah","site_type":"","siteStype":"","city":"Dishon","province":"","country":"Israel","latitude":33.084274,"longitude":35.514475,"coord_type":"exact","source_1":"https://t.me/mmirleb/12622","source_2":"","sources":""}},{"type":"Feature","geometry":{"type":"Point","coordinates":[35.503301,32.978284]},"properties":{"event_id":200977,"data_org":"Green","post_date":"2026-03-25T00:00:00.000Z","pub_date":"2026-03-25T00:00:00.000Z","strikedate":"2026-03-25T00:00:00.000Z","event_type":"Rocket Attack","actor":"Hezbollah","site_type":"","siteStype":"","city":"Birya","province":"","country":"Israel","latitude":32.978284,"longitude":35.503301,"coord_type":"exact","source_1":"https://t.me/mmirleb/12625","source_2":"","sources":"https://t.me/IL_RedAlerts/35264"}},{"type":"Feature","geometry":{"type":"Point","coordinates":[35.610079,33.20988499999999]},"properties":{"event_id":200999,"data_org":"Green","post_date":"2026-03-25T00:00:00.000Z","pub_date":"2026-03-25T00:00:00.000Z","strikedate":"2026-03-25T00:00:00.000Z","event_type":"Rocket Attack","actor":"Hezbollah","site_type":"","siteStype":"","city":"Beit Hillel","province":"","country":"Israel","latitude":33.209885,"longitude":35.610079,"coord_type":"exact","source_1":"https://t.me/mmirleb/12693","source_2":"","sources":""}},{"type":"Feature","geometry":{"type":"Point","coordinates":[35.071351,32.842289]},"properties":{"event_id":201000,"data_org":"Green","post_date":"2026-03-25T00:00:00.000Z","pub_date":"2026-03-25T00:00:00.000Z","strikedate":"2026-03-25T00:00:00.000Z","event_type":"Rocket Attack","actor":"Hezbollah","site_type":"","siteStype":"","city":"Krayot","province":"","country":"Israel","latitude":32.842289,"longitude":35.071351,"coord_type":"general town","source_1":"https://t.me/mmirleb/12696","source_2":"https://x.com/manniefabian/status/2036755877164621845","sources":"https://x.com/manniefabian/status/2036755877164621845"}},{"type":"Feature","geometry":{"type":"Point","coordinates":[35.690634,32.992065999999994]},"properties":{"event_id":201001,"data_org":"Green","post_date":"2026-03-25T00:00:00.000Z","pub_date":"2026-03-25T00:00:00.000Z","strikedate":"2026-03-25T00:00:00.000Z","event_type":"Rocket Attack","actor":"Hezbollah","site_type":"","siteStype":"","city":"Qatzrin","province":"","country":"Israel","latitude":32.992066,"longitude":35.690634,"coord_type":"general town","source_1":"https://t.me/mmirleb/12699","source_2":"","sources":"https://t.me/IL_RedAlerts/35418"}},{"type":"Feature","geometry":{"type":"Point","coordinates":[35.494169,32.96558199999998]},"properties":{"event_id":201002,"data_org":"Green","post_date":"2026-03-25T00:00:00.000Z","pub_date":"2026-03-25T00:00:00.000Z","strikedate":"2026-03-25T00:00:00.000Z","event_type":"Rocket Attack","actor":"Hezbollah","site_type":"","siteStype":"","city":"Safed","province":"","country":"Israel","latitude":32.965582,"longitude":35.494169,"coord_type":"general town","source_1":"https://t.me/mmirleb/12702","source_2":"","sources":"https://t.me/IL_RedAlerts/35268"}},{"type":"Feature","geometry":{"type":"Point","coordinates":[35.2935,32.908409]},"properties":{"event_id":201003,"data_org":"Green","post_date":"2026-03-25T00:00:00.000Z","pub_date":"2026-03-25T00:00:00.000Z","strikedate":"2026-03-25T00:00:00.000Z","event_type":"Rocket Attack","actor":"Hezbollah","site_type":"","siteStype":"","city":"Karmiel","province":"","country":"Israel","latitude":32.908409,"longitude":35.2935,"coord_type":"general town","source_1":"https://t.me/mmirleb/12705","source_2":"","sources":"https://t.me/IL_RedAlerts/35503"}},{"type":"Feature","geometry":{"type":"Point","coordinates":[35.413042,32.998164]},"properties":{"event_id":201007,"data_org":"Green","post_date":"2026-03-25T00:00:00.000Z","pub_date":"2026-03-25T00:00:00.000Z","strikedate":"2026-03-25T00:00:00.000Z","event_type":"Drone Attack","actor":"Hezbollah","site_type":"","siteStype":"","city":"Mount Meron","province":"","country":"Israel","latitude":32.998164,"longitude":35.413042,"coord_type":"exact","source_1":"https://t.me/mmirleb/12714","source_2":"","sources":""}},{"type":"Feature","geometry":{"type":"Point","coordinates":[35.466994,33.037857]},"properties":{"event_id":201010,"data_org":"Green","post_date":"2026-03-25T00:00:00.000Z","pub_date":"2026-03-25T00:00:00.000Z","strikedate":"2026-03-25T00:00:00.000Z","event_type":"Rocket Attack","actor":"Hezbollah","site_type":"","siteStype":"","city":"Kerem Ben Zimra","province":"","country":"Israel","latitude":33.037857,"longitude":35.466994,"coord_type":"general town","source_1":"https://t.me/mmirleb/12724","source_2":"","sources":"https://t.me/IL_RedAlerts/35527"}},{"type":"Feature","geometry":{"type":"Point","coordinates":[35.549085,33.247576999999986]},"properties":{"event_id":201011,"data_org":"Green","post_date":"2026-03-25T00:00:00.000Z","pub_date":"2026-03-25T00:00:00.000Z","strikedate":"2026-03-25T00:00:00.000Z","event_type":"Rocket Attack","actor":"Hezbollah","site_type":"","siteStype":"","city":"Misgav Am","province":"","country":"Israel","latitude":33.247577,"longitude":35.549085,"coord_type":"general town","source_1":"https://t.me/mmirleb/12727","source_2":"","sources":"https://t.me/IL_RedAlerts/35557"}},{"type":"Feature","geometry":{"type":"Point","coordinates":[35.577808,33.27715499999999]},"properties":{"event_id":201012,"data_org":"Green","post_date":"2026-03-25T00:00:00.000Z","pub_date":"2026-03-25T00:00:00.000Z","strikedate":"2026-03-25T00:00:00.000Z","event_type":"Rocket Attack","actor":"Hezbollah","site_type":"","siteStype":"","city":"Metula","province":"","country":"Israel","latitude":33.277155,"longitude":35.577808,"coord_type":"general town","source_1":"https://t.me/mmirleb/12727","source_2":"","sources":"https://t.me/IL_RedAlerts/35559"}},{"type":"Feature","geometry":{"type":"Point","coordinates":[35.57,33.208099999999995]},"properties":{"event_id":201013,"data_org":"Green","post_date":"2026-03-25T00:00:00.000Z","pub_date":"2026-03-25T00:00:00.000Z","strikedate":"2026-03-25T00:00:00.000Z","event_type":"Rocket Attack","actor":"Hezbollah","site_type":"","siteStype":"","city":"Kiryat Shmona","province":"","country":"Israel","latitude":33.2081,"longitude":35.57,"coord_type":"general town","source_1":"https://t.me/mmirleb/12727","source_2":"","sources":"https://t.me/IL_RedAlerts/35563"}},{"type":"Feature","geometry":{"type":"Point","coordinates":[35.63795700000001,33.23067399999999]},"properties":{"event_id":201014,"data_org":"Green","post_date":"2026-03-25T00:00:00.000Z","pub_date":"2026-03-25T00:00:00.000Z","strikedate":"2026-03-25T00:00:00.000Z","event_type":"Rocket Attack","actor":"Hezbollah","site_type":"","siteStype":"","city":"Dafna","province":"","country":"Israel","latitude":33.230674,"longitude":35.637957,"coord_type":"general town","source_1":"https://t.me/mmirleb/12727","source_2":"","sources":"https://t.me/IL_RedAlerts/35567"}},{"type":"Feature","geometry":{"type":"Point","coordinates":[35.097034,33.007301]},"properties":{"event_id":201015,"data_org":"Green","post_date":"2026-03-25T00:00:00.000Z","pub_date":"2026-03-25T00:00:00.000Z","strikedate":"2026-03-25T00:00:00.000Z","event_type":"Rocket Attack","actor":"Hezbollah","site_type":"","siteStype":"","city":"Nahariya","province":"","country":"Israel","latitude":33.007301,"longitude":35.097034,"coord_type":"general town","source_1":"https://t.me/mmirleb/12730","source_2":"","sources":"https://t.me/IL_RedAlerts/35569"}},{"type":"Feature","geometry":{"type":"Point","coordinates":[35.278327,33.014663999999996]},"properties":{"event_id":201016,"data_org":"Green","post_date":"2026-03-25T00:00:00.000Z","pub_date":"2026-03-25T00:00:00.000Z","strikedate":"2026-03-25T00:00:00.000Z","event_type":"Rocket Attack","actor":"Hezbollah","site_type":"","siteStype":"","city":"Maalot-Tarshiha","province":"","country":"Israel","latitude":33.014664,"longitude":35.278327,"coord_type":"general town","source_1":"https://t.me/mmirleb/12733","source_2":"","sources":"https://t.me/IL_RedAlerts/35545"}},{"type":"Feature","geometry":{"type":"Point","coordinates":[35.569686,33.208059999999996]},"properties":{"event_id":201018,"data_org":"Green","post_date":"2026-03-25T00:00:00.000Z","pub_date":"2026-03-25T00:00:00.000Z","strikedate":"2026-03-25T00:00:00.000Z","event_type":"Drone Attack","actor":"Hezbollah","site_type":"","siteStype":"","city":"Kiryat Shmona","province":"","country":"Israel","latitude":33.20806,"longitude":35.569686,"coord_type":"general town","source_1":"https://t.me/mmirleb/12739","source_2":"","sources":""}},{"type":"Feature","geometry":{"type":"Point","coordinates":[35.577808,33.27715499999999]},"properties":{"event_id":201019,"data_org":"Green","post_date":"2026-03-25T00:00:00.000Z","pub_date":"2026-03-25T00:00:00.000Z","strikedate":"2026-03-25T00:00:00.000Z","event_type":"Rocket Attack","actor":"Hezbollah","site_type":"","siteStype":"","city":"Metula","province":"","country":"Israel","latitude":33.277155,"longitude":35.577808,"coord_type":"general town","source_1":"https://t.me/mmirleb/12740","source_2":"","sources":"https://t.me/IL_RedAlerts/35557"}},{"type":"Feature","geometry":{"type":"Point","coordinates":[35.544165,33.21671999999999]},"properties":{"event_id":201020,"data_org":"Green","post_date":"2026-03-25T00:00:00.000Z","pub_date":"2026-03-25T00:00:00.000Z","strikedate":"2026-03-25T00:00:00.000Z","event_type":"Rocket Attack","actor":"Hezbollah","site_type":"","siteStype":"","city":"Marj","province":"","country":"Israel","latitude":33.21672,"longitude":35.544165,"coord_type":"general town","source_1":"https://t.me/mmirleb/12740","source_2":"","sources":"https://t.me/IL_RedAlerts/35567"}},{"type":"Feature","geometry":{"type":"Point","coordinates":[35.549085,33.247576999999986]},"properties":{"event_id":201021,"data_org":"Green","post_date":"2026-03-25T00:00:00.000Z","pub_date":"2026-03-25T00:00:00.000Z","strikedate":"2026-03-25T00:00:00.000Z","event_type":"Rocket Attack","actor":"Hezbollah","site_type":"","siteStype":"","city":"Misgav Am","province":"","country":"Israel","latitude":33.247577,"longitude":35.549085,"coord_type":"general town","source_1":"https://t.me/mmirleb/12740","source_2":"","sources":"https://t.me/IL_RedAlerts/35555"}},{"type":"Feature","geometry":{"type":"Point","coordinates":[35.716473,33.170829999999995]},"properties":{"event_id":201022,"data_org":"Green","post_date":"2026-03-25T00:00:00.000Z","pub_date":"2026-03-25T00:00:00.000Z","strikedate":"2026-03-25T00:00:00.000Z","event_type":"Rocket Attack","actor":"Hezbollah","site_type":"","siteStype":"","city":"Golan Heights","province":"","country":"Israel","latitude":33.17083,"longitude":35.716473,"coord_type":"exact","source_1":"https://t.me/mmirleb/12743","source_2":"","sources":"https://t.me/IL_RedAlerts/35565"}},{"type":"Feature","geometry":{"type":"Point","coordinates":[35.54444,33.232563]},"properties":{"event_id":201030,"data_org":"Green","post_date":"2026-03-25T00:00:00.000Z","pub_date":"2026-03-25T00:00:00.000Z","strikedate":"2026-03-25T00:00:00.000Z","event_type":"Drone Attack","actor":"Hezbollah","site_type":"","siteStype":"","city":"Marj","province":"","country":"Israel","latitude":33.232563,"longitude":35.54444,"coord_type":"exact","source_1":"https://t.me/mmirleb/12767","source_2":"","sources":"https://t.me/IL_RedAlerts/35567"}},{"type":"Feature","geometry":{"type":"Point","coordinates":[35.071835,32.842479000000004]},"properties":{"event_id":201031,"data_org":"Green","post_date":"2026-03-25T00:00:00.000Z","pub_date":"2026-03-25T00:00:00.000Z","strikedate":"2026-03-25T00:00:00.000Z","event_type":"Rocket Attack","actor":"Hezbollah","site_type":"","siteStype":"","city":"Krayot","province":"","country":"Israel","latitude":32.842479,"longitude":35.071835,"coord_type":"general town","source_1":"https://t.me/mmirleb/12770","source_2":"","sources":"https://t.me/IL_RedAlerts/35583"}},{"type":"Feature","geometry":{"type":"Point","coordinates":[35.577808,33.27715499999999]},"properties":{"event_id":200956,"data_org":"Green","post_date":"2026-03-24T00:00:00.000Z","pub_date":"2026-03-25T00:00:00.000Z","strikedate":"2026-03-24T00:00:00.000Z","event_type":"Drone Attack","actor":"Hezbollah","site_type":"","siteStype":"","city":"Metula","province":"","country":"Israel","latitude":33.277155,"longitude":35.577808,"coord_type":"general town","source_1":"https://t.me/mmirleb/12558","source_2":"","sources":""}},{"type":"Feature","geometry":{"type":"Point","coordinates":[35.549085,33.247576999999986]},"properties":{"event_id":200957,"data_org":"Green","post_date":"2026-03-24T00:00:00.000Z","pub_date":"2026-03-25T00:00:00.000Z","strikedate":"2026-03-24T00:00:00.000Z","event_type":"Drone Attack","actor":"Hezbollah","site_type":"","siteStype":"","city":"Misgav Am","province":"","country":"Israel","latitude":33.247577,"longitude":35.549085,"coord_type":"general town","source_1":"https://t.me/mmirleb/12561","source_2":"","sources":"https://t.me/IL_RedAlerts/35114"}},{"type":"Feature","geometry":{"type":"Point","coordinates":[35.39152800000001,32.614579000000006]},"properties":{"event_id":200958,"data_org":"Green","post_date":"2026-03-24T00:00:00.000Z","pub_date":"2026-03-25T00:00:00.000Z","strikedate":"2026-03-24T00:00:00.000Z","event_type":"Drone Attack","actor":"Hezbollah","site_type":"","siteStype":"","city":"Naura","province":"","country":"Israel","latitude":32.614579,"longitude":35.391528,"coord_type":"general town","source_1":"https://t.me/mmirleb/12564","source_2":"","sources":""}},{"type":"Feature","geometry":{"type":"Point","coordinates":[35.516415,33.082271]},"properties":{"event_id":200959,"data_org":"Green","post_date":"2026-03-24T00:00:00.000Z","pub_date":"2026-03-25T00:00:00.000Z","strikedate":"2026-03-24T00:00:00.000Z","event_type":"Rocket Attack","actor":"Hezbollah","site_type":"","siteStype":"","city":"Dishon","province":"","country":"Israel","latitude":33.082271,"longitude":35.516415,"coord_type":"general town","source_1":"https://t.me/mmirleb/12567","source_2":"","sources":""}},{"type":"Feature","geometry":{"type":"Point","coordinates":[35.690634,32.992065999999994]},"properties":{"event_id":200964,"data_org":"Green","post_date":"2026-03-24T00:00:00.000Z","pub_date":"2026-03-25T00:00:00.000Z","strikedate":"2026-03-24T00:00:00.000Z","event_type":"Rocket Attack","actor":"Hezbollah","site_type":"","siteStype":"","city":"Qatzrin","province":"","country":"Israel","latitude":32.992066,"longitude":35.690634,"coord_type":"general town","source_1":"https://t.me/mmirleb/12586","source_2":"","sources":"https://t.me/IL_RedAlerts/35168"}},{"type":"Feature","geometry":{"type":"Point","coordinates":[44.217539,33.25838199999999]},"properties":{"event_id":200967,"data_org":"Green","post_date":"2026-03-24T00:00:00.000Z","pub_date":"2026-03-25T00:00:00.000Z","strikedate":"2026-03-24T00:00:00.000Z","event_type":"Drone Attack","actor":"UNK","site_type":"","siteStype":"","city":"Baghdad","province":"","country":"Iraq","latitude":33.258382,"longitude":44.217539,"coord_type":"exact","source_1":"https://x.com/Osinttechnical/status/2036618002838212834","source_2":"https://x.com/geo27752/status/2036628113610707432","sources":"https://x.com/ME_Observer_/status/2036611022677516312/history; https://x.com/sentdefender/status/2036617878716264663"}},{"type":"Feature","geometry":{"type":"Point","coordinates":[35.569686,33.208059999999996]},"properties":{"event_id":200968,"data_org":"Green","post_date":"2026-03-24T00:00:00.000Z","pub_date":"2026-03-25T00:00:00.000Z","strikedate":"2026-03-24T00:00:00.000Z","event_type":"Rocket Attack","actor":"Hezbollah","site_type":"","siteStype":"","city":"Kiryat Shmona","province":"","country":"Israel","latitude":33.20806,"longitude":35.569686,"coord_type":"general town","source_1":"https://t.me/mmirleb/12601","source_2":"","sources":"https://t.me/IL_RedAlerts/35220"}},{"type":"Feature","geometry":{"type":"Point","coordinates":[35.549723,33.248901]},"properties":{"event_id":201085,"data_org":"Green","post_date":"2026-03-26T00:00:00.000Z","pub_date":"2026-03-26T00:00:00.000Z","strikedate":"2026-03-26T00:00:00.000Z","event_type":"Rocket Attack","actor":"Hezbollah","site_type":"","siteStype":"","city":"Misgav Am","province":"","country":"Israel","latitude":33.248901,"longitude":35.549723,"coord_type":"general town","source_1":"https://t.me/mmirleb/12935","source_2":"","sources":"https://t.me/IL_RedAlerts/35700"}},{"type":"Feature","geometry":{"type":"Point","coordinates":[35.537393,33.208964999999985]},"properties":{"event_id":201086,"data_org":"Green","post_date":"2026-03-26T00:00:00.000Z","pub_date":"2026-03-26T00:00:00.000Z","strikedate":"2026-03-26T00:00:00.000Z","event_type":"Rocket Attack","actor":"Hezbollah","site_type":"","siteStype":"","city":"Margaliot","province":"","country":"Israel","latitude":33.208965,"longitude":35.537393,"coord_type":"exact","source_1":"https://t.me/mmirleb/12938","source_2":"","sources":"https://t.me/IL_RedAlerts/35702"}},{"type":"Feature","geometry":{"type":"Point","coordinates":[35.659957,33.16593799999999]},"properties":{"event_id":201087,"data_org":"Green","post_date":"2026-03-26T00:00:00.000Z","pub_date":"2026-03-26T00:00:00.000Z","strikedate":"2026-03-26T00:00:00.000Z","event_type":"Rocket Attack","actor":"Hezbollah","site_type":"","siteStype":"","city":"Shamir","province":"","country":"Israel","latitude":33.165938,"longitude":35.659957,"coord_type":"general town","source_1":"https://t.me/mmirleb/12941","source_2":"","sources":"https://t.me/IL_RedAlerts/35704"}},{"type":"Feature","geometry":{"type":"Point","coordinates":[35.513025,32.979903]},"properties":{"event_id":201088,"data_org":"Green","post_date":"2026-03-26T00:00:00.000Z","pub_date":"2026-03-26T00:00:00.000Z","strikedate":"2026-03-26T00:00:00.000Z","event_type":"Rocket Attack","actor":"Hezbollah","site_type":"","siteStype":"","city":"Safed","province":"","country":"Israel","latitude":32.979903,"longitude":35.513025,"coord_type":"exact","source_1":"https://t.me/mmirleb/12944","source_2":"","sources":"https://t.me/IL_RedAlerts/35706"}},{"type":"Feature","geometry":{"type":"Point","coordinates":[35.577808,33.27715499999999]},"properties":{"event_id":201089,"data_org":"Green","post_date":"2026-03-26T00:00:00.000Z","pub_date":"2026-03-26T00:00:00.000Z","strikedate":"2026-03-26T00:00:00.000Z","event_type":"Drone Attack","actor":"Hezbollah","site_type":"","siteStype":"","city":"Metula","province":"","country":"Israel","latitude":33.277155,"longitude":35.577808,"coord_type":"general town","source_1":"https://t.me/mmirleb/12947","source_2":"","sources":"https://t.me/IL_RedAlerts/35748"}},{"type":"Feature","geometry":{"type":"Point","coordinates":[35.569686,33.208059999999996]},"properties":{"event_id":201090,"data_org":"Green","post_date":"2026-03-26T00:00:00.000Z","pub_date":"2026-03-26T00:00:00.000Z","strikedate":"2026-03-26T00:00:00.000Z","event_type":"Rocket Attack","actor":"Hezbollah","site_type":"","siteStype":"","city":"Kiryat Shmona","province":"","country":"Israel","latitude":33.20806,"longitude":35.569686,"coord_type":"general town","source_1":"https://t.me/mmirleb/12950","source_2":"","sources":"https://t.me/IL_RedAlerts/35828"}},{"type":"Feature","geometry":{"type":"Point","coordinates":[35.542866,33.198255]},"properties":{"event_id":201091,"data_org":"Green","post_date":"2026-03-26T00:00:00.000Z","pub_date":"2026-03-26T00:00:00.000Z","strikedate":"2026-03-26T00:00:00.000Z","event_type":"Rocket Attack","actor":"Hezbollah","site_type":"","siteStype":"","city":"Manara","province":"","country":"Israel","latitude":33.198255,"longitude":35.542866,"coord_type":"general town","source_1":"https://t.me/mmirleb/12953","source_2":"","sources":"https://t.me/IL_RedAlerts/35830"}},{"type":"Feature","geometry":{"type":"Point","coordinates":[35.08253,32.933129999999984]},"properties":{"event_id":201093,"data_org":"Green","post_date":"2026-03-26T00:00:00.000Z","pub_date":"2026-03-26T00:00:00.000Z","strikedate":"2026-03-26T00:00:00.000Z","event_type":"Drone Attack","actor":"Hezbollah","site_type":"","siteStype":"","city":"Acre","province":"","country":"Israel","latitude":32.93313,"longitude":35.08253,"coord_type":"general town","source_1":"https://t.me/mmirleb/12959","source_2":"","sources":"https://t.me/IL_RedAlerts/35884"}},{"type":"Feature","geometry":{"type":"Point","coordinates":[35.097034,33.007301]},"properties":{"event_id":201094,"data_org":"Green","post_date":"2026-03-26T00:00:00.000Z","pub_date":"2026-03-26T00:00:00.000Z","strikedate":"2026-03-26T00:00:00.000Z","event_type":"Drone Attack","actor":"Hezbollah","site_type":"","siteStype":"","city":"Nahariya","province":"","country":"Israel","latitude":33.007301,"longitude":35.097034,"coord_type":"general town","source_1":"https://t.me/mmirleb/12962","source_2":"","sources":"https://t.me/IL_RedAlerts/35904; https://x.com/N12News/status/2037176206613795311?s=20; https://x.com/FaytuksNetwork/status/2037175463592824973"}},{"type":"Feature","geometry":{"type":"Point","coordinates":[35.105641,33.094026]},"properties":{"event_id":201095,"data_org":"Green","post_date":"2026-03-26T00:00:00.000Z","pub_date":"2026-03-26T00:00:00.000Z","strikedate":"2026-03-26T00:00:00.000Z","event_type":"Rocket Attack","actor":"Hezbollah","site_type":"","siteStype":"","city":"Ras al Naqoura","province":"","country":"Israel","latitude":33.094026,"longitude":35.105641,"coord_type":"exact","source_1":"https://t.me/mmirleb/12965","source_2":"","sources":""}},{"type":"Feature","geometry":{"type":"Point","coordinates":[35.110759,33.07055]},"properties":{"event_id":201096,"data_org":"Green","post_date":"2026-03-26T00:00:00.000Z","pub_date":"2026-03-26T00:00:00.000Z","strikedate":"2026-03-26T00:00:00.000Z","event_type":"Drone Attack","actor":"Hezbollah","site_type":"","siteStype":"","city":"Liman","province":"","country":"Israel","latitude":33.07055,"longitude":35.110759,"coord_type":"exact","source_1":"https://t.me/mmirleb/12970","source_2":"","sources":""}},{"type":"Feature","geometry":{"type":"Point","coordinates":[35.071835,32.842479000000004]},"properties":{"event_id":201097,"data_org":"Green","post_date":"2026-03-26T00:00:00.000Z","pub_date":"2026-03-26T00:00:00.000Z","strikedate":"2026-03-26T00:00:00.000Z","event_type":"Rocket Attack","actor":"Hezbollah","site_type":"","siteStype":"","city":"Krayot","province":"","country":"Israel","latitude":32.842479,"longitude":35.071835,"coord_type":"general town","source_1":"https://t.me/mmirleb/12973","source_2":"","sources":""}},{"type":"Feature","geometry":{"type":"Point","coordinates":[35.370395,33.032422]},"properties":{"event_id":201098,"data_org":"Green","post_date":"2026-03-26T00:00:00.000Z","pub_date":"2026-03-26T00:00:00.000Z","strikedate":"2026-03-26T00:00:00.000Z","event_type":"Rocket Attack","actor":"Hezbollah","site_type":"","siteStype":"","city":"","province":"","country":"Israel","latitude":33.032422,"longitude":35.370395,"coord_type":"exact","source_1":"https://t.me/mmirleb/12976","source_2":"","sources":""}},{"type":"Feature","geometry":{"type":"Point","coordinates":[35.178345,33.09268899999999]},"properties":{"event_id":201099,"data_org":"Green","post_date":"2026-03-26T00:00:00.000Z","pub_date":"2026-03-26T00:00:00.000Z","strikedate":"2026-03-26T00:00:00.000Z","event_type":"Drone Attack","actor":"Hezbollah","site_type":"","siteStype":"","city":"Nimr al Jamal","province":"","country":"Israel","latitude":33.092689,"longitude":35.178345,"coord_type":"general town","source_1":"https://t.me/mmirleb/12979","source_2":"","sources":""}},{"type":"Feature","geometry":{"type":"Point","coordinates":[35.466994,33.037857]},"properties":{"event_id":201100,"data_org":"Green","post_date":"2026-03-26T00:00:00.000Z","pub_date":"2026-03-26T00:00:00.000Z","strikedate":"2026-03-26T00:00:00.000Z","event_type":"Drone Attack","actor":"Hezbollah","site_type":"","siteStype":"","city":"Kerem Ben Zimra","province":"","country":"Israel","latitude":33.037857,"longitude":35.466994,"coord_type":"general town","source_1":"https://t.me/mmirleb/12982","source_2":"","sources":""}},{"type":"Feature","geometry":{"type":"Point","coordinates":[35.110759,33.07055]},"properties":{"event_id":201101,"data_org":"Green","post_date":"2026-03-26T00:00:00.000Z","pub_date":"2026-03-26T00:00:00.000Z","strikedate":"2026-03-26T00:00:00.000Z","event_type":"Drone Attack","actor":"Hezbollah","site_type":"","siteStype":"","city":"Liman","province":"","country":"Israel","latitude":33.07055,"longitude":35.110759,"coord_type":"exact","source_1":"https://t.me/mmirleb/12985","source_2":"","sources":""}},{"type":"Feature","geometry":{"type":"Point","coordinates":[35.471008,33.088677999999994]},"properties":{"event_id":201102,"data_org":"Green","post_date":"2026-03-26T00:00:00.000Z","pub_date":"2026-03-26T00:00:00.000Z","strikedate":"2026-03-26T00:00:00.000Z","event_type":"Rocket Attack","actor":"Hezbollah","site_type":"","siteStype":"","city":"Avivim","province":"","country":"Israel","latitude":33.088678,"longitude":35.471008,"coord_type":"general town","source_1":"https://t.me/mmirleb/12988","source_2":"","sources":""}},{"type":"Feature","geometry":{"type":"Point","coordinates":[35.315577,33.085672]},"properties":{"event_id":201103,"data_org":"Green","post_date":"2026-03-26T00:00:00.000Z","pub_date":"2026-03-26T00:00:00.000Z","strikedate":"2026-03-26T00:00:00.000Z","event_type":"Rocket Attack","actor":"Hezbollah","site_type":"","siteStype":"","city":"Shtula","province":"","country":"Israel","latitude":33.085672,"longitude":35.315577,"coord_type":"general town","source_1":"https://t.me/mmirleb/12991","source_2":"","sources":""}},{"type":"Feature","geometry":{"type":"Point","coordinates":[35.508438,33.09861999999999]},"properties":{"event_id":201104,"data_org":"Green","post_date":"2026-03-26T00:00:00.000Z","pub_date":"2026-03-26T00:00:00.000Z","strikedate":"2026-03-26T00:00:00.000Z","event_type":"Rocket Attack","actor":"Hezbollah","site_type":"","siteStype":"","city":"Malikiyah","province":"","country":"Israel","latitude":33.09862,"longitude":35.508438,"coord_type":"general town","source_1":"https://t.me/mmirleb/12994","source_2":"","sources":""}},{"type":"Feature","geometry":{"type":"Point","coordinates":[35.096024,33.002695]},"properties":{"event_id":201108,"data_org":"Green","post_date":"2026-03-26T00:00:00.000Z","pub_date":"2026-03-26T00:00:00.000Z","strikedate":"2026-03-26T00:00:00.000Z","event_type":"unknown","actor":"Hezbollah","site_type":"","siteStype":"","city":"Nahariya","province":"","country":"Israel","latitude":33.002695,"longitude":35.096024,"coord_type":"exact","source_1":"https://x.com/acceladealer/status/2037178696902045888","source_2":"https://x.com/Osint613/status/2037173268902207572","sources":""}},{"type":"Feature","geometry":{"type":"Point","coordinates":[35.323128,33.06522499999999]},"properties":{"event_id":201109,"data_org":"Green","post_date":"2026-03-26T00:00:00.000Z","pub_date":"2026-03-26T00:00:00.000Z","strikedate":"2026-03-26T00:00:00.000Z","event_type":"Rocket Attack","actor":"Hezbollah","site_type":"","siteStype":"","city":"Netua","province":"","country":"Israel","latitude":33.065225,"longitude":35.323128,"coord_type":"general town","source_1":"https://t.me/mmirleb/13006","source_2":"","sources":""}},{"type":"Feature","geometry":{"type":"Point","coordinates":[35.367405,33.120643]},"properties":{"event_id":201110,"data_org":"Green","post_date":"2026-03-26T00:00:00.000Z","pub_date":"2026-03-26T00:00:00.000Z","strikedate":"2026-03-26T00:00:00.000Z","event_type":"Rocket Attack","actor":"Hezbollah","site_type":"","siteStype":"","city":"Dibl","province":"","country":"Israel","latitude":33.120643,"longitude":35.367405,"coord_type":"general town","source_1":"https://t.me/mmirleb/13009","source_2":"","sources":""}},{"type":"Feature","geometry":{"type":"Point","coordinates":[35.096741,33.00806999999999]},"properties":{"event_id":201111,"data_org":"Green","post_date":"2026-03-26T00:00:00.000Z","pub_date":"2026-03-26T00:00:00.000Z","strikedate":"2026-03-26T00:00:00.000Z","event_type":"Rocket Attack","actor":"Hezbollah","site_type":"","siteStype":"","city":"Nahariya","province":"","country":"Israel","latitude":33.00807,"longitude":35.096741,"coord_type":"general town","source_1":"https://t.me/mmirleb/13014","source_2":"","sources":""}},{"type":"Feature","geometry":{"type":"Point","coordinates":[35.096741,33.00806999999999]},"properties":{"event_id":201112,"data_org":"Green","post_date":"2026-03-26T00:00:00.000Z","pub_date":"2026-03-26T00:00:00.000Z","strikedate":"2026-03-26T00:00:00.000Z","event_type":"Rocket Attack","actor":"Hezbollah","site_type":"","siteStype":"","city":"Nahariya","province":"","country":"Israel","latitude":33.00807,"longitude":35.096741,"coord_type":"general town","source_1":"https://t.me/mmirleb/13017","source_2":"","sources":""}},{"type":"Feature","geometry":{"type":"Point","coordinates":[35.097034,33.007301]},"properties":{"event_id":201046,"data_org":"Green","post_date":"2026-03-25T00:00:00.000Z","pub_date":"2026-03-26T00:00:00.000Z","strikedate":"2026-03-25T00:00:00.000Z","event_type":"Rocket Attack","actor":"Hezbollah","site_type":"","siteStype":"","city":"Nahariya","province":"","country":"Israel","latitude":33.007301,"longitude":35.097034,"coord_type":"general town","source_1":"https://t.me/mmirleb/12807","source_2":"","sources":"https://t.me/IL_RedAlerts/35623"}},{"type":"Feature","geometry":{"type":"Point","coordinates":[35.604353,33.208861999999996]},"properties":{"event_id":201047,"data_org":"Green","post_date":"2026-03-25T00:00:00.000Z","pub_date":"2026-03-26T00:00:00.000Z","strikedate":"2026-03-25T00:00:00.000Z","event_type":"Rocket Attack","actor":"Hezbollah","site_type":"","siteStype":"","city":"Beit Hillel","province":"","country":"Israel","latitude":33.208862,"longitude":35.604353,"coord_type":"general town","source_1":"https://t.me/mmirleb/12810","source_2":"","sources":""}},{"type":"Feature","geometry":{"type":"Point","coordinates":[35.148097,33.072498999999986]},"properties":{"event_id":201052,"data_org":"Green","post_date":"2026-03-25T00:00:00.000Z","pub_date":"2026-03-26T00:00:00.000Z","strikedate":"2026-03-25T00:00:00.000Z","event_type":"Drone Attack","actor":"Hezbollah","site_type":"","siteStype":"","city":"Shlomi","province":"","country":"Israel","latitude":33.072499,"longitude":35.148097,"coord_type":"general town","source_1":"https://t.me/mmirleb/12827","source_2":"","sources":""}},{"type":"Feature","geometry":{"type":"Point","coordinates":[35.569686,33.208059999999996]},"properties":{"event_id":201053,"data_org":"Green","post_date":"2026-03-25T00:00:00.000Z","pub_date":"2026-03-26T00:00:00.000Z","strikedate":"2026-03-25T00:00:00.000Z","event_type":"Rocket Attack","actor":"Hezbollah","site_type":"","siteStype":"","city":"Kiryat Shmona","province":"","country":"Israel","latitude":33.20806,"longitude":35.569686,"coord_type":"general town","source_1":"https://t.me/mmirleb/12830","source_2":"","sources":"https://t.me/IL_RedAlerts/35652"}},{"type":"Feature","geometry":{"type":"Point","coordinates":[35.577808,33.27715499999999]},"properties":{"event_id":201054,"data_org":"Green","post_date":"2026-03-25T00:00:00.000Z","pub_date":"2026-03-26T00:00:00.000Z","strikedate":"2026-03-25T00:00:00.000Z","event_type":"Rocket Attack","actor":"Hezbollah","site_type":"","siteStype":"","city":"Metula","province":"","country":"Israel","latitude":33.277155,"longitude":35.577808,"coord_type":"general town","source_1":"https://t.me/mmirleb/12835","source_2":"","sources":"https://t.me/IL_RedAlerts/35654"}},{"type":"Feature","geometry":{"type":"Point","coordinates":[35.547575,33.165724]},"properties":{"event_id":201055,"data_org":"Green","post_date":"2026-03-25T00:00:00.000Z","pub_date":"2026-03-26T00:00:00.000Z","strikedate":"2026-03-25T00:00:00.000Z","event_type":"Rocket Attack","actor":"Hezbollah","site_type":"","siteStype":"","city":"Kiryat Shmona","province":"","country":"Israel","latitude":33.165724,"longitude":35.547575,"coord_type":"exact","source_1":"https://t.me/mmirleb/12838","source_2":"","sources":"https://t.me/IL_RedAlerts/35615"}},{"type":"Feature","geometry":{"type":"Point","coordinates":[35.54444,33.232563]},"properties":{"event_id":201057,"data_org":"Green","post_date":"2026-03-25T00:00:00.000Z","pub_date":"2026-03-26T00:00:00.000Z","strikedate":"2026-03-25T00:00:00.000Z","event_type":"Rocket Attack","actor":"Hezbollah","site_type":"","siteStype":"","city":"Marj","province":"","country":"Israel","latitude":33.232563,"longitude":35.54444,"coord_type":"exact","source_1":"https://t.me/mmirleb/12844","source_2":"","sources":""}},{"type":"Feature","geometry":{"type":"Point","coordinates":[35.466994,33.037857]},"properties":{"event_id":201062,"data_org":"Green","post_date":"2026-03-25T00:00:00.000Z","pub_date":"2026-03-26T00:00:00.000Z","strikedate":"2026-03-25T00:00:00.000Z","event_type":"Rocket Attack","actor":"Hezbollah","site_type":"","siteStype":"","city":"Kerem Ben Zimra","province":"","country":"Israel","latitude":33.037857,"longitude":35.466994,"coord_type":"general town","source_1":"https://t.me/mmirleb/12859","source_2":"","sources":"https://t.me/IL_RedAlerts/35668"}},{"type":"Feature","geometry":{"type":"Point","coordinates":[34.789521,32.07323400000001]},"properties":{"event_id":201065,"data_org":"Green","post_date":"2026-03-25T00:00:00.000Z","pub_date":"2026-03-26T00:00:00.000Z","strikedate":"2026-03-25T00:00:00.000Z","event_type":"Rocket Attack","actor":"Hezbollah","site_type":"","siteStype":"","city":"Tel Aviv","province":"","country":"Israel","latitude":32.073234,"longitude":34.789521,"coord_type":"exact","source_1":"https://t.me/mmirleb/12879","source_2":"","sources":"https://t.me/IL_RedAlerts/35688"}},{"type":"Feature","geometry":{"type":"Point","coordinates":[34.772457,32.08573]},"properties":{"event_id":201066,"data_org":"Green","post_date":"2026-03-25T00:00:00.000Z","pub_date":"2026-03-26T00:00:00.000Z","strikedate":"2026-03-25T00:00:00.000Z","event_type":"Rocket Attack","actor":"Hezbollah","site_type":"","siteStype":"","city":"Tel Aviv","province":"","country":"Israel","latitude":32.08573,"longitude":34.772457,"coord_type":"general town","source_1":"https://t.me/mmirleb/12879","source_2":"","sources":"https://t.me/IL_RedAlerts/35688"}},{"type":"Feature","geometry":{"type":"Point","coordinates":[35.569686,33.208059999999996]},"properties":{"event_id":201180,"data_org":"Green","post_date":"2026-03-27T00:00:00.000Z","pub_date":"2026-03-27T00:00:00.000Z","strikedate":"2026-03-27T00:00:00.000Z","event_type":"Rocket Attack","actor":"Hezbollah","site_type":"","siteStype":"","city":"Kiryat Shmona","province":"","country":"Israel","latitude":33.20806,"longitude":35.569686,"coord_type":"general town","source_1":"https://t.me/mmirleb/13211","source_2":"https://t.me/IL_RedAlerts/36228","sources":""}},{"type":"Feature","geometry":{"type":"Point","coordinates":[35.544508,33.21628899999999]},"properties":{"event_id":201184,"data_org":"Green","post_date":"2026-03-27T00:00:00.000Z","pub_date":"2026-03-27T00:00:00.000Z","strikedate":"2026-03-27T00:00:00.000Z","event_type":"Drone Attack","actor":"Hezbollah","site_type":"","siteStype":"","city":"Margaliot","province":"","country":"Israel","latitude":33.216289,"longitude":35.544508,"coord_type":"general town","source_1":"https://t.me/mmirleb/13221","source_2":"","sources":"https://t.me/IL_RedAlerts/36236"}},{"type":"Feature","geometry":{"type":"Point","coordinates":[35.578924,33.27715699999999]},"properties":{"event_id":201185,"data_org":"Green","post_date":"2026-03-27T00:00:00.000Z","pub_date":"2026-03-27T00:00:00.000Z","strikedate":"2026-03-27T00:00:00.000Z","event_type":"Rocket Attack","actor":"Hezbollah","site_type":"","siteStype":"","city":"Metula","province":"","country":"Israel","latitude":33.277157,"longitude":35.578924,"coord_type":"general town","source_1":"https://t.me/mmirleb/13224","source_2":"","sources":"https://t.me/IL_RedAlerts/36236"}},{"type":"Feature","geometry":{"type":"Point","coordinates":[35.100209,33.00794299999999]},"properties":{"event_id":201193,"data_org":"Green","post_date":"2026-03-27T00:00:00.000Z","pub_date":"2026-03-27T00:00:00.000Z","strikedate":"2026-03-27T00:00:00.000Z","event_type":"Rocket Attack","actor":"Hezbollah","site_type":"","siteStype":"","city":"Nahariya","province":"","country":"Israel","latitude":33.007943,"longitude":35.100209,"coord_type":"general town","source_1":"https://t.me/mmirleb/13243","source_2":"","sources":""}},{"type":"Feature","geometry":{"type":"Point","coordinates":[35.601389,33.22278699999999]},"properties":{"event_id":201194,"data_org":"Green","post_date":"2026-03-27T00:00:00.000Z","pub_date":"2026-03-27T00:00:00.000Z","strikedate":"2026-03-27T00:00:00.000Z","event_type":"Rocket Attack","actor":"Hezbollah","site_type":"","siteStype":"","city":"Beit Hillel","province":"","country":"Israel","latitude":33.222787,"longitude":35.601389,"coord_type":"general town","source_1":"https://t.me/mmirleb/13246","source_2":"https://wikimapia.org/#lang=en&lat=33.222695&lon=35.601218&z=16&m=w&show=/5772018/Beit-Hillel-Base&search=33.21783507187416%2C%2035.60889341867569","sources":"https://t.me/alichoeib1970/16312"}},{"type":"Feature","geometry":{"type":"Point","coordinates":[35.620085,33.018534]},"properties":{"event_id":201196,"data_org":"Green","post_date":"2026-03-27T00:00:00.000Z","pub_date":"2026-03-27T00:00:00.000Z","strikedate":"2026-03-27T00:00:00.000Z","event_type":"Drone Attack","actor":"Hezbollah","site_type":"","siteStype":"","city":"Gadot","province":"","country":"Israel","latitude":33.018534,"longitude":35.620085,"coord_type":"general town","source_1":"https://t.me/mmirleb/13254","source_2":"","sources":""}},{"type":"Feature","geometry":{"type":"Point","coordinates":[35.508438,33.09861999999999]},"properties":{"event_id":201199,"data_org":"Green","post_date":"2026-03-27T00:00:00.000Z","pub_date":"2026-03-27T00:00:00.000Z","strikedate":"2026-03-27T00:00:00.000Z","event_type":"Rocket Attack","actor":"Hezbollah","site_type":"","siteStype":"","city":"Malikiyah","province":"","country":"Israel","latitude":33.09862,"longitude":35.508438,"coord_type":"general town","source_1":"https://t.me/mmirleb/13263","source_2":"","sources":""}},{"type":"Feature","geometry":{"type":"Point","coordinates":[35.548933,33.247612]},"properties":{"event_id":201200,"data_org":"Green","post_date":"2026-03-27T00:00:00.000Z","pub_date":"2026-03-27T00:00:00.000Z","strikedate":"2026-03-27T00:00:00.000Z","event_type":"Rocket Attack","actor":"Hezbollah","site_type":"","siteStype":"","city":"Misgav Am","province":"","country":"Israel","latitude":33.247612,"longitude":35.548933,"coord_type":"general town","source_1":"https://t.me/mmirleb/13263","source_2":"","sources":""}},{"type":"Feature","geometry":{"type":"Point","coordinates":[35.400535,33.02748999999999]},"properties":{"event_id":201202,"data_org":"Green","post_date":"2026-03-27T00:00:00.000Z","pub_date":"2026-03-27T00:00:00.000Z","strikedate":"2026-03-27T00:00:00.000Z","event_type":"Drone Attack","actor":"Hezbollah","site_type":"","siteStype":"","city":"Sasa","province":"","country":"Israel","latitude":33.02749,"longitude":35.400535,"coord_type":"general town","source_1":"https://t.me/mmirleb/13269","source_2":"","sources":""}},{"type":"Feature","geometry":{"type":"Point","coordinates":[34.932781,32.39736800000001]},"properties":{"event_id":201203,"data_org":"Green","post_date":"2026-03-27T00:00:00.000Z","pub_date":"2026-03-27T00:00:00.000Z","strikedate":"2026-03-27T00:00:00.000Z","event_type":"Drone Attack","actor":"Hezbollah","site_type":"","siteStype":"","city":"Givat Haim","province":"","country":"Israel","latitude":32.397368,"longitude":34.932781,"coord_type":"general town","source_1":"https://t.me/mmirleb/13271","source_2":"","sources":""}},{"type":"Feature","geometry":{"type":"Point","coordinates":[35.569686,33.208059999999996]},"properties":{"event_id":201204,"data_org":"Green","post_date":"2026-03-27T00:00:00.000Z","pub_date":"2026-03-27T00:00:00.000Z","strikedate":"2026-03-27T00:00:00.000Z","event_type":"Rocket Attack","actor":"Hezbollah","site_type":"","siteStype":"","city":"Kiryat Shmona","province":"","country":"Israel","latitude":33.20806,"longitude":35.569686,"coord_type":"general town","source_1":"https://t.me/mmirleb/13276","source_2":"","sources":""}},{"type":"Feature","geometry":{"type":"Point","coordinates":[35.146571,33.072654]},"properties":{"event_id":201205,"data_org":"Green","post_date":"2026-03-27T00:00:00.000Z","pub_date":"2026-03-27T00:00:00.000Z","strikedate":"2026-03-27T00:00:00.000Z","event_type":"Rocket Attack","actor":"Hezbollah","site_type":"","siteStype":"","city":"Shlomi","province":"","country":"Israel","latitude":33.072654,"longitude":35.146571,"coord_type":"general town","source_1":"https://t.me/mmirleb/13278","source_2":"","sources":""}},{"type":"Feature","geometry":{"type":"Point","coordinates":[35.508438,33.09861999999999]},"properties":{"event_id":201206,"data_org":"Green","post_date":"2026-03-27T00:00:00.000Z","pub_date":"2026-03-27T00:00:00.000Z","strikedate":"2026-03-27T00:00:00.000Z","event_type":"Rocket Attack","actor":"Hezbollah","site_type":"","siteStype":"","city":"Malikiyah","province":"","country":"Israel","latitude":33.09862,"longitude":35.508438,"coord_type":"general town","source_1":"https://t.me/mmirleb/13280","source_2":"","sources":""}},{"type":"Feature","geometry":{"type":"Point","coordinates":[35.081338,32.93235099999999]},"properties":{"event_id":201207,"data_org":"Green","post_date":"2026-03-27T00:00:00.000Z","pub_date":"2026-03-27T00:00:00.000Z","strikedate":"2026-03-27T00:00:00.000Z","event_type":"Rocket Attack","actor":"Hezbollah","site_type":"","siteStype":"","city":"Acre","province":"","country":"Israel","latitude":32.932351,"longitude":35.081338,"coord_type":"general town","source_1":"https://t.me/mmirleb/13282","source_2":"","sources":""}},{"type":"Feature","geometry":{"type":"Point","coordinates":[35.278327,33.014663999999996]},"properties":{"event_id":201208,"data_org":"Green","post_date":"2026-03-27T00:00:00.000Z","pub_date":"2026-03-27T00:00:00.000Z","strikedate":"2026-03-27T00:00:00.000Z","event_type":"Rocket Attack","actor":"Hezbollah","site_type":"","siteStype":"","city":"Maalot-Tarshiha","province":"","country":"Israel","latitude":33.014664,"longitude":35.278327,"coord_type":"general town","source_1":"https://t.me/mmirleb/13282","source_2":"","sources":""}},{"type":"Feature","geometry":{"type":"Point","coordinates":[35.293062,32.908469999999994]},"properties":{"event_id":201209,"data_org":"Green","post_date":"2026-03-27T00:00:00.000Z","pub_date":"2026-03-27T00:00:00.000Z","strikedate":"2026-03-27T00:00:00.000Z","event_type":"Rocket Attack","actor":"Hezbollah","site_type":"","siteStype":"","city":"Karmiel","province":"","country":"Israel","latitude":32.90847,"longitude":35.293062,"coord_type":"general town","source_1":"https://t.me/mmirleb/13282","source_2":"","sources":""}},{"type":"Feature","geometry":{"type":"Point","coordinates":[35.295001,33.075233]},"properties":{"event_id":201216,"data_org":"Green","post_date":"2026-03-27T00:00:00.000Z","pub_date":"2026-03-27T00:00:00.000Z","strikedate":"2026-03-27T00:00:00.000Z","event_type":"Drone Attack","actor":"Hezbollah","site_type":"","siteStype":"","city":"Evan Menachem","province":"","country":"Israel","latitude":33.075233,"longitude":35.295001,"coord_type":"general town","source_1":"https://t.me/mmirleb/13298","source_2":"","sources":""}},{"type":"Feature","geometry":{"type":"Point","coordinates":[35.542866,33.198255]},"properties":{"event_id":201122,"data_org":"Green","post_date":"2026-03-26T00:00:00.000Z","pub_date":"2026-03-27T00:00:00.000Z","strikedate":"2026-03-26T00:00:00.000Z","event_type":"Rocket Attack","actor":"Hezbollah","site_type":"","siteStype":"","city":"Manara","province":"","country":"Israel","latitude":33.198255,"longitude":35.542866,"coord_type":"general town","source_1":"https://t.me/mmirleb/13049","source_2":"","sources":"https://t.me/IL_RedAlerts/36120"}},{"type":"Feature","geometry":{"type":"Point","coordinates":[35.508438,33.09861999999999]},"properties":{"event_id":201128,"data_org":"Green","post_date":"2026-03-26T00:00:00.000Z","pub_date":"2026-03-27T00:00:00.000Z","strikedate":"2026-03-26T00:00:00.000Z","event_type":"Rocket Attack","actor":"Hezbollah","site_type":"","siteStype":"","city":"Malikiyah","province":"","country":"Israel","latitude":33.09862,"longitude":35.508438,"coord_type":"general town","source_1":"https://t.me/mmirleb/13067","source_2":"","sources":""}},{"type":"Feature","geometry":{"type":"Point","coordinates":[35.508438,33.09861999999999]},"properties":{"event_id":201130,"data_org":"Green","post_date":"2026-03-26T00:00:00.000Z","pub_date":"2026-03-27T00:00:00.000Z","strikedate":"2026-03-26T00:00:00.000Z","event_type":"Rocket Attack","actor":"Hezbollah","site_type":"","siteStype":"","city":"Malikiyah","province":"","country":"Israel","latitude":33.09862,"longitude":35.508438,"coord_type":"general town","source_1":"https://t.me/mmirleb/13070","source_2":"","sources":""}},{"type":"Feature","geometry":{"type":"Point","coordinates":[35.508438,33.09861999999999]},"properties":{"event_id":201131,"data_org":"Green","post_date":"2026-03-26T00:00:00.000Z","pub_date":"2026-03-27T00:00:00.000Z","strikedate":"2026-03-26T00:00:00.000Z","event_type":"Rocket Attack","actor":"Hezbollah","site_type":"","siteStype":"","city":"Malikiyah","province":"","country":"Israel","latitude":33.09862,"longitude":35.508438,"coord_type":"general town","source_1":"https://t.me/mmirleb/13073","source_2":"","sources":""}},{"type":"Feature","geometry":{"type":"Point","coordinates":[35.508438,33.09861999999999]},"properties":{"event_id":201132,"data_org":"Green","post_date":"2026-03-26T00:00:00.000Z","pub_date":"2026-03-27T00:00:00.000Z","strikedate":"2026-03-26T00:00:00.000Z","event_type":"Rocket Attack","actor":"Hezbollah","site_type":"","siteStype":"","city":"Malikiyah","province":"","country":"Israel","latitude":33.09862,"longitude":35.508438,"coord_type":"general town","source_1":"https://t.me/mmirleb/13076","source_2":"","sources":""}},{"type":"Feature","geometry":{"type":"Point","coordinates":[35.489748,33.092176999999985]},"properties":{"event_id":201138,"data_org":"Green","post_date":"2026-03-26T00:00:00.000Z","pub_date":"2026-03-27T00:00:00.000Z","strikedate":"2026-03-26T00:00:00.000Z","event_type":"Rocket Attack","actor":"Hezbollah","site_type":"","siteStype":"","city":"Jal al Deir","province":"","country":"Israel","latitude":33.092177,"longitude":35.489748,"coord_type":"exact","source_1":"https://t.me/mmirleb/13089","source_2":"","sources":""}},{"type":"Feature","geometry":{"type":"Point","coordinates":[34.981815,32.83227800000001]},"properties":{"event_id":201139,"data_org":"Green","post_date":"2026-03-26T00:00:00.000Z","pub_date":"2026-03-27T00:00:00.000Z","strikedate":"2026-03-26T00:00:00.000Z","event_type":"Rocket Attack","actor":"Hezbollah","site_type":"","siteStype":"","city":"Haifa","province":"","country":"Israel","latitude":32.832278,"longitude":34.981815,"coord_type":"exact","source_1":"https://t.me/mmirleb/13092","source_2":"","sources":"https://t.me/IL_RedAlerts/36132"}},{"type":"Feature","geometry":{"type":"Point","coordinates":[34.995318,32.79456499999999]},"properties":{"event_id":201140,"data_org":"Green","post_date":"2026-03-26T00:00:00.000Z","pub_date":"2026-03-27T00:00:00.000Z","strikedate":"2026-03-26T00:00:00.000Z","event_type":"Rocket Attack","actor":"Hezbollah","site_type":"","siteStype":"","city":"Haifa","province":"","country":"Israel","latitude":32.794565,"longitude":34.995318,"coord_type":"general town","source_1":"https://t.me/mmirleb/13092","source_2":"","sources":"https://t.me/IL_RedAlerts/36132"}},{"type":"Feature","geometry":{"type":"Point","coordinates":[35.084835,32.932463]},"properties":{"event_id":201141,"data_org":"Green","post_date":"2026-03-26T00:00:00.000Z","pub_date":"2026-03-27T00:00:00.000Z","strikedate":"2026-03-26T00:00:00.000Z","event_type":"Rocket Attack","actor":"Hezbollah","site_type":"","siteStype":"","city":"Acre","province":"","country":"Israel","latitude":32.932463,"longitude":35.084835,"coord_type":"general town","source_1":"https://t.me/mmirleb/13095","source_2":"","sources":""}},{"type":"Feature","geometry":{"type":"Point","coordinates":[35.084835,32.932463]},"properties":{"event_id":201142,"data_org":"Green","post_date":"2026-03-26T00:00:00.000Z","pub_date":"2026-03-27T00:00:00.000Z","strikedate":"2026-03-26T00:00:00.000Z","event_type":"Rocket Attack","actor":"Hezbollah","site_type":"","siteStype":"","city":"Acre","province":"","country":"Israel","latitude":32.932463,"longitude":35.084835,"coord_type":"general town","source_1":"https://t.me/mmirleb/13095","source_2":"","sources":""}},{"type":"Feature","geometry":{"type":"Point","coordinates":[35.096741,33.00806999999999]},"properties":{"event_id":201145,"data_org":"Green","post_date":"2026-03-26T00:00:00.000Z","pub_date":"2026-03-27T00:00:00.000Z","strikedate":"2026-03-26T00:00:00.000Z","event_type":"Rocket Attack","actor":"Hezbollah","site_type":"","siteStype":"","city":"Nahariya","province":"","country":"Israel","latitude":33.00807,"longitude":35.096741,"coord_type":"general town","source_1":"https://t.me/mmirleb/13104","source_2":"https://t.me/IL_RedAlerts/36168","sources":""}},{"type":"Feature","geometry":{"type":"Point","coordinates":[35.569686,33.208059999999996]},"properties":{"event_id":201146,"data_org":"Green","post_date":"2026-03-26T00:00:00.000Z","pub_date":"2026-03-27T00:00:00.000Z","strikedate":"2026-03-26T00:00:00.000Z","event_type":"Rocket Attack","actor":"Hezbollah","site_type":"","siteStype":"","city":"Kiryat Shmona","province":"","country":"Israel","latitude":33.20806,"longitude":35.569686,"coord_type":"general town","source_1":"https://t.me/mmirleb/13107","source_2":"","sources":""}},{"type":"Feature","geometry":{"type":"Point","coordinates":[35.508438,33.09861999999999]},"properties":{"event_id":201149,"data_org":"Green","post_date":"2026-03-26T00:00:00.000Z","pub_date":"2026-03-27T00:00:00.000Z","strikedate":"2026-03-26T00:00:00.000Z","event_type":"Mortar Attack","actor":"Hezbollah","site_type":"","siteStype":"","city":"Malikiyah","province":"","country":"Israel","latitude":33.09862,"longitude":35.508438,"coord_type":"general town","source_1":"https://t.me/mmirleb/13116","source_2":"","sources":""}},{"type":"Feature","geometry":{"type":"Point","coordinates":[35.217363,33.065197]},"properties":{"event_id":201150,"data_org":"Green","post_date":"2026-03-26T00:00:00.000Z","pub_date":"2026-03-27T00:00:00.000Z","strikedate":"2026-03-26T00:00:00.000Z","event_type":"Drone Attack","actor":"Hezbollah","site_type":"","siteStype":"","city":"Eilon","province":"","country":"Israel","latitude":33.065197,"longitude":35.217363,"coord_type":"general town","source_1":"https://t.me/mmirleb/13119","source_2":"","sources":""}},{"type":"Feature","geometry":{"type":"Point","coordinates":[35.315555,33.085852]},"properties":{"event_id":201152,"data_org":"Green","post_date":"2026-03-26T00:00:00.000Z","pub_date":"2026-03-27T00:00:00.000Z","strikedate":"2026-03-26T00:00:00.000Z","event_type":"Drone Attack","actor":"Hezbollah","site_type":"","siteStype":"","city":"Shtula","province":"","country":"Israel","latitude":33.085852,"longitude":35.315555,"coord_type":"general town","source_1":"https://t.me/mmirleb/13125","source_2":"","sources":""}},{"type":"Feature","geometry":{"type":"Point","coordinates":[35.508438,33.09861999999999]},"properties":{"event_id":201154,"data_org":"Green","post_date":"2026-03-26T00:00:00.000Z","pub_date":"2026-03-27T00:00:00.000Z","strikedate":"2026-03-26T00:00:00.000Z","event_type":"Rocket Attack","actor":"Hezbollah","site_type":"","siteStype":"","city":"Malikiyah","province":"","country":"Israel","latitude":33.09862,"longitude":35.508438,"coord_type":"general town","source_1":"https://t.me/mmirleb/13131","source_2":"","sources":""}},{"type":"Feature","geometry":{"type":"Point","coordinates":[35.286832,33.08555900000001]},"properties":{"event_id":201158,"data_org":"Green","post_date":"2026-03-26T00:00:00.000Z","pub_date":"2026-03-27T00:00:00.000Z","strikedate":"2026-03-26T00:00:00.000Z","event_type":"Rocket Attack","actor":"Hezbollah","site_type":"","siteStype":"","city":"Shomira","province":"","country":"Israel","latitude":33.085559,"longitude":35.286832,"coord_type":"general town","source_1":"https://t.me/mmirleb/13140","source_2":"","sources":""}},{"type":"Feature","geometry":{"type":"Point","coordinates":[35.691166,32.991041]},"properties":{"event_id":201159,"data_org":"Green","post_date":"2026-03-26T00:00:00.000Z","pub_date":"2026-03-27T00:00:00.000Z","strikedate":"2026-03-26T00:00:00.000Z","event_type":"Rocket Attack","actor":"Hezbollah","site_type":"","siteStype":"","city":"Katzrin","province":"","country":"Israel","latitude":32.991041,"longitude":35.691166,"coord_type":"general town","source_1":"https://t.me/mmirleb/13143","source_2":"","sources":""}},{"type":"Feature","geometry":{"type":"Point","coordinates":[35.749044,33.193309]},"properties":{"event_id":201160,"data_org":"Green","post_date":"2026-03-26T00:00:00.000Z","pub_date":"2026-03-27T00:00:00.000Z","strikedate":"2026-03-26T00:00:00.000Z","event_type":"Mortar Attack","actor":"Hezbollah","site_type":"","siteStype":"","city":"Odem","province":"","country":"Israel","latitude":33.193309,"longitude":35.749044,"coord_type":"general town","source_1":"https://t.me/mmirleb/13146","source_2":"","sources":""}},{"type":"Feature","geometry":{"type":"Point","coordinates":[35.256019,33.026571999999994]},"properties":{"event_id":201161,"data_org":"Green","post_date":"2026-03-26T00:00:00.000Z","pub_date":"2026-03-27T00:00:00.000Z","strikedate":"2026-03-26T00:00:00.000Z","event_type":"Drone Attack","actor":"Hezbollah","site_type":"","siteStype":"","city":"Mi'ilya","province":"","country":"Israel","latitude":33.026572,"longitude":35.256019,"coord_type":"general town","source_1":"https://t.me/mmirleb/13149","source_2":"","sources":""}},{"type":"Feature","geometry":{"type":"Point","coordinates":[35.544749,32.970458999999984]},"properties":{"event_id":201166,"data_org":"Green","post_date":"2026-03-26T00:00:00.000Z","pub_date":"2026-03-27T00:00:00.000Z","strikedate":"2026-03-26T00:00:00.000Z","event_type":"Rocket Attack","actor":"Hezbollah","site_type":"","siteStype":"","city":"Rosh Pinna","province":"","country":"Israel","latitude":32.970459,"longitude":35.544749,"coord_type":"general town","source_1":"https://t.me/mmirleb/13161","source_2":"","sources":""}},{"type":"Feature","geometry":{"type":"Point","coordinates":[35.494169,32.96558199999998]},"properties":{"event_id":201167,"data_org":"Green","post_date":"2026-03-26T00:00:00.000Z","pub_date":"2026-03-27T00:00:00.000Z","strikedate":"2026-03-26T00:00:00.000Z","event_type":"Rocket Attack","actor":"Hezbollah","site_type":"","siteStype":"","city":"Safed","province":"","country":"Israel","latitude":32.965582,"longitude":35.494169,"coord_type":"general town","source_1":"https://t.me/mmirleb/13164","source_2":"","sources":""}},{"type":"Feature","geometry":{"type":"Point","coordinates":[35.14683300000001,33.020985]},"properties":{"event_id":201169,"data_org":"Green","post_date":"2026-03-26T00:00:00.000Z","pub_date":"2026-03-27T00:00:00.000Z","strikedate":"2026-03-26T00:00:00.000Z","event_type":"Drone Attack","actor":"Hezbollah","site_type":"","siteStype":"","city":"Kabri","province":"","country":"Israel","latitude":33.020985,"longitude":35.146833,"coord_type":"general town","source_1":"https://t.me/mmirleb/13170","source_2":"","sources":""}},{"type":"Feature","geometry":{"type":"Point","coordinates":[35.25966,32.859289999999994]},"properties":{"event_id":201170,"data_org":"Green","post_date":"2026-03-26T00:00:00.000Z","pub_date":"2026-03-27T00:00:00.000Z","strikedate":"2026-03-26T00:00:00.000Z","event_type":"Rocket Attack","actor":"Hezbollah","site_type":"","siteStype":"","city":"Misgav","province":"","country":"Israel","latitude":32.85929,"longitude":35.25966,"coord_type":"general town","source_1":"https://t.me/mmirleb/13173","source_2":"","sources":""}},{"type":"Feature","geometry":{"type":"Point","coordinates":[35.569686,33.208059999999996]},"properties":{"event_id":201179,"data_org":"Green","post_date":"2026-03-26T00:00:00.000Z","pub_date":"2026-03-27T00:00:00.000Z","strikedate":"2026-03-26T00:00:00.000Z","event_type":"Rocket Attack","actor":"Hezbollah","site_type":"","siteStype":"","city":"Kiryat Shmona","province":"","country":"Israel","latitude":33.20806,"longitude":35.569686,"coord_type":"general town","source_1":"https://t.me/mmirleb/13208","source_2":"https://t.me/IL_RedAlerts/36228","sources":""}},{"type":"Feature","geometry":{"type":"Point","coordinates":[35.513033,32.989864999999995]},"properties":{"event_id":201248,"data_org":"Green","post_date":"2026-03-28T00:00:00.000Z","pub_date":"2026-03-28T00:00:00.000Z","strikedate":"2026-03-28T00:00:00.000Z","event_type":"Rocket Attack","actor":"Hezbollah","site_type":"","siteStype":"","city":"Safed","province":"","country":"Israel","latitude":32.989865,"longitude":35.513033,"coord_type":"exact","source_1":"https://t.me/mmirleb/13355","source_2":"","sources":""}},{"type":"Feature","geometry":{"type":"Point","coordinates":[35.511248,33.099177999999995]},"properties":{"event_id":201249,"data_org":"Green","post_date":"2026-03-28T00:00:00.000Z","pub_date":"2026-03-28T00:00:00.000Z","strikedate":"2026-03-28T00:00:00.000Z","event_type":"Rocket Attack","actor":"Hezbollah","site_type":"","siteStype":"","city":"Malikiyah","province":"","country":"Israel","latitude":33.099178,"longitude":35.511248,"coord_type":"general town","source_1":"https://t.me/mmirleb/13357","source_2":"","sources":""}},{"type":"Feature","geometry":{"type":"Point","coordinates":[35.471405,33.088615]},"properties":{"event_id":201250,"data_org":"Green","post_date":"2026-03-28T00:00:00.000Z","pub_date":"2026-03-28T00:00:00.000Z","strikedate":"2026-03-28T00:00:00.000Z","event_type":"Rocket Attack","actor":"Hezbollah","site_type":"","siteStype":"","city":"Avivm","province":"","country":"Israel","latitude":33.088615,"longitude":35.471405,"coord_type":"general town","source_1":"https://t.me/mmirleb/13359","source_2":"https://t.me/IL_RedAlerts/36484","sources":""}},{"type":"Feature","geometry":{"type":"Point","coordinates":[35.184795,33.067499]},"properties":{"event_id":201256,"data_org":"Green","post_date":"2026-03-28T00:00:00.000Z","pub_date":"2026-03-28T00:00:00.000Z","strikedate":"2026-03-28T00:00:00.000Z","event_type":"Drone Attack","actor":"Hezbollah","site_type":"","siteStype":"","city":"Yara","province":"","country":"Israel","latitude":33.067499,"longitude":35.184795,"coord_type":"exact","source_1":"https://t.me/mmirleb/13372","source_2":"https://t.me/IL_RedAlerts/36488","sources":""}},{"type":"Feature","geometry":{"type":"Point","coordinates":[35.516875,32.989909000000004]},"properties":{"event_id":201257,"data_org":"Green","post_date":"2026-03-28T00:00:00.000Z","pub_date":"2026-03-28T00:00:00.000Z","strikedate":"2026-03-28T00:00:00.000Z","event_type":"Rocket Attack","actor":"Hezbollah","site_type":"","siteStype":"","city":"Safed","province":"","country":"Israel","latitude":32.989909,"longitude":35.516875,"coord_type":"exact","source_1":"https://t.me/mmirleb/13374","source_2":"https://t.me/IL_RedAlerts/36500","sources":""}},{"type":"Feature","geometry":{"type":"Point","coordinates":[35.146571,33.072654]},"properties":{"event_id":201258,"data_org":"Green","post_date":"2026-03-28T00:00:00.000Z","pub_date":"2026-03-28T00:00:00.000Z","strikedate":"2026-03-28T00:00:00.000Z","event_type":"Rocket Attack","actor":"Hezbollah","site_type":"","siteStype":"","city":"Shlomi","province":"","country":"Israel","latitude":33.072654,"longitude":35.146571,"coord_type":"general town","source_1":"https://t.me/mmirleb/13376","source_2":"https://t.me/IL_RedAlerts/36494","sources":""}},{"type":"Feature","geometry":{"type":"Point","coordinates":[35.105641,33.094026]},"properties":{"event_id":201259,"data_org":"Green","post_date":"2026-03-28T00:00:00.000Z","pub_date":"2026-03-28T00:00:00.000Z","strikedate":"2026-03-28T00:00:00.000Z","event_type":"Drone Attack","actor":"Hezbollah","site_type":"","siteStype":"","city":"Ras al Naqoura","province":"","country":"Israel","latitude":33.094026,"longitude":35.105641,"coord_type":"exact","source_1":"https://t.me/mmirleb/13380","source_2":"","sources":""}},{"type":"Feature","geometry":{"type":"Point","coordinates":[47.588663,31.15429999999999]},"properties":{"event_id":201262,"data_org":"Green","post_date":"2026-03-28T00:00:00.000Z","pub_date":"2026-03-28T00:00:00.000Z","strikedate":"2026-03-28T00:00:00.000Z","event_type":"Drone Attack","actor":"Likely Iraqi militias","site_type":"","siteStype":"","city":"Jaraiyah","province":"","country":"Iraq","latitude":31.1543,"longitude":47.588663,"coord_type":"exact","source_1":"DNGTS: https://www.shafaq dot com/ar/????/????-??-??-?????-???-???-?????-??????-?????-??????","source_2":"","sources":""}},{"type":"Feature","geometry":{"type":"Point","coordinates":[34.929584,29.550279999999994]},"properties":{"event_id":201280,"data_org":"Green","post_date":"2026-03-28T00:00:00.000Z","pub_date":"2026-03-28T00:00:00.000Z","strikedate":"2026-03-28T00:00:00.000Z","event_type":"Drone Attack","actor":"Houthi","site_type":"","siteStype":"","city":"","province":"","country":"Israel","latitude":29.55028,"longitude":34.929584,"coord_type":"POV","source_1":"https://x.com/JoeTruzman/status/2037938949092728899?s=20","source_2":"https://www.wsj.com/world/middle-east/marine-expeditionary-unit-arrives-in-the-middle-eastheres-what-we-know-2d290820?mod=middle-east_news_article_pos1","sources":"https://x.com/manniefabian/status/2037941188292952443?s=20; https://x.com/vcdgf555/status/2037927631195451874?s=20"}},{"type":"Feature","geometry":{"type":"Point","coordinates":[44.366637,33.933491999999994]},"properties":{"event_id":201285,"data_org":"Green","post_date":"2026-03-28T00:00:00.000Z","pub_date":"2026-03-28T00:00:00.000Z","strikedate":"2026-03-28T00:00:00.000Z","event_type":"Drone Attack","actor":"UNK","site_type":"","siteStype":"","city":"Yathrib","province":"","country":"Iraq","latitude":33.933492,"longitude":44.366637,"coord_type":"exact","source_1":"DNGTS:https://www.shafaq dot com/ar/????/????-?????-?????-???????-?????-???-??????-??-????-?????","source_2":"","sources":""}},{"type":"Feature","geometry":{"type":"Point","coordinates":[35.007178,32.798658]},"properties":{"event_id":201286,"data_org":"Green","post_date":"2026-03-28T00:00:00.000Z","pub_date":"2026-03-28T00:00:00.000Z","strikedate":"2026-03-28T00:00:00.000Z","event_type":"Drone Attack","actor":"Hezbollah","site_type":"","siteStype":"","city":"Haifa","province":"","country":"Israel","latitude":32.798658,"longitude":35.007178,"coord_type":"general town","source_1":"https://t.me/mmirleb/13419","source_2":"","sources":""}},{"type":"Feature","geometry":{"type":"Point","coordinates":[35.569686,33.208059999999996]},"properties":{"event_id":201221,"data_org":"Green","post_date":"2026-03-27T00:00:00.000Z","pub_date":"2026-03-28T00:00:00.000Z","strikedate":"2026-03-27T00:00:00.000Z","event_type":"Rocket Attack","actor":"Hezbollah","site_type":"","siteStype":"","city":"Kiryat Shmona","province":"","country":"Israel","latitude":33.20806,"longitude":35.569686,"coord_type":"general town","source_1":"https://t.me/mmirleb/13304","source_2":"","sources":""}},{"type":"Feature","geometry":{"type":"Point","coordinates":[35.50772,33.112657]},"properties":{"event_id":201222,"data_org":"Green","post_date":"2026-03-27T00:00:00.000Z","pub_date":"2026-03-28T00:00:00.000Z","strikedate":"2026-03-27T00:00:00.000Z","event_type":"Rocket Attack","actor":"Hezbollah","site_type":"","siteStype":"","city":"Malikiyah","province":"","country":"Israel","latitude":33.112657,"longitude":35.50772,"coord_type":"exact","source_1":"https://t.me/mmirleb/13306","source_2":"","sources":"https://t.me/IL_RedAlerts/36384"}},{"type":"Feature","geometry":{"type":"Point","coordinates":[35.071174,32.84231499999999]},"properties":{"event_id":201229,"data_org":"Green","post_date":"2026-03-27T00:00:00.000Z","pub_date":"2026-03-28T00:00:00.000Z","strikedate":"2026-03-27T00:00:00.000Z","event_type":"Rocket Attack","actor":"Hezbollah","site_type":"","siteStype":"","city":"Krayot","province":"","country":"Israel","latitude":32.842315,"longitude":35.071174,"coord_type":"general town","source_1":"https://t.me/mmirleb/13321","source_2":"","sources":""}},{"type":"Feature","geometry":{"type":"Point","coordinates":[35.50772,33.112657]},"properties":{"event_id":201230,"data_org":"Green","post_date":"2026-03-27T00:00:00.000Z","pub_date":"2026-03-28T00:00:00.000Z","strikedate":"2026-03-27T00:00:00.000Z","event_type":"Rocket Attack","actor":"Hezbollah","site_type":"","siteStype":"","city":"Malikiyah","province":"","country":"Israel","latitude":33.112657,"longitude":35.50772,"coord_type":"exact","source_1":"https://t.me/mmirleb/13323","source_2":"","sources":""}},{"type":"Feature","geometry":{"type":"Point","coordinates":[35.654007,33.23921999999999]},"properties":{"event_id":201231,"data_org":"Green","post_date":"2026-03-27T00:00:00.000Z","pub_date":"2026-03-28T00:00:00.000Z","strikedate":"2026-03-27T00:00:00.000Z","event_type":"Drone Attack","actor":"Hezbollah","site_type":"","siteStype":"","city":"Dan","province":"","country":"Israel","latitude":33.23922,"longitude":35.654007,"coord_type":"general town","source_1":"https://t.me/mmirleb/13325","source_2":"https://t.me/IL_RedAlerts/36446","sources":""}},{"type":"Feature","geometry":{"type":"Point","coordinates":[35.50772,33.112657]},"properties":{"event_id":201232,"data_org":"Green","post_date":"2026-03-27T00:00:00.000Z","pub_date":"2026-03-28T00:00:00.000Z","strikedate":"2026-03-27T00:00:00.000Z","event_type":"Rocket Attack","actor":"Hezbollah","site_type":"","siteStype":"","city":"Malikiyah","province":"","country":"Israel","latitude":33.112657,"longitude":35.50772,"coord_type":"exact","source_1":"https://t.me/mmirleb/13327","source_2":"","sources":""}},{"type":"Feature","geometry":{"type":"Point","coordinates":[35.552448,33.10228]},"properties":{"event_id":201234,"data_org":"Green","post_date":"2026-03-27T00:00:00.000Z","pub_date":"2026-03-28T00:00:00.000Z","strikedate":"2026-03-27T00:00:00.000Z","event_type":"Drone Attack","actor":"Hezbollah","site_type":"","siteStype":"","city":"Ramot Naftali","province":"","country":"Israel","latitude":33.10228,"longitude":35.552448,"coord_type":"exact","source_1":"https://t.me/mmirleb/13331","source_2":"https://t.me/IL_RedAlerts/36442","sources":""}},{"type":"Feature","geometry":{"type":"Point","coordinates":[34.981468,32.83476599999999]},"properties":{"event_id":201235,"data_org":"Green","post_date":"2026-03-27T00:00:00.000Z","pub_date":"2026-03-28T00:00:00.000Z","strikedate":"2026-03-27T00:00:00.000Z","event_type":"Rocket Attack","actor":"Hezbollah","site_type":"","siteStype":"","city":"Haifa","province":"","country":"Israel","latitude":32.834766,"longitude":34.981468,"coord_type":"exact","source_1":"https://t.me/mmirleb/13333","source_2":"","sources":""}},{"type":"Feature","geometry":{"type":"Point","coordinates":[35.315555,33.085852]},"properties":{"event_id":201313,"data_org":"Green","post_date":"2026-03-29T00:00:00.000Z","pub_date":"2026-03-29T00:00:00.000Z","strikedate":"2026-03-29T00:00:00.000Z","event_type":"Rocket Attack","actor":"Hezbollah","site_type":"","siteStype":"","city":"Shtula","province":"","country":"Israel","latitude":33.085852,"longitude":35.315555,"coord_type":"general town","source_1":"https://t.me/mmirleb/13461","source_2":"https://t.me/IL_RedAlerts/36862","sources":"https://t.me/IL_RedAlerts/36864"}},{"type":"Feature","geometry":{"type":"Point","coordinates":[35.623611,33.27239999999999]},"properties":{"event_id":201314,"data_org":"Green","post_date":"2026-03-29T00:00:00.000Z","pub_date":"2026-03-29T00:00:00.000Z","strikedate":"2026-03-29T00:00:00.000Z","event_type":"Rocket Attack","actor":"Hezbollah","site_type":"","siteStype":"","city":"Ghajar","province":"","country":"Israel","latitude":33.2724,"longitude":35.623611,"coord_type":"general town","source_1":"https://t.me/mmirleb/13463","source_2":"https://t.me/IL_RedAlerts/36864","sources":""}},{"type":"Feature","geometry":{"type":"Point","coordinates":[35.690556,33.12525899999999]},"properties":{"event_id":201315,"data_org":"Green","post_date":"2026-03-29T00:00:00.000Z","pub_date":"2026-03-29T00:00:00.000Z","strikedate":"2026-03-29T00:00:00.000Z","event_type":"Drone Attack","actor":"Hezbollah","site_type":"","siteStype":"","city":"","province":"","country":"Israel","latitude":33.125259,"longitude":35.690556,"coord_type":"exact","source_1":"https://t.me/mmirleb/13465","source_2":"","sources":""}},{"type":"Feature","geometry":{"type":"Point","coordinates":[35.332476,33.133933999999996]},"properties":{"event_id":201316,"data_org":"Green","post_date":"2026-03-29T00:00:00.000Z","pub_date":"2026-03-29T00:00:00.000Z","strikedate":"2026-03-29T00:00:00.000Z","event_type":"Direct Engagement","actor":"Hezbollah","site_type":"","siteStype":"","city":"Beit Lif","province":"","country":"Israel","latitude":33.133934,"longitude":35.332476,"coord_type":"general town","source_1":"https://t.me/mmirleb/13467","source_2":"https://t.me/Nournews_ir/343214","sources":""}},{"type":"Feature","geometry":{"type":"Point","coordinates":[35.081397,32.934169999999995]},"properties":{"event_id":201317,"data_org":"Green","post_date":"2026-03-29T00:00:00.000Z","pub_date":"2026-03-29T00:00:00.000Z","strikedate":"2026-03-29T00:00:00.000Z","event_type":"Rocket Attack","actor":"Hezbollah","site_type":"","siteStype":"","city":"southeast of Acre","province":"","country":"Israel","latitude":32.93417,"longitude":35.081397,"coord_type":"general town","source_1":"https://t.me/mmirleb/13469","source_2":"","sources":""}},{"type":"Feature","geometry":{"type":"Point","coordinates":[35.263714,32.997222]},"properties":{"event_id":201330,"data_org":"Green","post_date":"2026-03-29T00:00:00.000Z","pub_date":"2026-03-29T00:00:00.000Z","strikedate":"2026-03-29T00:00:00.000Z","event_type":"Rocket Attack","actor":"Hezbollah","site_type":"","siteStype":"","city":"Kfar Vradim","province":"","country":"Israel","latitude":32.997222,"longitude":35.263714,"coord_type":"general town","source_1":"https://t.me/mmirleb/13482","source_2":"","sources":""}},{"type":"Feature","geometry":{"type":"Point","coordinates":[35.50772,33.112657]},"properties":{"event_id":201339,"data_org":"Green","post_date":"2026-03-29T00:00:00.000Z","pub_date":"2026-03-29T00:00:00.000Z","strikedate":"2026-03-29T00:00:00.000Z","event_type":"Rocket Attack","actor":"Hezbollah","site_type":"","siteStype":"","city":"Malikiyah","province":"","country":"Israel","latitude":33.112657,"longitude":35.50772,"coord_type":"exact","source_1":"https://t.me/mmirleb/13501","source_2":"","sources":""}},{"type":"Feature","geometry":{"type":"Point","coordinates":[35.453811,33.07699999999999]},"properties":{"event_id":201340,"data_org":"Green","post_date":"2026-03-29T00:00:00.000Z","pub_date":"2026-03-29T00:00:00.000Z","strikedate":"2026-03-29T00:00:00.000Z","event_type":"Rocket Attack","actor":"Hezbollah","site_type":"","siteStype":"","city":"Yiron","province":"","country":"Israel","latitude":33.077,"longitude":35.453811,"coord_type":"general town","source_1":"https://t.me/mmirleb/13501","source_2":"","sources":"https://t.me/IL_RedAlerts/37092"}},{"type":"Feature","geometry":{"type":"Point","coordinates":[35.467033,33.091807]},"properties":{"event_id":201341,"data_org":"Green","post_date":"2026-03-29T00:00:00.000Z","pub_date":"2026-03-29T00:00:00.000Z","strikedate":"2026-03-29T00:00:00.000Z","event_type":"Rocket Attack","actor":"Hezbollah","site_type":"","siteStype":"","city":"Avivim","province":"","country":"Israel","latitude":33.091807,"longitude":35.467033,"coord_type":"exact","source_1":"https://t.me/mmirleb/13501","source_2":"","sources":"https://t.me/IL_RedAlerts/37094"}},{"type":"Feature","geometry":{"type":"Point","coordinates":[35.50772,33.112657]},"properties":{"event_id":201347,"data_org":"Green","post_date":"2026-03-29T00:00:00.000Z","pub_date":"2026-03-29T00:00:00.000Z","strikedate":"2026-03-29T00:00:00.000Z","event_type":"Rocket Attack","actor":"Hezbollah","site_type":"","siteStype":"","city":"Malikiyah","province":"","country":"Israel","latitude":33.112657,"longitude":35.50772,"coord_type":"exact","source_1":"https://t.me/mmirleb/13513","source_2":"","sources":""}},{"type":"Feature","geometry":{"type":"Point","coordinates":[35.453811,33.07699999999999]},"properties":{"event_id":201350,"data_org":"Green","post_date":"2026-03-29T00:00:00.000Z","pub_date":"2026-03-29T00:00:00.000Z","strikedate":"2026-03-29T00:00:00.000Z","event_type":"Rocket Attack","actor":"Hezbollah","site_type":"","siteStype":"","city":"Yiron","province":"","country":"Israel","latitude":33.077,"longitude":35.453811,"coord_type":"general town","source_1":"https://t.me/mmirleb/13519","source_2":"","sources":""}},{"type":"Feature","geometry":{"type":"Point","coordinates":[35.716473,33.170829999999995]},"properties":{"event_id":201351,"data_org":"Green","post_date":"2026-03-29T00:00:00.000Z","pub_date":"2026-03-29T00:00:00.000Z","strikedate":"2026-03-29T00:00:00.000Z","event_type":"Rocket Attack","actor":"Hezbollah","site_type":"","siteStype":"","city":"","province":"","country":"Israel","latitude":33.17083,"longitude":35.716473,"coord_type":"exact","source_1":"https://t.me/mmirleb/13521","source_2":"","sources":""}},{"type":"Feature","geometry":{"type":"Point","coordinates":[35.453811,33.07699999999999]},"properties":{"event_id":201353,"data_org":"Green","post_date":"2026-03-29T00:00:00.000Z","pub_date":"2026-03-29T00:00:00.000Z","strikedate":"2026-03-29T00:00:00.000Z","event_type":"Rocket Attack","actor":"Hezbollah","site_type":"","siteStype":"","city":"Yiron","province":"","country":"Israel","latitude":33.077,"longitude":35.453811,"coord_type":"general town","source_1":"https://t.me/mmirleb/13525","source_2":"","sources":"https://t.me/IL_RedAlerts/37092; https://t.me/IL_RedAlerts/37098"}},{"type":"Feature","geometry":{"type":"Point","coordinates":[35.413586,32.99833]},"properties":{"event_id":201291,"data_org":"Green","post_date":"2026-03-28T00:00:00.000Z","pub_date":"2026-03-29T00:00:00.000Z","strikedate":"2026-03-28T00:00:00.000Z","event_type":"Drone Attack","actor":"Hezbollah","site_type":"","siteStype":"","city":"","province":"","country":"Israel","latitude":32.99833,"longitude":35.413586,"coord_type":"general town","source_1":"https://t.me/mmirleb/13427","source_2":"","sources":""}},{"type":"Feature","geometry":{"type":"Point","coordinates":[35.17779,33.09024099999999]},"properties":{"event_id":201292,"data_org":"Green","post_date":"2026-03-28T00:00:00.000Z","pub_date":"2026-03-29T00:00:00.000Z","strikedate":"2026-03-28T00:00:00.000Z","event_type":"Drone Attack","actor":"Hezbollah","site_type":"","siteStype":"","city":"Hanita","province":"","country":"Israel","latitude":33.090241,"longitude":35.17779,"coord_type":"general town","source_1":"https://t.me/mmirleb/13429","source_2":"https://t.me/IL_RedAlerts/36776","sources":""}},{"type":"Feature","geometry":{"type":"Point","coordinates":[35.096741,33.00806999999999]},"properties":{"event_id":201293,"data_org":"Green","post_date":"2026-03-28T00:00:00.000Z","pub_date":"2026-03-29T00:00:00.000Z","strikedate":"2026-03-28T00:00:00.000Z","event_type":"Rocket Attack","actor":"Hezbollah","site_type":"","siteStype":"","city":"Nahariya","province":"","country":"Israel","latitude":33.00807,"longitude":35.096741,"coord_type":"general town","source_1":"https://t.me/mmirleb/13431","source_2":"https://t.me/IL_RedAlerts/36774","sources":""}},{"type":"Feature","geometry":{"type":"Point","coordinates":[35.03463,32.52427]},"properties":{"event_id":201299,"data_org":"Green","post_date":"2026-03-28T00:00:00.000Z","pub_date":"2026-03-29T00:00:00.000Z","strikedate":"2026-03-28T00:00:00.000Z","event_type":"Missile Attack","actor":"Hezbollah","site_type":"","siteStype":"","city":"Regavim","province":"","country":"Israel","latitude":32.52427,"longitude":35.03463,"coord_type":"exact","source_1":"https://t.me/mmirleb/13437","source_2":"","sources":""}},{"type":"Feature","geometry":{"type":"Point","coordinates":[35.503301,32.978284]},"properties":{"event_id":201303,"data_org":"Green","post_date":"2026-03-28T00:00:00.000Z","pub_date":"2026-03-29T00:00:00.000Z","strikedate":"2026-03-28T00:00:00.000Z","event_type":"Drone Attack","actor":"Hezbollah","site_type":"","siteStype":"","city":"Birya","province":"","country":"Israel","latitude":32.978284,"longitude":35.503301,"coord_type":"exact","source_1":"https://t.me/mmirleb/13441","source_2":"","sources":""}},{"type":"Feature","geometry":{"type":"Point","coordinates":[35.50772,33.112657]},"properties":{"event_id":201307,"data_org":"Green","post_date":"2026-03-28T00:00:00.000Z","pub_date":"2026-03-29T00:00:00.000Z","strikedate":"2026-03-28T00:00:00.000Z","event_type":"Rocket Attack","actor":"Hezbollah","site_type":"","siteStype":"","city":"Malikiyah","province":"","country":"Israel","latitude":33.112657,"longitude":35.50772,"coord_type":"exact","source_1":"https://t.me/mmirleb/13448","source_2":"https://t.me/IL_RedAlerts/36846","sources":""}},{"type":"Feature","geometry":{"type":"Point","coordinates":[35.50772,33.112657]},"properties":{"event_id":201308,"data_org":"Green","post_date":"2026-03-28T00:00:00.000Z","pub_date":"2026-03-29T00:00:00.000Z","strikedate":"2026-03-28T00:00:00.000Z","event_type":"Rocket Attack","actor":"Hezbollah","site_type":"","siteStype":"","city":"Malikiyah","province":"","country":"Israel","latitude":33.112657,"longitude":35.50772,"coord_type":"exact","source_1":"https://t.me/mmirleb/13450","source_2":"https://t.me/IL_RedAlerts/36846","sources":""}},{"type":"Feature","geometry":{"type":"Point","coordinates":[35.50772,33.112657]},"properties":{"event_id":201309,"data_org":"Green","post_date":"2026-03-28T00:00:00.000Z","pub_date":"2026-03-29T00:00:00.000Z","strikedate":"2026-03-28T00:00:00.000Z","event_type":"Rocket Attack","actor":"Hezbollah","site_type":"","siteStype":"","city":"Malikiyah","province":"","country":"Israel","latitude":33.112657,"longitude":35.50772,"coord_type":"exact","source_1":"https://t.me/mmirleb/13452","source_2":"","sources":""}},{"type":"Feature","geometry":{"type":"Point","coordinates":[35.494035,32.96375599999999]},"properties":{"event_id":201310,"data_org":"Green","post_date":"2026-03-28T00:00:00.000Z","pub_date":"2026-03-29T00:00:00.000Z","strikedate":"2026-03-28T00:00:00.000Z","event_type":"Rocket Attack","actor":"Hezbollah","site_type":"","siteStype":"","city":"Safed","province":"","country":"Israel","latitude":32.963756,"longitude":35.494035,"coord_type":"general town","source_1":"https://t.me/mmirleb/13454","source_2":"","sources":""}},{"type":"Feature","geometry":{"type":"Point","coordinates":[35.50772,33.112657]},"properties":{"event_id":201311,"data_org":"Green","post_date":"2026-03-28T00:00:00.000Z","pub_date":"2026-03-29T00:00:00.000Z","strikedate":"2026-03-28T00:00:00.000Z","event_type":"Rocket Attack","actor":"Hezbollah","site_type":"","siteStype":"","city":"Malikiyah","province":"","country":"Israel","latitude":33.112657,"longitude":35.50772,"coord_type":"exact","source_1":"https://t.me/mmirleb/13456","source_2":"","sources":""}},{"type":"Feature","geometry":{"type":"Point","coordinates":[35.57798,33.27744]},"properties":{"event_id":201312,"data_org":"Green","post_date":"2026-03-28T00:00:00.000Z","pub_date":"2026-03-29T00:00:00.000Z","strikedate":"2026-03-28T00:00:00.000Z","event_type":"Rocket Attack","actor":"Hezbollah","site_type":"","siteStype":"","city":"Metula","province":"","country":"Israel","latitude":33.27744,"longitude":35.57798,"coord_type":"general town","source_1":"https://t.me/mmirleb/13459","source_2":"","sources":""}},{"type":"Feature","geometry":{"type":"Point","coordinates":[35.471405,33.088615]},"properties":{"event_id":201400,"data_org":"Green","post_date":"2026-03-30T00:00:00.000Z","pub_date":"2026-03-30T00:00:00.000Z","strikedate":"2026-03-30T00:00:00.000Z","event_type":"Rocket Attack","actor":"Hezbollah","site_type":"","siteStype":"","city":"Avivm","province":"","country":"Israel","latitude":33.088615,"longitude":35.471405,"coord_type":"general town","source_1":"https://t.me/mmirleb/13610","source_2":"https://t.me/IL_RedAlerts/37164","sources":""}},{"type":"Feature","geometry":{"type":"Point","coordinates":[35.569686,33.208059999999996]},"properties":{"event_id":201403,"data_org":"Green","post_date":"2026-03-30T00:00:00.000Z","pub_date":"2026-03-30T00:00:00.000Z","strikedate":"2026-03-30T00:00:00.000Z","event_type":"Rocket Attack","actor":"Hezbollah","site_type":"","siteStype":"","city":"Kiryat Shmona","province":"","country":"Israel","latitude":33.20806,"longitude":35.569686,"coord_type":"general town","source_1":"https://t.me/mmirleb/13616","source_2":"https://t.me/N12_News/37238","sources":"https://t.me/IL_RedAlerts/37194"}},{"type":"Feature","geometry":{"type":"Point","coordinates":[35.50772,33.112657]},"properties":{"event_id":201404,"data_org":"Green","post_date":"2026-03-30T00:00:00.000Z","pub_date":"2026-03-30T00:00:00.000Z","strikedate":"2026-03-30T00:00:00.000Z","event_type":"Rocket Attack","actor":"Hezbollah","site_type":"","siteStype":"","city":"Malikiyah","province":"","country":"Israel","latitude":33.112657,"longitude":35.50772,"coord_type":"exact","source_1":"https://t.me/mmirleb/13618","source_2":"","sources":""}},{"type":"Feature","geometry":{"type":"Point","coordinates":[35.057349,32.801469999999995]},"properties":{"event_id":201405,"data_org":"Green","post_date":"2026-03-30T00:00:00.000Z","pub_date":"2026-03-30T00:00:00.000Z","strikedate":"2026-03-30T00:00:00.000Z","event_type":"Missile Attack","actor":"UNK","site_type":"energy","siteStype":"","city":"Haifa","province":"","country":"Israel","latitude":32.80147,"longitude":35.057349,"coord_type":"exact","source_1":"https://t.me/nayaforiraq/66602","source_2":"https://x.com/acceladealer/status/2038539143471353909","sources":"https://x.com/manniefabian/status/2038534011778199844"}},{"type":"Feature","geometry":{"type":"Point","coordinates":[34.816804,32.143321]},"properties":{"event_id":201406,"data_org":"Green","post_date":"2026-03-30T00:00:00.000Z","pub_date":"2026-03-30T00:00:00.000Z","strikedate":"2026-03-30T00:00:00.000Z","event_type":"Missile Attack","actor":"Hezbollah","site_type":"","siteStype":"","city":"Tel Aviv","province":"","country":"Israel","latitude":32.143321,"longitude":34.816804,"coord_type":"exact","source_1":"https://t.me/mmirleb/13623","source_2":"","sources":""}},{"type":"Feature","geometry":{"type":"Point","coordinates":[35.016196,32.82446999999999]},"properties":{"event_id":201407,"data_org":"Green","post_date":"2026-03-30T00:00:00.000Z","pub_date":"2026-03-30T00:00:00.000Z","strikedate":"2026-03-30T00:00:00.000Z","event_type":"Rocket Attack","actor":"Hezbollah","site_type":"","siteStype":"","city":"Haifa","province":"","country":"Israel","latitude":32.82447,"longitude":35.016196,"coord_type":"general neighborhood","source_1":"https://t.me/mmirleb/13625","source_2":"","sources":""}},{"type":"Feature","geometry":{"type":"Point","coordinates":[35.569686,33.208059999999996]},"properties":{"event_id":201412,"data_org":"Green","post_date":"2026-03-30T00:00:00.000Z","pub_date":"2026-03-30T00:00:00.000Z","strikedate":"2026-03-30T00:00:00.000Z","event_type":"Rocket Attack","actor":"Hezbollah","site_type":"","siteStype":"","city":"Kiryat Shmona","province":"","country":"Israel","latitude":33.20806,"longitude":35.569686,"coord_type":"general town","source_1":"https://t.me/mmirleb/13635","source_2":"","sources":""}},{"type":"Feature","geometry":{"type":"Point","coordinates":[35.541184,32.968562999999996]},"properties":{"event_id":201413,"data_org":"Green","post_date":"2026-03-30T00:00:00.000Z","pub_date":"2026-03-30T00:00:00.000Z","strikedate":"2026-03-30T00:00:00.000Z","event_type":"Rocket Attack","actor":"Hezbollah","site_type":"","siteStype":"","city":"Rosh Pinna","province":"","country":"Israel","latitude":32.968563,"longitude":35.541184,"coord_type":"general town","source_1":"https://t.me/mmirleb/13637","source_2":"","sources":""}},{"type":"Feature","geometry":{"type":"Point","coordinates":[35.453533,33.077526]},"properties":{"event_id":201423,"data_org":"Green","post_date":"2026-03-30T00:00:00.000Z","pub_date":"2026-03-30T00:00:00.000Z","strikedate":"2026-03-30T00:00:00.000Z","event_type":"Rocket Attack","actor":"Hezbollah","site_type":"","siteStype":"","city":"Yiron","province":"","country":"Israel","latitude":33.077526,"longitude":35.453533,"coord_type":"general town","source_1":"https://t.me/mmirleb/13651","source_2":"https://t.me/IL_RedAlerts/37330","sources":"https://t.me/IL_RedAlerts/37330"}},{"type":"Feature","geometry":{"type":"Point","coordinates":[35.071289,32.841649999999994]},"properties":{"event_id":201430,"data_org":"Green","post_date":"2026-03-30T00:00:00.000Z","pub_date":"2026-03-30T00:00:00.000Z","strikedate":"2026-03-30T00:00:00.000Z","event_type":"Rocket Attack","actor":"Hezbollah","site_type":"","siteStype":"","city":"Krayot","province":"","country":"Israel","latitude":32.84165,"longitude":35.071289,"coord_type":"general town","source_1":"https://t.me/mmirleb/13666","source_2":"https://x.com/manniefabian/status/2038617954598764943?s=20","sources":""}},{"type":"Feature","geometry":{"type":"Point","coordinates":[35.096741,33.00806999999999]},"properties":{"event_id":201431,"data_org":"Green","post_date":"2026-03-30T00:00:00.000Z","pub_date":"2026-03-30T00:00:00.000Z","strikedate":"2026-03-30T00:00:00.000Z","event_type":"Rocket Attack","actor":"Hezbollah","site_type":"","siteStype":"","city":"Nahariya","province":"","country":"Israel","latitude":33.00807,"longitude":35.096741,"coord_type":"general town","source_1":"https://t.me/mmirleb/13668","source_2":"https://t.me/IL_RedAlerts/37356","sources":""}},{"type":"Feature","geometry":{"type":"Point","coordinates":[35.096741,33.00806999999999]},"properties":{"event_id":201362,"data_org":"Green","post_date":"2026-03-29T00:00:00.000Z","pub_date":"2026-03-30T00:00:00.000Z","strikedate":"2026-03-29T00:00:00.000Z","event_type":"Rocket Attack","actor":"Hezbollah","site_type":"","siteStype":"","city":"Nahariya","province":"","country":"Israel","latitude":33.00807,"longitude":35.096741,"coord_type":"general town","source_1":"https://t.me/mmirleb/13541","source_2":"https://t.me/IL_RedAlerts/37110","sources":""}},{"type":"Feature","geometry":{"type":"Point","coordinates":[35.50772,33.112657]},"properties":{"event_id":201364,"data_org":"Green","post_date":"2026-03-29T00:00:00.000Z","pub_date":"2026-03-30T00:00:00.000Z","strikedate":"2026-03-29T00:00:00.000Z","event_type":"Rocket Attack","actor":"Hezbollah","site_type":"","siteStype":"","city":"Malikiyah","province":"","country":"Israel","latitude":33.112657,"longitude":35.50772,"coord_type":"exact","source_1":"https://t.me/mmirleb/13545","source_2":"https://t.me/IL_RedAlerts/37110","sources":""}},{"type":"Feature","geometry":{"type":"Point","coordinates":[35.697952,32.99609300000001]},"properties":{"event_id":201366,"data_org":"Green","post_date":"2026-03-29T00:00:00.000Z","pub_date":"2026-03-30T00:00:00.000Z","strikedate":"2026-03-29T00:00:00.000Z","event_type":"Rocket Attack","actor":"Hezbollah","site_type":"","siteStype":"","city":"Katzrin","province":"","country":"Israel","latitude":32.996093,"longitude":35.697952,"coord_type":"general town","source_1":"https://t.me/mmirleb/13549","source_2":"","sources":""}},{"type":"Feature","geometry":{"type":"Point","coordinates":[35.484992,32.99484999999999]},"properties":{"event_id":201377,"data_org":"Green","post_date":"2026-03-29T00:00:00.000Z","pub_date":"2026-03-30T00:00:00.000Z","strikedate":"2026-03-29T00:00:00.000Z","event_type":"Rocket Attack","actor":"Hezbollah","site_type":"","siteStype":"","city":"Safed","province":"","country":"Israel","latitude":32.99485,"longitude":35.484992,"coord_type":"general town","source_1":"https://t.me/mmirleb/13571","source_2":"","sources":""}},{"type":"Feature","geometry":{"type":"Point","coordinates":[35.50772,33.112657]},"properties":{"event_id":201378,"data_org":"Green","post_date":"2026-03-29T00:00:00.000Z","pub_date":"2026-03-30T00:00:00.000Z","strikedate":"2026-03-29T00:00:00.000Z","event_type":"Rocket Attack","actor":"Hezbollah","site_type":"","siteStype":"","city":"Malikiyah","province":"","country":"Israel","latitude":33.112657,"longitude":35.50772,"coord_type":"exact","source_1":"https://t.me/mmirleb/13573","source_2":"","sources":""}},{"type":"Feature","geometry":{"type":"Point","coordinates":[35.485072,32.962191999999995]},"properties":{"event_id":201381,"data_org":"Green","post_date":"2026-03-29T00:00:00.000Z","pub_date":"2026-03-30T00:00:00.000Z","strikedate":"2026-03-29T00:00:00.000Z","event_type":"Rocket Attack","actor":"Hezbollah","site_type":"","siteStype":"","city":"Safed","province":"","country":"Israel","latitude":32.962192,"longitude":35.485072,"coord_type":"general town","source_1":"https://t.me/mmirleb/13579","source_2":"https://t.me/sepah_pasdaran/190061","sources":""}},{"type":"Feature","geometry":{"type":"Point","coordinates":[35.697952,32.99609300000001]},"properties":{"event_id":201382,"data_org":"Green","post_date":"2026-03-29T00:00:00.000Z","pub_date":"2026-03-30T00:00:00.000Z","strikedate":"2026-03-29T00:00:00.000Z","event_type":"Rocket Attack","actor":"Hezbollah","site_type":"","siteStype":"","city":"Katzrin","province":"","country":"Israel","latitude":32.996093,"longitude":35.697952,"coord_type":"general town","source_1":"https://t.me/mmirleb/13581","source_2":"","sources":""}},{"type":"Feature","geometry":{"type":"Point","coordinates":[35.453533,33.077526]},"properties":{"event_id":201383,"data_org":"Green","post_date":"2026-03-29T00:00:00.000Z","pub_date":"2026-03-30T00:00:00.000Z","strikedate":"2026-03-29T00:00:00.000Z","event_type":"Rocket Attack","actor":"Hezbollah","site_type":"","siteStype":"","city":"Yiron","province":"","country":"Israel","latitude":33.077526,"longitude":35.453533,"coord_type":"general town","source_1":"https://t.me/mmirleb/13583","source_2":"","sources":""}},{"type":"Feature","geometry":{"type":"Point","coordinates":[35.578924,33.27715699999999]},"properties":{"event_id":201392,"data_org":"Green","post_date":"2026-03-29T00:00:00.000Z","pub_date":"2026-03-30T00:00:00.000Z","strikedate":"2026-03-29T00:00:00.000Z","event_type":"Rocket Attack","actor":"Hezbollah","site_type":"","siteStype":"","city":"Metula","province":"","country":"Israel","latitude":33.277157,"longitude":35.578924,"coord_type":"general town","source_1":"https://t.me/mmirleb/13600","source_2":"","sources":""}},{"type":"Feature","geometry":{"type":"Point","coordinates":[44.23126,33.255649999999996]},"properties":{"event_id":201395,"data_org":"Green","post_date":"2026-03-29T00:00:00.000Z","pub_date":"2026-03-30T00:00:00.000Z","strikedate":"2026-03-29T00:00:00.000Z","event_type":"Drone Attack","actor":"Likely Iraqi militias","site_type":"military","siteStype":"","city":"Baghdad","province":"","country":"Iraq","latitude":33.25565,"longitude":44.23126,"coord_type":"exact","source_1":"https://x.com/Tammuz_Intel/status/2038416971432071248","source_2":"https://x.com/GeoConfirmed/status/2038432060457746545","sources":"https://x.com/Tammuz_Intel/status/2038418303270408519"}},{"type":"Feature","geometry":{"type":"Point","coordinates":[35.407051,33.051019999999994]},"properties":{"event_id":201396,"data_org":"Green","post_date":"2026-03-29T00:00:00.000Z","pub_date":"2026-03-30T00:00:00.000Z","strikedate":"2026-03-29T00:00:00.000Z","event_type":"Rocket Attack","actor":"Hezbollah","site_type":"","siteStype":"","city":"Dovev","province":"","country":"Israel","latitude":33.05102,"longitude":35.407051,"coord_type":"general town","source_1":"https://t.me/mmirleb/13602","source_2":"https://t.me/IL_RedAlerts/37144","sources":""}},{"type":"Feature","geometry":{"type":"Point","coordinates":[35.623611,33.27239999999999]},"properties":{"event_id":201397,"data_org":"Green","post_date":"2026-03-29T00:00:00.000Z","pub_date":"2026-03-30T00:00:00.000Z","strikedate":"2026-03-29T00:00:00.000Z","event_type":"Rocket Attack","actor":"Hezbollah","site_type":"","siteStype":"","city":"Ghajar","province":"","country":"Israel","latitude":33.2724,"longitude":35.623611,"coord_type":"general town","source_1":"https://t.me/mmirleb/13604","source_2":"https://t.me/IL_RedAlerts/37146","sources":""}},{"type":"Feature","geometry":{"type":"Point","coordinates":[35.286832,33.08555900000001]},"properties":{"event_id":201398,"data_org":"Green","post_date":"2026-03-29T00:00:00.000Z","pub_date":"2026-03-30T00:00:00.000Z","strikedate":"2026-03-29T00:00:00.000Z","event_type":"Drone Attack","actor":"Hezbollah","site_type":"","siteStype":"","city":"Shomira","province":"","country":"Israel","latitude":33.085559,"longitude":35.286832,"coord_type":"exact","source_1":"https://t.me/mmirleb/13606","source_2":"","sources":""}},{"type":"Feature","geometry":{"type":"Point","coordinates":[35.013766,32.73581699999998]},"properties":{"event_id":201399,"data_org":"Green","post_date":"2026-03-29T00:00:00.000Z","pub_date":"2026-03-30T00:00:00.000Z","strikedate":"2026-03-29T00:00:00.000Z","event_type":"Rocket Attack","actor":"Hezbollah","site_type":"","siteStype":"","city":"Haifa","province":"","country":"Israel","latitude":32.735817,"longitude":35.013766,"coord_type":"exact","source_1":"https://t.me/mmirleb/13608","source_2":"https://t.me/IL_RedAlerts/37148","sources":""}},{"type":"Feature","geometry":{"type":"Point","coordinates":[47.305,30.655]},"properties":{"event_id":201448,"data_org":"Green","post_date":"2026-03-31T00:00:00.000Z","pub_date":"2026-03-31T00:00:00.000Z","strikedate":"2026-03-31T00:00:00.000Z","event_type":"Drone Attack","actor":"Likely Iraqi militias","site_type":"civilian","siteStype":"","city":"","province":"","country":"Iraq","latitude":30.655,"longitude":47.305,"coord_type":"NA","source_1":"DNGTS: https://shafaq dot com/ar/????/??-????-??-???-??-??-?????-???????-???-?????-??????","source_2":"https://www.gem.wiki/Qurna_West_1_Oil_and_Gas_Field_(Iraq)","sources":""}},{"type":"Feature","geometry":{"type":"Point","coordinates":[35.578924,33.27715699999999]},"properties":{"event_id":201449,"data_org":"Green","post_date":"2026-03-31T00:00:00.000Z","pub_date":"2026-03-31T00:00:00.000Z","strikedate":"2026-03-31T00:00:00.000Z","event_type":"Rocket Attack","actor":"Hezbollah","site_type":"civilian","siteStype":"","city":"Metula","province":"","country":"Israel","latitude":33.277157,"longitude":35.578924,"coord_type":"general town","source_1":"https://t.me/mmirleb/13702","source_2":"https://t.me/IL_RedAlerts/37474","sources":""}},{"type":"Feature","geometry":{"type":"Point","coordinates":[35.471619,33.089006999999995]},"properties":{"event_id":201450,"data_org":"Green","post_date":"2026-03-31T00:00:00.000Z","pub_date":"2026-03-31T00:00:00.000Z","strikedate":"2026-03-31T00:00:00.000Z","event_type":"Rocket Attack","actor":"Hezbollah","site_type":"military","siteStype":"","city":"Avivim","province":"","country":"Israel","latitude":33.089007,"longitude":35.471619,"coord_type":"general town","source_1":"https://t.me/mmirleb/13704","source_2":"https://t.me/IL_RedAlerts/37476","sources":""}},{"type":"Feature","geometry":{"type":"Point","coordinates":[35.471619,33.089006999999995]},"properties":{"event_id":201451,"data_org":"Green","post_date":"2026-03-31T00:00:00.000Z","pub_date":"2026-03-31T00:00:00.000Z","strikedate":"2026-03-31T00:00:00.000Z","event_type":"Rocket Attack","actor":"Hezbollah","site_type":"military","siteStype":"","city":"Avivim","province":"","country":"Israel","latitude":33.089007,"longitude":35.471619,"coord_type":"general town","source_1":"https://t.me/mmirleb/13706","source_2":"https://t.me/IL_RedAlerts/37476","sources":""}},{"type":"Feature","geometry":{"type":"Point","coordinates":[35.208389,33.079636]},"properties":{"event_id":201452,"data_org":"Green","post_date":"2026-03-31T00:00:00.000Z","pub_date":"2026-03-31T00:00:00.000Z","strikedate":"2026-03-31T00:00:00.000Z","event_type":"Drone Attack","actor":"Hezbollah","site_type":"military","siteStype":"","city":"Adamit","province":"","country":"Israel","latitude":33.079636,"longitude":35.208389,"coord_type":"general town","source_1":"https://t.me/mmirleb/13708","source_2":"","sources":""}},{"type":"Feature","geometry":{"type":"Point","coordinates":[35.471619,33.089006999999995]},"properties":{"event_id":201460,"data_org":"Green","post_date":"2026-03-31T00:00:00.000Z","pub_date":"2026-03-31T00:00:00.000Z","strikedate":"2026-03-31T00:00:00.000Z","event_type":"Rocket Attack","actor":"Hezbollah","site_type":"military","siteStype":"","city":"Avivim","province":"","country":"Israel","latitude":33.089007,"longitude":35.471619,"coord_type":"general town","source_1":"https://t.me/mmirleb/13724","source_2":"https://t.me/IL_RedAlerts/37490","sources":""}},{"type":"Feature","geometry":{"type":"Point","coordinates":[35.06787,32.838252]},"properties":{"event_id":201467,"data_org":"Green","post_date":"2026-03-31T00:00:00.000Z","pub_date":"2026-03-31T00:00:00.000Z","strikedate":"2026-03-31T00:00:00.000Z","event_type":"Rocket Attack","actor":"Hezbollah","site_type":"military","siteStype":"","city":"Krayot","province":"","country":"Israel","latitude":32.838252,"longitude":35.06787,"coord_type":"general town","source_1":"https://t.me/mmirleb/13738","source_2":"https://x.com/manniefabian/status/2038994775190221254","sources":"https://t.me/moriahdoron/29264"}},{"type":"Feature","geometry":{"type":"Point","coordinates":[35.471619,33.089006999999995]},"properties":{"event_id":201464,"data_org":"Green","post_date":"2026-03-31T00:00:00.000Z","pub_date":"2026-03-31T00:00:00.000Z","strikedate":"2026-03-31T00:00:00.000Z","event_type":"Rocket Attack","actor":"Hezbollah","site_type":"military","siteStype":"","city":"Avivim","province":"","country":"Israel","latitude":33.089007,"longitude":35.471619,"coord_type":"general town","source_1":"https://t.me/mmirleb/13732","source_2":"https://t.me/IL_RedAlerts/37544","sources":"https://x.com/manniefabian/status/2038994775190221254"}},{"type":"Feature","geometry":{"type":"Point","coordinates":[35.42203000000001,33.080878]},"properties":{"event_id":201468,"data_org":"Green","post_date":"2026-03-31T00:00:00.000Z","pub_date":"2026-03-31T00:00:00.000Z","strikedate":"2026-03-31T00:00:00.000Z","event_type":"Rocket Attack","actor":"Hezbollah","site_type":"military","siteStype":"","city":"Yaroun","province":"","country":"Israel","latitude":33.080878,"longitude":35.42203,"coord_type":"general town","source_1":"https://t.me/mmirleb/13742","source_2":"","sources":""}},{"type":"Feature","geometry":{"type":"Point","coordinates":[34.981468,32.83476599999999]},"properties":{"event_id":201471,"data_org":"Green","post_date":"2026-03-31T00:00:00.000Z","pub_date":"2026-03-31T00:00:00.000Z","strikedate":"2026-03-31T00:00:00.000Z","event_type":"Drone & Rocket Attack","actor":"Hezbollah","site_type":"military","siteStype":"","city":"Haifa","province":"","country":"Israel","latitude":32.834766,"longitude":34.981468,"coord_type":"exact","source_1":"https://t.me/mmirleb/13744","source_2":"https://x.com/manniefabian/status/2039036160182280552","sources":""}},{"type":"Feature","geometry":{"type":"Point","coordinates":[35.074960000000004,32.774999]},"properties":{"event_id":201472,"data_org":"Green","post_date":"2026-03-31T00:00:00.000Z","pub_date":"2026-03-31T00:00:00.000Z","strikedate":"2026-03-31T00:00:00.000Z","event_type":"Rocket Attack","actor":"Hezbollah","site_type":"military","siteStype":"","city":"Haifa","province":"","country":"Israel","latitude":32.774999,"longitude":35.07496,"coord_type":"general town","source_1":"https://t.me/mmirleb/13746","source_2":"https://x.com/manniefabian/status/2039036160182280552","sources":""}},{"type":"Feature","geometry":{"type":"Point","coordinates":[35.06787,32.838252]},"properties":{"event_id":201473,"data_org":"Green","post_date":"2026-03-31T00:00:00.000Z","pub_date":"2026-03-31T00:00:00.000Z","strikedate":"2026-03-31T00:00:00.000Z","event_type":"Rocket Attack","actor":"Hezbollah","site_type":"military","siteStype":"","city":"Krayot","province":"","country":"Israel","latitude":32.838252,"longitude":35.06787,"coord_type":"general town","source_1":"https://t.me/mmirleb/13748","source_2":"https://x.com/manniefabian/status/2039036160182280552","sources":""}},{"type":"Feature","geometry":{"type":"Point","coordinates":[35.08253,32.933129999999984]},"properties":{"event_id":201474,"data_org":"Green","post_date":"2026-03-31T00:00:00.000Z","pub_date":"2026-03-31T00:00:00.000Z","strikedate":"2026-03-31T00:00:00.000Z","event_type":"Drone & Missile Attack","actor":"Hezbollah","site_type":"military","siteStype":"","city":"Acre","province":"","country":"Israel","latitude":32.93313,"longitude":35.08253,"coord_type":"general town","source_1":"https://t.me/mmirleb/13750","source_2":"","sources":""}},{"type":"Feature","geometry":{"type":"Point","coordinates":[35.295596,32.912814]},"properties":{"event_id":201477,"data_org":"Green","post_date":"2026-03-31T00:00:00.000Z","pub_date":"2026-03-31T00:00:00.000Z","strikedate":"2026-03-31T00:00:00.000Z","event_type":"Drone & Rocket Attack","actor":"Hezbollah","site_type":"unknown","siteStype":"","city":"Karmiel","province":"","country":"Israel","latitude":32.912814,"longitude":35.295596,"coord_type":"general town","source_1":"https://x.com/Osint613/status/2039037050469396986","source_2":"https://x.com/JoeTruzman/status/2039196014222135606","sources":""}},{"type":"Feature","geometry":{"type":"Point","coordinates":[44.37198,33.93588799999999]},"properties":{"event_id":201476,"data_org":"Green","post_date":"2026-03-31T00:00:00.000Z","pub_date":"2026-03-31T00:00:00.000Z","strikedate":"2026-03-31T00:00:00.000Z","event_type":"Drone Attack","actor":"Likely Iraqi militias","site_type":"military","siteStype":"","city":"Yathrib","province":"","country":"Iraq","latitude":33.935888,"longitude":44.37198,"coord_type":"general neighborhood","source_1":"DNGTS: https://www.shafaq dot com/ar/????/????????-??????-?????-???-??-?????-???????-?????-??????-??-????-?????","source_2":"","sources":""}},{"type":"Feature","geometry":{"type":"Point","coordinates":[35.096123,33.01065]},"properties":{"event_id":201475,"data_org":"Green","post_date":"2026-03-31T00:00:00.000Z","pub_date":"2026-03-31T00:00:00.000Z","strikedate":"2026-03-31T00:00:00.000Z","event_type":"Rocket Attack","actor":"Hezbollah","site_type":"civilian","siteStype":"","city":"Nahirya","province":"","country":"Israel","latitude":33.01065,"longitude":35.096123,"coord_type":"general town","source_1":"https://t.me/mmirleb/13753","source_2":"","sources":""}},{"type":"Feature","geometry":{"type":"Point","coordinates":[34.976821,32.82045899999999]},"properties":{"event_id":201432,"data_org":"Green","post_date":"2026-03-30T00:00:00.000Z","pub_date":"2026-03-31T00:00:00.000Z","strikedate":"2026-03-30T00:00:00.000Z","event_type":"Drone Attack","actor":"Hezbollah","site_type":"military","siteStype":"","city":"Haifa","province":"","country":"Israel","latitude":32.820459,"longitude":34.976821,"coord_type":"exact","source_1":"https://t.me/mmirleb/13670","source_2":"","sources":""}},{"type":"Feature","geometry":{"type":"Point","coordinates":[35.288356,33.099604]},"properties":{"event_id":201478,"data_org":"Green","post_date":"2026-03-31T00:00:00.000Z","pub_date":"2026-03-31T00:00:00.000Z","strikedate":"2026-03-31T00:00:00.000Z","event_type":"Rocket Attack","actor":"Hezbollah","site_type":"civilian","siteStype":"","city":"Zarit","province":"","country":"Israel","latitude":33.099604,"longitude":35.288356,"coord_type":"general town","source_1":"https://t.me/mmirleb/13755","source_2":"","sources":""}},{"type":"Feature","geometry":{"type":"Point","coordinates":[35.541184,32.968562999999996]},"properties":{"event_id":201434,"data_org":"Green","post_date":"2026-03-30T00:00:00.000Z","pub_date":"2026-03-31T00:00:00.000Z","strikedate":"2026-03-30T00:00:00.000Z","event_type":"Drone Attack","actor":"Hezbollah","site_type":"military","siteStype":"","city":"Rosh Pinna","province":"","country":"Israel","latitude":32.968563,"longitude":35.541184,"coord_type":"general town","source_1":"https://t.me/mmirleb/13676","source_2":"","sources":""}},{"type":"Feature","geometry":{"type":"Point","coordinates":[35.549047,33.24710699999999]},"properties":{"event_id":201446,"data_org":"Green","post_date":"2026-03-30T00:00:00.000Z","pub_date":"2026-03-31T00:00:00.000Z","strikedate":"2026-03-30T00:00:00.000Z","event_type":"Drone Attack","actor":"Hezbollah","site_type":"military","siteStype":"","city":"Misgav Am","province":"","country":"Israel","latitude":33.247107,"longitude":35.549047,"coord_type":"general town","source_1":"https://t.me/mmirleb/13694","source_2":"https://t.me/IL_RedAlerts/37419","sources":""}},{"type":"Feature","geometry":{"type":"Point","coordinates":[35.27432,33.01165699999999]},"properties":{"event_id":201447,"data_org":"Green","post_date":"2026-03-30T00:00:00.000Z","pub_date":"2026-03-31T00:00:00.000Z","strikedate":"2026-03-30T00:00:00.000Z","event_type":"Drone Attack","actor":"Hezbollah","site_type":"military","siteStype":"","city":"Ma'alot-Tarshiha","province":"","country":"Israel","latitude":33.011657,"longitude":35.27432,"coord_type":"general town","source_1":"https://t.me/mmirleb/13697","source_2":"https://t.me/mmirleb/13699","sources":""}},{"type":"Feature","geometry":{"type":"Point","coordinates":[43.85206899999999,36.218340000000005]},"properties":{"event_id":201482,"data_org":"Green","post_date":"2026-04-01T00:00:00.000Z","pub_date":"2026-04-01T00:00:00.000Z","strikedate":"2026-04-01T00:00:00.000Z","event_type":"Drone Attack","actor":"Likely Iraqi militias","site_type":"civilian","siteStype":"civilian : industrial","city":"Erbil","province":"","country":"Iraq","latitude":36.21834,"longitude":43.852069,"coord_type":"exact","source_1":"https://x.com/acceladealer/status/2039247991328924064?s=20","source_2":"https://x.com/acceladealer/status/2039247997125399003?s=20","sources":"DNGTS: https://shafaq dot com/ar/?????????????/??????-?????-????????-?????-???????-??-????-??????-?-??-??????-??-????????"}},{"type":"Feature","geometry":{"type":"Point","coordinates":[35.496437,32.77842]},"properties":{"event_id":201513,"data_org":"Green","post_date":"2026-04-01T00:00:00.000Z","pub_date":"2026-04-01T00:00:00.000Z","strikedate":"2026-04-01T00:00:00.000Z","event_type":"Drone Attack","actor":"Hezbollah","site_type":"military","siteStype":"military : base","city":"Lake Tiberias","province":"","country":"Israel","latitude":32.77842,"longitude":35.496437,"coord_type":"general town","source_1":"https://t.me/mmirleb/13810","source_2":"","sources":""}},{"type":"Feature","geometry":{"type":"Point","coordinates":[35.56660336,33.20796299999999]},"properties":{"event_id":201514,"data_org":"Green","post_date":"2026-04-01T00:00:00.000Z","pub_date":"2026-04-01T00:00:00.000Z","strikedate":"2026-04-01T00:00:00.000Z","event_type":"Rocket Attack","actor":"Hezbollah","site_type":"civilian","siteStype":"","city":"Kiryat Shmona","province":"","country":"Israel","latitude":33.207963,"longitude":35.56660336,"coord_type":"general town","source_1":"https://t.me/mmirleb/13812","source_2":"","sources":""}},{"type":"Feature","geometry":{"type":"Point","coordinates":[35.413586,32.99833]},"properties":{"event_id":201515,"data_org":"Green","post_date":"2026-04-01T00:00:00.000Z","pub_date":"2026-04-01T00:00:00.000Z","strikedate":"2026-04-01T00:00:00.000Z","event_type":"Drone Attack","actor":"Hezbollah","site_type":"military","siteStype":"military : base","city":"Jish","province":"","country":"Israel","latitude":32.99833,"longitude":35.413586,"coord_type":"exact","source_1":"https://t.me/mmirleb/13814","source_2":"","sources":""}},{"type":"Feature","geometry":{"type":"Point","coordinates":[35.56660336,33.20796299999999]},"properties":{"event_id":201516,"data_org":"Green","post_date":"2026-04-01T00:00:00.000Z","pub_date":"2026-04-01T00:00:00.000Z","strikedate":"2026-04-01T00:00:00.000Z","event_type":"Rocket Attack","actor":"Hezbollah","site_type":"civilian","siteStype":"","city":"Kiryat Shmona","province":"","country":"Israel","latitude":33.207963,"longitude":35.56660336,"coord_type":"general town","source_1":"https://t.me/mmirleb/13816","source_2":"","sources":""}},{"type":"Feature","geometry":{"type":"Point","coordinates":[35.54865047,33.24797699999999]},"properties":{"event_id":201517,"data_org":"Green","post_date":"2026-04-01T00:00:00.000Z","pub_date":"2026-04-01T00:00:00.000Z","strikedate":"2026-04-01T00:00:00.000Z","event_type":"Rocket Attack","actor":"Hezbollah","site_type":"military","siteStype":"","city":"Misgav Am","province":"","country":"Israel","latitude":33.247977,"longitude":35.54865047,"coord_type":"general town","source_1":"https://t.me/mmirleb/13818","source_2":"","sources":""}},{"type":"Feature","geometry":{"type":"Point","coordinates":[35.56660336,33.20796299999999]},"properties":{"event_id":201524,"data_org":"Green","post_date":"2026-04-01T00:00:00.000Z","pub_date":"2026-04-01T00:00:00.000Z","strikedate":"2026-04-01T00:00:00.000Z","event_type":"Drone Attack","actor":"Hezbollah","site_type":"civilian","siteStype":"","city":"Kiryat Shmona","province":"","country":"Israel","latitude":33.207963,"longitude":35.56660336,"coord_type":"general town","source_1":"https://t.me/mmirleb/13836","source_2":"","sources":""}},{"type":"Feature","geometry":{"type":"Point","coordinates":[35.496437,32.77842]},"properties":{"event_id":201526,"data_org":"Green","post_date":"2026-04-01T00:00:00.000Z","pub_date":"2026-04-01T00:00:00.000Z","strikedate":"2026-04-01T00:00:00.000Z","event_type":"Rocket Attack","actor":"Hezbollah","site_type":"military","siteStype":"military : base","city":"Lake Tiberias","province":"","country":"Israel","latitude":32.77842,"longitude":35.496437,"coord_type":"general town","source_1":"https://t.me/mmirleb/13840","source_2":"","sources":""}},{"type":"Feature","geometry":{"type":"Point","coordinates":[35.552448,33.10228]},"properties":{"event_id":201527,"data_org":"Green","post_date":"2026-04-01T00:00:00.000Z","pub_date":"2026-04-01T00:00:00.000Z","strikedate":"2026-04-01T00:00:00.000Z","event_type":"Rocket Attack","actor":"Hezbollah","site_type":"","siteStype":"","city":"Ramot Naftali","province":"","country":"Israel","latitude":33.10228,"longitude":35.552448,"coord_type":"","source_1":"https://t.me/mmirleb/13842","source_2":"","sources":""}},{"type":"Feature","geometry":{"type":"Point","coordinates":[35.56660336,33.20796299999999]},"properties":{"event_id":201494,"data_org":"Green","post_date":"2026-04-01T00:00:00.000Z","pub_date":"2026-04-01T00:00:00.000Z","strikedate":"2026-04-01T00:00:00.000Z","event_type":"Rocket Attack","actor":"Hezbollah","site_type":"","siteStype":"","city":"Kiryat Shmona","province":"","country":"Israel","latitude":33.207963,"longitude":35.56660336,"coord_type":"general town","source_1":"https://x.com/manniefabian/status/2039320363113345031?s=20","source_2":"https://t.me/moriahdoron/29319","sources":""}},{"type":"Feature","geometry":{"type":"Point","coordinates":[35.582281,33.20796299999999]},"properties":{"event_id":201529,"data_org":"Green","post_date":"2026-04-01T00:00:00.000Z","pub_date":"2026-04-01T00:00:00.000Z","strikedate":"2026-04-01T00:00:00.000Z","event_type":"Rocket Attack","actor":"Hezbollah","site_type":"civilian","siteStype":"","city":"Kiryat Shmona","province":"","country":"Israel","latitude":33.207963,"longitude":35.582281,"coord_type":"exact","source_1":"https://t.me/mmirleb/13846","source_2":"https://t.me/naya_foriraq/67564?single","sources":"https://x.com/acceladealer/status/2039323158377841068; https://x.com/EndlessWint_r/status/2039325650226463087; https://x.com/TheCradleMedia/status/2039316385931681932"}},{"type":"Feature","geometry":{"type":"Point","coordinates":[35.467033,33.091807]},"properties":{"event_id":201533,"data_org":"Green","post_date":"2026-04-01T00:00:00.000Z","pub_date":"2026-04-01T00:00:00.000Z","strikedate":"2026-04-01T00:00:00.000Z","event_type":"Rocket Attack","actor":"Hezbollah","site_type":"military","siteStype":"","city":"Avivim","province":"","country":"Israel","latitude":33.091807,"longitude":35.467033,"coord_type":"general town","source_1":"https://t.me/mmirleb/13859","source_2":"","sources":""}},{"type":"Feature","geometry":{"type":"Point","coordinates":[35.14897877,33.020958]},"properties":{"event_id":201534,"data_org":"Green","post_date":"2026-04-01T00:00:00.000Z","pub_date":"2026-04-01T00:00:00.000Z","strikedate":"2026-04-01T00:00:00.000Z","event_type":"Rocket Attack","actor":"Hezbollah","site_type":"civilian","siteStype":"","city":"Kabri","province":"","country":"Israel","latitude":33.020958,"longitude":35.14897877,"coord_type":"general town","source_1":"https://t.me/mmirleb/13861","source_2":"","sources":""}},{"type":"Feature","geometry":{"type":"Point","coordinates":[35.09660022,33.011093]},"properties":{"event_id":201535,"data_org":"Green","post_date":"2026-04-01T00:00:00.000Z","pub_date":"2026-04-01T00:00:00.000Z","strikedate":"2026-04-01T00:00:00.000Z","event_type":"Rocket Attack","actor":"Hezbollah","site_type":"civilian","siteStype":"","city":"Nahariyya","province":"","country":"Israel","latitude":33.011093,"longitude":35.09660022,"coord_type":"general town","source_1":"https://t.me/mmirleb/13863","source_2":"","sources":""}},{"type":"Feature","geometry":{"type":"Point","coordinates":[35.608889,33.24111099999998]},"properties":{"event_id":201546,"data_org":"Green","post_date":"2026-04-01T00:00:00.000Z","pub_date":"2026-04-01T00:00:00.000Z","strikedate":"2026-04-01T00:00:00.000Z","event_type":"Rocket Attack","actor":"Hezbollah","site_type":"","siteStype":"","city":"Mayan Baruch","province":"","country":"Israel","latitude":33.241111,"longitude":35.608889,"coord_type":"general town","source_1":"https://t.me/mmirleb/13883","source_2":"","sources":""}},{"type":"Feature","geometry":{"type":"Point","coordinates":[35.28432217,33.08389699999999]},"properties":{"event_id":201551,"data_org":"Green","post_date":"2026-04-01T00:00:00.000Z","pub_date":"2026-04-01T00:00:00.000Z","strikedate":"2026-04-01T00:00:00.000Z","event_type":"Mortar Attack","actor":"Hezbollah","site_type":"military","siteStype":"","city":"Shomera","province":"","country":"Israel","latitude":33.083897,"longitude":35.28432217,"coord_type":"general town","source_1":"https://t.me/mmirleb/13893","source_2":"","sources":""}},{"type":"Feature","geometry":{"type":"Point","coordinates":[35.096741,33.00806999999999]},"properties":{"event_id":201555,"data_org":"Green","post_date":"2026-04-01T00:00:00.000Z","pub_date":"2026-04-01T00:00:00.000Z","strikedate":"2026-04-01T00:00:00.000Z","event_type":"Rocket Attack","actor":"Hezbollah","site_type":"civilian","siteStype":"","city":"Nahariyya","province":"","country":"Israel","latitude":33.00807,"longitude":35.096741,"coord_type":"general town","source_1":"https://t.me/mmirleb/13902","source_2":"","sources":""}},{"type":"Feature","geometry":{"type":"Point","coordinates":[35.494035,32.96375599999999]},"properties":{"event_id":201556,"data_org":"Green","post_date":"2026-04-01T00:00:00.000Z","pub_date":"2026-04-01T00:00:00.000Z","strikedate":"2026-04-01T00:00:00.000Z","event_type":"Drone Attack","actor":"Hezbollah","site_type":"military","siteStype":"","city":"Safed","province":"","country":"Israel","latitude":32.963756,"longitude":35.494035,"coord_type":"general town","source_1":"https://t.me/mmirleb/13904","source_2":"","sources":""}},{"type":"Feature","geometry":{"type":"Point","coordinates":[35.598333,33.24666700000001]},"properties":{"event_id":201559,"data_org":"Green","post_date":"2026-04-01T00:00:00.000Z","pub_date":"2026-04-01T00:00:00.000Z","strikedate":"2026-04-01T00:00:00.000Z","event_type":"Rocket Attack","actor":"Hezbollah","site_type":"military","siteStype":"","city":"Kfar Yuval","province":"","country":"Israel","latitude":33.246667,"longitude":35.598333,"coord_type":"general town","source_1":"https://t.me/mmirleb/13908","source_2":"","sources":""}},{"type":"Feature","geometry":{"type":"Point","coordinates":[35.575,33.24249999999999]},"properties":{"event_id":201560,"data_org":"Green","post_date":"2026-04-01T00:00:00.000Z","pub_date":"2026-04-01T00:00:00.000Z","strikedate":"2026-04-01T00:00:00.000Z","event_type":"Rocket Attack","actor":"Hezbollah","site_type":"military","siteStype":"","city":"Kfar Giladi","province":"","country":"Israel","latitude":33.2425,"longitude":35.575,"coord_type":"general town","source_1":"https://t.me/mmirleb/13910","source_2":"","sources":""}},{"type":"Feature","geometry":{"type":"Point","coordinates":[35.578924,33.27715699999999]},"properties":{"event_id":201561,"data_org":"Green","post_date":"2026-04-01T00:00:00.000Z","pub_date":"2026-04-01T00:00:00.000Z","strikedate":"2026-04-01T00:00:00.000Z","event_type":"Rocket Attack","actor":"Hezbollah","site_type":"military","siteStype":"","city":"Metula","province":"","country":"Israel","latitude":33.277157,"longitude":35.578924,"coord_type":"general town","source_1":"https://t.me/mmirleb/13912","source_2":"","sources":""}},{"type":"Feature","geometry":{"type":"Point","coordinates":[35.54865047,33.24797699999999]},"properties":{"event_id":201562,"data_org":"Green","post_date":"2026-04-01T00:00:00.000Z","pub_date":"2026-04-01T00:00:00.000Z","strikedate":"2026-04-01T00:00:00.000Z","event_type":"Rocket Attack","actor":"Hezbollah","site_type":"military","siteStype":"","city":"Misgav Am","province":"","country":"Israel","latitude":33.247977,"longitude":35.54865047,"coord_type":"general town","source_1":"https://t.me/mmirleb/13914","source_2":"","sources":""}},{"type":"Feature","geometry":{"type":"Point","coordinates":[35.14611236,33.075982999999994]},"properties":{"event_id":201483,"data_org":"Green","post_date":"2026-03-31T00:00:00.000Z","pub_date":"2026-04-01T00:00:00.000Z","strikedate":"2026-03-31T00:00:00.000Z","event_type":"Rocket Attack","actor":"Hezbollah","site_type":"civilian","siteStype":"","city":"Shlomi","province":"","country":"Israel","latitude":33.075983,"longitude":35.14611236,"coord_type":"general town","source_1":"https://t.me/mmirleb/13757","source_2":"","sources":""}},{"type":"Feature","geometry":{"type":"Point","coordinates":[35.28432217,33.08389699999999]},"properties":{"event_id":201484,"data_org":"Green","post_date":"2026-03-31T00:00:00.000Z","pub_date":"2026-04-01T00:00:00.000Z","strikedate":"2026-03-31T00:00:00.000Z","event_type":"Rocket Attack","actor":"Hezbollah","site_type":"civilian","siteStype":"","city":"Shomera","province":"","country":"Israel","latitude":33.083897,"longitude":35.28432217,"coord_type":"general town","source_1":"https://t.me/mmirleb/13759","source_2":"","sources":""}},{"type":"Feature","geometry":{"type":"Point","coordinates":[35.413586,32.99833]},"properties":{"event_id":201487,"data_org":"Green","post_date":"2026-03-31T00:00:00.000Z","pub_date":"2026-04-01T00:00:00.000Z","strikedate":"2026-03-31T00:00:00.000Z","event_type":"Rocket Attack","actor":"Hezbollah","site_type":"military","siteStype":"military : base","city":"Jish","province":"","country":"Israel","latitude":32.99833,"longitude":35.413586,"coord_type":"exact","source_1":"https://t.me/mmirleb/13763","source_2":"","sources":""}},{"type":"Feature","geometry":{"type":"Point","coordinates":[35.51084057,33.09856700000001]},"properties":{"event_id":201490,"data_org":"Green","post_date":"2026-03-31T00:00:00.000Z","pub_date":"2026-04-01T00:00:00.000Z","strikedate":"2026-03-31T00:00:00.000Z","event_type":"Rocket Attack","actor":"Hezbollah","site_type":"civilian","siteStype":"","city":"Malkia","province":"","country":"Israel","latitude":33.098567,"longitude":35.51084057,"coord_type":"general town","source_1":"https://t.me/mmirleb/13767","source_2":"","sources":""}},{"type":"Feature","geometry":{"type":"Point","coordinates":[35.10869879,33.06743]},"properties":{"event_id":201491,"data_org":"Green","post_date":"2026-03-31T00:00:00.000Z","pub_date":"2026-04-01T00:00:00.000Z","strikedate":"2026-03-31T00:00:00.000Z","event_type":"Drone Attack","actor":"Hezbollah","site_type":"military","siteStype":"","city":"Liman","province":"","country":"Israel","latitude":33.06743,"longitude":35.10869879,"coord_type":"exact","source_1":"https://t.me/mmirleb/13769","source_2":"","sources":""}},{"type":"Feature","geometry":{"type":"Point","coordinates":[44.232993,33.26762]},"properties":{"event_id":201496,"data_org":"Green","post_date":"2026-03-31T00:00:00.000Z","pub_date":"2026-04-01T00:00:00.000Z","strikedate":"2026-03-31T00:00:00.000Z","event_type":"Drone Attack","actor":"Likely Iraqi militias","site_type":"","siteStype":"","city":"Baghdad","province":"Baghdad","country":"Iraq","latitude":33.26762,"longitude":44.232993,"coord_type":"general neighborhood","source_1":"DNGTS: https://shafaq dot com/ar/????/????????-??????-?????-???-??-?????-????-?????","source_2":"","sources":""}},{"type":"Feature","geometry":{"type":"Point","coordinates":[40.51286347,36.706411]},"properties":{"event_id":201499,"data_org":"Green","post_date":"2026-03-31T00:00:00.000Z","pub_date":"2026-04-01T00:00:00.000Z","strikedate":"2026-03-31T00:00:00.000Z","event_type":"Drone Attack","actor":"Likely Iraqi militias","site_type":"","siteStype":"","city":"","province":"Hasakah","country":"Syria","latitude":36.706411,"longitude":40.51286347,"coord_type":"exact","source_1":"DNGTS: https://shafaq dot com/ar/????/????-???-?-????-??-??????-??????-?????-??????-??-?????","source_2":"https://x.com/QalaatAlMudiq/status/2039264623686279292","sources":""}},{"type":"Feature","geometry":{"type":"Point","coordinates":[35.27721195,33.012511]},"properties":{"event_id":201502,"data_org":"Green","post_date":"2026-03-31T00:00:00.000Z","pub_date":"2026-04-01T00:00:00.000Z","strikedate":"2026-03-31T00:00:00.000Z","event_type":"Rocket Attack","actor":"Hezbollah","site_type":"military","siteStype":"military : unknown","city":"Maalot Tishriha","province":"","country":"Israel","latitude":33.012511,"longitude":35.27721195,"coord_type":"general town","source_1":"https://t.me/mmirleb/13783","source_2":"","sources":""}},{"type":"Feature","geometry":{"type":"Point","coordinates":[35.14611236,33.075982999999994]},"properties":{"event_id":201503,"data_org":"Green","post_date":"2026-03-31T00:00:00.000Z","pub_date":"2026-04-01T00:00:00.000Z","strikedate":"2026-03-31T00:00:00.000Z","event_type":"Drone Attack","actor":"Hezbollah","site_type":"civilian","siteStype":"","city":"Shlomi","province":"","country":"Israel","latitude":33.075983,"longitude":35.14611236,"coord_type":"general town","source_1":"https://t.me/mmirleb/13785","source_2":"","sources":""}},{"type":"Feature","geometry":{"type":"Point","coordinates":[35.413586,32.99833]},"properties":{"event_id":201504,"data_org":"Green","post_date":"2026-03-31T00:00:00.000Z","pub_date":"2026-04-01T00:00:00.000Z","strikedate":"2026-03-31T00:00:00.000Z","event_type":"Drone Attack","actor":"Hezbollah","site_type":"military","siteStype":"military : base","city":"Jish","province":"","country":"Israel","latitude":32.99833,"longitude":35.413586,"coord_type":"exact","source_1":"https://t.me/mmirleb/13787","source_2":"","sources":""}},{"type":"Feature","geometry":{"type":"Point","coordinates":[35.09660022,33.011093]},"properties":{"event_id":201505,"data_org":"Green","post_date":"2026-03-31T00:00:00.000Z","pub_date":"2026-04-01T00:00:00.000Z","strikedate":"2026-03-31T00:00:00.000Z","event_type":"Drone Attack","actor":"Hezbollah","site_type":"civilian","siteStype":"","city":"Nahariyya","province":"","country":"Israel","latitude":33.011093,"longitude":35.09660022,"coord_type":"general town","source_1":"https://t.me/mmirleb/13789","source_2":"","sources":""}},{"type":"Feature","geometry":{"type":"Point","coordinates":[35.288356,33.099604]},"properties":{"event_id":201506,"data_org":"Green","post_date":"2026-03-31T00:00:00.000Z","pub_date":"2026-04-01T00:00:00.000Z","strikedate":"2026-03-31T00:00:00.000Z","event_type":"Drone Attack","actor":"Hezbollah","site_type":"military","siteStype":"military : base","city":"Zarit","province":"","country":"Israel","latitude":33.099604,"longitude":35.288356,"coord_type":"general town","source_1":"https://t.me/mmirleb/13791","source_2":"","sources":""}},{"type":"Feature","geometry":{"type":"Point","coordinates":[35.01880015,32.781158]},"properties":{"event_id":201509,"data_org":"Green","post_date":"2026-03-31T00:00:00.000Z","pub_date":"2026-04-01T00:00:00.000Z","strikedate":"2026-03-31T00:00:00.000Z","event_type":"Rocket Attack","actor":"Hezbollah","site_type":"military","siteStype":"military : industrial","city":"Haifa","province":"","country":"Israel","latitude":32.781158,"longitude":35.01880015,"coord_type":"general town","source_1":"https://t.me/mmirleb/13798","source_2":"","sources":""}},{"type":"Feature","geometry":{"type":"Point","coordinates":[35.57218978,32.980824]},"properties":{"event_id":201510,"data_org":"Green","post_date":"2026-03-31T00:00:00.000Z","pub_date":"2026-04-01T00:00:00.000Z","strikedate":"2026-03-31T00:00:00.000Z","event_type":"Rocket Attack","actor":"Hezbollah","site_type":"military","siteStype":"military : base","city":"Mahnim","province":"","country":"Israel","latitude":32.980824,"longitude":35.57218978,"coord_type":"general town","source_1":"https://t.me/mmirleb/13800","source_2":"","sources":""}},{"type":"Feature","geometry":{"type":"Point","coordinates":[35.467033,33.091807]},"properties":{"event_id":201591,"data_org":"Green","post_date":"2026-04-02T00:00:00.000Z","pub_date":"2026-04-02T00:00:00.000Z","strikedate":"2026-04-02T00:00:00.000Z","event_type":"Rocket Attack","actor":"Hezbollah","site_type":"military","siteStype":"","city":"Avivim","province":"","country":"Israel","latitude":33.091807,"longitude":35.467033,"coord_type":"general town","source_1":"https://t.me/mmirleb/13966","source_2":"","sources":""}},{"type":"Feature","geometry":{"type":"Point","coordinates":[35.579136,33.280346]},"properties":{"event_id":201590,"data_org":"Green","post_date":"2026-04-02T00:00:00.000Z","pub_date":"2026-04-02T00:00:00.000Z","strikedate":"2026-04-02T00:00:00.000Z","event_type":"Rocket Attack","actor":"Hezbollah","site_type":"civilian","siteStype":"civilian : unknown","city":"Metula","province":"","country":"Israel","latitude":33.280346,"longitude":35.579136,"coord_type":"general town","source_1":"https://t.me/mmirleb/13968","source_2":"","sources":""}},{"type":"Feature","geometry":{"type":"Point","coordinates":[35.539163,32.98240899999999]},"properties":{"event_id":201569,"data_org":"Green","post_date":"2026-04-02T00:00:00.000Z","pub_date":"2026-04-02T00:00:00.000Z","strikedate":"2026-04-02T00:00:00.000Z","event_type":"Rocket Attack","actor":"Hezbollah","site_type":"civilian","siteStype":"","city":"Hatzor HaGlilit","province":"","country":"Israel","latitude":32.982409,"longitude":35.539163,"coord_type":"general town","source_1":"https://t.me/moriahdoron/29355","source_2":"","sources":""}},{"type":"Feature","geometry":{"type":"Point","coordinates":[35.570434,33.20938199999999]},"properties":{"event_id":201589,"data_org":"Green","post_date":"2026-04-02T00:00:00.000Z","pub_date":"2026-04-02T00:00:00.000Z","strikedate":"2026-04-02T00:00:00.000Z","event_type":"Rocket Attack","actor":"Hezbollah","site_type":"civilian","siteStype":"civilian : unknown","city":"Kiryat Shmona","province":"","country":"Israel","latitude":33.209382,"longitude":35.570434,"coord_type":"general town","source_1":"https://t.me/mmirleb/13970","source_2":"","sources":""}},{"type":"Feature","geometry":{"type":"Point","coordinates":[35.570434,33.20938199999999]},"properties":{"event_id":201588,"data_org":"Green","post_date":"2026-04-02T00:00:00.000Z","pub_date":"2026-04-02T00:00:00.000Z","strikedate":"2026-04-02T00:00:00.000Z","event_type":"Rocket Attack","actor":"Hezbollah","site_type":"civilian","siteStype":"civilian : unknown","city":"Kiryat Shmona","province":"","country":"Israel","latitude":33.209382,"longitude":35.570434,"coord_type":"general town","source_1":"https://t.me/mmirleb/13972","source_2":"","sources":""}},{"type":"Feature","geometry":{"type":"Point","coordinates":[35.56660336,33.20796299999999]},"properties":{"event_id":201566,"data_org":"Green","post_date":"2026-04-02T00:00:00.000Z","pub_date":"2026-04-02T00:00:00.000Z","strikedate":"2026-04-02T00:00:00.000Z","event_type":"Rocket Attack","actor":"Hezbollah","site_type":"civilian","siteStype":"","city":"Kiryat Shmona","province":"","country":"Israel","latitude":33.207963,"longitude":35.56660336,"coord_type":"general town","source_1":"https://x.com/manniefabian/status/2039613609743958214","source_2":"https://t.me/moriahdoron/29357","sources":"https://x.com/GLZRadio/status/2039592497827995999"}},{"type":"Feature","geometry":{"type":"Point","coordinates":[35.61468,33.223679999999995]},"properties":{"event_id":201567,"data_org":"Green","post_date":"2026-04-02T00:00:00.000Z","pub_date":"2026-04-02T00:00:00.000Z","strikedate":"2026-04-02T00:00:00.000Z","event_type":"Rocket Attack","actor":"Hezbollah","site_type":"civilian","siteStype":"","city":"Beit Hillel","province":"","country":"Israel","latitude":33.22368,"longitude":35.61468,"coord_type":"exact","source_1":"https://x.com/zarGEOINT/status/2039624824058794469?s=20","source_2":"https://x.com/zarGEOINT/status/2039632494765506729?s=20","sources":"https://t.me/firstreportsnews/44109"}},{"type":"Feature","geometry":{"type":"Point","coordinates":[35.579136,33.280346]},"properties":{"event_id":201586,"data_org":"Green","post_date":"2026-04-02T00:00:00.000Z","pub_date":"2026-04-02T00:00:00.000Z","strikedate":"2026-04-02T00:00:00.000Z","event_type":"Rocket Attack","actor":"Hezbollah","site_type":"civilian","siteStype":"civilian : unknown","city":"Metula","province":"","country":"Israel","latitude":33.280346,"longitude":35.579136,"coord_type":"general town","source_1":"https://t.me/mmirleb/13980","source_2":"","sources":""}},{"type":"Feature","geometry":{"type":"Point","coordinates":[35.511732,32.98117799999999]},"properties":{"event_id":201585,"data_org":"Green","post_date":"2026-04-02T00:00:00.000Z","pub_date":"2026-04-02T00:00:00.000Z","strikedate":"2026-04-02T00:00:00.000Z","event_type":"Rocket Attack","actor":"Hezbollah","site_type":"military","siteStype":"military : hq","city":"Safed","province":"","country":"Israel","latitude":32.981178,"longitude":35.511732,"coord_type":"exact","source_1":"https://t.me/mmirleb/13982","source_2":"","sources":""}},{"type":"Feature","geometry":{"type":"Point","coordinates":[35.606644,33.208295]},"properties":{"event_id":201584,"data_org":"Green","post_date":"2026-04-02T00:00:00.000Z","pub_date":"2026-04-02T00:00:00.000Z","strikedate":"2026-04-02T00:00:00.000Z","event_type":"Rocket Attack","actor":"Hezbollah","site_type":"civilian","siteStype":"civilian : unknown","city":"Beit Hillel","province":"","country":"Israel","latitude":33.208295,"longitude":35.606644,"coord_type":"general town","source_1":"https://t.me/mmirleb/13984","source_2":"","sources":""}},{"type":"Feature","geometry":{"type":"Point","coordinates":[35.56319,33.28322899999999]},"properties":{"event_id":201582,"data_org":"Green","post_date":"2026-04-02T00:00:00.000Z","pub_date":"2026-04-02T00:00:00.000Z","strikedate":"2026-04-02T00:00:00.000Z","event_type":"Rocket Attack","actor":"Hezbollah","site_type":"military","siteStype":"military : border protection","city":"Metula","province":"","country":"Israel","latitude":33.283229,"longitude":35.56319,"coord_type":"exact","source_1":"https://t.me/mmirleb/13986","source_2":"","sources":""}},{"type":"Feature","geometry":{"type":"Point","coordinates":[35.548455,33.247621999999986]},"properties":{"event_id":201580,"data_org":"Green","post_date":"2026-04-02T00:00:00.000Z","pub_date":"2026-04-02T00:00:00.000Z","strikedate":"2026-04-02T00:00:00.000Z","event_type":"Rocket Attack","actor":"Hezbollah","site_type":"military","siteStype":"","city":"Misgav Am","province":"","country":"Israel","latitude":33.247622,"longitude":35.548455,"coord_type":"general town","source_1":"https://t.me/mmirleb/13990","source_2":"","sources":""}},{"type":"Feature","geometry":{"type":"Point","coordinates":[35.544154,33.215201]},"properties":{"event_id":201577,"data_org":"Green","post_date":"2026-04-02T00:00:00.000Z","pub_date":"2026-04-02T00:00:00.000Z","strikedate":"2026-04-02T00:00:00.000Z","event_type":"Rocket Attack","actor":"Hezbollah","site_type":"military","siteStype":"military : base","city":"Margaliot","province":"","country":"Israel","latitude":33.215201,"longitude":35.544154,"coord_type":"general town","source_1":"https://t.me/mmirleb/13996","source_2":"","sources":""}},{"type":"Feature","geometry":{"type":"Point","coordinates":[35.573977,33.243179999999995]},"properties":{"event_id":201578,"data_org":"Green","post_date":"2026-04-02T00:00:00.000Z","pub_date":"2026-04-02T00:00:00.000Z","strikedate":"2026-04-02T00:00:00.000Z","event_type":"Rocket Attack","actor":"Hezbollah","site_type":"military","siteStype":"military : base","city":"Kfar Giladi","province":"","country":"Israel","latitude":33.24318,"longitude":35.573977,"coord_type":"general town","source_1":"https://t.me/mmirleb/13996","source_2":"","sources":""}},{"type":"Feature","geometry":{"type":"Point","coordinates":[35.071367,32.84203999999999]},"properties":{"event_id":201570,"data_org":"Green","post_date":"2026-04-02T00:00:00.000Z","pub_date":"2026-04-02T00:00:00.000Z","strikedate":"2026-04-02T00:00:00.000Z","event_type":"Rocket Attack","actor":"Hezbollah","site_type":"unknown","siteStype":"","city":"Krayot","province":"","country":"Israel","latitude":32.84204,"longitude":35.071367,"coord_type":"general town","source_1":"https://t.me/manniefabian/57299","source_2":"","sources":""}},{"type":"Feature","geometry":{"type":"Point","coordinates":[35.071367,32.84203999999999]},"properties":{"event_id":201576,"data_org":"Green","post_date":"2026-04-02T00:00:00.000Z","pub_date":"2026-04-02T00:00:00.000Z","strikedate":"2026-04-02T00:00:00.000Z","event_type":"Rocket Attack","actor":"Hezbollah","site_type":"civilian","siteStype":"civilian : industrial","city":"Krayot","province":"","country":"Israel","latitude":32.84204,"longitude":35.071367,"coord_type":"general town","source_1":"https://t.me/mmirleb/14002","source_2":"https://x.com/manniefabian/status/2039679852463190184","sources":""}},{"type":"Feature","geometry":{"type":"Point","coordinates":[35.105186,33.09389099999999]},"properties":{"event_id":201575,"data_org":"Green","post_date":"2026-04-02T00:00:00.000Z","pub_date":"2026-04-02T00:00:00.000Z","strikedate":"2026-04-02T00:00:00.000Z","event_type":"Rocket Attack","actor":"Hezbollah","site_type":"military","siteStype":"military : border protection","city":"Kfar Rosh HaNikra","province":"","country":"Israel","latitude":33.093891,"longitude":35.105186,"coord_type":"exact","source_1":"https://t.me/mmirleb/14004","source_2":"","sources":""}},{"type":"Feature","geometry":{"type":"Point","coordinates":[35.147018,33.072827]},"properties":{"event_id":201573,"data_org":"Green","post_date":"2026-04-02T00:00:00.000Z","pub_date":"2026-04-02T00:00:00.000Z","strikedate":"2026-04-02T00:00:00.000Z","event_type":"Rocket Attack","actor":"Hezbollah","site_type":"civilian","siteStype":"civilian : unknown","city":"Shlomi","province":"","country":"Israel","latitude":33.072827,"longitude":35.147018,"coord_type":"general town","source_1":"https://t.me/mmirleb/14006","source_2":"","sources":""}},{"type":"Feature","geometry":{"type":"Point","coordinates":[35.096741,33.00806999999999]},"properties":{"event_id":201597,"data_org":"Green","post_date":"2026-04-02T00:00:00.000Z","pub_date":"2026-04-02T00:00:00.000Z","strikedate":"2026-04-02T00:00:00.000Z","event_type":"Rocket Attack","actor":"Hezbollah","site_type":"civilian","siteStype":"civilian : unknown","city":"Nahariyya","province":"","country":"Israel","latitude":33.00807,"longitude":35.096741,"coord_type":"general town","source_1":"https://t.me/mmirleb/14009","source_2":"https://x.com/manniefabian/status/2039704032420204928","sources":""}},{"type":"Feature","geometry":{"type":"Point","coordinates":[35.467033,33.091807]},"properties":{"event_id":201598,"data_org":"Green","post_date":"2026-04-02T00:00:00.000Z","pub_date":"2026-04-02T00:00:00.000Z","strikedate":"2026-04-02T00:00:00.000Z","event_type":"Rocket Attack","actor":"Hezbollah","site_type":"military","siteStype":"","city":"Avivim","province":"","country":"Israel","latitude":33.091807,"longitude":35.467033,"coord_type":"general town","source_1":"https://t.me/mmirleb/14018","source_2":"","sources":""}},{"type":"Feature","geometry":{"type":"Point","coordinates":[35.50772,33.112657]},"properties":{"event_id":201599,"data_org":"Green","post_date":"2026-04-02T00:00:00.000Z","pub_date":"2026-04-02T00:00:00.000Z","strikedate":"2026-04-02T00:00:00.000Z","event_type":"Rocket Attack","actor":"Hezbollah","site_type":"military","siteStype":"","city":"Malikiyah","province":"","country":"Israel","latitude":33.112657,"longitude":35.50772,"coord_type":"exact","source_1":"https://t.me/mmirleb/14020","source_2":"","sources":""}},{"type":"Feature","geometry":{"type":"Point","coordinates":[35.272071,32.930354]},"properties":{"event_id":201600,"data_org":"Green","post_date":"2026-04-02T00:00:00.000Z","pub_date":"2026-04-02T00:00:00.000Z","strikedate":"2026-04-02T00:00:00.000Z","event_type":"Rocket Attack","actor":"Hezbollah","site_type":"civilian","siteStype":"","city":"Biina","province":"","country":"Israel","latitude":32.930354,"longitude":35.272071,"coord_type":"general town","source_1":"https://x.com/manniefabian/status/2039730276880789712","source_2":"DNGTS: https://www.aljazeera dot com/news/liveblog/2026/4/2/iran-war-live-trump-to-address-nation-tehran-denies-seeking-ceasefire?update=4456694","sources":""}},{"type":"Feature","geometry":{"type":"Point","coordinates":[35.570434,33.20938199999999]},"properties":{"event_id":201601,"data_org":"Green","post_date":"2026-04-02T00:00:00.000Z","pub_date":"2026-04-02T00:00:00.000Z","strikedate":"2026-04-02T00:00:00.000Z","event_type":"Rocket Attack","actor":"Hezbollah","site_type":"civilian","siteStype":"civilian : unknown","city":"Kiryat Shmona","province":"","country":"Israel","latitude":33.209382,"longitude":35.570434,"coord_type":"general town","source_1":"https://t.me/mmirleb/14033","source_2":"","sources":""}},{"type":"Feature","geometry":{"type":"Point","coordinates":[35.290023,32.913798]},"properties":{"event_id":201602,"data_org":"Green","post_date":"2026-04-02T00:00:00.000Z","pub_date":"2026-04-02T00:00:00.000Z","strikedate":"2026-04-02T00:00:00.000Z","event_type":"Rocket Attack","actor":"Hezbollah","site_type":"military","siteStype":"military : unknown","city":"Karmiel","province":"","country":"Israel","latitude":32.913798,"longitude":35.290023,"coord_type":"general town","source_1":"https://t.me/mmirleb/14035","source_2":"","sources":""}},{"type":"Feature","geometry":{"type":"Point","coordinates":[35.5182,32.916135]},"properties":{"event_id":201603,"data_org":"Green","post_date":"2026-04-02T00:00:00.000Z","pub_date":"2026-04-02T00:00:00.000Z","strikedate":"2026-04-02T00:00:00.000Z","event_type":"Rocket Attack","actor":"Hezbollah","site_type":"military","siteStype":"military : base","city":"Amiad","province":"","country":"Israel","latitude":32.916135,"longitude":35.5182,"coord_type":"general neighborhood","source_1":"https://t.me/mmirleb/14040","source_2":"","sources":""}},{"type":"Feature","geometry":{"type":"Point","coordinates":[35.5483,32.95764499999999]},"properties":{"event_id":201604,"data_org":"Green","post_date":"2026-04-02T00:00:00.000Z","pub_date":"2026-04-02T00:00:00.000Z","strikedate":"2026-04-02T00:00:00.000Z","event_type":"Rocket Attack","actor":"Hezbollah","site_type":"military","siteStype":"military : base","city":"Rosh Pinna","province":"","country":"Israel","latitude":32.957645,"longitude":35.5483,"coord_type":"general neighborhood","source_1":"https://t.me/mmirleb/14040","source_2":"","sources":""}},{"type":"Feature","geometry":{"type":"Point","coordinates":[35.546156,33.220789999999994]},"properties":{"event_id":201571,"data_org":"Green","post_date":"2026-04-01T00:00:00.000Z","pub_date":"2026-04-02T00:00:00.000Z","strikedate":"2026-04-01T00:00:00.000Z","event_type":"Rocket Attack","actor":"Hezbollah","site_type":"military","siteStype":"","city":"Wadi Hounine","province":"","country":"Israel","latitude":33.22079,"longitude":35.546156,"coord_type":"general neighborhood","source_1":"https://t.me/mmirleb/13918","source_2":"","sources":""}},{"type":"Feature","geometry":{"type":"Point","coordinates":[35.50772,33.112657]},"properties":{"event_id":201572,"data_org":"Green","post_date":"2026-04-01T00:00:00.000Z","pub_date":"2026-04-02T00:00:00.000Z","strikedate":"2026-04-01T00:00:00.000Z","event_type":"Rocket Attack","actor":"Hezbollah","site_type":"military","siteStype":"","city":"Malikiyah","province":"","country":"Israel","latitude":33.112657,"longitude":35.50772,"coord_type":"exact","source_1":"https://t.me/mmirleb/13920","source_2":"","sources":""}},{"type":"Feature","geometry":{"type":"Point","coordinates":[35.467033,33.091807]},"properties":{"event_id":201574,"data_org":"Green","post_date":"2026-04-01T00:00:00.000Z","pub_date":"2026-04-02T00:00:00.000Z","strikedate":"2026-04-01T00:00:00.000Z","event_type":"Rocket Attack","actor":"Hezbollah","site_type":"military","siteStype":"military : base","city":"Avivim","province":"","country":"Israel","latitude":33.091807,"longitude":35.467033,"coord_type":"general town","source_1":"https://t.me/mmirleb/13922","source_2":"","sources":""}},{"type":"Feature","geometry":{"type":"Point","coordinates":[35.139764,33.017830000000004]},"properties":{"event_id":201579,"data_org":"Green","post_date":"2026-04-01T00:00:00.000Z","pub_date":"2026-04-02T00:00:00.000Z","strikedate":"2026-04-01T00:00:00.000Z","event_type":"Rocket Attack","actor":"Hezbollah","site_type":"military","siteStype":"military : hq","city":"Jaatoun","province":"","country":"Israel","latitude":33.01783,"longitude":35.139764,"coord_type":"general neighborhood","source_1":"https://t.me/mmirleb/13934","source_2":"","sources":""}},{"type":"Feature","geometry":{"type":"Point","coordinates":[35.50772,33.112657]},"properties":{"event_id":201581,"data_org":"Green","post_date":"2026-04-01T00:00:00.000Z","pub_date":"2026-04-02T00:00:00.000Z","strikedate":"2026-04-01T00:00:00.000Z","event_type":"Rocket Attack","actor":"Hezbollah","site_type":"military","siteStype":"","city":"Malikiyah","province":"","country":"Israel","latitude":33.112657,"longitude":35.50772,"coord_type":"exact","source_1":"https://t.me/mmirleb/13950","source_2":"","sources":""}},{"type":"Feature","geometry":{"type":"Point","coordinates":[35.50772,33.112657]},"properties":{"event_id":201583,"data_org":"Green","post_date":"2026-04-01T00:00:00.000Z","pub_date":"2026-04-02T00:00:00.000Z","strikedate":"2026-04-01T00:00:00.000Z","event_type":"Rocket Attack","actor":"Hezbollah","site_type":"military","siteStype":"","city":"Malikiyah","province":"","country":"Israel","latitude":33.112657,"longitude":35.50772,"coord_type":"exact","source_1":"https://t.me/mmirleb/13954","source_2":"","sources":""}},{"type":"Feature","geometry":{"type":"Point","coordinates":[35.579136,33.280346]},"properties":{"event_id":201587,"data_org":"Green","post_date":"2026-04-01T00:00:00.000Z","pub_date":"2026-04-02T00:00:00.000Z","strikedate":"2026-04-01T00:00:00.000Z","event_type":"Rocket Attack","actor":"Hezbollah","site_type":"military","siteStype":"military : ground vehicle","city":"Metula","province":"","country":"Israel","latitude":33.280346,"longitude":35.579136,"coord_type":"general town","source_1":"https://t.me/mmirleb/13956","source_2":"","sources":""}},{"type":"Feature","geometry":{"type":"Point","coordinates":[35.112165,32.80825999999998]},"properties":{"event_id":201596,"data_org":"Green","post_date":"2026-04-01T00:00:00.000Z","pub_date":"2026-04-02T00:00:00.000Z","strikedate":"2026-04-01T00:00:00.000Z","event_type":"Rocket Attack","actor":"Hezbollah","site_type":"military","siteStype":"military : unknown","city":"Kiryat Ata","province":"","country":"Israel","latitude":32.80826,"longitude":35.112165,"coord_type":"general town","source_1":"https://t.me/mmirleb/13958","source_2":"","sources":""}},{"type":"Feature","geometry":{"type":"Point","coordinates":[35.294744,33.074522]},"properties":{"event_id":201595,"data_org":"Green","post_date":"2026-04-01T00:00:00.000Z","pub_date":"2026-04-02T00:00:00.000Z","strikedate":"2026-04-01T00:00:00.000Z","event_type":"Drone Attack","actor":"Hezbollah","site_type":"civilian","siteStype":"civilian : unknown","city":"Even Menachem","province":"","country":"Israel","latitude":33.074522,"longitude":35.294744,"coord_type":"general town","source_1":"https://t.me/mmirleb/13960","source_2":"","sources":""}},{"type":"Feature","geometry":{"type":"Point","coordinates":[35.454855,33.07726699999999]},"properties":{"event_id":201594,"data_org":"Green","post_date":"2026-04-01T00:00:00.000Z","pub_date":"2026-04-02T00:00:00.000Z","strikedate":"2026-04-01T00:00:00.000Z","event_type":"Rocket Attack","actor":"Hezbollah","site_type":"military","siteStype":"","city":"Yiron","province":"","country":"Israel","latitude":33.077267,"longitude":35.454855,"coord_type":"general town","source_1":"https://t.me/mmirleb/13962","source_2":"","sources":""}},{"type":"Feature","geometry":{"type":"Point","coordinates":[35.511656,33.099824999999996]},"properties":{"event_id":201593,"data_org":"Green","post_date":"2026-04-01T00:00:00.000Z","pub_date":"2026-04-02T00:00:00.000Z","strikedate":"2026-04-01T00:00:00.000Z","event_type":"Rocket Attack","actor":"Hezbollah","site_type":"military","siteStype":"","city":"Malkia","province":"","country":"Israel","latitude":33.099825,"longitude":35.511656,"coord_type":"general town","source_1":"https://t.me/mmirleb/13964","source_2":"","sources":""}},{"type":"Feature","geometry":{"type":"Point","coordinates":[35.255977,33.026464]},"properties":{"event_id":201611,"data_org":"Green","post_date":"2026-04-03T00:00:00.000Z","pub_date":"2026-04-03T00:00:00.000Z","strikedate":"2026-04-03T00:00:00.000Z","event_type":"Drone Attack","actor":"Hezbollah","site_type":"","siteStype":"","city":"Mi'ilya","province":"","country":"Israel","latitude":33.026464,"longitude":35.255977,"coord_type":"general town","source_1":"https://t.me/mmirleb/14066","source_2":"","sources":""}},{"type":"Feature","geometry":{"type":"Point","coordinates":[35.50772,33.112657]},"properties":{"event_id":201612,"data_org":"Green","post_date":"2026-04-03T00:00:00.000Z","pub_date":"2026-04-03T00:00:00.000Z","strikedate":"2026-04-03T00:00:00.000Z","event_type":"Rocket Attack","actor":"Hezbollah","site_type":"military","siteStype":"","city":"Malikiyah","province":"","country":"Israel","latitude":33.112657,"longitude":35.50772,"coord_type":"exact","source_1":"https://t.me/mmirleb/14069","source_2":"","sources":""}},{"type":"Feature","geometry":{"type":"Point","coordinates":[35.570434,33.20938199999999]},"properties":{"event_id":201613,"data_org":"Green","post_date":"2026-04-03T00:00:00.000Z","pub_date":"2026-04-03T00:00:00.000Z","strikedate":"2026-04-03T00:00:00.000Z","event_type":"Rocket Attack","actor":"Hezbollah","site_type":"civilian","siteStype":"","city":"Kiryat Shmona","province":"","country":"Israel","latitude":33.209382,"longitude":35.570434,"coord_type":"general town","source_1":"https://t.me/mmirleb/14071","source_2":"https://t.me/IL_RedAlerts/38586","sources":""}},{"type":"Feature","geometry":{"type":"Point","coordinates":[35.579136,33.280346]},"properties":{"event_id":201614,"data_org":"Green","post_date":"2026-04-03T00:00:00.000Z","pub_date":"2026-04-03T00:00:00.000Z","strikedate":"2026-04-03T00:00:00.000Z","event_type":"Rocket Attack","actor":"Hezbollah","site_type":"civilian","siteStype":"","city":"Metula","province":"","country":"Israel","latitude":33.280346,"longitude":35.579136,"coord_type":"general town","source_1":"https://t.me/mmirleb/14073","source_2":"","sources":""}},{"type":"Feature","geometry":{"type":"Point","coordinates":[35.570434,33.20938199999999]},"properties":{"event_id":201616,"data_org":"Green","post_date":"2026-04-03T00:00:00.000Z","pub_date":"2026-04-03T00:00:00.000Z","strikedate":"2026-04-03T00:00:00.000Z","event_type":"Rocket Attack","actor":"Hezbollah","site_type":"civilian","siteStype":"","city":"Kiryat Shmona","province":"","country":"Israel","latitude":33.209382,"longitude":35.570434,"coord_type":"general town","source_1":"https://t.me/mmirleb/14075","source_2":"https://t.me/IL_RedAlerts/38610","sources":""}},{"type":"Feature","geometry":{"type":"Point","coordinates":[35.570434,33.20938199999999]},"properties":{"event_id":201618,"data_org":"Green","post_date":"2026-04-03T00:00:00.000Z","pub_date":"2026-04-03T00:00:00.000Z","strikedate":"2026-04-03T00:00:00.000Z","event_type":"Rocket Attack","actor":"Hezbollah","site_type":"civilian","siteStype":"","city":"Kiryat Shmona","province":"","country":"Israel","latitude":33.209382,"longitude":35.570434,"coord_type":"general town","source_1":"https://t.me/mmirleb/14077","source_2":"","sources":""}},{"type":"Feature","geometry":{"type":"Point","coordinates":[35.570434,33.20938199999999]},"properties":{"event_id":201619,"data_org":"Green","post_date":"2026-04-03T00:00:00.000Z","pub_date":"2026-04-03T00:00:00.000Z","strikedate":"2026-04-03T00:00:00.000Z","event_type":"Rocket Attack","actor":"Hezbollah","site_type":"civilian","siteStype":"","city":"Kiryat Shmona","province":"","country":"Israel","latitude":33.209382,"longitude":35.570434,"coord_type":"general town","source_1":"https://t.me/mmirleb/14079","source_2":"","sources":""}},{"type":"Feature","geometry":{"type":"Point","coordinates":[35.544313,33.216462]},"properties":{"event_id":201620,"data_org":"Green","post_date":"2026-04-03T00:00:00.000Z","pub_date":"2026-04-03T00:00:00.000Z","strikedate":"2026-04-03T00:00:00.000Z","event_type":"Rocket Attack","actor":"Hezbollah","site_type":"military","siteStype":"","city":"Margaliot","province":"","country":"Israel","latitude":33.216462,"longitude":35.544313,"coord_type":"general town","source_1":"https://t.me/mmirleb/14081","source_2":"","sources":""}},{"type":"Feature","geometry":{"type":"Point","coordinates":[35.54991802,33.225767649999995]},"properties":{"event_id":201621,"data_org":"Green","post_date":"2026-04-03T00:00:00.000Z","pub_date":"2026-04-03T00:00:00.000Z","strikedate":"2026-04-03T00:00:00.000Z","event_type":"Rocket Attack","actor":"Hezbollah","site_type":"military","siteStype":"military : hq","city":"Kiryat Shmona","province":"","country":"Israel","latitude":33.22576765,"longitude":35.54991802,"coord_type":"exact","source_1":"https://t.me/mmirleb/14083","source_2":"","sources":""}},{"type":"Feature","geometry":{"type":"Point","coordinates":[35.579136,33.280346]},"properties":{"event_id":201622,"data_org":"Green","post_date":"2026-04-03T00:00:00.000Z","pub_date":"2026-04-03T00:00:00.000Z","strikedate":"2026-04-03T00:00:00.000Z","event_type":"Rocket Attack","actor":"Hezbollah","site_type":"civilian","siteStype":"","city":"Metula","province":"","country":"Israel","latitude":33.280346,"longitude":35.579136,"coord_type":"general town","source_1":"https://t.me/mmirleb/14086","source_2":"","sources":""}},{"type":"Feature","geometry":{"type":"Point","coordinates":[35.607416,33.241308]},"properties":{"event_id":201626,"data_org":"Green","post_date":"2026-04-03T00:00:00.000Z","pub_date":"2026-04-03T00:00:00.000Z","strikedate":"2026-04-03T00:00:00.000Z","event_type":"Rocket Attack","actor":"Hezbollah","site_type":"civilian","siteStype":"","city":"Ma'ayan Baruch","province":"","country":"Israel","latitude":33.241308,"longitude":35.607416,"coord_type":"general town","source_1":"https://t.me/mmirleb/14086","source_2":"https://t.me/IL_RedAlerts/38622","sources":""}},{"type":"Feature","geometry":{"type":"Point","coordinates":[35.548951,33.247752999999996]},"properties":{"event_id":201628,"data_org":"Green","post_date":"2026-04-03T00:00:00.000Z","pub_date":"2026-04-03T00:00:00.000Z","strikedate":"2026-04-03T00:00:00.000Z","event_type":"Rocket Attack","actor":"Hezbollah","site_type":"military","siteStype":"","city":"Misgav Am","province":"","country":"Israel","latitude":33.247753,"longitude":35.548951,"coord_type":"general town","source_1":"https://t.me/mmirleb/14088","source_2":"","sources":""}},{"type":"Feature","geometry":{"type":"Point","coordinates":[35.716473,33.170829999999995]},"properties":{"event_id":201630,"data_org":"Green","post_date":"2026-04-03T00:00:00.000Z","pub_date":"2026-04-03T00:00:00.000Z","strikedate":"2026-04-03T00:00:00.000Z","event_type":"Rocket Attack","actor":"Hezbollah","site_type":"","siteStype":"","city":"","province":"","country":"Israel","latitude":33.17083,"longitude":35.716473,"coord_type":"exact","source_1":"https://t.me/mmirleb/14094","source_2":"","sources":""}},{"type":"Feature","geometry":{"type":"Point","coordinates":[35.570434,33.20938199999999]},"properties":{"event_id":201631,"data_org":"Green","post_date":"2026-04-03T00:00:00.000Z","pub_date":"2026-04-03T00:00:00.000Z","strikedate":"2026-04-03T00:00:00.000Z","event_type":"Rocket Attack","actor":"Hezbollah","site_type":"civilian","siteStype":"civilian : unknown","city":"Kiryat Shmona","province":"","country":"Israel","latitude":33.209382,"longitude":35.570434,"coord_type":"general town","source_1":"https://t.me/mmirleb/14096","source_2":"","sources":""}},{"type":"Feature","geometry":{"type":"Point","coordinates":[35.549728,33.22539499999999]},"properties":{"event_id":201629,"data_org":"Green","post_date":"2026-04-03T00:00:00.000Z","pub_date":"2026-04-03T00:00:00.000Z","strikedate":"2026-04-03T00:00:00.000Z","event_type":"Rocket Attack","actor":"Hezbollah","site_type":"military","siteStype":"military : base","city":"Margaliot","province":"","country":"Israel","latitude":33.225395,"longitude":35.549728,"coord_type":"exact","source_1":"https://t.me/mmirleb/14098","source_2":"","sources":""}},{"type":"Feature","geometry":{"type":"Point","coordinates":[35.496567,32.966397]},"properties":{"event_id":201627,"data_org":"Green","post_date":"2026-04-03T00:00:00.000Z","pub_date":"2026-04-03T00:00:00.000Z","strikedate":"2026-04-03T00:00:00.000Z","event_type":"Rocket Attack","actor":"Hezbollah","site_type":"military","siteStype":"military : unknown","city":"Safed","province":"","country":"Israel","latitude":32.966397,"longitude":35.496567,"coord_type":"general town","source_1":"https://t.me/mmirleb/14101","source_2":"https://t.me/IL_RedAlerts/38648","sources":""}},{"type":"Feature","geometry":{"type":"Point","coordinates":[35.570434,33.20938199999999]},"properties":{"event_id":201623,"data_org":"Green","post_date":"2026-04-03T00:00:00.000Z","pub_date":"2026-04-03T00:00:00.000Z","strikedate":"2026-04-03T00:00:00.000Z","event_type":"Rocket Attack","actor":"Hezbollah","site_type":"civilian","siteStype":"civilian : unknown","city":"Kiryat Shmona","province":"","country":"Israel","latitude":33.209382,"longitude":35.570434,"coord_type":"general town","source_1":"https://t.me/mmirleb/14103","source_2":"","sources":""}},{"type":"Feature","geometry":{"type":"Point","coordinates":[35.597145,33.246597]},"properties":{"event_id":201624,"data_org":"Green","post_date":"2026-04-03T00:00:00.000Z","pub_date":"2026-04-03T00:00:00.000Z","strikedate":"2026-04-03T00:00:00.000Z","event_type":"Rocket Attack","actor":"Hezbollah","site_type":"civilian","siteStype":"civilian : unknown","city":"Kfar Yuval","province":"","country":"Israel","latitude":33.246597,"longitude":35.597145,"coord_type":"general town","source_1":"https://t.me/mmirleb/14103","source_2":"","sources":""}},{"type":"Feature","geometry":{"type":"Point","coordinates":[35.579136,33.280346]},"properties":{"event_id":201625,"data_org":"Green","post_date":"2026-04-03T00:00:00.000Z","pub_date":"2026-04-03T00:00:00.000Z","strikedate":"2026-04-03T00:00:00.000Z","event_type":"Rocket Attack","actor":"Hezbollah","site_type":"civilian","siteStype":"civilian : unknown","city":"Metula","province":"","country":"Israel","latitude":33.280346,"longitude":35.579136,"coord_type":"general town","source_1":"https://t.me/mmirleb/14103","source_2":"","sources":""}},{"type":"Feature","geometry":{"type":"Point","coordinates":[35.50772,33.112657]},"properties":{"event_id":201617,"data_org":"Green","post_date":"2026-04-03T00:00:00.000Z","pub_date":"2026-04-03T00:00:00.000Z","strikedate":"2026-04-03T00:00:00.000Z","event_type":"Mortar Attack","actor":"Hezbollah","site_type":"military","siteStype":"military : border protection","city":"Malkiya","province":"","country":"Israel","latitude":33.112657,"longitude":35.50772,"coord_type":"exact","source_1":"https://t.me/mmirleb/14110","source_2":"","sources":""}},{"type":"Feature","geometry":{"type":"Point","coordinates":[35.50772,33.112657]},"properties":{"event_id":201615,"data_org":"Green","post_date":"2026-04-03T00:00:00.000Z","pub_date":"2026-04-03T00:00:00.000Z","strikedate":"2026-04-03T00:00:00.000Z","event_type":"Rocket Attack","actor":"Hezbollah","site_type":"military","siteStype":"military : border protection","city":"Malkiya","province":"","country":"Israel","latitude":33.112657,"longitude":35.50772,"coord_type":"exact","source_1":"https://t.me/mmirleb/14110","source_2":"","sources":""}},{"type":"Feature","geometry":{"type":"Point","coordinates":[35.096741,33.00806999999999]},"properties":{"event_id":201636,"data_org":"Green","post_date":"2026-04-03T00:00:00.000Z","pub_date":"2026-04-03T00:00:00.000Z","strikedate":"2026-04-03T00:00:00.000Z","event_type":"unknown","actor":"Hezbollah","site_type":"civilian","siteStype":"","city":"Nahariyya","province":"","country":"Israel","latitude":33.00807,"longitude":35.096741,"coord_type":"general town","source_1":"https://t.me/moriahdoron/29452","source_2":"","sources":""}},{"type":"Feature","geometry":{"type":"Point","coordinates":[35.111449,33.03978899999999]},"properties":{"event_id":201637,"data_org":"Green","post_date":"2026-04-03T00:00:00.000Z","pub_date":"2026-04-03T00:00:00.000Z","strikedate":"2026-04-03T00:00:00.000Z","event_type":"Rocket Attack","actor":"Hezbollah","site_type":"civilian","siteStype":"","city":"Gesher HaZiv","province":"","country":"Israel","latitude":33.039789,"longitude":35.111449,"coord_type":"general town","source_1":"https://x.com/JoeTruzman/status/2040096853870686349?s=20","source_2":"https://t.me/manniefabian/57356","sources":""}},{"type":"Feature","geometry":{"type":"Point","coordinates":[35.16976,32.81034999999999]},"properties":{"event_id":201638,"data_org":"Green","post_date":"2026-04-03T00:00:00.000Z","pub_date":"2026-04-03T00:00:00.000Z","strikedate":"2026-04-03T00:00:00.000Z","event_type":"Rocket Attack","actor":"Hezbollah","site_type":"","siteStype":"","city":"Shefa Amr","province":"","country":"Israel","latitude":32.81035,"longitude":35.16976,"coord_type":"general town","source_1":"https://x.com/JoeTruzman/status/2040097778626711995?s=20","source_2":"","sources":""}},{"type":"Feature","geometry":{"type":"Point","coordinates":[34.787121,32.074656999999995]},"properties":{"event_id":201639,"data_org":"Green","post_date":"2026-04-03T00:00:00.000Z","pub_date":"2026-04-03T00:00:00.000Z","strikedate":"2026-04-03T00:00:00.000Z","event_type":"Rocket Attack","actor":"Hezbollah","site_type":"military","siteStype":"military : hq","city":"Tel Aviv","province":"","country":"Israel","latitude":32.074657,"longitude":34.787121,"coord_type":"general neighborhood","source_1":"https://t.me/mmirleb/14112","source_2":"https://x.com/fab_hinz/status/2040110263643312215?s=20","sources":""}},{"type":"Feature","geometry":{"type":"Point","coordinates":[35.496567,32.966397]},"properties":{"event_id":201640,"data_org":"Green","post_date":"2026-04-03T00:00:00.000Z","pub_date":"2026-04-03T00:00:00.000Z","strikedate":"2026-04-03T00:00:00.000Z","event_type":"Rocket Attack","actor":"Hezbollah","site_type":"military","siteStype":"military : unknown","city":"Safed","province":"","country":"Israel","latitude":32.966397,"longitude":35.496567,"coord_type":"general town","source_1":"https://t.me/mmirleb/14116","source_2":"","sources":""}},{"type":"Feature","geometry":{"type":"Point","coordinates":[35.541269,32.968757999999994]},"properties":{"event_id":201641,"data_org":"Green","post_date":"2026-04-03T00:00:00.000Z","pub_date":"2026-04-03T00:00:00.000Z","strikedate":"2026-04-03T00:00:00.000Z","event_type":"Rocket Attack","actor":"Hezbollah","site_type":"military","siteStype":"military : unknown","city":"Rosh Pinna","province":"","country":"Israel","latitude":32.968758,"longitude":35.541269,"coord_type":"general town","source_1":"https://t.me/mmirleb/14118","source_2":"","sources":""}},{"type":"Feature","geometry":{"type":"Point","coordinates":[35.496567,32.966397]},"properties":{"event_id":201642,"data_org":"Green","post_date":"2026-04-03T00:00:00.000Z","pub_date":"2026-04-03T00:00:00.000Z","strikedate":"2026-04-03T00:00:00.000Z","event_type":"Rocket Attack","actor":"Hezbollah","site_type":"military","siteStype":"military : unknown","city":"Safed","province":"","country":"Israel","latitude":32.966397,"longitude":35.496567,"coord_type":"general town","source_1":"https://t.me/mmirleb/14120","source_2":"","sources":""}},{"type":"Feature","geometry":{"type":"Point","coordinates":[35.096741,33.00806999999999]},"properties":{"event_id":201643,"data_org":"Green","post_date":"2026-04-03T00:00:00.000Z","pub_date":"2026-04-03T00:00:00.000Z","strikedate":"2026-04-03T00:00:00.000Z","event_type":"Rocket Attack","actor":"Hezbollah","site_type":"civilian","siteStype":"civilian : unknown","city":"Nahariya","province":"","country":"Israel","latitude":33.00807,"longitude":35.096741,"coord_type":"general town","source_1":"https://t.me/mmirleb/14122","source_2":"","sources":""}},{"type":"Feature","geometry":{"type":"Point","coordinates":[35.096741,33.00806999999999]},"properties":{"event_id":201646,"data_org":"Green","post_date":"2026-04-03T00:00:00.000Z","pub_date":"2026-04-03T00:00:00.000Z","strikedate":"2026-04-03T00:00:00.000Z","event_type":"Rocket Attack","actor":"Hezbollah","site_type":"civilian","siteStype":"civilian : unknown","city":"Nahariya","province":"","country":"Israel","latitude":33.00807,"longitude":35.096741,"coord_type":"general town","source_1":"https://t.me/mmirleb/14126","source_2":"","sources":""}},{"type":"Feature","geometry":{"type":"Point","coordinates":[35.579136,33.280346]},"properties":{"event_id":201645,"data_org":"Green","post_date":"2026-04-03T00:00:00.000Z","pub_date":"2026-04-03T00:00:00.000Z","strikedate":"2026-04-03T00:00:00.000Z","event_type":"Drone Attack","actor":"Hezbollah","site_type":"civilian","siteStype":"civilian : building","city":"Metula","province":"","country":"Israel","latitude":33.280346,"longitude":35.579136,"coord_type":"general town","source_1":"https://t.me/manniefabian/57356","source_2":"https://x.com/GLZRadio/status/2040124569604718958?s=20","sources":"https://x.com/JoeTruzman/status/2040114907417587789?s=20"}},{"type":"Feature","geometry":{"type":"Point","coordinates":[35.570434,33.20938199999999]},"properties":{"event_id":201647,"data_org":"Green","post_date":"2026-04-03T00:00:00.000Z","pub_date":"2026-04-03T00:00:00.000Z","strikedate":"2026-04-03T00:00:00.000Z","event_type":"Drone Attack","actor":"Hezbollah","site_type":"civilian","siteStype":"civilian : unknown","city":"Kiryat Shmona","province":"","country":"Israel","latitude":33.209382,"longitude":35.570434,"coord_type":"general town","source_1":"https://t.me/mmirleb/14128","source_2":"","sources":""}},{"type":"Feature","geometry":{"type":"Point","coordinates":[35.467033,33.091807]},"properties":{"event_id":201648,"data_org":"Green","post_date":"2026-04-03T00:00:00.000Z","pub_date":"2026-04-03T00:00:00.000Z","strikedate":"2026-04-03T00:00:00.000Z","event_type":"Rocket Attack","actor":"Hezbollah","site_type":"military","siteStype":"military : ground vehicle","city":"Avivim","province":"","country":"Israel","latitude":33.091807,"longitude":35.467033,"coord_type":"general town","source_1":"https://t.me/mmirleb/14130","source_2":"","sources":""}},{"type":"Feature","geometry":{"type":"Point","coordinates":[35.25605511,33.08156127999999]},"properties":{"event_id":201607,"data_org":"Green","post_date":"2026-04-02T00:00:00.000Z","pub_date":"2026-04-03T00:00:00.000Z","strikedate":"2026-04-02T00:00:00.000Z","event_type":"Drone Attack","actor":"Hezbollah","site_type":"military","siteStype":"military : base","city":"","province":"","country":"Israel","latitude":33.08156128,"longitude":35.25605511,"coord_type":"exact","source_1":"https://t.me/mmirleb/14042","source_2":"","sources":""}},{"type":"Feature","geometry":{"type":"Point","coordinates":[35.50772,33.112657]},"properties":{"event_id":201608,"data_org":"Green","post_date":"2026-04-02T00:00:00.000Z","pub_date":"2026-04-03T00:00:00.000Z","strikedate":"2026-04-02T00:00:00.000Z","event_type":"Rocket Attack","actor":"Hezbollah","site_type":"military","siteStype":"","city":"Malikiyah","province":"","country":"Israel","latitude":33.112657,"longitude":35.50772,"coord_type":"exact","source_1":"https://t.me/mmirleb/14060","source_2":"https://t.me/IL_RedAlerts/38550","sources":""}},{"type":"Feature","geometry":{"type":"Point","coordinates":[35.51679,33.08227699999999]},"properties":{"event_id":201609,"data_org":"Green","post_date":"2026-04-02T00:00:00.000Z","pub_date":"2026-04-03T00:00:00.000Z","strikedate":"2026-04-02T00:00:00.000Z","event_type":"Rocket Attack","actor":"Hezbollah","site_type":"military","siteStype":"","city":"Dishon","province":"","country":"Israel","latitude":33.082277,"longitude":35.51679,"coord_type":"general town","source_1":"https://t.me/mmirleb/14062","source_2":"https://t.me/IL_RedAlerts/38550","sources":""}},{"type":"Feature","geometry":{"type":"Point","coordinates":[35.597771,33.24128799999999]},"properties":{"event_id":201610,"data_org":"Green","post_date":"2026-04-02T00:00:00.000Z","pub_date":"2026-04-03T00:00:00.000Z","strikedate":"2026-04-02T00:00:00.000Z","event_type":"Rocket Attack","actor":"Hezbollah","site_type":"military","siteStype":"","city":"Kfar Yuval","province":"","country":"Israel","latitude":33.241288,"longitude":35.597771,"coord_type":"general town","source_1":"https://t.me/mmirleb/14064","source_2":"https://t.me/IL_RedAlerts/38552","sources":""}},{"type":"Feature","geometry":{"type":"Point","coordinates":[47.3528,30.591300000000007]},"properties":{"event_id":201653,"data_org":"Green","post_date":"2026-04-04T00:00:00.000Z","pub_date":"2026-04-04T00:00:00.000Z","strikedate":"2026-04-04T00:00:00.000Z","event_type":"Drone Attack","actor":"Likely Iraqi militias","site_type":"civilian","siteStype":"civilian : oil infrastructure","city":"","province":"Basra","country":"Iraq","latitude":30.5913,"longitude":47.3528,"coord_type":"general neighborhood","source_1":"https://www.reuters.com/business/energy/fire-reported-foreign-oil-companies-storage-facilities-iraq-after-drone-strike-2026-04-04/","source_2":"","sources":""}},{"type":"Feature","geometry":{"type":"Point","coordinates":[35.570434,33.20938199999999]},"properties":{"event_id":201662,"data_org":"Green","post_date":"2026-04-04T00:00:00.000Z","pub_date":"2026-04-04T00:00:00.000Z","strikedate":"2026-04-04T00:00:00.000Z","event_type":"Rocket Attack","actor":"Hezbollah","site_type":"civilian","siteStype":"civilian : unknown","city":"Kiryat Shmona","province":"","country":"Israel","latitude":33.209382,"longitude":35.570434,"coord_type":"general town","source_1":"https://t.me/mmirleb/14174","source_2":"https://t.me/IL_RedAlerts/38880","sources":""}},{"type":"Feature","geometry":{"type":"Point","coordinates":[35.570434,33.20938199999999]},"properties":{"event_id":201663,"data_org":"Green","post_date":"2026-04-04T00:00:00.000Z","pub_date":"2026-04-04T00:00:00.000Z","strikedate":"2026-04-04T00:00:00.000Z","event_type":"Rocket Attack","actor":"Hezbollah","site_type":"civilian","siteStype":"civilian : unknown","city":"Kiryat Shmona","province":"","country":"Israel","latitude":33.209382,"longitude":35.570434,"coord_type":"general town","source_1":"https://t.me/mmirleb/14175","source_2":"https://t.me/IL_RedAlerts/38880","sources":""}},{"type":"Feature","geometry":{"type":"Point","coordinates":[35.577642,33.27691099999999]},"properties":{"event_id":201664,"data_org":"Green","post_date":"2026-04-04T00:00:00.000Z","pub_date":"2026-04-04T00:00:00.000Z","strikedate":"2026-04-04T00:00:00.000Z","event_type":"Rocket Attack","actor":"Hezbollah","site_type":"civilian","siteStype":"civilian : unknown","city":"Metula","province":"","country":"Israel","latitude":33.276911,"longitude":35.577642,"coord_type":"general town","source_1":"https://t.me/mmirleb/14176","source_2":"","sources":""}},{"type":"Feature","geometry":{"type":"Point","coordinates":[35.41304183,32.99816439000001]},"properties":{"event_id":201665,"data_org":"Green","post_date":"2026-04-04T00:00:00.000Z","pub_date":"2026-04-04T00:00:00.000Z","strikedate":"2026-04-04T00:00:00.000Z","event_type":"Rocket Attack","actor":"Hezbollah","site_type":"military","siteStype":"military : base","city":"","province":"","country":"Israel","latitude":32.99816439,"longitude":35.41304183,"coord_type":"exact","source_1":"https://t.me/mmirleb/14179","source_2":"","sources":""}},{"type":"Feature","geometry":{"type":"Point","coordinates":[35.548951,33.247752999999996]},"properties":{"event_id":201666,"data_org":"Green","post_date":"2026-04-04T00:00:00.000Z","pub_date":"2026-04-04T00:00:00.000Z","strikedate":"2026-04-04T00:00:00.000Z","event_type":"Rocket Attack","actor":"Hezbollah","site_type":"military","siteStype":"military : unknown","city":"Misgav Am","province":"","country":"Israel","latitude":33.247753,"longitude":35.548951,"coord_type":"general town","source_1":"https://t.me/mmirleb/14180","source_2":"","sources":""}},{"type":"Feature","geometry":{"type":"Point","coordinates":[35.604836,33.208735999999995]},"properties":{"event_id":201667,"data_org":"Green","post_date":"2026-04-04T00:00:00.000Z","pub_date":"2026-04-04T00:00:00.000Z","strikedate":"2026-04-04T00:00:00.000Z","event_type":"Rocket Attack","actor":"Hezbollah","site_type":"military","siteStype":"military : unknown","city":"Beit Hillel","province":"","country":"Israel","latitude":33.208736,"longitude":35.604836,"coord_type":"general town","source_1":"https://t.me/mmirleb/14181","source_2":"","sources":""}},{"type":"Feature","geometry":{"type":"Point","coordinates":[47.59395299999999,30.382156999999985]},"properties":{"event_id":201650,"data_org":"Green","post_date":"2026-04-04T00:00:00.000Z","pub_date":"2026-04-04T00:00:00.000Z","strikedate":"2026-04-04T00:00:00.000Z","event_type":"unknown","actor":"Likely Iraqi militias","site_type":"civilian","siteStype":"","city":"al Burjasiyah","province":"Basra","country":"Iraq","latitude":30.382157,"longitude":47.593953,"coord_type":"exact","source_1":"https://x.com/Zoltan18584200/status/2040362523778486508?s=20","source_2":"","sources":""}},{"type":"Feature","geometry":{"type":"Point","coordinates":[35.55187000000001,33.127174999999994]},"properties":{"event_id":201668,"data_org":"Green","post_date":"2026-04-04T00:00:00.000Z","pub_date":"2026-04-04T00:00:00.000Z","strikedate":"2026-04-04T00:00:00.000Z","event_type":"Rocket Attack","actor":"Hezbollah","site_type":"military","siteStype":"military : base","city":"Yiftah","province":"","country":"Israel","latitude":33.127175,"longitude":35.55187,"coord_type":"general town","source_1":"https://t.me/mmirleb/14182","source_2":"https://t.me/IL_RedAlerts/38890","sources":""}},{"type":"Feature","geometry":{"type":"Point","coordinates":[35.467033,33.091807]},"properties":{"event_id":201669,"data_org":"Green","post_date":"2026-04-04T00:00:00.000Z","pub_date":"2026-04-04T00:00:00.000Z","strikedate":"2026-04-04T00:00:00.000Z","event_type":"Rocket Attack","actor":"Hezbollah","site_type":"military","siteStype":"military : base","city":"Avivim","province":"","country":"Israel","latitude":33.091807,"longitude":35.467033,"coord_type":"general town","source_1":"https://t.me/mmirleb/14183","source_2":"","sources":""}},{"type":"Feature","geometry":{"type":"Point","coordinates":[35.454035,33.07726499999999]},"properties":{"event_id":201670,"data_org":"Green","post_date":"2026-04-04T00:00:00.000Z","pub_date":"2026-04-04T00:00:00.000Z","strikedate":"2026-04-04T00:00:00.000Z","event_type":"Rocket Attack","actor":"Hezbollah","site_type":"military","siteStype":"military : base","city":"Yiron","province":"","country":"Israel","latitude":33.077265,"longitude":35.454035,"coord_type":"general town","source_1":"https://t.me/mmirleb/14185","source_2":"","sources":""}},{"type":"Feature","geometry":{"type":"Point","coordinates":[35.570434,33.20938199999999]},"properties":{"event_id":201671,"data_org":"Green","post_date":"2026-04-04T00:00:00.000Z","pub_date":"2026-04-04T00:00:00.000Z","strikedate":"2026-04-04T00:00:00.000Z","event_type":"Rocket Attack","actor":"Hezbollah","site_type":"civilian","siteStype":"civilian : unknown","city":"Kiryat Shmona","province":"","country":"Israel","latitude":33.209382,"longitude":35.570434,"coord_type":"general town","source_1":"https://t.me/mmirleb/14191","source_2":"","sources":""}},{"type":"Feature","geometry":{"type":"Point","coordinates":[35.597756,33.2471]},"properties":{"event_id":201672,"data_org":"Green","post_date":"2026-04-04T00:00:00.000Z","pub_date":"2026-04-04T00:00:00.000Z","strikedate":"2026-04-04T00:00:00.000Z","event_type":"Rocket Attack","actor":"Hezbollah","site_type":"military","siteStype":"military : unknown","city":"Kfar Yuval","province":"","country":"Israel","latitude":33.2471,"longitude":35.597756,"coord_type":"general town","source_1":"https://t.me/mmirleb/14195","source_2":"","sources":""}},{"type":"Feature","geometry":{"type":"Point","coordinates":[35.09113286,32.96352674999999]},"properties":{"event_id":201673,"data_org":"Green","post_date":"2026-04-04T00:00:00.000Z","pub_date":"2026-04-04T00:00:00.000Z","strikedate":"2026-04-04T00:00:00.000Z","event_type":"Drone Attack","actor":"Hezbollah","site_type":"military","siteStype":"military : base","city":"Acre","province":"","country":"Israel","latitude":32.96352675,"longitude":35.09113286,"coord_type":"exact","source_1":"https://t.me/mmirleb/14199","source_2":"","sources":""}},{"type":"Feature","geometry":{"type":"Point","coordinates":[35.493934,32.96367599999999]},"properties":{"event_id":201676,"data_org":"Green","post_date":"2026-04-04T00:00:00.000Z","pub_date":"2026-04-04T00:00:00.000Z","strikedate":"2026-04-04T00:00:00.000Z","event_type":"Rocket Attack","actor":"Hezbollah","site_type":"military","siteStype":"military : unknown","city":"Safed","province":"","country":"Israel","latitude":32.963676,"longitude":35.493934,"coord_type":"general town","source_1":"https://t.me/mmirleb/14203","source_2":"https://x.com/GLZRadio/status/2040442341564063851","sources":""}},{"type":"Feature","geometry":{"type":"Point","coordinates":[35.577642,33.27691099999999]},"properties":{"event_id":201677,"data_org":"Green","post_date":"2026-04-04T00:00:00.000Z","pub_date":"2026-04-04T00:00:00.000Z","strikedate":"2026-04-04T00:00:00.000Z","event_type":"Drone Attack","actor":"Hezbollah","site_type":"military","siteStype":"","city":"Metula","province":"","country":"Israel","latitude":33.276911,"longitude":35.577642,"coord_type":"general town","source_1":"https://t.me/mmirleb/14205","source_2":"","sources":""}},{"type":"Feature","geometry":{"type":"Point","coordinates":[35.41304183,32.99816439000001]},"properties":{"event_id":201678,"data_org":"Green","post_date":"2026-04-04T00:00:00.000Z","pub_date":"2026-04-04T00:00:00.000Z","strikedate":"2026-04-04T00:00:00.000Z","event_type":"Rocket Attack","actor":"Hezbollah","site_type":"military","siteStype":"military : base","city":"","province":"","country":"Israel","latitude":32.99816439,"longitude":35.41304183,"coord_type":"exact","source_1":"https://t.me/mmirleb/14207","source_2":"","sources":""}},{"type":"Feature","geometry":{"type":"Point","coordinates":[44.232993,33.26762]},"properties":{"event_id":201674,"data_org":"Green","post_date":"2026-04-03T00:00:00.000Z","pub_date":"2026-04-04T00:00:00.000Z","strikedate":"2026-04-03T00:00:00.000Z","event_type":"Drone Attack","actor":"Likely Iraqi militias","site_type":"political","siteStype":"political : administrative","city":"Baghdad","province":"Baghdad","country":"Iraq","latitude":33.26762,"longitude":44.232993,"coord_type":"general neighborhood","source_1":"DNGTS: https://shafaq dot com/ar/????/?????-?????-??????-????-????-?????-??????","source_2":"","sources":""}},{"type":"Feature","geometry":{"type":"Point","coordinates":[35.467033,33.091807]},"properties":{"event_id":201654,"data_org":"Green","post_date":"2026-04-03T00:00:00.000Z","pub_date":"2026-04-04T00:00:00.000Z","strikedate":"2026-04-03T00:00:00.000Z","event_type":"Rocket Attack","actor":"Hezbollah","site_type":"military","siteStype":"military : ground vehicle","city":"Avivim","province":"","country":"Israel","latitude":33.091807,"longitude":35.467033,"coord_type":"general town","source_1":"https://t.me/mmirleb/14132","source_2":"https://t.me/IL_RedAlerts/38814","sources":""}},{"type":"Feature","geometry":{"type":"Point","coordinates":[35.454035,33.07726499999999]},"properties":{"event_id":201655,"data_org":"Green","post_date":"2026-04-03T00:00:00.000Z","pub_date":"2026-04-04T00:00:00.000Z","strikedate":"2026-04-03T00:00:00.000Z","event_type":"Rocket Attack","actor":"Hezbollah","site_type":"civilian","siteStype":"civilian : unknown","city":"Yiron","province":"","country":"Israel","latitude":33.077265,"longitude":35.454035,"coord_type":"general town","source_1":"https://t.me/mmirleb/14134","source_2":"https://t.me/IL_RedAlerts/38814","sources":"https://t.me/IL_RedAlerts/38824"}},{"type":"Feature","geometry":{"type":"Point","coordinates":[35.01880015,32.781158]},"properties":{"event_id":201656,"data_org":"Green","post_date":"2026-04-03T00:00:00.000Z","pub_date":"2026-04-04T00:00:00.000Z","strikedate":"2026-04-03T00:00:00.000Z","event_type":"Rocket Attack","actor":"Hezbollah","site_type":"military","siteStype":"military : unknown","city":"Haifa","province":"","country":"Israel","latitude":32.781158,"longitude":35.01880015,"coord_type":"general town","source_1":"https://t.me/mmirleb/14136","source_2":"https://x.com/manniefabian/status/2040162030875799695","sources":"https://t.me/IL_RedAlerts/38834"}},{"type":"Feature","geometry":{"type":"Point","coordinates":[35.50772,33.112657]},"properties":{"event_id":201657,"data_org":"Green","post_date":"2026-04-03T00:00:00.000Z","pub_date":"2026-04-04T00:00:00.000Z","strikedate":"2026-04-03T00:00:00.000Z","event_type":"Mortar Attack","actor":"Hezbollah","site_type":"military","siteStype":"","city":"Malikiyah","province":"","country":"Israel","latitude":33.112657,"longitude":35.50772,"coord_type":"exact","source_1":"https://t.me/mmirleb/14144","source_2":"","sources":""}},{"type":"Feature","geometry":{"type":"Point","coordinates":[35.466553,33.091703]},"properties":{"event_id":201658,"data_org":"Green","post_date":"2026-04-03T00:00:00.000Z","pub_date":"2026-04-04T00:00:00.000Z","strikedate":"2026-04-03T00:00:00.000Z","event_type":"Rocket Attack","actor":"Hezbollah","site_type":"military","siteStype":"","city":"","province":"","country":"Israel","latitude":33.091703,"longitude":35.466553,"coord_type":"general town","source_1":"https://t.me/mmirleb/14148","source_2":"","sources":""}},{"type":"Feature","geometry":{"type":"Point","coordinates":[35.096741,33.00806999999999]},"properties":{"event_id":201659,"data_org":"Green","post_date":"2026-04-03T00:00:00.000Z","pub_date":"2026-04-04T00:00:00.000Z","strikedate":"2026-04-03T00:00:00.000Z","event_type":"Rocket Attack","actor":"Hezbollah","site_type":"civilian","siteStype":"civilian : unknown","city":"Nahariya","province":"","country":"Israel","latitude":33.00807,"longitude":35.096741,"coord_type":"general town","source_1":"https://t.me/mmirleb/14152","source_2":"https://t.me/IL_RedAlerts/38846","sources":""}},{"type":"Feature","geometry":{"type":"Point","coordinates":[35.147018,33.072827]},"properties":{"event_id":201660,"data_org":"Green","post_date":"2026-04-03T00:00:00.000Z","pub_date":"2026-04-04T00:00:00.000Z","strikedate":"2026-04-03T00:00:00.000Z","event_type":"Rocket Attack","actor":"Hezbollah","site_type":"civilian","siteStype":"civilian : unknown","city":"Shlomi","province":"","country":"Israel","latitude":33.072827,"longitude":35.147018,"coord_type":"general town","source_1":"https://t.me/mmirleb/14154","source_2":"https://t.me/IL_RedAlerts/38846","sources":""}},{"type":"Feature","geometry":{"type":"Point","coordinates":[35.110759,33.07055]},"properties":{"event_id":201661,"data_org":"Green","post_date":"2026-04-03T00:00:00.000Z","pub_date":"2026-04-04T00:00:00.000Z","strikedate":"2026-04-03T00:00:00.000Z","event_type":"Drone Attack","actor":"Hezbollah","site_type":"military","siteStype":"military : base","city":"Liman","province":"","country":"Israel","latitude":33.07055,"longitude":35.110759,"coord_type":"exact","source_1":"https://t.me/mmirleb/14170","source_2":"https://t.me/IL_RedAlerts/38846","sources":""}},{"type":"Feature","geometry":{"type":"Point","coordinates":[35.588044,33.054594]},"properties":{"event_id":201702,"data_org":"Green","post_date":"2026-04-05T00:00:00.000Z","pub_date":"2026-04-05T00:00:00.000Z","strikedate":"2026-04-05T00:00:00.000Z","event_type":"Rocket Attack","actor":"Hezbollah","site_type":"military","siteStype":"","city":"Yesud HaMaala","province":"","country":"Israel","latitude":33.054594,"longitude":35.588044,"coord_type":"general town","source_1":"https://t.me/mmirleb/14257","source_2":"","sources":"https://t.me/IL_RedAlerts/39064"}},{"type":"Feature","geometry":{"type":"Point","coordinates":[35.467033,33.091807]},"properties":{"event_id":201704,"data_org":"Green","post_date":"2026-04-05T00:00:00.000Z","pub_date":"2026-04-05T00:00:00.000Z","strikedate":"2026-04-05T00:00:00.000Z","event_type":"Rocket Attack","actor":"Hezbollah","site_type":"civilian","siteStype":"","city":"Avivim","province":"","country":"Israel","latitude":33.091807,"longitude":35.467033,"coord_type":"general town","source_1":"https://t.me/mmirleb/14261","source_2":"https://t.me/IL_RedAlerts/39082","sources":""}},{"type":"Feature","geometry":{"type":"Point","coordinates":[35.454035,33.07726499999999]},"properties":{"event_id":201705,"data_org":"Green","post_date":"2026-04-05T00:00:00.000Z","pub_date":"2026-04-05T00:00:00.000Z","strikedate":"2026-04-05T00:00:00.000Z","event_type":"Rocket Attack","actor":"Hezbollah","site_type":"civilian","siteStype":"","city":"Yiron","province":"","country":"Israel","latitude":33.077265,"longitude":35.454035,"coord_type":"general town","source_1":"https://t.me/mmirleb/14261","source_2":"https://t.me/IL_RedAlerts/39082","sources":""}},{"type":"Feature","geometry":{"type":"Point","coordinates":[35.27721195,33.012511]},"properties":{"event_id":201706,"data_org":"Green","post_date":"2026-04-05T00:00:00.000Z","pub_date":"2026-04-05T00:00:00.000Z","strikedate":"2026-04-05T00:00:00.000Z","event_type":"Rocket Attack","actor":"Hezbollah","site_type":"civilian","siteStype":"","city":"Maalot Tishriha","province":"","country":"Israel","latitude":33.012511,"longitude":35.27721195,"coord_type":"general town","source_1":"https://t.me/mmirleb/14263","source_2":"https://t.me/IL_RedAlerts/39084","sources":""}},{"type":"Feature","geometry":{"type":"Point","coordinates":[35.41304183,32.99816439000001]},"properties":{"event_id":201707,"data_org":"Green","post_date":"2026-04-05T00:00:00.000Z","pub_date":"2026-04-05T00:00:00.000Z","strikedate":"2026-04-05T00:00:00.000Z","event_type":"Rocket Attack","actor":"Hezbollah","site_type":"military","siteStype":"military : base","city":"Meron","province":"","country":"Israel","latitude":32.99816439,"longitude":35.41304183,"coord_type":"exact","source_1":"https://t.me/mmirleb/14265","source_2":"https://t.me/IL_RedAlerts/39086","sources":""}},{"type":"Feature","geometry":{"type":"Point","coordinates":[44.232993,33.26762]},"properties":{"event_id":201699,"data_org":"Green","post_date":"2026-04-05T00:00:00.000Z","pub_date":"2026-04-05T00:00:00.000Z","strikedate":"2026-04-05T00:00:00.000Z","event_type":"Drone Attack","actor":"Likely Iraqi militias","site_type":"civilian","siteStype":"","city":"Baghdad","province":"","country":"Iraq","latitude":33.26762,"longitude":44.232993,"coord_type":"general neighborhood","source_1":"DNGTS: https://shafaq dot com/ar/????/????-??-??-?????-???-????-?????-??????","source_2":"","sources":""}},{"type":"Feature","geometry":{"type":"Point","coordinates":[35.50772,33.112657]},"properties":{"event_id":201708,"data_org":"Green","post_date":"2026-04-05T00:00:00.000Z","pub_date":"2026-04-05T00:00:00.000Z","strikedate":"2026-04-05T00:00:00.000Z","event_type":"Rocket Attack","actor":"Hezbollah","site_type":"military","siteStype":"","city":"Malikiyah","province":"","country":"Israel","latitude":33.112657,"longitude":35.50772,"coord_type":"exact","source_1":"https://t.me/mmirleb/14269","source_2":"","sources":""}},{"type":"Feature","geometry":{"type":"Point","coordinates":[35.689918,32.99108]},"properties":{"event_id":201709,"data_org":"Green","post_date":"2026-04-05T00:00:00.000Z","pub_date":"2026-04-05T00:00:00.000Z","strikedate":"2026-04-05T00:00:00.000Z","event_type":"Rocket Attack","actor":"Hezbollah","site_type":"military","siteStype":"","city":"Katzrin","province":"","country":"Israel","latitude":32.99108,"longitude":35.689918,"coord_type":"general town","source_1":"https://t.me/mmirleb/14271","source_2":"https://t.me/IL_RedAlerts/39096","sources":""}},{"type":"Feature","geometry":{"type":"Point","coordinates":[35.268424,32.933946000000006]},"properties":{"event_id":201684,"data_org":"Green","post_date":"2026-04-05T00:00:00.000Z","pub_date":"2026-04-05T00:00:00.000Z","strikedate":"2026-04-05T00:00:00.000Z","event_type":"Rocket Attack","actor":"Hezbollah","site_type":"unknown","siteStype":"","city":"Deir al Asad","province":"Galilee","country":"Israel","latitude":32.933946,"longitude":35.268424,"coord_type":"general town","source_1":"https://x.com/manniefabian/status/2040781325217472600?s=20","source_2":"","sources":""}},{"type":"Feature","geometry":{"type":"Point","coordinates":[35.493934,32.96367599999999]},"properties":{"event_id":201710,"data_org":"Green","post_date":"2026-04-05T00:00:00.000Z","pub_date":"2026-04-05T00:00:00.000Z","strikedate":"2026-04-05T00:00:00.000Z","event_type":"Rocket Attack","actor":"Hezbollah","site_type":"military","siteStype":"","city":"Safed","province":"","country":"Israel","latitude":32.963676,"longitude":35.493934,"coord_type":"general town","source_1":"https://t.me/mmirleb/14273","source_2":"https://t.me/IL_RedAlerts/39096","sources":""}},{"type":"Feature","geometry":{"type":"Point","coordinates":[35.50772,33.112657]},"properties":{"event_id":201713,"data_org":"Green","post_date":"2026-04-05T00:00:00.000Z","pub_date":"2026-04-05T00:00:00.000Z","strikedate":"2026-04-05T00:00:00.000Z","event_type":"Drone Attack","actor":"Hezbollah","site_type":"military","siteStype":"","city":"Malikiyah","province":"","country":"Israel","latitude":33.112657,"longitude":35.50772,"coord_type":"exact","source_1":"https://t.me/mmirleb/14277","source_2":"","sources":""}},{"type":"Feature","geometry":{"type":"Point","coordinates":[35.295596,32.912814]},"properties":{"event_id":201714,"data_org":"Green","post_date":"2026-04-05T00:00:00.000Z","pub_date":"2026-04-05T00:00:00.000Z","strikedate":"2026-04-05T00:00:00.000Z","event_type":"Rocket Attack","actor":"Hezbollah","site_type":"military","siteStype":"","city":"Karmiel","province":"","country":"Israel","latitude":32.912814,"longitude":35.295596,"coord_type":"general town","source_1":"https://t.me/mmirleb/14279","source_2":"","sources":""}},{"type":"Feature","geometry":{"type":"Point","coordinates":[35.096741,33.00806999999999]},"properties":{"event_id":201718,"data_org":"Green","post_date":"2026-04-05T00:00:00.000Z","pub_date":"2026-04-05T00:00:00.000Z","strikedate":"2026-04-05T00:00:00.000Z","event_type":"Rocket Attack","actor":"Hezbollah","site_type":"civilian","siteStype":"","city":"Nahariya","province":"","country":"Israel","latitude":33.00807,"longitude":35.096741,"coord_type":"general town","source_1":"https://t.me/mmirleb/14291","source_2":"","sources":""}},{"type":"Feature","geometry":{"type":"Point","coordinates":[35.41304183,32.99816439000001]},"properties":{"event_id":201721,"data_org":"Green","post_date":"2026-04-05T00:00:00.000Z","pub_date":"2026-04-05T00:00:00.000Z","strikedate":"2026-04-05T00:00:00.000Z","event_type":"Rocket Attack","actor":"Hezbollah","site_type":"military","siteStype":"military : base","city":"Meron","province":"","country":"Israel","latitude":32.99816439,"longitude":35.41304183,"coord_type":"exact","source_1":"https://t.me/mmirleb/14297","source_2":"","sources":""}},{"type":"Feature","geometry":{"type":"Point","coordinates":[35.577642,33.27691099999999]},"properties":{"event_id":201722,"data_org":"Green","post_date":"2026-04-05T00:00:00.000Z","pub_date":"2026-04-05T00:00:00.000Z","strikedate":"2026-04-05T00:00:00.000Z","event_type":"Rocket Attack","actor":"Hezbollah","site_type":"civilian","siteStype":"","city":"Metula","province":"","country":"Israel","latitude":33.276911,"longitude":35.577642,"coord_type":"general town","source_1":"https://t.me/mmirleb/14299","source_2":"","sources":""}},{"type":"Feature","geometry":{"type":"Point","coordinates":[35.095556,32.95111099999998]},"properties":{"event_id":201726,"data_org":"Green","post_date":"2026-04-05T00:00:00.000Z","pub_date":"2026-04-05T00:00:00.000Z","strikedate":"2026-04-05T00:00:00.000Z","event_type":"Drone Attack","actor":"Hezbollah","site_type":"civilian","siteStype":"","city":"Shomrat","province":"","country":"Israel","latitude":32.951111,"longitude":35.095556,"coord_type":"general town","source_1":"https://x.com/manniefabian/status/2040840597720764702","source_2":"","sources":""}},{"type":"Feature","geometry":{"type":"Point","coordinates":[35.59777068,33.24128799999999]},"properties":{"event_id":201724,"data_org":"Green","post_date":"2026-04-05T00:00:00.000Z","pub_date":"2026-04-05T00:00:00.000Z","strikedate":"2026-04-05T00:00:00.000Z","event_type":"Drone Attack","actor":"Hezbollah","site_type":"military","siteStype":"","city":"Kfar Yuval","province":"","country":"Israel","latitude":33.241288,"longitude":35.59777068,"coord_type":"general town","source_1":"https://t.me/mmirleb/14303","source_2":"","sources":""}},{"type":"Feature","geometry":{"type":"Point","coordinates":[35.096741,33.00806999999999]},"properties":{"event_id":201725,"data_org":"Green","post_date":"2026-04-05T00:00:00.000Z","pub_date":"2026-04-05T00:00:00.000Z","strikedate":"2026-04-05T00:00:00.000Z","event_type":"Rocket Attack","actor":"Hezbollah","site_type":"civilian","siteStype":"","city":"Nahariya","province":"","country":"Israel","latitude":33.00807,"longitude":35.096741,"coord_type":"general town","source_1":"https://t.me/mmirleb/14305","source_2":"","sources":""}},{"type":"Feature","geometry":{"type":"Point","coordinates":[47.468044,32.005654]},"properties":{"event_id":201680,"data_org":"Green","post_date":"2026-04-04T00:00:00.000Z","pub_date":"2026-04-05T00:00:00.000Z","strikedate":"2026-04-04T00:00:00.000Z","event_type":"Drone Attack","actor":"Likely Iraqi militias","site_type":"energy","siteStype":"","city":"Zanabe Tib Showai","province":"","country":"Iraq","latitude":32.005654,"longitude":47.468044,"coord_type":"general neighborhood","source_1":"https://x.com/hey_itsmyturn/status/2040483425258181106?s=20","source_2":"https://x.com/hey_itsmyturn/status/2040481266613588080?s=20","sources":"DNGTS: https://shafaq dot com/ar/????/??-???-???-??????-???-????????-??????-??-?????"}},{"type":"Feature","geometry":{"type":"Point","coordinates":[34.870481,32.000679]},"properties":{"event_id":201681,"data_org":"Green","post_date":"2026-04-04T00:00:00.000Z","pub_date":"2026-04-05T00:00:00.000Z","strikedate":"2026-04-04T00:00:00.000Z","event_type":"Drone & Missile Attack","actor":"Houthis","site_type":"civilian","siteStype":"","city":"","province":"","country":"Israel","latitude":32.000679,"longitude":34.870481,"coord_type":"exact","source_1":"https://t.me/army21ye/3518","source_2":"https://x.com/MMY1444/status/2040507193716621684?s=20","sources":""}},{"type":"Feature","geometry":{"type":"Point","coordinates":[35.85694,33.417951]},"properties":{"event_id":201687,"data_org":"Green","post_date":"2026-04-04T00:00:00.000Z","pub_date":"2026-04-05T00:00:00.000Z","strikedate":"2026-04-04T00:00:00.000Z","event_type":"Drone Attack","actor":"Hezbollah","site_type":"military","siteStype":"","city":"Mount Hermon","province":"","country":"Israel","latitude":33.417951,"longitude":35.85694,"coord_type":"general neighborhood","source_1":"https://t.me/mmirleb/14224","source_2":"https://t.me/IL_RedAlerts/38950","sources":""}},{"type":"Feature","geometry":{"type":"Point","coordinates":[35.147005,33.02125399999999]},"properties":{"event_id":201688,"data_org":"Green","post_date":"2026-04-04T00:00:00.000Z","pub_date":"2026-04-05T00:00:00.000Z","strikedate":"2026-04-04T00:00:00.000Z","event_type":"Drone Attack","actor":"Hezbollah","site_type":"military","siteStype":"","city":"Kabri","province":"","country":"Israel","latitude":33.021254,"longitude":35.147005,"coord_type":"general town","source_1":"https://t.me/mmirleb/14226","source_2":"","sources":""}},{"type":"Feature","geometry":{"type":"Point","coordinates":[35.096741,33.00806999999999]},"properties":{"event_id":201689,"data_org":"Green","post_date":"2026-04-04T00:00:00.000Z","pub_date":"2026-04-05T00:00:00.000Z","strikedate":"2026-04-04T00:00:00.000Z","event_type":"Rocket Attack","actor":"Hezbollah","site_type":"civilian","siteStype":"","city":"Nahariya","province":"","country":"Israel","latitude":33.00807,"longitude":35.096741,"coord_type":"general town","source_1":"https://t.me/mmirleb/14228","source_2":"","sources":""}},{"type":"Feature","geometry":{"type":"Point","coordinates":[35.510004,33.09871]},"properties":{"event_id":201697,"data_org":"Green","post_date":"2026-04-04T00:00:00.000Z","pub_date":"2026-04-05T00:00:00.000Z","strikedate":"2026-04-04T00:00:00.000Z","event_type":"Rocket Attack","actor":"Hezbollah","site_type":"military","siteStype":"","city":"Malikiyah","province":"","country":"Israel","latitude":33.09871,"longitude":35.510004,"coord_type":"general town","source_1":"https://t.me/mmirleb/14248","source_2":"","sources":""}},{"type":"Feature","geometry":{"type":"Point","coordinates":[35.281113,33.10035]},"properties":{"event_id":201700,"data_org":"Green","post_date":"2026-04-04T00:00:00.000Z","pub_date":"2026-04-05T00:00:00.000Z","strikedate":"2026-04-04T00:00:00.000Z","event_type":"Drone Attack","actor":"Hezbollah","site_type":"military","siteStype":"","city":"Zarit","province":"","country":"Israel","latitude":33.10035,"longitude":35.281113,"coord_type":"exact","source_1":"https://t.me/mmirleb/14252","source_2":"","sources":""}},{"type":"Feature","geometry":{"type":"Point","coordinates":[35.507196,33.038279]},"properties":{"event_id":201741,"data_org":"Green","post_date":"2026-04-06T00:00:00.000Z","pub_date":"2026-04-06T00:00:00.000Z","strikedate":"2026-04-06T00:00:00.000Z","event_type":"Rocket Attack","actor":"Hezbollah","site_type":"military","siteStype":"","city":"Abel al Qamh","province":"","country":"Israel","latitude":33.038279,"longitude":35.507196,"coord_type":"general neighborhood","source_1":"https://t.me/mmirleb/14341","source_2":"","sources":""}},{"type":"Feature","geometry":{"type":"Point","coordinates":[35.096741,33.00806999999999]},"properties":{"event_id":201750,"data_org":"Green","post_date":"2026-04-06T00:00:00.000Z","pub_date":"2026-04-06T00:00:00.000Z","strikedate":"2026-04-06T00:00:00.000Z","event_type":"Rocket Attack","actor":"Hezbollah","site_type":"civilian","siteStype":"civilian : unknown","city":"Nahariya","province":"","country":"Israel","latitude":33.00807,"longitude":35.096741,"coord_type":"general town","source_1":"https://t.me/mmirleb/14349","source_2":"https://t.me/IL_RedAlerts/39374","sources":""}},{"type":"Feature","geometry":{"type":"Point","coordinates":[35.570434,33.20938199999999]},"properties":{"event_id":201751,"data_org":"Green","post_date":"2026-04-06T00:00:00.000Z","pub_date":"2026-04-06T00:00:00.000Z","strikedate":"2026-04-06T00:00:00.000Z","event_type":"Rocket Attack","actor":"Hezbollah","site_type":"civilian","siteStype":"civilian : unknown","city":"Kiryat Shmona","province":"","country":"Israel","latitude":33.209382,"longitude":35.570434,"coord_type":"general town","source_1":"https://t.me/mmirleb/14351","source_2":"https://t.me/IL_RedAlerts/39368","sources":""}},{"type":"Feature","geometry":{"type":"Point","coordinates":[35.577642,33.27691099999999]},"properties":{"event_id":201752,"data_org":"Green","post_date":"2026-04-06T00:00:00.000Z","pub_date":"2026-04-06T00:00:00.000Z","strikedate":"2026-04-06T00:00:00.000Z","event_type":"Rocket Attack","actor":"Hezbollah","site_type":"civilian","siteStype":"civilian : unknown","city":"Metula","province":"","country":"Israel","latitude":33.276911,"longitude":35.577642,"coord_type":"general town","source_1":"https://t.me/mmirleb/14353","source_2":"https://t.me/IL_RedAlerts/39370","sources":""}},{"type":"Feature","geometry":{"type":"Point","coordinates":[35.27721195,33.012511]},"properties":{"event_id":201753,"data_org":"Green","post_date":"2026-04-06T00:00:00.000Z","pub_date":"2026-04-06T00:00:00.000Z","strikedate":"2026-04-06T00:00:00.000Z","event_type":"Rocket Attack","actor":"Hezbollah","site_type":"civilian","siteStype":"civilian : unknown","city":"Maalot Tishriha","province":"","country":"Israel","latitude":33.012511,"longitude":35.27721195,"coord_type":"general town","source_1":"https://t.me/mmirleb/14355","source_2":"","sources":""}},{"type":"Feature","geometry":{"type":"Point","coordinates":[35.570434,33.20938199999999]},"properties":{"event_id":201754,"data_org":"Green","post_date":"2026-04-06T00:00:00.000Z","pub_date":"2026-04-06T00:00:00.000Z","strikedate":"2026-04-06T00:00:00.000Z","event_type":"Rocket Attack","actor":"Hezbollah","site_type":"civilian","siteStype":"civilian : unknown","city":"Kiryat Shmona","province":"","country":"Israel","latitude":33.209382,"longitude":35.570434,"coord_type":"general town","source_1":"https://t.me/mmirleb/14357","source_2":"https://t.me/IL_RedAlerts/39372","sources":""}},{"type":"Feature","geometry":{"type":"Point","coordinates":[35.577642,33.27691099999999]},"properties":{"event_id":201755,"data_org":"Green","post_date":"2026-04-06T00:00:00.000Z","pub_date":"2026-04-06T00:00:00.000Z","strikedate":"2026-04-06T00:00:00.000Z","event_type":"Rocket Attack","actor":"Hezbollah","site_type":"civilian","siteStype":"civilian : unknown","city":"Metula","province":"","country":"Israel","latitude":33.276911,"longitude":35.577642,"coord_type":"general town","source_1":"https://t.me/mmirleb/14357","source_2":"https://t.me/IL_RedAlerts/39372","sources":""}},{"type":"Feature","geometry":{"type":"Point","coordinates":[34.947186,29.560452999999992]},"properties":{"event_id":201733,"data_org":"Green","post_date":"2026-04-06T00:00:00.000Z","pub_date":"2026-04-06T00:00:00.000Z","strikedate":"2026-04-06T00:00:00.000Z","event_type":"Drone Attack","actor":"Houthis","site_type":"unknown","siteStype":"","city":"Eilat","province":"","country":"Israel","latitude":29.560453,"longitude":34.947186,"coord_type":"general town","source_1":"https://x.com/manniefabian/status/2041127170618118489?s=20","source_2":"","sources":""}},{"type":"Feature","geometry":{"type":"Point","coordinates":[44.09614200000001,36.275522]},"properties":{"event_id":201762,"data_org":"Green","post_date":"2026-04-06T00:00:00.000Z","pub_date":"2026-04-06T00:00:00.000Z","strikedate":"2026-04-06T00:00:00.000Z","event_type":"Drone Attack","actor":"Likely Iraqi militias","site_type":"political","siteStype":"political : administrative","city":"Erbil","province":"Erbil","country":"Iraq","latitude":36.275522,"longitude":44.096142,"coord_type":"general neighborhood","source_1":"DNGTS: https://shafaq dot com/ar/?????????????/??????-????-???-???-?????-???-????-????-??????","source_2":"","sources":""}},{"type":"Feature","geometry":{"type":"Point","coordinates":[34.885771,32.440886]},"properties":{"event_id":201756,"data_org":"Green","post_date":"2026-04-06T00:00:00.000Z","pub_date":"2026-04-06T00:00:00.000Z","strikedate":"2026-04-06T00:00:00.000Z","event_type":"Drone & Missile Attack","actor":"Hezbollah","site_type":"military","siteStype":"military : base","city":"Givat Olga","province":"","country":"Israel","latitude":32.440886,"longitude":34.885771,"coord_type":"general town","source_1":"https://t.me/mmirleb/14359","source_2":"","sources":""}},{"type":"Feature","geometry":{"type":"Point","coordinates":[43.963056,36.2375]},"properties":{"event_id":201765,"data_org":"Green","post_date":"2026-04-06T00:00:00.000Z","pub_date":"2026-04-06T00:00:00.000Z","strikedate":"2026-04-06T00:00:00.000Z","event_type":"Drone Attack","actor":"Likely Iraqi militias","site_type":"civilian","siteStype":"civilian : transit","city":"Erbil","province":"Erbil","country":"Iraq","latitude":36.2375,"longitude":43.963056,"coord_type":"general neighborhood","source_1":"DNGTS: https://shafaq dot com/ar/?????????????/????-???-??-?????-?????-???????-????-????","source_2":"","sources":""}},{"type":"Feature","geometry":{"type":"Point","coordinates":[34.947186,29.560452999999992]},"properties":{"event_id":201766,"data_org":"Green","post_date":"2026-04-06T00:00:00.000Z","pub_date":"2026-04-06T00:00:00.000Z","strikedate":"2026-04-06T00:00:00.000Z","event_type":"Drone Attack","actor":"Houthis","site_type":"military","siteStype":"military : unknown","city":"Eilat","province":"","country":"Israel","latitude":29.560453,"longitude":34.947186,"coord_type":"general town","source_1":"https://x.com/manniefabian/status/2041165413996794313?s=20","source_2":"https://x.com/manniefabian/status/2041140607884677292?s=20","sources":""}},{"type":"Feature","geometry":{"type":"Point","coordinates":[35.150433,33.08444399999999]},"properties":{"event_id":201769,"data_org":"Green","post_date":"2026-04-06T00:00:00.000Z","pub_date":"2026-04-06T00:00:00.000Z","strikedate":"2026-04-06T00:00:00.000Z","event_type":"Drone Attack","actor":"Hezbollah","site_type":"military","siteStype":"military : border protection","city":"Shlomi","province":"","country":"Israel","latitude":33.084444,"longitude":35.150433,"coord_type":"general town","source_1":"https://t.me/mmirleb/14381","source_2":"","sources":""}},{"type":"Feature","geometry":{"type":"Point","coordinates":[35.082603,32.933683]},"properties":{"event_id":201727,"data_org":"Green","post_date":"2026-04-05T00:00:00.000Z","pub_date":"2026-04-06T00:00:00.000Z","strikedate":"2026-04-05T00:00:00.000Z","event_type":"Drone Attack","actor":"Hezbollah","site_type":"military","siteStype":"","city":"Acre","province":"","country":"Israel","latitude":32.933683,"longitude":35.082603,"coord_type":"general town","source_1":"https://t.me/mmirleb/14308","source_2":"https://t.me/IL_RedAlerts/39248","sources":""}},{"type":"Feature","geometry":{"type":"Point","coordinates":[36.794373,31.832956999999993]},"properties":{"event_id":201759,"data_org":"Green","post_date":"2026-04-05T00:00:00.000Z","pub_date":"2026-04-06T00:00:00.000Z","strikedate":"2026-04-05T00:00:00.000Z","event_type":"Drone Attack","actor":"Saraya Awliya al Dam","site_type":"military","siteStype":"military : airbase","city":"","province":"al Azraq","country":"Jordan","latitude":31.832957,"longitude":36.794373,"coord_type":"general neighborhood","source_1":"https://t.me/awlialdm/346","source_2":"","sources":""}},{"type":"Feature","geometry":{"type":"Point","coordinates":[47.520556000000006,29.346666999999997]},"properties":{"event_id":201758,"data_org":"Green","post_date":"2026-04-05T00:00:00.000Z","pub_date":"2026-04-06T00:00:00.000Z","strikedate":"2026-04-05T00:00:00.000Z","event_type":"Drone Attack","actor":"Saraya Awliya al Dam","site_type":"military","siteStype":"military : airbase","city":"","province":"","country":"Kuwait","latitude":29.346667,"longitude":47.520556,"coord_type":"general neighborhood","source_1":"https://t.me/awlialdm/346","source_2":"","sources":""}},{"type":"Feature","geometry":{"type":"Point","coordinates":[40.51286300000001,36.706411]},"properties":{"event_id":201760,"data_org":"Green","post_date":"2026-04-05T00:00:00.000Z","pub_date":"2026-04-06T00:00:00.000Z","strikedate":"2026-04-05T00:00:00.000Z","event_type":"Drone Attack","actor":"Saraya Awliya al Dam","site_type":"military","siteStype":"military : base","city":"Qasrak","province":"Hasakah","country":"Syria","latitude":36.706411,"longitude":40.512863,"coord_type":"general neighborhood","source_1":"https://t.me/awlialdm/346","source_2":"","sources":""}},{"type":"Feature","geometry":{"type":"Point","coordinates":[44.232993,33.26762]},"properties":{"event_id":201761,"data_org":"Green","post_date":"2026-04-05T00:00:00.000Z","pub_date":"2026-04-06T00:00:00.000Z","strikedate":"2026-04-06T00:00:00.000Z","event_type":"Drone Attack","actor":"Likely Iraqi militias","site_type":"political","siteStype":"political : administrative","city":"Baghdad","province":"","country":"Iraq","latitude":33.26762,"longitude":44.232993,"coord_type":"general neighborhood","source_1":"DNGTS: https://shafaq dot com/ar/????/????-???-?-???????-???-?????-????-?????-??????","source_2":"","sources":""}},{"type":"Feature","geometry":{"type":"Point","coordinates":[35.54444,33.23255999999999]},"properties":{"event_id":201731,"data_org":"Green","post_date":"2026-04-05T00:00:00.000Z","pub_date":"2026-04-06T00:00:00.000Z","strikedate":"2026-04-05T00:00:00.000Z","event_type":"Drone Attack","actor":"Hezbollah","site_type":"military","siteStype":"","city":"Marj","province":"","country":"Israel","latitude":33.23256,"longitude":35.54444,"coord_type":"exact","source_1":"https://t.me/mmirleb/14317","source_2":"","sources":""}},{"type":"Feature","geometry":{"type":"Point","coordinates":[35.10850536,32.94236613999999]},"properties":{"event_id":201734,"data_org":"Green","post_date":"2026-04-05T00:00:00.000Z","pub_date":"2026-04-06T00:00:00.000Z","strikedate":"2026-04-05T00:00:00.000Z","event_type":"Drone Attack","actor":"Hezbollah","site_type":"military","siteStype":"","city":"Acre","province":"","country":"Israel","latitude":32.94236614,"longitude":35.10850536,"coord_type":"exact","source_1":"https://t.me/mmirleb/14323","source_2":"https://t.me/IL_RedAlerts/39196","sources":""}},{"type":"Feature","geometry":{"type":"Point","coordinates":[50.590556,25.918333]},"properties":{"event_id":201764,"data_org":"Green","post_date":"2026-04-05T00:00:00.000Z","pub_date":"2026-04-06T00:00:00.000Z","strikedate":"2026-04-05T00:00:00.000Z","event_type":"Drone Attack","actor":"Jaysh al Ghadab","site_type":"military","siteStype":"military : airbase","city":"","province":"","country":"Bahrain","latitude":25.918333,"longitude":50.590556,"coord_type":"general neighborhood","source_1":"https://t.me/Jaysh_AlGhadab/204","source_2":"","sources":""}},{"type":"Feature","geometry":{"type":"Point","coordinates":[35.111366,33.058925]},"properties":{"event_id":201735,"data_org":"Green","post_date":"2026-04-05T00:00:00.000Z","pub_date":"2026-04-06T00:00:00.000Z","strikedate":"2026-04-05T00:00:00.000Z","event_type":"Rocket Attack","actor":"Hezbollah","site_type":"civilian","siteStype":"","city":"Liman","province":"","country":"Israel","latitude":33.058925,"longitude":35.111366,"coord_type":"general town","source_1":"https://t.me/mmirleb/14331","source_2":"https://t.me/IL_RedAlerts/39264","sources":""}},{"type":"Feature","geometry":{"type":"Point","coordinates":[35.347175,33.017119]},"properties":{"event_id":201736,"data_org":"Green","post_date":"2026-04-05T00:00:00.000Z","pub_date":"2026-04-06T00:00:00.000Z","strikedate":"2026-04-05T00:00:00.000Z","event_type":"Rocket Attack","actor":"Hezbollah","site_type":"civilian","siteStype":"","city":"Hurfeish","province":"","country":"Israel","latitude":33.017119,"longitude":35.347175,"coord_type":"general town","source_1":"https://t.me/mmirleb/14333","source_2":"https://t.me/IL_RedAlerts/39258","sources":""}},{"type":"Feature","geometry":{"type":"Point","coordinates":[35.145365,33.07224699999999]},"properties":{"event_id":201737,"data_org":"Green","post_date":"2026-04-05T00:00:00.000Z","pub_date":"2026-04-06T00:00:00.000Z","strikedate":"2026-04-05T00:00:00.000Z","event_type":"Rocket Attack","actor":"Hezbollah","site_type":"civilian","siteStype":"","city":"Shlomi","province":"","country":"Israel","latitude":33.072247,"longitude":35.145365,"coord_type":"general town","source_1":"https://t.me/mmirleb/14335","source_2":"https://t.me/IL_RedAlerts/39260","sources":""}},{"type":"Feature","geometry":{"type":"Point","coordinates":[35.096741,33.00806999999999]},"properties":{"event_id":201738,"data_org":"Green","post_date":"2026-04-05T00:00:00.000Z","pub_date":"2026-04-06T00:00:00.000Z","strikedate":"2026-04-05T00:00:00.000Z","event_type":"Rocket Attack","actor":"Hezbollah","site_type":"civilian","siteStype":"","city":"Nahariya","province":"","country":"Israel","latitude":33.00807,"longitude":35.096741,"coord_type":"general town","source_1":"https://t.me/mmirleb/14337","source_2":"","sources":""}},{"type":"Feature","geometry":{"type":"Point","coordinates":[35.57208257,33.208971309999995]},"properties":{"event_id":201801,"data_org":"Green","post_date":"2026-04-07T00:00:00.000Z","pub_date":"2026-04-07T00:00:00.000Z","strikedate":"2026-04-07T00:00:00.000Z","event_type":"Rocket Attack","actor":"Hezbollah","site_type":"civilian","siteStype":"","city":"Kiryat Shmona","province":"","country":"Israel","latitude":33.20897131,"longitude":35.57208257,"coord_type":"general town","source_1":"https://t.me/mmirleb/14460","source_2":"https://t.me/IL_RedAlerts/39640","sources":""}},{"type":"Feature","geometry":{"type":"Point","coordinates":[35.57208257,33.208971309999995]},"properties":{"event_id":201802,"data_org":"Green","post_date":"2026-04-07T00:00:00.000Z","pub_date":"2026-04-07T00:00:00.000Z","strikedate":"2026-04-07T00:00:00.000Z","event_type":"Rocket Attack","actor":"Hezbollah","site_type":"civilian","siteStype":"","city":"Kiryat Shmona","province":"","country":"Israel","latitude":33.20897131,"longitude":35.57208257,"coord_type":"general town","source_1":"https://t.me/mmirleb/14462","source_2":"https://t.me/IL_RedAlerts/39642","sources":""}},{"type":"Feature","geometry":{"type":"Point","coordinates":[35.577642,33.27691099999999]},"properties":{"event_id":201803,"data_org":"Green","post_date":"2026-04-07T00:00:00.000Z","pub_date":"2026-04-07T00:00:00.000Z","strikedate":"2026-04-07T00:00:00.000Z","event_type":"Rocket Attack","actor":"Hezbollah","site_type":"civilian","siteStype":"","city":"Metula","province":"","country":"Israel","latitude":33.276911,"longitude":35.577642,"coord_type":"general town","source_1":"https://t.me/mmirleb/14464","source_2":"https://t.me/IL_RedAlerts/39648","sources":""}},{"type":"Feature","geometry":{"type":"Point","coordinates":[35.150433,33.08444399999999]},"properties":{"event_id":201804,"data_org":"Green","post_date":"2026-04-07T00:00:00.000Z","pub_date":"2026-04-07T00:00:00.000Z","strikedate":"2026-04-07T00:00:00.000Z","event_type":"Rocket Attack","actor":"Hezbollah","site_type":"civilian","siteStype":"","city":"Shlomi","province":"","country":"Israel","latitude":33.084444,"longitude":35.150433,"coord_type":"general town","source_1":"https://t.me/mmirleb/14466","source_2":"https://t.me/IL_RedAlerts/39652","sources":""}},{"type":"Feature","geometry":{"type":"Point","coordinates":[35.294744,33.074522]},"properties":{"event_id":201805,"data_org":"Green","post_date":"2026-04-07T00:00:00.000Z","pub_date":"2026-04-07T00:00:00.000Z","strikedate":"2026-04-07T00:00:00.000Z","event_type":"Rocket Attack","actor":"Hezbollah","site_type":"civilian","siteStype":"","city":"Even Menachem","province":"","country":"Israel","latitude":33.074522,"longitude":35.294744,"coord_type":"general town","source_1":"https://t.me/mmirleb/14468","source_2":"https://t.me/IL_RedAlerts/39676","sources":""}},{"type":"Feature","geometry":{"type":"Point","coordinates":[35.323229,33.065331]},"properties":{"event_id":201806,"data_org":"Green","post_date":"2026-04-07T00:00:00.000Z","pub_date":"2026-04-07T00:00:00.000Z","strikedate":"2026-04-07T00:00:00.000Z","event_type":"Rocket Attack","actor":"Hezbollah","site_type":"civilian","siteStype":"","city":"Netua","province":"","country":"Israel","latitude":33.065331,"longitude":35.323229,"coord_type":"general town","source_1":"https://t.me/mmirleb/14478","source_2":"","sources":""}},{"type":"Feature","geometry":{"type":"Point","coordinates":[35.577642,33.27691099999999]},"properties":{"event_id":201808,"data_org":"Green","post_date":"2026-04-07T00:00:00.000Z","pub_date":"2026-04-07T00:00:00.000Z","strikedate":"2026-04-07T00:00:00.000Z","event_type":"Rocket Attack","actor":"Hezbollah","site_type":"civilian","siteStype":"","city":"Metula","province":"","country":"Israel","latitude":33.276911,"longitude":35.577642,"coord_type":"general town","source_1":"https://t.me/mmirleb/14480","source_2":"","sources":""}},{"type":"Feature","geometry":{"type":"Point","coordinates":[35.150433,33.08444399999999]},"properties":{"event_id":201809,"data_org":"Green","post_date":"2026-04-07T00:00:00.000Z","pub_date":"2026-04-07T00:00:00.000Z","strikedate":"2026-04-07T00:00:00.000Z","event_type":"Rocket Attack","actor":"Hezbollah","site_type":"civilian","siteStype":"","city":"Shlomi","province":"","country":"Israel","latitude":33.084444,"longitude":35.150433,"coord_type":"general town","source_1":"https://t.me/mmirleb/14482","source_2":"","sources":""}},{"type":"Feature","geometry":{"type":"Point","coordinates":[35.281618,33.082412999999995]},"properties":{"event_id":201810,"data_org":"Green","post_date":"2026-04-07T00:00:00.000Z","pub_date":"2026-04-07T00:00:00.000Z","strikedate":"2026-04-07T00:00:00.000Z","event_type":"Rocket Attack","actor":"Hezbollah","site_type":"civilian","siteStype":"","city":"Shomera","province":"","country":"Israel","latitude":33.082413,"longitude":35.281618,"coord_type":"general town","source_1":"https://t.me/mmirleb/14486","source_2":"https://t.me/IL_RedAlerts/39680","sources":""}},{"type":"Feature","geometry":{"type":"Point","coordinates":[35.295596,32.912814]},"properties":{"event_id":201811,"data_org":"Green","post_date":"2026-04-07T00:00:00.000Z","pub_date":"2026-04-07T00:00:00.000Z","strikedate":"2026-04-07T00:00:00.000Z","event_type":"Rocket Attack","actor":"Hezbollah","site_type":"civilian","siteStype":"","city":"Karmiel","province":"","country":"Israel","latitude":32.912814,"longitude":35.295596,"coord_type":"general town","source_1":"https://t.me/mmirleb/14487","source_2":"https://t.me/IL_RedAlerts/39686","sources":""}},{"type":"Feature","geometry":{"type":"Point","coordinates":[35.096432,33.008230999999995]},"properties":{"event_id":201789,"data_org":"Green","post_date":"2026-04-07T00:00:00.000Z","pub_date":"2026-04-07T00:00:00.000Z","strikedate":"2026-04-07T00:00:00.000Z","event_type":"Rocket Attack","actor":"Hezbollah","site_type":"civilian","siteStype":"","city":"Nahariya","province":"","country":"Israel","latitude":33.008231,"longitude":35.096432,"coord_type":"general town","source_1":"https://x.com/manniefabian/status/2041443519915569432?s=20","source_2":"https://x.com/manniefabian/status/2041447441463975962?s=20; https://t.me/moriahdoron/29615","sources":"https://x.com/EndlessWint_r/status/2041447275935813945?s=20; https://x.com/TheCradleMedia/status/2041442667666473059?s=20; https://x.com/Osint613/status/2041446647503163731"}},{"type":"Feature","geometry":{"type":"Point","coordinates":[42.446388,33.793040000000005]},"properties":{"event_id":201807,"data_org":"Green","post_date":"2026-04-07T00:00:00.000Z","pub_date":"2026-04-07T00:00:00.000Z","strikedate":"2026-04-07T00:00:00.000Z","event_type":"Drone Attack","actor":"Likely Iraqi militias","site_type":"military","siteStype":"military : airbase","city":"Ain al Asad","province":"al Anbar","country":"Iraq","latitude":33.79304,"longitude":42.446388,"coord_type":"general neighborhood","source_1":"DNGTS: https://shafaq dot com/ar/????/??????-????????-????-??????-?????-??????-???????-??????-????-?????-???-??-??-??????","source_2":"","sources":""}},{"type":"Feature","geometry":{"type":"Point","coordinates":[35.096432,33.008230999999995]},"properties":{"event_id":201813,"data_org":"Green","post_date":"2026-04-07T00:00:00.000Z","pub_date":"2026-04-07T00:00:00.000Z","strikedate":"2026-04-07T00:00:00.000Z","event_type":"Rocket Attack","actor":"Hezbollah","site_type":"civilian","siteStype":"","city":"Nahariya","province":"","country":"Israel","latitude":33.008231,"longitude":35.096432,"coord_type":"general town","source_1":"https://t.me/mmirleb/14504","source_2":"https://t.me/IL_RedAlerts/39708","sources":"https://x.com/N12News/status/2041445325831897550"}},{"type":"Feature","geometry":{"type":"Point","coordinates":[35.495756,32.965348999999996]},"properties":{"event_id":201787,"data_org":"Green","post_date":"2026-04-07T00:00:00.000Z","pub_date":"2026-04-07T00:00:00.000Z","strikedate":"2026-04-07T00:00:00.000Z","event_type":"Rocket Attack","actor":"Hezbollah","site_type":"unknown","siteStype":"","city":"Safed","province":"","country":"Israel","latitude":32.965349,"longitude":35.495756,"coord_type":"general town","source_1":"https://t.me/moriahdoron/29621","source_2":"","sources":""}},{"type":"Feature","geometry":{"type":"Point","coordinates":[35.57208257,33.208971309999995]},"properties":{"event_id":201830,"data_org":"Green","post_date":"2026-04-07T00:00:00.000Z","pub_date":"2026-04-07T00:00:00.000Z","strikedate":"2026-04-07T00:00:00.000Z","event_type":"Rocket Attack","actor":"Hezbollah","site_type":"civilian","siteStype":"civilian : building","city":"Kiryat Shmona","province":"","country":"Israel","latitude":33.20897131,"longitude":35.57208257,"coord_type":"general town","source_1":"https://x.com/manniefabian/status/2041501770359214273?s=20","source_2":"","sources":""}},{"type":"Feature","geometry":{"type":"Point","coordinates":[35.57208257,33.208971309999995]},"properties":{"event_id":201814,"data_org":"Green","post_date":"2026-04-07T00:00:00.000Z","pub_date":"2026-04-07T00:00:00.000Z","strikedate":"2026-04-07T00:00:00.000Z","event_type":"Rocket Attack","actor":"Hezbollah","site_type":"civilian","siteStype":"","city":"Kiryat Shmona","province":"","country":"Israel","latitude":33.20897131,"longitude":35.57208257,"coord_type":"general town","source_1":"https://t.me/mmirleb/14525","source_2":"https://t.me/IL_RedAlerts/39716","sources":""}},{"type":"Feature","geometry":{"type":"Point","coordinates":[35.467033,33.091807]},"properties":{"event_id":201815,"data_org":"Green","post_date":"2026-04-07T00:00:00.000Z","pub_date":"2026-04-07T00:00:00.000Z","strikedate":"2026-04-07T00:00:00.000Z","event_type":"Rocket Attack","actor":"Hezbollah","site_type":"civilian","siteStype":"","city":"Avivim","province":"","country":"Israel","latitude":33.091807,"longitude":35.467033,"coord_type":"general town","source_1":"https://t.me/mmirleb/14525","source_2":"https://t.me/IL_RedAlerts/39748","sources":""}},{"type":"Feature","geometry":{"type":"Point","coordinates":[35.454035,33.07726499999999]},"properties":{"event_id":201816,"data_org":"Green","post_date":"2026-04-07T00:00:00.000Z","pub_date":"2026-04-07T00:00:00.000Z","strikedate":"2026-04-07T00:00:00.000Z","event_type":"Rocket Attack","actor":"Hezbollah","site_type":"civilian","siteStype":"","city":"Yiron","province":"","country":"Israel","latitude":33.077265,"longitude":35.454035,"coord_type":"general town","source_1":"https://t.me/mmirleb/14525","source_2":"https://t.me/IL_RedAlerts/39752","sources":""}},{"type":"Feature","geometry":{"type":"Point","coordinates":[35.288602,33.09892]},"properties":{"event_id":201817,"data_org":"Green","post_date":"2026-04-07T00:00:00.000Z","pub_date":"2026-04-07T00:00:00.000Z","strikedate":"2026-04-07T00:00:00.000Z","event_type":"Rocket Attack","actor":"Hezbollah","site_type":"civilian","siteStype":"","city":"Zarit","province":"","country":"Israel","latitude":33.09892,"longitude":35.288602,"coord_type":"general town","source_1":"https://t.me/mmirleb/14525","source_2":"https://t.me/IL_RedAlerts/39758","sources":""}},{"type":"Feature","geometry":{"type":"Point","coordinates":[35.57208257,33.208971309999995]},"properties":{"event_id":201818,"data_org":"Green","post_date":"2026-04-07T00:00:00.000Z","pub_date":"2026-04-07T00:00:00.000Z","strikedate":"2026-04-07T00:00:00.000Z","event_type":"Rocket Attack","actor":"Hezbollah","site_type":"civilian","siteStype":"","city":"Kiryat Shmona","province":"","country":"Israel","latitude":33.20897131,"longitude":35.57208257,"coord_type":"general town","source_1":"https://t.me/mmirleb/14525","source_2":"https://t.me/IL_RedAlerts/39760","sources":""}},{"type":"Feature","geometry":{"type":"Point","coordinates":[35.604836,33.208735999999995]},"properties":{"event_id":201819,"data_org":"Green","post_date":"2026-04-07T00:00:00.000Z","pub_date":"2026-04-07T00:00:00.000Z","strikedate":"2026-04-07T00:00:00.000Z","event_type":"Rocket Attack","actor":"Hezbollah","site_type":"civilian","siteStype":"","city":"Beit Hillel","province":"","country":"Israel","latitude":33.208736,"longitude":35.604836,"coord_type":"general town","source_1":"https://t.me/mmirleb/14525","source_2":"https://t.me/IL_RedAlerts/39762","sources":""}},{"type":"Feature","geometry":{"type":"Point","coordinates":[35.288602,33.09892]},"properties":{"event_id":201820,"data_org":"Green","post_date":"2026-04-07T00:00:00.000Z","pub_date":"2026-04-07T00:00:00.000Z","strikedate":"2026-04-07T00:00:00.000Z","event_type":"Rocket Attack","actor":"Hezbollah","site_type":"civilian","siteStype":"","city":"Zarit","province":"","country":"Israel","latitude":33.09892,"longitude":35.288602,"coord_type":"general town","source_1":"https://t.me/mmirleb/14525","source_2":"https://t.me/IL_RedAlerts/39780","sources":""}},{"type":"Feature","geometry":{"type":"Point","coordinates":[35.577642,33.27691099999999]},"properties":{"event_id":201821,"data_org":"Green","post_date":"2026-04-07T00:00:00.000Z","pub_date":"2026-04-07T00:00:00.000Z","strikedate":"2026-04-07T00:00:00.000Z","event_type":"Rocket Attack","actor":"Hezbollah","site_type":"civilian","siteStype":"","city":"Metula","province":"","country":"Israel","latitude":33.276911,"longitude":35.577642,"coord_type":"general town","source_1":"https://t.me/mmirleb/14527","source_2":"https://t.me/IL_RedAlerts/39746","sources":""}},{"type":"Feature","geometry":{"type":"Point","coordinates":[35.577642,33.27691099999999]},"properties":{"event_id":201822,"data_org":"Green","post_date":"2026-04-07T00:00:00.000Z","pub_date":"2026-04-07T00:00:00.000Z","strikedate":"2026-04-07T00:00:00.000Z","event_type":"Rocket Attack","actor":"Hezbollah","site_type":"civilian","siteStype":"","city":"Metula","province":"","country":"Israel","latitude":33.276911,"longitude":35.577642,"coord_type":"general town","source_1":"https://t.me/mmirleb/14527","source_2":"https://t.me/IL_RedAlerts/39776","sources":""}},{"type":"Feature","geometry":{"type":"Point","coordinates":[35.54849264,33.24816555999999]},"properties":{"event_id":201823,"data_org":"Green","post_date":"2026-04-07T00:00:00.000Z","pub_date":"2026-04-07T00:00:00.000Z","strikedate":"2026-04-07T00:00:00.000Z","event_type":"Rocket Attack","actor":"Hezbollah","site_type":"military","siteStype":"","city":"Misgav Am","province":"","country":"Israel","latitude":33.24816556,"longitude":35.54849264,"coord_type":"general town","source_1":"https://t.me/mmirleb/14529","source_2":"https://t.me/IL_RedAlerts/39744","sources":""}},{"type":"Feature","geometry":{"type":"Point","coordinates":[35.495756,32.965348999999996]},"properties":{"event_id":201825,"data_org":"Green","post_date":"2026-04-07T00:00:00.000Z","pub_date":"2026-04-07T00:00:00.000Z","strikedate":"2026-04-07T00:00:00.000Z","event_type":"Rocket Attack","actor":"Hezbollah","site_type":"military","siteStype":"","city":"Safed","province":"","country":"Israel","latitude":32.965349,"longitude":35.495756,"coord_type":"general town","source_1":"https://t.me/mmirleb/14536","source_2":"https://t.me/IL_RedAlerts/39720","sources":""}},{"type":"Feature","geometry":{"type":"Point","coordinates":[35.543145,32.96861899999999]},"properties":{"event_id":201826,"data_org":"Green","post_date":"2026-04-07T00:00:00.000Z","pub_date":"2026-04-07T00:00:00.000Z","strikedate":"2026-04-07T00:00:00.000Z","event_type":"Rocket Attack","actor":"Hezbollah","site_type":"civilian","siteStype":"","city":"Rosh Pina","province":"","country":"Israel","latitude":32.968619,"longitude":35.543145,"coord_type":"general town","source_1":"https://t.me/mmirleb/14536","source_2":"https://t.me/IL_RedAlerts/39720","sources":""}},{"type":"Feature","geometry":{"type":"Point","coordinates":[35.084427,32.932853999999985]},"properties":{"event_id":201827,"data_org":"Green","post_date":"2026-04-07T00:00:00.000Z","pub_date":"2026-04-07T00:00:00.000Z","strikedate":"2026-04-07T00:00:00.000Z","event_type":"Rocket Attack","actor":"Hezbollah","site_type":"military","siteStype":"","city":"Acre","province":"","country":"Israel","latitude":32.932854,"longitude":35.084427,"coord_type":"general town","source_1":"https://t.me/mmirleb/14538","source_2":"https://t.me/IL_RedAlerts/39734","sources":""}},{"type":"Feature","geometry":{"type":"Point","coordinates":[35.57798,33.27736999999998]},"properties":{"event_id":201828,"data_org":"Green","post_date":"2026-04-07T00:00:00.000Z","pub_date":"2026-04-07T00:00:00.000Z","strikedate":"2026-04-07T00:00:00.000Z","event_type":"Drone Attack","actor":"Hezbollah","site_type":"military","siteStype":"","city":"Metula","province":"","country":"Israel","latitude":33.27737,"longitude":35.57798,"coord_type":"exact","source_1":"https://t.me/mmirleb/14540","source_2":"https://t.me/IL_RedAlerts/39742","sources":""}},{"type":"Feature","geometry":{"type":"Point","coordinates":[35.554543,33.14332]},"properties":{"event_id":201829,"data_org":"Green","post_date":"2026-04-07T00:00:00.000Z","pub_date":"2026-04-07T00:00:00.000Z","strikedate":"2026-04-07T00:00:00.000Z","event_type":"Drone Attack","actor":"Hezbollah","site_type":"military","siteStype":"","city":"Yiftah","province":"","country":"Israel","latitude":33.14332,"longitude":35.554543,"coord_type":"exact","source_1":"https://t.me/mmirleb/14540","source_2":"","sources":""}},{"type":"Feature","geometry":{"type":"Point","coordinates":[35.714852,33.15738]},"properties":{"event_id":201833,"data_org":"Green","post_date":"2026-04-07T00:00:00.000Z","pub_date":"2026-04-07T00:00:00.000Z","strikedate":"2026-04-07T00:00:00.000Z","event_type":"Drone Attack","actor":"Hezbollah","site_type":"military","siteStype":"","city":"","province":"","country":"Israel","latitude":33.15738,"longitude":35.714852,"coord_type":"exact","source_1":"https://t.me/mmirleb/14547","source_2":"https://t.me/IL_RedAlerts/39766","sources":""}},{"type":"Feature","geometry":{"type":"Point","coordinates":[35.570165,33.208636]},"properties":{"event_id":201768,"data_org":"Green","post_date":"2026-04-06T00:00:00.000Z","pub_date":"2026-04-07T00:00:00.000Z","strikedate":"2026-04-06T00:00:00.000Z","event_type":"Drone Attack","actor":"Hezbollah","site_type":"military","siteStype":"","city":"Kiryat Shemona","province":"","country":"Israel","latitude":33.208636,"longitude":35.570165,"coord_type":"general town","source_1":"https://t.me/mmirleb/14383","source_2":"","sources":""}},{"type":"Feature","geometry":{"type":"Point","coordinates":[35.66291808,33.00970681999999]},"properties":{"event_id":201767,"data_org":"Green","post_date":"2026-04-06T00:00:00.000Z","pub_date":"2026-04-07T00:00:00.000Z","strikedate":"2026-04-06T00:00:00.000Z","event_type":"Rocket Attack","actor":"Hezbollah","site_type":"military","siteStype":"","city":"","province":"Golan Heights","country":"Israel","latitude":33.00970682,"longitude":35.66291808,"coord_type":"exact","source_1":"https://t.me/mmirleb/14385","source_2":"","sources":""}},{"type":"Feature","geometry":{"type":"Point","coordinates":[35.46735853,33.03996099999999]},"properties":{"event_id":201770,"data_org":"Green","post_date":"2026-04-06T00:00:00.000Z","pub_date":"2026-04-07T00:00:00.000Z","strikedate":"2026-04-06T00:00:00.000Z","event_type":"Rocket Attack","actor":"Hezbollah","site_type":"military","siteStype":"","city":"Kerem Ben Zimra","province":"","country":"Israel","latitude":33.039961,"longitude":35.46735853,"coord_type":"general town","source_1":"https://t.me/mmirleb/14387","source_2":"https://t.me/IL_RedAlerts/39553","sources":""}},{"type":"Feature","geometry":{"type":"Point","coordinates":[35.57208257,33.208971309999995]},"properties":{"event_id":201771,"data_org":"Green","post_date":"2026-04-06T00:00:00.000Z","pub_date":"2026-04-07T00:00:00.000Z","strikedate":"2026-04-06T00:00:00.000Z","event_type":"Rocket Attack","actor":"Hezbollah","site_type":"unknown","siteStype":"","city":"Kiryat Shmona","province":"","country":"Israel","latitude":33.20897131,"longitude":35.57208257,"coord_type":"general town","source_1":"https://t.me/mmirleb/14389","source_2":"https://t.me/IL_RedAlerts/39556","sources":""}},{"type":"Feature","geometry":{"type":"Point","coordinates":[35.54849264,33.24816555999999]},"properties":{"event_id":201772,"data_org":"Green","post_date":"2026-04-06T00:00:00.000Z","pub_date":"2026-04-07T00:00:00.000Z","strikedate":"2026-04-06T00:00:00.000Z","event_type":"Rocket Attack","actor":"Hezbollah","site_type":"unknown","siteStype":"","city":"Misgav Am","province":"","country":"Israel","latitude":33.24816556,"longitude":35.54849264,"coord_type":"general town","source_1":"https://t.me/mmirleb/14391","source_2":"https://t.me/IL_RedAlerts/39561","sources":""}},{"type":"Feature","geometry":{"type":"Point","coordinates":[35.54418381,33.216713]},"properties":{"event_id":201773,"data_org":"Green","post_date":"2026-04-06T00:00:00.000Z","pub_date":"2026-04-07T00:00:00.000Z","strikedate":"2026-04-06T00:00:00.000Z","event_type":"Rocket Attack","actor":"Hezbollah","site_type":"unknown","siteStype":"","city":"Margaliot","province":"","country":"Israel","latitude":33.216713,"longitude":35.54418381,"coord_type":"general town","source_1":"https://t.me/mmirleb/14393","source_2":"https://t.me/IL_RedAlerts/39561","sources":""}},{"type":"Feature","geometry":{"type":"Point","coordinates":[35.578565,33.28180151]},"properties":{"event_id":201774,"data_org":"Green","post_date":"2026-04-06T00:00:00.000Z","pub_date":"2026-04-07T00:00:00.000Z","strikedate":"2026-04-06T00:00:00.000Z","event_type":"Rocket Attack","actor":"Hezbollah","site_type":"unknown","siteStype":"","city":"Metula","province":"","country":"Israel","latitude":33.28180151,"longitude":35.578565,"coord_type":"general town","source_1":"https://t.me/mmirleb/14395","source_2":"https://t.me/IL_RedAlerts/39565","sources":""}},{"type":"Feature","geometry":{"type":"Point","coordinates":[35.596047,33.24873729]},"properties":{"event_id":201775,"data_org":"Green","post_date":"2026-04-06T00:00:00.000Z","pub_date":"2026-04-07T00:00:00.000Z","strikedate":"2026-04-06T00:00:00.000Z","event_type":"Drone Attack","actor":"Hezbollah","site_type":"military","siteStype":"","city":"Kfar Yuval","province":"","country":"Israel","latitude":33.24873729,"longitude":35.596047,"coord_type":"general neighborhood","source_1":"https://t.me/mmirleb/14397","source_2":"https://t.me/IL_RedAlerts/39569","sources":""}},{"type":"Feature","geometry":{"type":"Point","coordinates":[35.54418381,33.216713]},"properties":{"event_id":201776,"data_org":"Green","post_date":"2026-04-06T00:00:00.000Z","pub_date":"2026-04-07T00:00:00.000Z","strikedate":"2026-04-06T00:00:00.000Z","event_type":"Rocket Attack","actor":"Hezbollah","site_type":"unknown","siteStype":"","city":"Margaliot","province":"","country":"Israel","latitude":33.216713,"longitude":35.54418381,"coord_type":"general town","source_1":"https://t.me/mmirleb/14399","source_2":"https://t.me/IL_RedAlerts/39577","sources":""}},{"type":"Feature","geometry":{"type":"Point","coordinates":[35.50772,33.112657]},"properties":{"event_id":201777,"data_org":"Green","post_date":"2026-04-06T00:00:00.000Z","pub_date":"2026-04-07T00:00:00.000Z","strikedate":"2026-04-06T00:00:00.000Z","event_type":"Drone Attack","actor":"Hezbollah","site_type":"military","siteStype":"","city":"Malikiyah","province":"","country":"Israel","latitude":33.112657,"longitude":35.50772,"coord_type":"exact","source_1":"https://t.me/mmirleb/14401","source_2":"","sources":""}},{"type":"Feature","geometry":{"type":"Point","coordinates":[35.54418381,33.216713]},"properties":{"event_id":201778,"data_org":"Green","post_date":"2026-04-06T00:00:00.000Z","pub_date":"2026-04-07T00:00:00.000Z","strikedate":"2026-04-06T00:00:00.000Z","event_type":"Drone Attack","actor":"Hezbollah","site_type":"military","siteStype":"","city":"Margaliot","province":"","country":"Israel","latitude":33.216713,"longitude":35.54418381,"coord_type":"general town","source_1":"https://t.me/mmirleb/14403","source_2":"","sources":""}},{"type":"Feature","geometry":{"type":"Point","coordinates":[35.57208257,33.208971309999995]},"properties":{"event_id":201779,"data_org":"Green","post_date":"2026-04-06T00:00:00.000Z","pub_date":"2026-04-07T00:00:00.000Z","strikedate":"2026-04-06T00:00:00.000Z","event_type":"Drone Attack","actor":"Hezbollah","site_type":"unknown","siteStype":"","city":"Kiryat Shmona","province":"","country":"Israel","latitude":33.20897131,"longitude":35.57208257,"coord_type":"general town","source_1":"https://t.me/mmirleb/14405","source_2":"https://t.me/IL_RedAlerts/39585","sources":""}},{"type":"Feature","geometry":{"type":"Point","coordinates":[35.173480000000005,33.08734499999999]},"properties":{"event_id":201780,"data_org":"Green","post_date":"2026-04-06T00:00:00.000Z","pub_date":"2026-04-07T00:00:00.000Z","strikedate":"2026-04-06T00:00:00.000Z","event_type":"Drone Attack","actor":"Hezbollah","site_type":"military","siteStype":"","city":"Hanita","province":"","country":"Israel","latitude":33.087345,"longitude":35.17348,"coord_type":"general town","source_1":"https://t.me/mmirleb/14410","source_2":"https://t.me/IL_RedAlerts/39591","sources":""}},{"type":"Feature","geometry":{"type":"Point","coordinates":[35.57208257,33.208971309999995]},"properties":{"event_id":201781,"data_org":"Green","post_date":"2026-04-06T00:00:00.000Z","pub_date":"2026-04-07T00:00:00.000Z","strikedate":"2026-04-06T00:00:00.000Z","event_type":"Drone Attack","actor":"Hezbollah","site_type":"military","siteStype":"","city":"Kiryat Shmona","province":"","country":"Israel","latitude":33.20897131,"longitude":35.57208257,"coord_type":"general town","source_1":"https://t.me/mmirleb/14412","source_2":"","sources":""}},{"type":"Feature","geometry":{"type":"Point","coordinates":[35.45442,33.0759207]},"properties":{"event_id":201782,"data_org":"Green","post_date":"2026-04-06T00:00:00.000Z","pub_date":"2026-04-07T00:00:00.000Z","strikedate":"2026-04-06T00:00:00.000Z","event_type":"Rocket Attack","actor":"Hezbollah","site_type":"unknown","siteStype":"","city":"Yiron","province":"","country":"Israel","latitude":33.0759207,"longitude":35.45442,"coord_type":"general town","source_1":"https://t.me/mmirleb/14414","source_2":"https://t.me/IL_RedAlerts/39596","sources":""}},{"type":"Feature","geometry":{"type":"Point","coordinates":[35.150433,33.08444399999999]},"properties":{"event_id":201783,"data_org":"Green","post_date":"2026-04-06T00:00:00.000Z","pub_date":"2026-04-07T00:00:00.000Z","strikedate":"2026-04-06T00:00:00.000Z","event_type":"Drone Attack","actor":"Hezbollah","site_type":"military","siteStype":"","city":"Schlomi","province":"","country":"Israel","latitude":33.084444,"longitude":35.150433,"coord_type":"general town","source_1":"https://t.me/mmirleb/14416","source_2":"","sources":""}},{"type":"Feature","geometry":{"type":"Point","coordinates":[35.50772,33.112657]},"properties":{"event_id":201784,"data_org":"Green","post_date":"2026-04-06T00:00:00.000Z","pub_date":"2026-04-07T00:00:00.000Z","strikedate":"2026-04-06T00:00:00.000Z","event_type":"Drone Attack","actor":"Hezbollah","site_type":"military","siteStype":"","city":"Malikiyah","province":"","country":"Israel","latitude":33.112657,"longitude":35.50772,"coord_type":"exact","source_1":"https://t.me/mmirleb/14418","source_2":"","sources":""}},{"type":"Feature","geometry":{"type":"Point","coordinates":[35.50772,33.112657]},"properties":{"event_id":201788,"data_org":"Green","post_date":"2026-04-06T00:00:00.000Z","pub_date":"2026-04-07T00:00:00.000Z","strikedate":"2026-04-06T00:00:00.000Z","event_type":"Rocket Attack","actor":"Hezbollah","site_type":"military","siteStype":"","city":"Malikiyah","province":"","country":"Israel","latitude":33.112657,"longitude":35.50772,"coord_type":"exact","source_1":"https://t.me/mmirleb/14426","source_2":"","sources":""}},{"type":"Feature","geometry":{"type":"Point","coordinates":[35.609047,33.052885]},"properties":{"event_id":201790,"data_org":"Green","post_date":"2026-04-06T00:00:00.000Z","pub_date":"2026-04-07T00:00:00.000Z","strikedate":"2026-04-06T00:00:00.000Z","event_type":"Rocket Attack","actor":"Hezbollah","site_type":"military","siteStype":"","city":"Hulata","province":"","country":"Israel","latitude":33.052885,"longitude":35.609047,"coord_type":"general town","source_1":"https://t.me/mmirleb/14428","source_2":"","sources":""}},{"type":"Feature","geometry":{"type":"Point","coordinates":[35.495756,32.965348999999996]},"properties":{"event_id":201791,"data_org":"Green","post_date":"2026-04-06T00:00:00.000Z","pub_date":"2026-04-07T00:00:00.000Z","strikedate":"2026-04-06T00:00:00.000Z","event_type":"Rocket Attack","actor":"Hezbollah","site_type":"military","siteStype":"","city":"Safed","province":"","country":"Israel","latitude":32.965349,"longitude":35.495756,"coord_type":"general town","source_1":"https://t.me/mmirleb/14432","source_2":"","sources":""}},{"type":"Feature","geometry":{"type":"Point","coordinates":[35.394947,33.02881599999999]},"properties":{"event_id":201792,"data_org":"Green","post_date":"2026-04-06T00:00:00.000Z","pub_date":"2026-04-07T00:00:00.000Z","strikedate":"2026-04-06T00:00:00.000Z","event_type":"Rocket Attack","actor":"Hezbollah","site_type":"military","siteStype":"","city":"Sasa","province":"","country":"Israel","latitude":33.028816,"longitude":35.394947,"coord_type":"general town","source_1":"https://t.me/mmirleb/14436","source_2":"","sources":""}},{"type":"Feature","geometry":{"type":"Point","coordinates":[35.546156,33.220789999999994]},"properties":{"event_id":201793,"data_org":"Green","post_date":"2026-04-06T00:00:00.000Z","pub_date":"2026-04-07T00:00:00.000Z","strikedate":"2026-04-06T00:00:00.000Z","event_type":"Rocket Attack","actor":"Hezbollah","site_type":"military","siteStype":"","city":"Wadi Hounine","province":"","country":"Israel","latitude":33.22079,"longitude":35.546156,"coord_type":"general neighborhood","source_1":"https://t.me/mmirleb/14438","source_2":"","sources":""}},{"type":"Feature","geometry":{"type":"Point","coordinates":[35.54444,33.23255999999999]},"properties":{"event_id":201794,"data_org":"Green","post_date":"2026-04-06T00:00:00.000Z","pub_date":"2026-04-07T00:00:00.000Z","strikedate":"2026-04-06T00:00:00.000Z","event_type":"Rocket Attack","actor":"Hezbollah","site_type":"military","siteStype":"","city":"Marj","province":"","country":"Israel","latitude":33.23256,"longitude":35.54444,"coord_type":"exact","source_1":"https://t.me/mmirleb/14438","source_2":"","sources":""}},{"type":"Feature","geometry":{"type":"Point","coordinates":[35.57208257,33.208971309999995]},"properties":{"event_id":201795,"data_org":"Green","post_date":"2026-04-06T00:00:00.000Z","pub_date":"2026-04-07T00:00:00.000Z","strikedate":"2026-04-06T00:00:00.000Z","event_type":"Drone Attack","actor":"Hezbollah","site_type":"civilian","siteStype":"","city":"Kiryat Shmona","province":"","country":"Israel","latitude":33.20897131,"longitude":35.57208257,"coord_type":"general town","source_1":"https://t.me/mmirleb/14440","source_2":"https://t.me/IL_RedAlerts/39556","sources":""}},{"type":"Feature","geometry":{"type":"Point","coordinates":[35.546156,33.220789999999994]},"properties":{"event_id":201796,"data_org":"Green","post_date":"2026-04-06T00:00:00.000Z","pub_date":"2026-04-07T00:00:00.000Z","strikedate":"2026-04-06T00:00:00.000Z","event_type":"Rocket Attack","actor":"Hezbollah","site_type":"military","siteStype":"","city":"Wadi Hounine","province":"","country":"Israel","latitude":33.22079,"longitude":35.546156,"coord_type":"general neighborhood","source_1":"https://t.me/mmirleb/14442","source_2":"","sources":""}},{"type":"Feature","geometry":{"type":"Point","coordinates":[35.54444,33.23255999999999]},"properties":{"event_id":201797,"data_org":"Green","post_date":"2026-04-06T00:00:00.000Z","pub_date":"2026-04-07T00:00:00.000Z","strikedate":"2026-04-06T00:00:00.000Z","event_type":"Rocket Attack","actor":"Hezbollah","site_type":"military","siteStype":"","city":"Marj","province":"","country":"Israel","latitude":33.23256,"longitude":35.54444,"coord_type":"exact","source_1":"https://t.me/mmirleb/14442","source_2":"","sources":""}},{"type":"Feature","geometry":{"type":"Point","coordinates":[44.011688,36.190594000000004]},"properties":{"event_id":201785,"data_org":"Green","post_date":"2026-04-06T00:00:00.000Z","pub_date":"2026-04-07T00:00:00.000Z","strikedate":"2026-04-06T00:00:00.000Z","event_type":"Drone Attack","actor":"Likely Iraqi militias","site_type":"unknown","siteStype":"","city":"Erbil","province":"Erbil","country":"Iraq","latitude":36.190594,"longitude":44.011688,"coord_type":"general town","source_1":"https://x.com/ariel_oseran/status/2041300663565500881?s=20","source_2":"","sources":""}},{"type":"Feature","geometry":{"type":"Point","coordinates":[35.577642,33.27691099999999]},"properties":{"event_id":201798,"data_org":"Green","post_date":"2026-04-06T00:00:00.000Z","pub_date":"2026-04-07T00:00:00.000Z","strikedate":"2026-04-06T00:00:00.000Z","event_type":"Rocket Attack","actor":"Hezbollah","site_type":"civilian","siteStype":"","city":"Metula","province":"","country":"Israel","latitude":33.276911,"longitude":35.577642,"coord_type":"general town","source_1":"https://t.me/mmirleb/14454","source_2":"https://t.me/IL_RedAlerts/39624","sources":""}},{"type":"Feature","geometry":{"type":"Point","coordinates":[35.59598203,33.24873729]},"properties":{"event_id":201799,"data_org":"Green","post_date":"2026-04-06T00:00:00.000Z","pub_date":"2026-04-07T00:00:00.000Z","strikedate":"2026-04-06T00:00:00.000Z","event_type":"Rocket Attack","actor":"Hezbollah","site_type":"civilian","siteStype":"","city":"Kfar Yuval","province":"","country":"Israel","latitude":33.24873729,"longitude":35.59598203,"coord_type":"general town","source_1":"https://t.me/mmirleb/14454","source_2":"https://t.me/IL_RedAlerts/39624","sources":""}},{"type":"Feature","geometry":{"type":"Point","coordinates":[35.577642,33.27691099999999]},"properties":{"event_id":201800,"data_org":"Green","post_date":"2026-04-06T00:00:00.000Z","pub_date":"2026-04-07T00:00:00.000Z","strikedate":"2026-04-06T00:00:00.000Z","event_type":"Rocket Attack","actor":"Hezbollah","site_type":"civilian","siteStype":"","city":"Metula","province":"","country":"Israel","latitude":33.276911,"longitude":35.577642,"coord_type":"general town","source_1":"https://t.me/mmirleb/14456","source_2":"https://t.me/IL_RedAlerts/39626","sources":""}},{"type":"Feature","geometry":{"type":"Point","coordinates":[44.213911,33.252282]},"properties":{"event_id":201834,"data_org":"Green","post_date":"2026-04-08T00:00:00.000Z","pub_date":"2026-04-08T00:00:00.000Z","strikedate":"2026-04-08T00:00:00.000Z","event_type":"unknown","actor":"Likely Iraqi militias","site_type":"military","siteStype":"","city":"Baghdad","province":"","country":"Iraq","latitude":33.252282,"longitude":44.213911,"coord_type":"general neighborhood","source_1":"https://x.com/hey_itsmyturn/status/2041767058342363332?s=20","source_2":"","sources":""}},{"type":"Feature","geometry":{"type":"Point","coordinates":[35.57208257,33.208971309999995]},"properties":{"event_id":201844,"data_org":"Green","post_date":"2026-04-08T00:00:00.000Z","pub_date":"2026-04-08T00:00:00.000Z","strikedate":"2026-04-01T00:00:00.000Z","event_type":"Rocket Attack","actor":"Hezbollah","site_type":"civilian","siteStype":"","city":"Kiryat Shmona","province":"","country":"Israel","latitude":33.20897131,"longitude":35.57208257,"coord_type":"general town","source_1":"https://t.me/mmirleb/14587","source_2":"","sources":""}},{"type":"Feature","geometry":{"type":"Point","coordinates":[35.394266,33.02854099999999]},"properties":{"event_id":201843,"data_org":"Green","post_date":"2026-04-08T00:00:00.000Z","pub_date":"2026-04-08T00:00:00.000Z","strikedate":"2026-03-27T00:00:00.000Z","event_type":"Drone Attack","actor":"Hezbollah","site_type":"civilian","siteStype":"","city":"Sasa","province":"","country":"Israel","latitude":33.028541,"longitude":35.394266,"coord_type":"general town","source_1":"https://t.me/mmirleb/14594","source_2":"","sources":""}},{"type":"Feature","geometry":{"type":"Point","coordinates":[44.217619,33.257872999999975]},"properties":{"event_id":201855,"data_org":"Green","post_date":"2026-04-07T00:00:00.000Z","pub_date":"2026-04-08T00:00:00.000Z","strikedate":"2026-04-07T00:00:00.000Z","event_type":"Drone Attack","actor":"Iraqi militias","site_type":"military","siteStype":"military : base","city":"Baghdad","province":"","country":"Iraq","latitude":33.257873,"longitude":44.217619,"coord_type":"","source_1":"https://t.me/awlialdm/352","source_2":"","sources":""}},{"type":"Feature","geometry":{"type":"Point","coordinates":[35.319535,33.075807]},"properties":{"event_id":201858,"data_org":"Green","post_date":"2026-04-08T00:00:00.000Z","pub_date":"2026-04-08T00:00:00.000Z","strikedate":"2026-04-08T00:00:00.000Z","event_type":"Rocket Attack","actor":"Hezbollah","site_type":"","siteStype":"","city":"IVO Shtula and Netua","province":"","country":"Israel","latitude":33.075807,"longitude":35.319535,"coord_type":"general town","source_1":"https://x.com/manniefabian/status/2041887747460268456?s=20","source_2":"","sources":""}},{"type":"Feature","geometry":{"type":"Point","coordinates":[35.554543,33.14332]},"properties":{"event_id":201835,"data_org":"Green","post_date":"2026-04-07T00:00:00.000Z","pub_date":"2026-04-08T00:00:00.000Z","strikedate":"2026-04-07T00:00:00.000Z","event_type":"Rocket Attack","actor":"Hezbollah","site_type":"military","siteStype":"","city":"Yiftah","province":"","country":"Israel","latitude":33.14332,"longitude":35.554543,"coord_type":"exact","source_1":"https://t.me/mmirleb/14561","source_2":"","sources":""}},{"type":"Feature","geometry":{"type":"Point","coordinates":[35.57208257,33.208971309999995]},"properties":{"event_id":201836,"data_org":"Green","post_date":"2026-04-07T00:00:00.000Z","pub_date":"2026-04-08T00:00:00.000Z","strikedate":"2026-04-07T00:00:00.000Z","event_type":"Rocket Attack","actor":"Hezbollah","site_type":"civilian","siteStype":"","city":"Kiryat Shmona","province":"","country":"Israel","latitude":33.20897131,"longitude":35.57208257,"coord_type":"general town","source_1":"https://t.me/mmirleb/14563","source_2":"","sources":""}},{"type":"Feature","geometry":{"type":"Point","coordinates":[35.57208257,33.208971309999995]},"properties":{"event_id":201837,"data_org":"Green","post_date":"2026-04-07T00:00:00.000Z","pub_date":"2026-04-08T00:00:00.000Z","strikedate":"2026-04-07T00:00:00.000Z","event_type":"Drone Attack","actor":"Hezbollah","site_type":"civilian","siteStype":"","city":"Kiryat Shmona","province":"","country":"Israel","latitude":33.20897131,"longitude":35.57208257,"coord_type":"general town","source_1":"https://t.me/mmirleb/14563","source_2":"","sources":""}},{"type":"Feature","geometry":{"type":"Point","coordinates":[35.604836,33.208735999999995]},"properties":{"event_id":201838,"data_org":"Green","post_date":"2026-04-07T00:00:00.000Z","pub_date":"2026-04-08T00:00:00.000Z","strikedate":"2026-04-07T00:00:00.000Z","event_type":"Drone Attack","actor":"Hezbollah","site_type":"civilian","siteStype":"","city":"Beit Hillel","province":"","country":"Israel","latitude":33.208736,"longitude":35.604836,"coord_type":"general town","source_1":"https://t.me/mmirleb/14563","source_2":"","sources":""}},{"type":"Feature","geometry":{"type":"Point","coordinates":[35.604836,33.208735999999995]},"properties":{"event_id":201839,"data_org":"Green","post_date":"2026-04-07T00:00:00.000Z","pub_date":"2026-04-08T00:00:00.000Z","strikedate":"2026-04-07T00:00:00.000Z","event_type":"Rocket Attack","actor":"Hezbollah","site_type":"civilian","siteStype":"","city":"Beit Hillel","province":"","country":"Israel","latitude":33.208736,"longitude":35.604836,"coord_type":"general town","source_1":"https://t.me/mmirleb/14563","source_2":"","sources":""}},{"type":"Feature","geometry":{"type":"Point","coordinates":[35.552448,33.10228]},"properties":{"event_id":201840,"data_org":"Green","post_date":"2026-04-07T00:00:00.000Z","pub_date":"2026-04-08T00:00:00.000Z","strikedate":"2026-04-07T00:00:00.000Z","event_type":"Rocket Attack","actor":"Hezbollah","site_type":"military","siteStype":"","city":"Ramot Naftali","province":"","country":"Israel","latitude":33.10228,"longitude":35.552448,"coord_type":"exact","source_1":"https://t.me/mmirleb/14565","source_2":"","sources":""}},{"type":"Feature","geometry":{"type":"Point","coordinates":[35.467033,33.091807]},"properties":{"event_id":201841,"data_org":"Green","post_date":"2026-04-07T00:00:00.000Z","pub_date":"2026-04-08T00:00:00.000Z","strikedate":"2026-04-07T00:00:00.000Z","event_type":"Rocket Attack","actor":"Hezbollah","site_type":"civilian","siteStype":"","city":"Avivvm","province":"","country":"Israel","latitude":33.091807,"longitude":35.467033,"coord_type":"general town","source_1":"https://t.me/mmirleb/14567","source_2":"","sources":""}},{"type":"Feature","geometry":{"type":"Point","coordinates":[35.467033,33.091807]},"properties":{"event_id":201842,"data_org":"Green","post_date":"2026-04-07T00:00:00.000Z","pub_date":"2026-04-08T00:00:00.000Z","strikedate":"2026-04-07T00:00:00.000Z","event_type":"Rocket Attack","actor":"Hezbollah","site_type":"civilian","siteStype":"","city":"Avivvm","province":"","country":"Israel","latitude":33.091807,"longitude":35.467033,"coord_type":"general town","source_1":"https://t.me/mmirleb/14569","source_2":"","sources":""}},{"type":"Feature","geometry":{"type":"Point","coordinates":[35.505435,33.12424099999999]},"properties":{"event_id":201845,"data_org":"Green","post_date":"2026-04-07T00:00:00.000Z","pub_date":"2026-04-08T00:00:00.000Z","strikedate":"2026-04-07T00:00:00.000Z","event_type":"Rocket Attack","actor":"Hezbollah","site_type":"civilian","siteStype":"","city":"Dishon","province":"","country":"Israel","latitude":33.124241,"longitude":35.505435,"coord_type":"general town","source_1":"https://t.me/mmirleb/14571","source_2":"","sources":""}},{"type":"Feature","geometry":{"type":"Point","coordinates":[35.689918,32.99108]},"properties":{"event_id":201846,"data_org":"Green","post_date":"2026-04-07T00:00:00.000Z","pub_date":"2026-04-08T00:00:00.000Z","strikedate":"2026-04-07T00:00:00.000Z","event_type":"Rocket Attack","actor":"Hezbollah","site_type":"civilian","siteStype":"","city":"Katzrin","province":"","country":"Israel","latitude":32.99108,"longitude":35.689918,"coord_type":"general town","source_1":"https://t.me/mmirleb/14575","source_2":"","sources":""}},{"type":"Feature","geometry":{"type":"Point","coordinates":[35.50772,33.112657]},"properties":{"event_id":201847,"data_org":"Green","post_date":"2026-04-07T00:00:00.000Z","pub_date":"2026-04-08T00:00:00.000Z","strikedate":"2026-04-07T00:00:00.000Z","event_type":"Rocket Attack","actor":"Hezbollah","site_type":"military","siteStype":"","city":"Malikiyah","province":"","country":"Israel","latitude":33.112657,"longitude":35.50772,"coord_type":"exact","source_1":"https://t.me/mmirleb/14575","source_2":"","sources":""}},{"type":"Feature","geometry":{"type":"Point","coordinates":[35.57208257,33.208971309999995]},"properties":{"event_id":201861,"data_org":"Green","post_date":"2026-04-09T00:00:00.000Z","pub_date":"2026-04-09T00:00:00.000Z","strikedate":"2026-04-09T00:00:00.000Z","event_type":"Rocket Attack","actor":"Hezbollah","site_type":"civilian","siteStype":"","city":"Kiryat Shmona","province":"","country":"Israel","latitude":33.20897131,"longitude":35.57208257,"coord_type":"general town","source_1":"https://t.me/mmirleb/14604","source_2":"","sources":""}},{"type":"Feature","geometry":{"type":"Point","coordinates":[35.57208257,33.208971309999995]},"properties":{"event_id":201862,"data_org":"Green","post_date":"2026-04-09T00:00:00.000Z","pub_date":"2026-04-09T00:00:00.000Z","strikedate":"2026-04-09T00:00:00.000Z","event_type":"Rocket Attack","actor":"Hezbollah","site_type":"civilian","siteStype":"","city":"Kiryat Shmona","province":"","country":"Israel","latitude":33.20897131,"longitude":35.57208257,"coord_type":"general town","source_1":"https://t.me/mmirleb/14606","source_2":"","sources":""}},{"type":"Feature","geometry":{"type":"Point","coordinates":[35.577642,33.27691099999999]},"properties":{"event_id":201863,"data_org":"Green","post_date":"2026-04-09T00:00:00.000Z","pub_date":"2026-04-09T00:00:00.000Z","strikedate":"2026-04-09T00:00:00.000Z","event_type":"Rocket Attack","actor":"Hezbollah","site_type":"civilian","siteStype":"","city":"Metula","province":"","country":"Israel","latitude":33.276911,"longitude":35.577642,"coord_type":"general town","source_1":"https://t.me/mmirleb/14606","source_2":"","sources":""}},{"type":"Feature","geometry":{"type":"Point","coordinates":[35.57208257,33.208971309999995]},"properties":{"event_id":201864,"data_org":"Green","post_date":"2026-04-09T00:00:00.000Z","pub_date":"2026-04-09T00:00:00.000Z","strikedate":"2026-04-09T00:00:00.000Z","event_type":"Rocket Attack","actor":"Hezbollah","site_type":"civilian","siteStype":"","city":"Kiryat Shmona","province":"","country":"Israel","latitude":33.20897131,"longitude":35.57208257,"coord_type":"general town","source_1":"https://t.me/mmirleb/14612","source_2":"","sources":""}},{"type":"Feature","geometry":{"type":"Point","coordinates":[35.54444,33.232563]},"properties":{"event_id":201865,"data_org":"Green","post_date":"2026-04-09T00:00:00.000Z","pub_date":"2026-04-09T00:00:00.000Z","strikedate":"2026-04-09T00:00:00.000Z","event_type":"Rocket Attack","actor":"Hezbollah","site_type":"military","siteStype":"","city":"Marj","province":"","country":"Israel","latitude":33.232563,"longitude":35.54444,"coord_type":"exact","source_1":"https://t.me/mmirleb/14614","source_2":"","sources":""}},{"type":"Feature","geometry":{"type":"Point","coordinates":[35.57208257,33.208971309999995]},"properties":{"event_id":201866,"data_org":"Green","post_date":"2026-04-09T00:00:00.000Z","pub_date":"2026-04-09T00:00:00.000Z","strikedate":"2026-04-09T00:00:00.000Z","event_type":"Rocket Attack","actor":"Hezbollah","site_type":"civilian","siteStype":"","city":"Kiryat Shmona","province":"","country":"Israel","latitude":33.20897131,"longitude":35.57208257,"coord_type":"general town","source_1":"https://t.me/mmirleb/14616","source_2":"","sources":""}},{"type":"Feature","geometry":{"type":"Point","coordinates":[35.577642,33.27691099999999]},"properties":{"event_id":201867,"data_org":"Green","post_date":"2026-04-09T00:00:00.000Z","pub_date":"2026-04-09T00:00:00.000Z","strikedate":"2026-04-09T00:00:00.000Z","event_type":"Rocket Attack","actor":"Hezbollah","site_type":"civilian","siteStype":"","city":"Metula","province":"","country":"Israel","latitude":33.276911,"longitude":35.577642,"coord_type":"general town","source_1":"https://t.me/mmirleb/14616","source_2":"","sources":""}},{"type":"Feature","geometry":{"type":"Point","coordinates":[35.467033,33.091807]},"properties":{"event_id":201868,"data_org":"Green","post_date":"2026-04-09T00:00:00.000Z","pub_date":"2026-04-09T00:00:00.000Z","strikedate":"2026-04-09T00:00:00.000Z","event_type":"Rocket Attack","actor":"Hezbollah","site_type":"civilian","siteStype":"","city":"Avivim","province":"","country":"Israel","latitude":33.091807,"longitude":35.467033,"coord_type":"general town","source_1":"https://t.me/mmirleb/14618","source_2":"","sources":""}},{"type":"Feature","geometry":{"type":"Point","coordinates":[35.57208257,33.208971309999995]},"properties":{"event_id":201870,"data_org":"Green","post_date":"2026-04-09T00:00:00.000Z","pub_date":"2026-04-09T00:00:00.000Z","strikedate":"2026-04-09T00:00:00.000Z","event_type":"Rocket Attack","actor":"Hezbollah","site_type":"civilian","siteStype":"","city":"Kiryat Shmona","province":"","country":"Israel","latitude":33.20897131,"longitude":35.57208257,"coord_type":"general town","source_1":"https://t.me/mmirleb/14625","source_2":"","sources":""}},{"type":"Feature","geometry":{"type":"Point","coordinates":[35.284128190000004,33.083760999999996]},"properties":{"event_id":201871,"data_org":"Green","post_date":"2026-04-09T00:00:00.000Z","pub_date":"2026-04-09T00:00:00.000Z","strikedate":"2026-04-09T00:00:00.000Z","event_type":"Rocket Attack","actor":"Hezbollah","site_type":"civilian","siteStype":"","city":"Shomera","province":"","country":"Israel","latitude":33.083761,"longitude":35.28412819,"coord_type":"general town","source_1":"https://t.me/mmirleb/14627","source_2":"","sources":""}},{"type":"Feature","geometry":{"type":"Point","coordinates":[35.145949,33.071878999999996]},"properties":{"event_id":201873,"data_org":"Green","post_date":"2026-04-09T00:00:00.000Z","pub_date":"2026-04-09T00:00:00.000Z","strikedate":"2026-04-09T00:00:00.000Z","event_type":"Rocket Attack","actor":"Hezbollah","site_type":"civilian","siteStype":"","city":"Shlomi","province":"","country":"Israel","latitude":33.071879,"longitude":35.145949,"coord_type":"general town","source_1":"https://t.me/mmirleb/14629","source_2":"","sources":""}},{"type":"Feature","geometry":{"type":"Point","coordinates":[35.57208257,33.208971309999995]},"properties":{"event_id":201874,"data_org":"Green","post_date":"2026-04-09T00:00:00.000Z","pub_date":"2026-04-09T00:00:00.000Z","strikedate":"2026-04-09T00:00:00.000Z","event_type":"Rocket Attack","actor":"Hezbollah","site_type":"civilian","siteStype":"","city":"Kiryat Shmona","province":"","country":"Israel","latitude":33.20897131,"longitude":35.57208257,"coord_type":"general town","source_1":"https://t.me/mmirleb/14631","source_2":"","sources":""}},{"type":"Feature","geometry":{"type":"Point","coordinates":[35.467033,33.091807]},"properties":{"event_id":201875,"data_org":"Green","post_date":"2026-04-09T00:00:00.000Z","pub_date":"2026-04-09T00:00:00.000Z","strikedate":"2026-04-09T00:00:00.000Z","event_type":"Rocket Attack","actor":"Hezbollah","site_type":"civilian","siteStype":"","city":"Avivim","province":"","country":"Israel","latitude":33.091807,"longitude":35.467033,"coord_type":"general town","source_1":"https://t.me/mmirleb/14633","source_2":"","sources":""}},{"type":"Feature","geometry":{"type":"Point","coordinates":[35.57208257,33.208971309999995]},"properties":{"event_id":201876,"data_org":"Green","post_date":"2026-04-09T00:00:00.000Z","pub_date":"2026-04-09T00:00:00.000Z","strikedate":"2026-04-09T00:00:00.000Z","event_type":"Rocket Attack","actor":"Hezbollah","site_type":"civilian","siteStype":"","city":"Kiryat Shmona","province":"","country":"Israel","latitude":33.20897131,"longitude":35.57208257,"coord_type":"general town","source_1":"https://t.me/mmirleb/14635","source_2":"","sources":""}},{"type":"Feature","geometry":{"type":"Point","coordinates":[35.5890343,33.05993899999999]},"properties":{"event_id":201878,"data_org":"Green","post_date":"2026-04-09T00:00:00.000Z","pub_date":"2026-04-09T00:00:00.000Z","strikedate":"2026-04-09T00:00:00.000Z","event_type":"Rocket Attack","actor":"Hezbollah","site_type":"civilian","siteStype":"","city":"Yesud HaMa'ala","province":"","country":"Israel","latitude":33.059939,"longitude":35.5890343,"coord_type":"general town","source_1":"https://t.me/mmirleb/14637","source_2":"","sources":""}},{"type":"Feature","geometry":{"type":"Point","coordinates":[35.54849264,33.24816555999999]},"properties":{"event_id":201879,"data_org":"Green","post_date":"2026-04-09T00:00:00.000Z","pub_date":"2026-04-09T00:00:00.000Z","strikedate":"2026-04-09T00:00:00.000Z","event_type":"Drone Attack","actor":"Hezbollah","site_type":"unknown","siteStype":"","city":"Misgav Am","province":"","country":"Israel","latitude":33.24816556,"longitude":35.54849264,"coord_type":"general town","source_1":"https://t.me/mmirleb/14639","source_2":"","sources":""}},{"type":"Feature","geometry":{"type":"Point","coordinates":[35.545381,33.196211]},"properties":{"event_id":201882,"data_org":"Green","post_date":"2026-04-09T00:00:00.000Z","pub_date":"2026-04-09T00:00:00.000Z","strikedate":"2026-04-09T00:00:00.000Z","event_type":"Rocket Attack","actor":"Hezbollah","site_type":"civilian","siteStype":"","city":"Manara","province":"","country":"Israel","latitude":33.196211,"longitude":35.545381,"coord_type":"general town","source_1":"https://t.me/mmirleb/14645","source_2":"","sources":""}},{"type":"Feature","geometry":{"type":"Point","coordinates":[35.572083,33.208970999999984]},"properties":{"event_id":201883,"data_org":"Green","post_date":"2026-04-09T00:00:00.000Z","pub_date":"2026-04-09T00:00:00.000Z","strikedate":"2026-04-09T00:00:00.000Z","event_type":"Rocket Attack","actor":"Hezbollah","site_type":"civilian","siteStype":"","city":"Kiryat Shmona","province":"","country":"Israel","latitude":33.208971,"longitude":35.572083,"coord_type":"general town","source_1":"https://t.me/mmirleb/14652","source_2":"","sources":""}},{"type":"Feature","geometry":{"type":"Point","coordinates":[35.546156,33.220789999999994]},"properties":{"event_id":201884,"data_org":"Green","post_date":"2026-04-09T00:00:00.000Z","pub_date":"2026-04-09T00:00:00.000Z","strikedate":"2026-04-09T00:00:00.000Z","event_type":"Rocket Attack","actor":"Hezbollah","site_type":"military","siteStype":"","city":"Wadi Hounine","province":"","country":"Israel","latitude":33.22079,"longitude":35.546156,"coord_type":"general neighborhood","source_1":"https://t.me/mmirleb/14654","source_2":"","sources":""}},{"type":"Feature","geometry":{"type":"Point","coordinates":[35.54849264,33.24816555999999]},"properties":{"event_id":201888,"data_org":"Green","post_date":"2026-04-09T00:00:00.000Z","pub_date":"2026-04-09T00:00:00.000Z","strikedate":"2026-04-09T00:00:00.000Z","event_type":"Rocket Attack","actor":"Hezbollah","site_type":"unknown","siteStype":"","city":"Misgav Am","province":"","country":"Israel","latitude":33.24816556,"longitude":35.54849264,"coord_type":"general town","source_1":"https://t.me/mmirleb/14658","source_2":"","sources":""}},{"type":"Feature","geometry":{"type":"Point","coordinates":[35.096432,33.008230999999995]},"properties":{"event_id":201887,"data_org":"Green","post_date":"2026-04-09T00:00:00.000Z","pub_date":"2026-04-09T00:00:00.000Z","strikedate":"2026-04-09T00:00:00.000Z","event_type":"Rocket Attack","actor":"Hezbollah","site_type":"civilian","siteStype":"","city":"Nahariya","province":"","country":"Israel","latitude":33.008231,"longitude":35.096432,"coord_type":"general town","source_1":"https://x.com/manniefabian/status/2042270919775674858","source_2":"https://t.me/mmirleb/14662","sources":""}},{"type":"Feature","geometry":{"type":"Point","coordinates":[35.096432,33.008230999999995]},"properties":{"event_id":201890,"data_org":"Green","post_date":"2026-04-09T00:00:00.000Z","pub_date":"2026-04-09T00:00:00.000Z","strikedate":"2026-04-09T00:00:00.000Z","event_type":"Drone Attack","actor":"Hezbollah","site_type":"civilian","siteStype":"","city":"Nahariya","province":"","country":"Israel","latitude":33.008231,"longitude":35.096432,"coord_type":"general town","source_1":"https://t.me/mmirleb/14664","source_2":"","sources":""}},{"type":"Feature","geometry":{"type":"Point","coordinates":[35.145949,33.071878999999996]},"properties":{"event_id":201889,"data_org":"Green","post_date":"2026-04-09T00:00:00.000Z","pub_date":"2026-04-09T00:00:00.000Z","strikedate":"2026-04-09T00:00:00.000Z","event_type":"Drone Attack","actor":"Hezbollah","site_type":"civilian","siteStype":"","city":"Shlomi","province":"","country":"Israel","latitude":33.071879,"longitude":35.145949,"coord_type":"general town","source_1":"https://t.me/mmirleb/14664","source_2":"","sources":""}},{"type":"Feature","geometry":{"type":"Point","coordinates":[35.145949,33.071878999999996]},"properties":{"event_id":201891,"data_org":"Green","post_date":"2026-04-09T00:00:00.000Z","pub_date":"2026-04-09T00:00:00.000Z","strikedate":"2026-04-09T00:00:00.000Z","event_type":"Rocket Attack","actor":"Hezbollah","site_type":"civilian","siteStype":"","city":"Shlomi","province":"","country":"Israel","latitude":33.071879,"longitude":35.145949,"coord_type":"general town","source_1":"https://t.me/mmirleb/14666","source_2":"","sources":""}},{"type":"Feature","geometry":{"type":"Point","coordinates":[35.096432,33.008230999999995]},"properties":{"event_id":201892,"data_org":"Green","post_date":"2026-04-09T00:00:00.000Z","pub_date":"2026-04-09T00:00:00.000Z","strikedate":"2026-04-09T00:00:00.000Z","event_type":"Rocket Attack","actor":"Hezbollah","site_type":"civilian","siteStype":"","city":"Nahariya","province":"","country":"Israel","latitude":33.008231,"longitude":35.096432,"coord_type":"general town","source_1":"https://t.me/mmirleb/14667","source_2":"","sources":""}},{"type":"Feature","geometry":{"type":"Point","coordinates":[35.14798177,33.021038999999995]},"properties":{"event_id":201893,"data_org":"Green","post_date":"2026-04-09T00:00:00.000Z","pub_date":"2026-04-09T00:00:00.000Z","strikedate":"2026-04-09T00:00:00.000Z","event_type":"Rocket Attack","actor":"Hezbollah","site_type":"civilian","siteStype":"","city":"Kabri","province":"","country":"Israel","latitude":33.021039,"longitude":35.14798177,"coord_type":"general town","source_1":"https://t.me/mmirleb/14668","source_2":"","sources":""}},{"type":"Feature","geometry":{"type":"Point","coordinates":[35.54538145,33.196211]},"properties":{"event_id":201860,"data_org":"Green","post_date":"2026-04-08T00:00:00.000Z","pub_date":"2026-04-09T00:00:00.000Z","strikedate":"2026-04-08T00:00:00.000Z","event_type":"Rocket Attack","actor":"Hezbollah","site_type":"civilian","siteStype":"","city":"Manara","province":"","country":"Israel","latitude":33.196211,"longitude":35.54538145,"coord_type":"general town","source_1":"https://t.me/mmirleb/14598","source_2":"","sources":""}},{"type":"Feature","geometry":{"type":"Point","coordinates":[35.572083,33.208970999999984]},"properties":{"event_id":201916,"data_org":"Green","post_date":"2026-04-10T00:00:00.000Z","pub_date":"2026-04-10T00:00:00.000Z","strikedate":"2026-04-10T00:00:00.000Z","event_type":"Rocket Attack","actor":"Hezbollah","site_type":"civilian","siteStype":"","city":"Kiryat Shmona","province":"","country":"Israel","latitude":33.208971,"longitude":35.572083,"coord_type":"general town","source_1":"https://t.me/mmirleb/14740","source_2":"https://t.me/IL_RedAlerts/40206","sources":""}},{"type":"Feature","geometry":{"type":"Point","coordinates":[35.577642,33.27691099999999]},"properties":{"event_id":201917,"data_org":"Green","post_date":"2026-04-10T00:00:00.000Z","pub_date":"2026-04-10T00:00:00.000Z","strikedate":"2026-04-10T00:00:00.000Z","event_type":"Rocket Attack","actor":"Hezbollah","site_type":"civilian","siteStype":"","city":"Metula","province":"","country":"Israel","latitude":33.276911,"longitude":35.577642,"coord_type":"general town","source_1":"https://t.me/mmirleb/14742","source_2":"","sources":""}},{"type":"Feature","geometry":{"type":"Point","coordinates":[35.54849264,33.24816555999999]},"properties":{"event_id":201918,"data_org":"Green","post_date":"2026-04-10T00:00:00.000Z","pub_date":"2026-04-10T00:00:00.000Z","strikedate":"2026-04-10T00:00:00.000Z","event_type":"Rocket Attack","actor":"Hezbollah","site_type":"civilian","siteStype":"","city":"Misgav Am","province":"","country":"Israel","latitude":33.24816556,"longitude":35.54849264,"coord_type":"general town","source_1":"https://t.me/mmirleb/14742","source_2":"https://t.me/moriahdoron/29749","sources":""}},{"type":"Feature","geometry":{"type":"Point","coordinates":[35.54849264,33.24816555999999]},"properties":{"event_id":201919,"data_org":"Green","post_date":"2026-04-10T00:00:00.000Z","pub_date":"2026-04-10T00:00:00.000Z","strikedate":"2026-04-10T00:00:00.000Z","event_type":"Rocket Attack","actor":"Hezbollah","site_type":"civilian","siteStype":"","city":"Misgav Am","province":"","country":"Israel","latitude":33.24816556,"longitude":35.54849264,"coord_type":"general town","source_1":"https://t.me/mmirleb/14744","source_2":"https://t.me/moriahdoron/29749","sources":""}},{"type":"Feature","geometry":{"type":"Point","coordinates":[35.409025,33.051902]},"properties":{"event_id":201920,"data_org":"Green","post_date":"2026-04-10T00:00:00.000Z","pub_date":"2026-04-10T00:00:00.000Z","strikedate":"2026-04-10T00:00:00.000Z","event_type":"Rocket Attack","actor":"Hezbollah","site_type":"civilian","siteStype":"","city":"Dovev","province":"","country":"Israel","latitude":33.051902,"longitude":35.409025,"coord_type":"general town","source_1":"https://t.me/mmirleb/14746","source_2":"https://t.me/IL_RedAlerts/40208","sources":""}},{"type":"Feature","geometry":{"type":"Point","coordinates":[35.62363868,33.27251163]},"properties":{"event_id":201922,"data_org":"Green","post_date":"2026-04-10T00:00:00.000Z","pub_date":"2026-04-10T00:00:00.000Z","strikedate":"2026-04-10T00:00:00.000Z","event_type":"Rocket Attack","actor":"Hezbollah","site_type":"military","siteStype":"","city":"Ghajar site","province":"","country":"Israel","latitude":33.27251163,"longitude":35.62363868,"coord_type":"exact","source_1":"https://t.me/mmirleb/14750","source_2":"https://t.me/IL_RedAlerts/40212","sources":""}},{"type":"Feature","geometry":{"type":"Point","coordinates":[35.572083,33.208970999999984]},"properties":{"event_id":201924,"data_org":"Green","post_date":"2026-04-10T00:00:00.000Z","pub_date":"2026-04-10T00:00:00.000Z","strikedate":"2026-04-10T00:00:00.000Z","event_type":"Rocket Attack","actor":"Hezbollah","site_type":"civilian","siteStype":"","city":"Kiryat Shmona","province":"","country":"Israel","latitude":33.208971,"longitude":35.572083,"coord_type":"general town","source_1":"https://t.me/mmirleb/14752","source_2":"https://t.me/IL_RedAlerts/40216","sources":""}},{"type":"Feature","geometry":{"type":"Point","coordinates":[35.26757800000001,32.934517]},"properties":{"event_id":201911,"data_org":"Green","post_date":"2026-04-10T00:00:00.000Z","pub_date":"2026-04-10T00:00:00.000Z","strikedate":"2026-04-10T00:00:00.000Z","event_type":"Rocket Attack","actor":"Hezollah","site_type":"civilian","siteStype":"","city":"Deir al Asad","province":"","country":"Israel","latitude":32.934517,"longitude":35.267578,"coord_type":"general town","source_1":"DNGTS: https://www dot ynetnews.com/article/rjtqqu8nwg#autoplay","source_2":"","sources":""}},{"type":"Feature","geometry":{"type":"Point","coordinates":[35.577642,33.27691099999999]},"properties":{"event_id":201925,"data_org":"Green","post_date":"2026-04-10T00:00:00.000Z","pub_date":"2026-04-10T00:00:00.000Z","strikedate":"2026-04-10T00:00:00.000Z","event_type":"Rocket Attack","actor":"Hezbollah","site_type":"civilian","siteStype":"","city":"Metula","province":"","country":"Israel","latitude":33.276911,"longitude":35.577642,"coord_type":"general town","source_1":"https://t.me/mmirleb/14759","source_2":"https://t.me/IL_RedAlerts/40228","sources":""}},{"type":"Feature","geometry":{"type":"Point","coordinates":[35.577642,33.27691099999999]},"properties":{"event_id":201926,"data_org":"Green","post_date":"2026-04-10T00:00:00.000Z","pub_date":"2026-04-10T00:00:00.000Z","strikedate":"2026-04-10T00:00:00.000Z","event_type":"Rocket Attack","actor":"Hezbollah","site_type":"civilian","siteStype":"","city":"Metula","province":"","country":"Israel","latitude":33.276911,"longitude":35.577642,"coord_type":"general town","source_1":"https://t.me/mmirleb/14761","source_2":"https://t.me/IL_RedAlerts/40228","sources":""}},{"type":"Feature","geometry":{"type":"Point","coordinates":[35.54418381,33.216713]},"properties":{"event_id":201928,"data_org":"Green","post_date":"2026-04-10T00:00:00.000Z","pub_date":"2026-04-10T00:00:00.000Z","strikedate":"2026-04-10T00:00:00.000Z","event_type":"Rocket Attack","actor":"Hezbollah","site_type":"civilian","siteStype":"","city":"Margaliot","province":"","country":"Israel","latitude":33.216713,"longitude":35.54418381,"coord_type":"general town","source_1":"https://t.me/mmirleb/14761","source_2":"https://t.me/IL_RedAlerts/40232","sources":""}},{"type":"Feature","geometry":{"type":"Point","coordinates":[35.54849264,33.24816555999999]},"properties":{"event_id":201929,"data_org":"Green","post_date":"2026-04-10T00:00:00.000Z","pub_date":"2026-04-10T00:00:00.000Z","strikedate":"2026-04-10T00:00:00.000Z","event_type":"Rocket Attack","actor":"Hezbollah","site_type":"civilian","siteStype":"","city":"Misgav Am","province":"","country":"Israel","latitude":33.24816556,"longitude":35.54849264,"coord_type":"general town","source_1":"https://t.me/mmirleb/14761","source_2":"https://t.me/IL_RedAlerts/40232","sources":""}},{"type":"Feature","geometry":{"type":"Point","coordinates":[35.572083,33.208970999999984]},"properties":{"event_id":201931,"data_org":"Green","post_date":"2026-04-10T00:00:00.000Z","pub_date":"2026-04-10T00:00:00.000Z","strikedate":"2026-04-10T00:00:00.000Z","event_type":"Drone Attack","actor":"Hezbollah","site_type":"military","siteStype":"","city":"Kiryat Shmona","province":"","country":"Israel","latitude":33.208971,"longitude":35.572083,"coord_type":"general town","source_1":"https://t.me/mmirleb/14763","source_2":"https://t.me/IL_RedAlerts/40238","sources":""}},{"type":"Feature","geometry":{"type":"Point","coordinates":[35.467033,33.091807]},"properties":{"event_id":201933,"data_org":"Green","post_date":"2026-04-10T00:00:00.000Z","pub_date":"2026-04-10T00:00:00.000Z","strikedate":"2026-04-10T00:00:00.000Z","event_type":"Rocket Attack","actor":"Hezbollah","site_type":"civilian","siteStype":"","city":"Avivim","province":"","country":"Israel","latitude":33.091807,"longitude":35.467033,"coord_type":"general town","source_1":"https://t.me/mmirleb/14765","source_2":"","sources":""}},{"type":"Feature","geometry":{"type":"Point","coordinates":[34.650244,31.832311000000008]},"properties":{"event_id":201939,"data_org":"Green","post_date":"2026-04-10T00:00:00.000Z","pub_date":"2026-04-10T00:00:00.000Z","strikedate":"2026-04-10T00:00:00.000Z","event_type":"Missile Attack","actor":"Hezbollah","site_type":"military","siteStype":"military : naval base","city":"Ashdod","province":"","country":"Israel","latitude":31.832311,"longitude":34.650244,"coord_type":"general neighborhood","source_1":"https://t.me/mmirleb/14767","source_2":"https://x.com/manniefabian/status/2042367033799590041","sources":"https://t.me/moriahdoron/29745"}},{"type":"Feature","geometry":{"type":"Point","coordinates":[35.597294,33.159115]},"properties":{"event_id":201934,"data_org":"Green","post_date":"2026-04-10T00:00:00.000Z","pub_date":"2026-04-10T00:00:00.000Z","strikedate":"2026-04-10T00:00:00.000Z","event_type":"Drone Attack","actor":"Hezbollah","site_type":"military","siteStype":"","city":"Neot Mordechai","province":"","country":"Israel","latitude":33.159115,"longitude":35.597294,"coord_type":"general town","source_1":"https://t.me/mmirleb/14772","source_2":"https://t.me/IL_RedAlerts/40240","sources":""}},{"type":"Feature","geometry":{"type":"Point","coordinates":[35.27156,32.929776]},"properties":{"event_id":201901,"data_org":"Green","post_date":"2026-04-10T00:00:00.000Z","pub_date":"2026-04-10T00:00:00.000Z","strikedate":"2026-04-10T00:00:00.000Z","event_type":"Rocket Attack","actor":"Hezbollah","site_type":"civilian","siteStype":"","city":"Biina","province":"","country":"Israel","latitude":32.929776,"longitude":35.27156,"coord_type":"general town","source_1":"https://t.me/moriahdoron/29759","source_2":"","sources":""}},{"type":"Feature","geometry":{"type":"Point","coordinates":[35.289837,32.90834799999999]},"properties":{"event_id":201937,"data_org":"Green","post_date":"2026-04-10T00:00:00.000Z","pub_date":"2026-04-10T00:00:00.000Z","strikedate":"2026-04-10T00:00:00.000Z","event_type":"Rocket Attack","actor":"Hezbollah","site_type":"military","siteStype":"military : unknown","city":"Karmiel","province":"","country":"Israel","latitude":32.908348,"longitude":35.289837,"coord_type":"general town","source_1":"https://t.me/mmirleb/14786","source_2":"https://x.com/manniefabian/status/2042571906826576046","sources":"https://t.me/moriahdoron/29757"}},{"type":"Feature","geometry":{"type":"Point","coordinates":[35.577642,33.27691099999999]},"properties":{"event_id":201935,"data_org":"Green","post_date":"2026-04-10T00:00:00.000Z","pub_date":"2026-04-10T00:00:00.000Z","strikedate":"2026-04-10T00:00:00.000Z","event_type":"Rocket Attack","actor":"Hezbollah","site_type":"civilian","siteStype":"","city":"Metula","province":"","country":"Israel","latitude":33.276911,"longitude":35.577642,"coord_type":"general town","source_1":"https://t.me/mmirleb/14787","source_2":"","sources":""}},{"type":"Feature","geometry":{"type":"Point","coordinates":[35.54849264,33.24816555999999]},"properties":{"event_id":201936,"data_org":"Green","post_date":"2026-04-10T00:00:00.000Z","pub_date":"2026-04-10T00:00:00.000Z","strikedate":"2026-04-10T00:00:00.000Z","event_type":"Rocket Attack","actor":"Hezbollah","site_type":"civilian","siteStype":"","city":"Misgav Am","province":"","country":"Israel","latitude":33.24816556,"longitude":35.54849264,"coord_type":"general town","source_1":"https://t.me/mmirleb/14787","source_2":"","sources":""}},{"type":"Feature","geometry":{"type":"Point","coordinates":[35.492085,32.964849]},"properties":{"event_id":201932,"data_org":"Green","post_date":"2026-04-10T00:00:00.000Z","pub_date":"2026-04-10T00:00:00.000Z","strikedate":"2026-04-10T00:00:00.000Z","event_type":"Rocket Attack","actor":"Hezbollah","site_type":"military","siteStype":"","city":"Safed","province":"","country":"Israel","latitude":32.964849,"longitude":35.492085,"coord_type":"general town","source_1":"https://t.me/mmirleb/14791","source_2":"https://x.com/manniefabian/status/2042593298259300359","sources":"https://t.me/moriahdoron/29745; https://t.me/IL_RedAlerts/40258; https://t.me/moriahdoron/29770"}},{"type":"Feature","geometry":{"type":"Point","coordinates":[35.413586,32.99833]},"properties":{"event_id":201930,"data_org":"Green","post_date":"2026-04-10T00:00:00.000Z","pub_date":"2026-04-10T00:00:00.000Z","strikedate":"2026-04-10T00:00:00.000Z","event_type":"Rocket Attack","actor":"Hezbollah","site_type":"military","siteStype":"military : base","city":"Meron","province":"","country":"Israel","latitude":32.99833,"longitude":35.413586,"coord_type":"general town","source_1":"https://t.me/mmirleb/14793","source_2":"","sources":""}},{"type":"Feature","geometry":{"type":"Point","coordinates":[35.096432,33.008230999999995]},"properties":{"event_id":201945,"data_org":"Green","post_date":"2026-04-10T00:00:00.000Z","pub_date":"2026-04-10T00:00:00.000Z","strikedate":"2026-04-10T00:00:00.000Z","event_type":"Rocket Attack","actor":"Hezbollah","site_type":"civilian","siteStype":"","city":"Nahariya","province":"","country":"Israel","latitude":33.008231,"longitude":35.096432,"coord_type":"general town","source_1":"https://x.com/manniefabian/status/2042608442506895391","source_2":"","sources":""}},{"type":"Feature","geometry":{"type":"Point","coordinates":[35.409025,33.051902]},"properties":{"event_id":201923,"data_org":"Green","post_date":"2026-04-10T00:00:00.000Z","pub_date":"2026-04-10T00:00:00.000Z","strikedate":"2026-04-10T00:00:00.000Z","event_type":"Rocket Attack","actor":"Hezbollah","site_type":"civilian","siteStype":"","city":"Dovev","province":"","country":"Israel","latitude":33.051902,"longitude":35.409025,"coord_type":"general town","source_1":"https://t.me/mmirleb/14797","source_2":"","sources":""}},{"type":"Feature","geometry":{"type":"Point","coordinates":[35.096432,33.008230999999995]},"properties":{"event_id":201921,"data_org":"Green","post_date":"2026-04-10T00:00:00.000Z","pub_date":"2026-04-10T00:00:00.000Z","strikedate":"2026-04-10T00:00:00.000Z","event_type":"Rocket Attack","actor":"Hezbollah","site_type":"civilian","siteStype":"","city":"Nahariya","province":"","country":"Israel","latitude":33.008231,"longitude":35.096432,"coord_type":"general town","source_1":"https://t.me/mmirleb/14801","source_2":"https://x.com/manniefabian/status/2042608442506895391","sources":""}},{"type":"Feature","geometry":{"type":"Point","coordinates":[35.111365,33.058799999999984]},"properties":{"event_id":201940,"data_org":"Green","post_date":"2026-04-10T00:00:00.000Z","pub_date":"2026-04-10T00:00:00.000Z","strikedate":"2026-04-10T00:00:00.000Z","event_type":"Rocket Attack","actor":"Hezbollah","site_type":"civilian","siteStype":"","city":"Liman","province":"","country":"Israel","latitude":33.0588,"longitude":35.111365,"coord_type":"general town","source_1":"https://t.me/mmirleb/14807","source_2":"","sources":""}},{"type":"Feature","geometry":{"type":"Point","coordinates":[35.145949,33.071878999999996]},"properties":{"event_id":201941,"data_org":"Green","post_date":"2026-04-10T00:00:00.000Z","pub_date":"2026-04-10T00:00:00.000Z","strikedate":"2026-04-10T00:00:00.000Z","event_type":"Rocket Attack","actor":"Hezbollah","site_type":"civilian","siteStype":"","city":"Shlomi","province":"","country":"Israel","latitude":33.071879,"longitude":35.145949,"coord_type":"general town","source_1":"https://t.me/mmirleb/14807","source_2":"","sources":""}},{"type":"Feature","geometry":{"type":"Point","coordinates":[35.572083,33.208970999999984]},"properties":{"event_id":201942,"data_org":"Green","post_date":"2026-04-10T00:00:00.000Z","pub_date":"2026-04-10T00:00:00.000Z","strikedate":"2026-04-10T00:00:00.000Z","event_type":"Drone Attack","actor":"Hezbollah","site_type":"military","siteStype":"","city":"Kiryat Shmona","province":"","country":"Israel","latitude":33.208971,"longitude":35.572083,"coord_type":"general town","source_1":"https://t.me/mmirleb/14813","source_2":"","sources":""}},{"type":"Feature","geometry":{"type":"Point","coordinates":[35.610425,33.217166]},"properties":{"event_id":201943,"data_org":"Green","post_date":"2026-04-10T00:00:00.000Z","pub_date":"2026-04-10T00:00:00.000Z","strikedate":"2026-04-10T00:00:00.000Z","event_type":"Drone Attack","actor":"Hezbollah","site_type":"","siteStype":"","city":"Beit Hillel","province":"","country":"Israel","latitude":33.217166,"longitude":35.610425,"coord_type":"exact","source_1":"https://t.me/mmirleb/14813","source_2":"","sources":""}},{"type":"Feature","geometry":{"type":"Point","coordinates":[35.289837,32.90834799999999]},"properties":{"event_id":201944,"data_org":"Green","post_date":"2026-04-10T00:00:00.000Z","pub_date":"2026-04-10T00:00:00.000Z","strikedate":"2026-04-10T00:00:00.000Z","event_type":"Rocket Attack","actor":"Hezbollah","site_type":"military","siteStype":"military : unknown","city":"Karmiel","province":"","country":"Israel","latitude":32.908348,"longitude":35.289837,"coord_type":"general town","source_1":"https://t.me/mmirleb/14815","source_2":"https://t.me/moriahdoron/29777","sources":""}},{"type":"Feature","geometry":{"type":"Point","coordinates":[35.454107,33.077219]},"properties":{"event_id":201947,"data_org":"Green","post_date":"2026-04-10T00:00:00.000Z","pub_date":"2026-04-10T00:00:00.000Z","strikedate":"2026-04-10T00:00:00.000Z","event_type":"Rocket Attack","actor":"Hezbollah","site_type":"civilian","siteStype":"","city":"Yiron","province":"","country":"Israel","latitude":33.077219,"longitude":35.454107,"coord_type":"general town","source_1":"https://t.me/mmirleb/14819","source_2":"","sources":""}},{"type":"Feature","geometry":{"type":"Point","coordinates":[35.09113286,32.96352674999999]},"properties":{"event_id":201948,"data_org":"Green","post_date":"2026-04-10T00:00:00.000Z","pub_date":"2026-04-10T00:00:00.000Z","strikedate":"2026-04-10T00:00:00.000Z","event_type":"Drone Attack","actor":"Hezbollah","site_type":"military","siteStype":"military : base","city":"Acre","province":"","country":"Israel","latitude":32.96352675,"longitude":35.09113286,"coord_type":"exact","source_1":"https://t.me/mmirleb/14821","source_2":"","sources":""}},{"type":"Feature","geometry":{"type":"Point","coordinates":[35.572083,33.208970999999984]},"properties":{"event_id":201946,"data_org":"Green","post_date":"2026-04-10T00:00:00.000Z","pub_date":"2026-04-10T00:00:00.000Z","strikedate":"2026-04-10T00:00:00.000Z","event_type":"Rocket Attack","actor":"Hezbollah","site_type":"civilian","siteStype":"","city":"Kiryat Shmona","province":"","country":"Israel","latitude":33.208971,"longitude":35.572083,"coord_type":"general town","source_1":"https://x.com/manniefabian/status/2042655350965329951","source_2":"https://t.me/moriahdoron/29792","sources":""}},{"type":"Feature","geometry":{"type":"Point","coordinates":[35.279078,33.014754]},"properties":{"event_id":201898,"data_org":"Green","post_date":"2026-04-09T00:00:00.000Z","pub_date":"2026-04-10T00:00:00.000Z","strikedate":"2026-04-09T00:00:00.000Z","event_type":"Rocket Attack","actor":"Hezbollah","site_type":"military","siteStype":"","city":"Maalot","province":"","country":"Israel","latitude":33.014754,"longitude":35.279078,"coord_type":"general town","source_1":"https://t.me/mmirleb/14671","source_2":"","sources":""}},{"type":"Feature","geometry":{"type":"Point","coordinates":[35.510004,33.09871]},"properties":{"event_id":201899,"data_org":"Green","post_date":"2026-04-09T00:00:00.000Z","pub_date":"2026-04-10T00:00:00.000Z","strikedate":"2026-04-09T00:00:00.000Z","event_type":"Rocket Attack","actor":"Hezbollah","site_type":"civilian","siteStype":"","city":"Malikiyah","province":"","country":"Israel","latitude":33.09871,"longitude":35.510004,"coord_type":"general town","source_1":"https://t.me/mmirleb/14673","source_2":"","sources":""}},{"type":"Feature","geometry":{"type":"Point","coordinates":[35.01880015,32.781158]},"properties":{"event_id":201894,"data_org":"Green","post_date":"2026-04-09T00:00:00.000Z","pub_date":"2026-04-10T00:00:00.000Z","strikedate":"2026-04-09T00:00:00.000Z","event_type":"Rocket Attack","actor":"Hezbollah","site_type":"civilian","siteStype":"","city":"Haifa","province":"","country":"Israel","latitude":32.781158,"longitude":35.01880015,"coord_type":"general town","source_1":"https://x.com/manniefabian/status/2042333747761025495","source_2":"https://t.me/mmirleb/14689","sources":""}},{"type":"Feature","geometry":{"type":"Point","coordinates":[35.54849264,33.24816555999999]},"properties":{"event_id":201900,"data_org":"Green","post_date":"2026-04-09T00:00:00.000Z","pub_date":"2026-04-10T00:00:00.000Z","strikedate":"2026-04-09T00:00:00.000Z","event_type":"unknown","actor":"Hezbollah","site_type":"civilian","siteStype":"","city":"Misgav Am","province":"","country":"Israel","latitude":33.24816556,"longitude":35.54849264,"coord_type":"general town","source_1":"https://t.me/mmirleb/14675","source_2":"","sources":""}},{"type":"Feature","geometry":{"type":"Point","coordinates":[35.577642,33.27691099999999]},"properties":{"event_id":201902,"data_org":"Green","post_date":"2026-04-09T00:00:00.000Z","pub_date":"2026-04-10T00:00:00.000Z","strikedate":"2026-04-09T00:00:00.000Z","event_type":"Rocket Attack","actor":"Hezbollah","site_type":"civilian","siteStype":"","city":"Metula","province":"","country":"Israel","latitude":33.276911,"longitude":35.577642,"coord_type":"general town","source_1":"https://t.me/mmirleb/14677","source_2":"","sources":""}},{"type":"Feature","geometry":{"type":"Point","coordinates":[35.467033,33.091807]},"properties":{"event_id":201905,"data_org":"Green","post_date":"2026-04-09T00:00:00.000Z","pub_date":"2026-04-10T00:00:00.000Z","strikedate":"2026-04-09T00:00:00.000Z","event_type":"Rocket Attack","actor":"Hezbollah","site_type":"civilian","siteStype":"","city":"Avivim","province":"","country":"Israel","latitude":33.091807,"longitude":35.467033,"coord_type":"general town","source_1":"https://t.me/mmirleb/14705","source_2":"","sources":""}},{"type":"Feature","geometry":{"type":"Point","coordinates":[35.54444,33.232563]},"properties":{"event_id":201907,"data_org":"Green","post_date":"2026-04-09T00:00:00.000Z","pub_date":"2026-04-10T00:00:00.000Z","strikedate":"2026-04-09T00:00:00.000Z","event_type":"Drone Attack","actor":"Hezbollah","site_type":"military","siteStype":"","city":"Marj","province":"","country":"Israel","latitude":33.232563,"longitude":35.54444,"coord_type":"exact","source_1":"https://t.me/mmirleb/14718","source_2":"","sources":""}},{"type":"Feature","geometry":{"type":"Point","coordinates":[35.342543,33.05831]},"properties":{"event_id":201908,"data_org":"Green","post_date":"2026-04-09T00:00:00.000Z","pub_date":"2026-04-10T00:00:00.000Z","strikedate":"2026-04-09T00:00:00.000Z","event_type":"Drone Attack","actor":"Hezbollah","site_type":"military","siteStype":"","city":"","province":"","country":"Israel","latitude":33.05831,"longitude":35.342543,"coord_type":"general town","source_1":"https://t.me/mmirleb/14720","source_2":"","sources":""}},{"type":"Feature","geometry":{"type":"Point","coordinates":[35.577642,33.27691099999999]},"properties":{"event_id":201909,"data_org":"Green","post_date":"2026-04-09T00:00:00.000Z","pub_date":"2026-04-10T00:00:00.000Z","strikedate":"2026-04-09T00:00:00.000Z","event_type":"Rocket Attack","actor":"Hezbollah","site_type":"civilian","siteStype":"","city":"Metula","province":"","country":"Israel","latitude":33.276911,"longitude":35.577642,"coord_type":"general town","source_1":"https://t.me/mmirleb/14724","source_2":"","sources":""}},{"type":"Feature","geometry":{"type":"Point","coordinates":[35.145949,33.071878999999996]},"properties":{"event_id":201910,"data_org":"Green","post_date":"2026-04-09T00:00:00.000Z","pub_date":"2026-04-10T00:00:00.000Z","strikedate":"2026-04-09T00:00:00.000Z","event_type":"Drone Attack","actor":"Hezbollah","site_type":"civilian","siteStype":"","city":"Shlomi","province":"","country":"Israel","latitude":33.071879,"longitude":35.145949,"coord_type":"general town","source_1":"https://t.me/mmirleb/14726","source_2":"","sources":""}},{"type":"Feature","geometry":{"type":"Point","coordinates":[35.145949,33.071878999999996]},"properties":{"event_id":201912,"data_org":"Green","post_date":"2026-04-09T00:00:00.000Z","pub_date":"2026-04-10T00:00:00.000Z","strikedate":"2026-04-09T00:00:00.000Z","event_type":"Rocket Attack","actor":"Hezbollah","site_type":"civilian","siteStype":"","city":"Shlomi","province":"","country":"Israel","latitude":33.071879,"longitude":35.145949,"coord_type":"general town","source_1":"https://t.me/mmirleb/14726","source_2":"","sources":""}},{"type":"Feature","geometry":{"type":"Point","coordinates":[35.238955,33.057109]},"properties":{"event_id":201913,"data_org":"Green","post_date":"2026-04-09T00:00:00.000Z","pub_date":"2026-04-10T00:00:00.000Z","strikedate":"2026-04-09T00:00:00.000Z","event_type":"Drone Attack","actor":"Hezbollah","site_type":"military","siteStype":"","city":"Goren","province":"","country":"Israel","latitude":33.057109,"longitude":35.238955,"coord_type":"general town","source_1":"https://t.me/mmirleb/14728","source_2":"","sources":""}},{"type":"Feature","geometry":{"type":"Point","coordinates":[35.238955,33.057109]},"properties":{"event_id":201914,"data_org":"Green","post_date":"2026-04-09T00:00:00.000Z","pub_date":"2026-04-10T00:00:00.000Z","strikedate":"2026-04-09T00:00:00.000Z","event_type":"Rocket Attack","actor":"Hezbollah","site_type":"military","siteStype":"","city":"Goren","province":"","country":"Israel","latitude":33.057109,"longitude":35.238955,"coord_type":"general town","source_1":"https://t.me/mmirleb/14728","source_2":"","sources":""}},{"type":"Feature","geometry":{"type":"Point","coordinates":[35.184795,33.067499]},"properties":{"event_id":201915,"data_org":"Green","post_date":"2026-04-09T00:00:00.000Z","pub_date":"2026-04-10T00:00:00.000Z","strikedate":"2026-04-09T00:00:00.000Z","event_type":"Drone Attack","actor":"Hezbollah","site_type":"Military","siteStype":"","city":"Yara","province":"","country":"Israel","latitude":33.067499,"longitude":35.184795,"coord_type":"exact","source_1":"https://t.me/mmirleb/14730","source_2":"","sources":""}},{"type":"Feature","geometry":{"type":"Point","coordinates":[35.184795,33.067499]},"properties":{"event_id":201966,"data_org":"Green","post_date":"2026-04-11T00:00:00.000Z","pub_date":"2026-04-11T00:00:00.000Z","strikedate":"2026-04-11T00:00:00.000Z","event_type":"Rocket Attack","actor":"Hezbollah","site_type":"Military","siteStype":"","city":"Yara","province":"","country":"Israel","latitude":33.067499,"longitude":35.184795,"coord_type":"exact","source_1":"https://t.me/mmirleb/14870","source_2":"","sources":""}},{"type":"Feature","geometry":{"type":"Point","coordinates":[35.572083,33.208970999999984]},"properties":{"event_id":201967,"data_org":"Green","post_date":"2026-04-11T00:00:00.000Z","pub_date":"2026-04-11T00:00:00.000Z","strikedate":"2026-04-11T00:00:00.000Z","event_type":"Rocket Attack","actor":"Hezbollah","site_type":"military","siteStype":"","city":"Kiryat Shmona","province":"","country":"Israel","latitude":33.208971,"longitude":35.572083,"coord_type":"general town","source_1":"https://t.me/mmirleb/14872","source_2":"","sources":""}},{"type":"Feature","geometry":{"type":"Point","coordinates":[35.577642,33.27691099999999]},"properties":{"event_id":201968,"data_org":"Green","post_date":"2026-04-11T00:00:00.000Z","pub_date":"2026-04-11T00:00:00.000Z","strikedate":"2026-04-11T00:00:00.000Z","event_type":"Drone Attack","actor":"Hezbollah","site_type":"military","siteStype":"","city":"Metula","province":"","country":"Israel","latitude":33.276911,"longitude":35.577642,"coord_type":"general town","source_1":"https://t.me/mmirleb/14876","source_2":"","sources":""}},{"type":"Feature","geometry":{"type":"Point","coordinates":[35.207602,33.079186]},"properties":{"event_id":201969,"data_org":"Green","post_date":"2026-04-11T00:00:00.000Z","pub_date":"2026-04-11T00:00:00.000Z","strikedate":"2026-04-11T00:00:00.000Z","event_type":"Rocket Attack","actor":"Hezbollah","site_type":"military","siteStype":"","city":"Adamit","province":"","country":"Israel","latitude":33.079186,"longitude":35.207602,"coord_type":"general town","source_1":"https://t.me/mmirleb/14878","source_2":"","sources":""}},{"type":"Feature","geometry":{"type":"Point","coordinates":[35.467033,33.091807]},"properties":{"event_id":201970,"data_org":"Green","post_date":"2026-04-11T00:00:00.000Z","pub_date":"2026-04-11T00:00:00.000Z","strikedate":"2026-04-11T00:00:00.000Z","event_type":"Rocket Attack","actor":"Hezbollah","site_type":"civilian","siteStype":"","city":"Avivim","province":"","country":"Israel","latitude":33.091807,"longitude":35.467033,"coord_type":"general town","source_1":"https://t.me/mmirleb/14890","source_2":"","sources":""}},{"type":"Feature","geometry":{"type":"Point","coordinates":[35.453983,33.076591]},"properties":{"event_id":201971,"data_org":"Green","post_date":"2026-04-11T00:00:00.000Z","pub_date":"2026-04-11T00:00:00.000Z","strikedate":"2026-04-11T00:00:00.000Z","event_type":"Rocket Attack","actor":"Hezbollah","site_type":"civilian","siteStype":"","city":"Yiron","province":"","country":"Israel","latitude":33.076591,"longitude":35.453983,"coord_type":"general town","source_1":"https://t.me/mmirleb/14894","source_2":"https://t.me/ILRedAlertNews/1485","sources":""}},{"type":"Feature","geometry":{"type":"Point","coordinates":[35.492085,32.964849]},"properties":{"event_id":201952,"data_org":"Green","post_date":"2026-04-11T00:00:00.000Z","pub_date":"2026-04-11T00:00:00.000Z","strikedate":"2026-04-11T00:00:00.000Z","event_type":"Rocket Attack","actor":"Hezbollah","site_type":"civilian","siteStype":"","city":"Safed","province":"","country":"Israel","latitude":32.964849,"longitude":35.492085,"coord_type":"general town","source_1":"https://x.com/manniefabian/status/2042952694134898808","source_2":"https://t.me/mmirleb/14898","sources":""}},{"type":"Feature","geometry":{"type":"Point","coordinates":[35.096432,33.008230999999995]},"properties":{"event_id":201972,"data_org":"Green","post_date":"2026-04-11T00:00:00.000Z","pub_date":"2026-04-11T00:00:00.000Z","strikedate":"2026-04-11T00:00:00.000Z","event_type":"Rocket Attack","actor":"Hezbollah","site_type":"civilian","siteStype":"","city":"Nahariya","province":"","country":"Israel","latitude":33.008231,"longitude":35.096432,"coord_type":"general town","source_1":"https://t.me/mmirleb/14896","source_2":"","sources":""}},{"type":"Feature","geometry":{"type":"Point","coordinates":[35.54849264,33.24816555999999]},"properties":{"event_id":201976,"data_org":"Green","post_date":"2026-04-11T00:00:00.000Z","pub_date":"2026-04-11T00:00:00.000Z","strikedate":"2026-04-11T00:00:00.000Z","event_type":"Rocket Attack","actor":"Hezbollah","site_type":"civilian","siteStype":"","city":"Misgav Am","province":"","country":"Israel","latitude":33.24816556,"longitude":35.54849264,"coord_type":"general town","source_1":"https://t.me/ILRedAlertNews/1617","source_2":"","sources":""}},{"type":"Feature","geometry":{"type":"Point","coordinates":[35.145949,33.071878999999996]},"properties":{"event_id":201982,"data_org":"Green","post_date":"2026-04-11T00:00:00.000Z","pub_date":"2026-04-11T00:00:00.000Z","strikedate":"2026-04-11T00:00:00.000Z","event_type":"Drone Attack","actor":"Hezbollah","site_type":"civilian","siteStype":"","city":"Shlomi","province":"","country":"Israel","latitude":33.071879,"longitude":35.145949,"coord_type":"general town","source_1":"https://x.com/manniefabian/status/2042964431366168883","source_2":"","sources":""}},{"type":"Feature","geometry":{"type":"Point","coordinates":[35.289837,32.90834799999999]},"properties":{"event_id":201983,"data_org":"Green","post_date":"2026-04-11T00:00:00.000Z","pub_date":"2026-04-11T00:00:00.000Z","strikedate":"2026-04-11T00:00:00.000Z","event_type":"Rocket Attack","actor":"Hezbollah","site_type":"civilian","siteStype":"","city":"Karmiel","province":"","country":"Israel","latitude":32.908348,"longitude":35.289837,"coord_type":"general town","source_1":"https://x.com/manniefabian/status/2042964431366168883","source_2":"","sources":""}},{"type":"Feature","geometry":{"type":"Point","coordinates":[35.453983,33.076591]},"properties":{"event_id":201975,"data_org":"Green","post_date":"2026-04-11T00:00:00.000Z","pub_date":"2026-04-11T00:00:00.000Z","strikedate":"2026-04-11T00:00:00.000Z","event_type":"Rocket Attack","actor":"Hezbollah","site_type":"civilian","siteStype":"","city":"Yiron","province":"","country":"Israel","latitude":33.076591,"longitude":35.453983,"coord_type":"general town","source_1":"https://t.me/ILRedAlertNews/1620","source_2":"","sources":""}},{"type":"Feature","geometry":{"type":"Point","coordinates":[35.145949,33.071878999999996]},"properties":{"event_id":201974,"data_org":"Green","post_date":"2026-04-11T00:00:00.000Z","pub_date":"2026-04-11T00:00:00.000Z","strikedate":"2026-04-11T00:00:00.000Z","event_type":"Drone Attack","actor":"Hezbollah","site_type":"civilian","siteStype":"","city":"Shlomi","province":"","country":"Israel","latitude":33.071879,"longitude":35.145949,"coord_type":"general town","source_1":"https://t.me/ILRedAlertNews/1625","source_2":"https://t.me/ILRedAlertNews/1619","sources":""}},{"type":"Feature","geometry":{"type":"Point","coordinates":[35.282176,33.082557]},"properties":{"event_id":201977,"data_org":"Green","post_date":"2026-04-11T00:00:00.000Z","pub_date":"2026-04-11T00:00:00.000Z","strikedate":"2026-04-11T00:00:00.000Z","event_type":"Drone Attack","actor":"Hezbollah","site_type":"military","siteStype":"","city":"Shomera","province":"","country":"Israel","latitude":33.082557,"longitude":35.282176,"coord_type":"general town","source_1":"https://t.me/mmirleb/14915","source_2":"","sources":""}},{"type":"Feature","geometry":{"type":"Point","coordinates":[35.342543,33.05831]},"properties":{"event_id":201978,"data_org":"Green","post_date":"2026-04-11T00:00:00.000Z","pub_date":"2026-04-11T00:00:00.000Z","strikedate":"2026-04-11T00:00:00.000Z","event_type":"Drone Attack","actor":"Hezbollah","site_type":"military","siteStype":"","city":"","province":"","country":"Israel","latitude":33.05831,"longitude":35.342543,"coord_type":"general town","source_1":"https://t.me/mmirleb/14913","source_2":"","sources":""}},{"type":"Feature","geometry":{"type":"Point","coordinates":[35.361642,33.04299099999999]},"properties":{"event_id":201979,"data_org":"Green","post_date":"2026-04-11T00:00:00.000Z","pub_date":"2026-04-11T00:00:00.000Z","strikedate":"2026-04-11T00:00:00.000Z","event_type":"Drone Attack","actor":"Hezbollah","site_type":"military","siteStype":"","city":"Mattat","province":"","country":"Israel","latitude":33.042991,"longitude":35.361642,"coord_type":"exact","source_1":"https://t.me/mmirleb/14919","source_2":"","sources":""}},{"type":"Feature","geometry":{"type":"Point","coordinates":[35.511743,32.91639399999999]},"properties":{"event_id":201980,"data_org":"Green","post_date":"2026-04-11T00:00:00.000Z","pub_date":"2026-04-11T00:00:00.000Z","strikedate":"2026-04-11T00:00:00.000Z","event_type":"Rocket Attack","actor":"Hezbollah","site_type":"military","siteStype":"","city":"Safed","province":"","country":"Israel","latitude":32.916394,"longitude":35.511743,"coord_type":"general town","source_1":"https://t.me/mmirleb/14921","source_2":"","sources":""}},{"type":"Feature","geometry":{"type":"Point","coordinates":[35.577642,33.27691099999999]},"properties":{"event_id":201981,"data_org":"Green","post_date":"2026-04-11T00:00:00.000Z","pub_date":"2026-04-11T00:00:00.000Z","strikedate":"2026-04-11T00:00:00.000Z","event_type":"Drone Attack","actor":"Hezbollah","site_type":"civilian","siteStype":"","city":"Metula","province":"","country":"Israel","latitude":33.276911,"longitude":35.577642,"coord_type":"general town","source_1":"https://t.me/mmirleb/14925","source_2":"https://t.me/ILRedAlertNews/1628","sources":"https://t.me/ILRedAlertNews/1626"}},{"type":"Feature","geometry":{"type":"Point","coordinates":[35.511743,32.91639399999999]},"properties":{"event_id":201985,"data_org":"Green","post_date":"2026-04-11T00:00:00.000Z","pub_date":"2026-04-11T00:00:00.000Z","strikedate":"2026-04-11T00:00:00.000Z","event_type":"Rocket Attack","actor":"Hezbollah","site_type":"civilian","siteStype":"","city":"Safed","province":"","country":"Israel","latitude":32.916394,"longitude":35.511743,"coord_type":"general town","source_1":"https://t.me/mmirleb/14931","source_2":"","sources":""}},{"type":"Feature","geometry":{"type":"Point","coordinates":[35.096432,33.008230999999995]},"properties":{"event_id":201986,"data_org":"Green","post_date":"2026-04-11T00:00:00.000Z","pub_date":"2026-04-11T00:00:00.000Z","strikedate":"2026-04-11T00:00:00.000Z","event_type":"Rocket Attack","actor":"Hezbollah","site_type":"civilian","siteStype":"","city":"Nahariya","province":"","country":"Israel","latitude":33.008231,"longitude":35.096432,"coord_type":"general town","source_1":"https://t.me/mmirleb/14933","source_2":"","sources":""}},{"type":"Feature","geometry":{"type":"Point","coordinates":[35.5485962,33.02364950999999]},"properties":{"event_id":201987,"data_org":"Green","post_date":"2026-04-11T00:00:00.000Z","pub_date":"2026-04-11T00:00:00.000Z","strikedate":"2026-04-11T00:00:00.000Z","event_type":"Rocket Attack","actor":"Hezbollah","site_type":"military","siteStype":"","city":"","province":"","country":"Israel","latitude":33.02364951,"longitude":35.5485962,"coord_type":"exact","source_1":"https://t.me/mmirleb/14935","source_2":"","sources":""}},{"type":"Feature","geometry":{"type":"Point","coordinates":[35.453983,33.076591]},"properties":{"event_id":201988,"data_org":"Green","post_date":"2026-04-11T00:00:00.000Z","pub_date":"2026-04-11T00:00:00.000Z","strikedate":"2026-04-11T00:00:00.000Z","event_type":"Rocket Attack","actor":"Hezbollah","site_type":"military","siteStype":"","city":"Yiron","province":"","country":"Israel","latitude":33.076591,"longitude":35.453983,"coord_type":"general town","source_1":"https://t.me/mmirleb/14937","source_2":"","sources":""}},{"type":"Feature","geometry":{"type":"Point","coordinates":[35.577642,33.27691099999999]},"properties":{"event_id":201989,"data_org":"Green","post_date":"2026-04-11T00:00:00.000Z","pub_date":"2026-04-11T00:00:00.000Z","strikedate":"2026-04-11T00:00:00.000Z","event_type":"Rocket Attack","actor":"Hezbollah","site_type":"civilian","siteStype":"","city":"Metula","province":"","country":"Israel","latitude":33.276911,"longitude":35.577642,"coord_type":"general town","source_1":"https://t.me/mmirleb/14939","source_2":"","sources":""}},{"type":"Feature","geometry":{"type":"Point","coordinates":[35.096432,33.008230999999995]},"properties":{"event_id":201950,"data_org":"Green","post_date":"2026-04-10T00:00:00.000Z","pub_date":"2026-04-11T00:00:00.000Z","strikedate":"2026-04-10T00:00:00.000Z","event_type":"Rocket Attack","actor":"Hezbollah","site_type":"civilian","siteStype":"","city":"Nahariya","province":"","country":"Israel","latitude":33.008231,"longitude":35.096432,"coord_type":"general town","source_1":"https://t.me/mmirleb/14826","source_2":"","sources":""}},{"type":"Feature","geometry":{"type":"Point","coordinates":[35.572083,33.208970999999984]},"properties":{"event_id":201951,"data_org":"Green","post_date":"2026-04-10T00:00:00.000Z","pub_date":"2026-04-11T00:00:00.000Z","strikedate":"2026-04-10T00:00:00.000Z","event_type":"Rocket Attack","actor":"Hezbollah","site_type":"civilian","siteStype":"","city":"Kiryat Shmona","province":"","country":"Israel","latitude":33.208971,"longitude":35.572083,"coord_type":"general town","source_1":"https://t.me/mmirleb/14828","source_2":"","sources":""}},{"type":"Feature","geometry":{"type":"Point","coordinates":[35.467033,33.091807]},"properties":{"event_id":201953,"data_org":"Green","post_date":"2026-04-10T00:00:00.000Z","pub_date":"2026-04-11T00:00:00.000Z","strikedate":"2026-04-10T00:00:00.000Z","event_type":"Rocket Attack","actor":"Hezbollah","site_type":"civilian","siteStype":"","city":"Avivim","province":"","country":"Israel","latitude":33.091807,"longitude":35.467033,"coord_type":"general town","source_1":"https://t.me/mmirleb/14830","source_2":"","sources":""}},{"type":"Feature","geometry":{"type":"Point","coordinates":[35.069662,32.850057]},"properties":{"event_id":201954,"data_org":"Green","post_date":"2026-04-10T00:00:00.000Z","pub_date":"2026-04-11T00:00:00.000Z","strikedate":"2026-04-10T00:00:00.000Z","event_type":"Rocket Attack","actor":"Hezbollah","site_type":"military","siteStype":"","city":"Krayot","province":"","country":"Israel","latitude":32.850057,"longitude":35.069662,"coord_type":"general town","source_1":"https://t.me/mmirleb/14835","source_2":"","sources":""}},{"type":"Feature","geometry":{"type":"Point","coordinates":[35.572083,33.208970999999984]},"properties":{"event_id":201955,"data_org":"Green","post_date":"2026-04-10T00:00:00.000Z","pub_date":"2026-04-11T00:00:00.000Z","strikedate":"2026-04-10T00:00:00.000Z","event_type":"Rocket Attack","actor":"Hezbollah","site_type":"civilian","siteStype":"","city":"Kiryat Shmona","province":"","country":"Israel","latitude":33.208971,"longitude":35.572083,"coord_type":"general town","source_1":"https://t.me/mmirleb/14843","source_2":"","sources":""}},{"type":"Feature","geometry":{"type":"Point","coordinates":[35.207602,33.079186]},"properties":{"event_id":201956,"data_org":"Green","post_date":"2026-04-10T00:00:00.000Z","pub_date":"2026-04-11T00:00:00.000Z","strikedate":"2026-04-10T00:00:00.000Z","event_type":"Drone Attack","actor":"Hezbollah","site_type":"military","siteStype":"","city":"Adamit","province":"","country":"Israel","latitude":33.079186,"longitude":35.207602,"coord_type":"general town","source_1":"https://t.me/mmirleb/14850","source_2":"","sources":""}},{"type":"Feature","geometry":{"type":"Point","coordinates":[35.646089,33.22536100000001]},"properties":{"event_id":201957,"data_org":"Green","post_date":"2026-04-10T00:00:00.000Z","pub_date":"2026-04-11T00:00:00.000Z","strikedate":"2026-04-10T00:00:00.000Z","event_type":"Rocket Attack","actor":"Hezbollah","site_type":"civilian","siteStype":"","city":"She'ar Yashuv","province":"","country":"Israel","latitude":33.225361,"longitude":35.646089,"coord_type":"general town","source_1":"https://t.me/mmirleb/14852","source_2":"","sources":""}},{"type":"Feature","geometry":{"type":"Point","coordinates":[35.62265,33.219883999999986]},"properties":{"event_id":201958,"data_org":"Green","post_date":"2026-04-10T00:00:00.000Z","pub_date":"2026-04-11T00:00:00.000Z","strikedate":"2026-04-10T00:00:00.000Z","event_type":"Rocket Attack","actor":"Hezbollah","site_type":"civilian","siteStype":"","city":"Hagoshrim","province":"","country":"Israel","latitude":33.219884,"longitude":35.62265,"coord_type":"general town","source_1":"https://t.me/mmirleb/14852","source_2":"","sources":""}},{"type":"Feature","geometry":{"type":"Point","coordinates":[35.596932,33.16024399999999]},"properties":{"event_id":201959,"data_org":"Green","post_date":"2026-04-10T00:00:00.000Z","pub_date":"2026-04-11T00:00:00.000Z","strikedate":"2026-04-10T00:00:00.000Z","event_type":"Rocket Attack","actor":"Hezbollah","site_type":"civilian","siteStype":"","city":"Neot Mordechai","province":"","country":"Israel","latitude":33.160244,"longitude":35.596932,"coord_type":"general town","source_1":"https://t.me/mmirleb/14852","source_2":"","sources":""}},{"type":"Feature","geometry":{"type":"Point","coordinates":[35.572083,33.208970999999984]},"properties":{"event_id":201960,"data_org":"Green","post_date":"2026-04-10T00:00:00.000Z","pub_date":"2026-04-11T00:00:00.000Z","strikedate":"2026-04-10T00:00:00.000Z","event_type":"Rocket Attack","actor":"Hezbollah","site_type":"civilian","siteStype":"","city":"Kiryat Shmona","province":"","country":"Israel","latitude":33.208971,"longitude":35.572083,"coord_type":"general town","source_1":"https://t.me/mmirleb/14854","source_2":"","sources":""}},{"type":"Feature","geometry":{"type":"Point","coordinates":[35.63795700000001,33.23067399999999]},"properties":{"event_id":201961,"data_org":"Green","post_date":"2026-04-10T00:00:00.000Z","pub_date":"2026-04-11T00:00:00.000Z","strikedate":"2026-04-10T00:00:00.000Z","event_type":"Rocket Attack","actor":"Hezbollah","site_type":"civilian","siteStype":"","city":"Dafna","province":"","country":"Israel","latitude":33.230674,"longitude":35.637957,"coord_type":"general town","source_1":"https://t.me/mmirleb/14854","source_2":"","sources":""}},{"type":"Feature","geometry":{"type":"Point","coordinates":[35.572083,33.208970999999984]},"properties":{"event_id":201962,"data_org":"Green","post_date":"2026-04-10T00:00:00.000Z","pub_date":"2026-04-11T00:00:00.000Z","strikedate":"2026-04-10T00:00:00.000Z","event_type":"Rocket Attack","actor":"Hezbollah","site_type":"civilian","siteStype":"","city":"Kiryat Shmona","province":"","country":"Israel","latitude":33.208971,"longitude":35.572083,"coord_type":"general town","source_1":"https://t.me/mmirleb/14862","source_2":"","sources":""}},{"type":"Feature","geometry":{"type":"Point","coordinates":[35.577642,33.27691099999999]},"properties":{"event_id":201963,"data_org":"Green","post_date":"2026-04-10T00:00:00.000Z","pub_date":"2026-04-11T00:00:00.000Z","strikedate":"2026-04-10T00:00:00.000Z","event_type":"Rocket Attack","actor":"Hezbollah","site_type":"civilian","siteStype":"","city":"Metula","province":"","country":"Israel","latitude":33.276911,"longitude":35.577642,"coord_type":"general town","source_1":"https://t.me/mmirleb/14862","source_2":"","sources":""}},{"type":"Feature","geometry":{"type":"Point","coordinates":[35.54849264,33.24816555999999]},"properties":{"event_id":201964,"data_org":"Green","post_date":"2026-04-10T00:00:00.000Z","pub_date":"2026-04-11T00:00:00.000Z","strikedate":"2026-04-10T00:00:00.000Z","event_type":"Rocket Attack","actor":"Hezbollah","site_type":"civilian","siteStype":"","city":"Misgav Am","province":"","country":"Israel","latitude":33.24816556,"longitude":35.54849264,"coord_type":"general town","source_1":"https://t.me/mmirleb/14862","source_2":"","sources":""}},{"type":"Feature","geometry":{"type":"Point","coordinates":[35.492085,32.964849]},"properties":{"event_id":201965,"data_org":"Green","post_date":"2026-04-10T00:00:00.000Z","pub_date":"2026-04-11T00:00:00.000Z","strikedate":"2026-04-10T00:00:00.000Z","event_type":"Rocket Attack","actor":"Hezbollah","site_type":"military","siteStype":"","city":"Safed","province":"","country":"Israel","latitude":32.964849,"longitude":35.492085,"coord_type":"general town","source_1":"https://t.me/mmirleb/14864","source_2":"","sources":""}},{"type":"Feature","geometry":{"type":"Point","coordinates":[35.45467,33.07709499999999]},"properties":{"event_id":201993,"data_org":"Green","post_date":"2026-04-12T00:00:00.000Z","pub_date":"2026-04-12T00:00:00.000Z","strikedate":"2026-04-12T00:00:00.000Z","event_type":"Drone Attack","actor":"Hezbollah","site_type":"unknown","siteStype":"","city":"Yiron","province":"","country":"Israel","latitude":33.077095,"longitude":35.45467,"coord_type":"general town","source_1":"https://t.me/mmirleb/14960","source_2":"https://t.me/ILRedAlertNews/1703","sources":""}},{"type":"Feature","geometry":{"type":"Point","coordinates":[35.572083,33.208970999999984]},"properties":{"event_id":201990,"data_org":"Green","post_date":"2026-04-12T00:00:00.000Z","pub_date":"2026-04-12T00:00:00.000Z","strikedate":"2026-04-12T00:00:00.000Z","event_type":"Drone Attack","actor":"Hezbollah","site_type":"military","siteStype":"military : base","city":"Kiryat Shmona","province":"","country":"Israel","latitude":33.208971,"longitude":35.572083,"coord_type":"general town","source_1":"https://t.me/manniefabian/57724","source_2":"https://t.me/moriahdoron/29829","sources":"https://t.me/ILRedAlertNews/1717"}},{"type":"Feature","geometry":{"type":"Point","coordinates":[35.601326,33.22295999999999]},"properties":{"event_id":201995,"data_org":"Green","post_date":"2026-04-12T00:00:00.000Z","pub_date":"2026-04-12T00:00:00.000Z","strikedate":"2026-04-12T00:00:00.000Z","event_type":"Rocket Attack","actor":"Hezbollah","site_type":"military","siteStype":"military : base","city":"Beit Hillel","province":"","country":"Israel","latitude":33.22296,"longitude":35.601326,"coord_type":"exact","source_1":"https://t.me/mmirleb/14974","source_2":"https://t.me/ILRedAlertNews/1748","sources":""}},{"type":"Feature","geometry":{"type":"Point","coordinates":[35.413172,32.99794099999999]},"properties":{"event_id":201996,"data_org":"Green","post_date":"2026-04-12T00:00:00.000Z","pub_date":"2026-04-12T00:00:00.000Z","strikedate":"2026-04-12T00:00:00.000Z","event_type":"Rocket Attack","actor":"Hezbollah","site_type":"military","siteStype":"military : intelligence","city":"Meron","province":"","country":"Israel","latitude":32.997941,"longitude":35.413172,"coord_type":"exact","source_1":"https://t.me/mmirleb/14978","source_2":"https://t.me/ILRedAlertNews/1748","sources":""}},{"type":"Feature","geometry":{"type":"Point","coordinates":[35.5483,32.95764499999999]},"properties":{"event_id":201998,"data_org":"Green","post_date":"2026-04-12T00:00:00.000Z","pub_date":"2026-04-12T00:00:00.000Z","strikedate":"2026-04-12T00:00:00.000Z","event_type":"Rocket Attack","actor":"Hezbollah","site_type":"military","siteStype":"military : base","city":"Rosh Pina","province":"","country":"Israel","latitude":32.957645,"longitude":35.5483,"coord_type":"exact","source_1":"https://t.me/mmirleb/14989","source_2":"https://t.me/ILRedAlertNews/1750","sources":""}},{"type":"Feature","geometry":{"type":"Point","coordinates":[35.289837,32.90834799999999]},"properties":{"event_id":201999,"data_org":"Green","post_date":"2026-04-12T00:00:00.000Z","pub_date":"2026-04-12T00:00:00.000Z","strikedate":"2026-04-12T00:00:00.000Z","event_type":"Rocket Attack","actor":"Hezbollah","site_type":"military","siteStype":"","city":"Karmiel","province":"","country":"Israel","latitude":32.908348,"longitude":35.289837,"coord_type":"general town","source_1":"https://t.me/mmirleb/14991","source_2":"https://t.me/moriahdoron/29834","sources":""}},{"type":"Feature","geometry":{"type":"Point","coordinates":[35.572083,33.208970999999984]},"properties":{"event_id":202000,"data_org":"Green","post_date":"2026-04-12T00:00:00.000Z","pub_date":"2026-04-12T00:00:00.000Z","strikedate":"2026-04-12T00:00:00.000Z","event_type":"Rocket Attack","actor":"Hezbollah","site_type":"civilian","siteStype":"","city":"Kiryat Shmona","province":"","country":"Israel","latitude":33.208971,"longitude":35.572083,"coord_type":"general town","source_1":"https://t.me/mmirleb/14993","source_2":"https://t.me/ILRedAlertNews/1772","sources":""}},{"type":"Feature","geometry":{"type":"Point","coordinates":[35.467033,33.091807]},"properties":{"event_id":202001,"data_org":"Green","post_date":"2026-04-12T00:00:00.000Z","pub_date":"2026-04-12T00:00:00.000Z","strikedate":"2026-04-12T00:00:00.000Z","event_type":"Rocket Attack","actor":"Hezbollah","site_type":"civilian","siteStype":"","city":"Avivim","province":"","country":"Israel","latitude":33.091807,"longitude":35.467033,"coord_type":"general town","source_1":"https://t.me/mmirleb/14993","source_2":"https://t.me/ILRedAlertNews/1772","sources":""}},{"type":"Feature","geometry":{"type":"Point","coordinates":[35.544184,33.216713]},"properties":{"event_id":202002,"data_org":"Green","post_date":"2026-04-12T00:00:00.000Z","pub_date":"2026-04-12T00:00:00.000Z","strikedate":"2026-04-12T00:00:00.000Z","event_type":"Rocket Attack","actor":"Hezbollah","site_type":"civilian","siteStype":"","city":"Margaliot","province":"","country":"Israel","latitude":33.216713,"longitude":35.544184,"coord_type":"general town","source_1":"https://t.me/mmirleb/14993","source_2":"https://t.me/ILRedAlertNews/1768","sources":""}},{"type":"Feature","geometry":{"type":"Point","coordinates":[35.45467,33.07709499999999]},"properties":{"event_id":202003,"data_org":"Green","post_date":"2026-04-12T00:00:00.000Z","pub_date":"2026-04-12T00:00:00.000Z","strikedate":"2026-04-12T00:00:00.000Z","event_type":"Rocket Attack","actor":"Hezbollah","site_type":"civilian","siteStype":"","city":"Yiron","province":"","country":"Israel","latitude":33.077095,"longitude":35.45467,"coord_type":"general town","source_1":"https://t.me/mmirleb/14997","source_2":"https://t.me/ILRedAlertNews/1774","sources":""}},{"type":"Feature","geometry":{"type":"Point","coordinates":[35.145949,33.071878999999996]},"properties":{"event_id":202004,"data_org":"Green","post_date":"2026-04-12T00:00:00.000Z","pub_date":"2026-04-12T00:00:00.000Z","strikedate":"2026-04-12T00:00:00.000Z","event_type":"Rocket Attack","actor":"Hezbollah","site_type":"civilian","siteStype":"","city":"Shlomi","province":"","country":"Israel","latitude":33.071879,"longitude":35.145949,"coord_type":"general town","source_1":"https://t.me/mmirleb/14997","source_2":"https://t.me/ILRedAlertNews/1776","sources":""}},{"type":"Feature","geometry":{"type":"Point","coordinates":[35.695236,32.991719999999994]},"properties":{"event_id":202006,"data_org":"Green","post_date":"2026-04-11T00:00:00.000Z","pub_date":"2026-04-12T00:00:00.000Z","strikedate":"2026-04-12T00:00:00.000Z","event_type":"Rocket Attack","actor":"Hezbollah","site_type":"unknown","siteStype":"","city":"Katzrin","province":"","country":"Israel","latitude":32.99172,"longitude":35.695236,"coord_type":"general town","source_1":"https://t.me/mmirleb/15005","source_2":"https://t.me/ILRedAlertNews/1782","sources":""}},{"type":"Feature","geometry":{"type":"Point","coordinates":[35.572083,33.208970999999984]},"properties":{"event_id":202007,"data_org":"Green","post_date":"2026-04-12T00:00:00.000Z","pub_date":"2026-04-12T00:00:00.000Z","strikedate":"2026-04-12T00:00:00.000Z","event_type":"Rocket Attack","actor":"Hezbollah","site_type":"civilian","siteStype":"","city":"Kiryat Shmona","province":"","country":"Israel","latitude":33.208971,"longitude":35.572083,"coord_type":"general town","source_1":"https://t.me/mmirleb/15017","source_2":"","sources":""}},{"type":"Feature","geometry":{"type":"Point","coordinates":[35.215481,33.005968]},"properties":{"event_id":202008,"data_org":"Green","post_date":"2026-04-12T00:00:00.000Z","pub_date":"2026-04-12T00:00:00.000Z","strikedate":"2026-04-12T00:00:00.000Z","event_type":"Rocket Attack","actor":"Hezbollah","site_type":"military","siteStype":"military : hq","city":"Gaaton","province":"","country":"Israel","latitude":33.005968,"longitude":35.215481,"coord_type":"general town","source_1":"https://t.me/mmirleb/15019","source_2":"","sources":""}},{"type":"Feature","geometry":{"type":"Point","coordinates":[35.097398,33.009751]},"properties":{"event_id":202009,"data_org":"Green","post_date":"2026-04-12T00:00:00.000Z","pub_date":"2026-04-12T00:00:00.000Z","strikedate":"2026-04-12T00:00:00.000Z","event_type":"Rocket Attack","actor":"Hezbollah","site_type":"civilian","siteStype":"","city":"Nahariya","province":"","country":"Israel","latitude":33.009751,"longitude":35.097398,"coord_type":"general town","source_1":"https://t.me/mmirleb/15021","source_2":"","sources":""}},{"type":"Feature","geometry":{"type":"Point","coordinates":[35.572083,33.208970999999984]},"properties":{"event_id":201992,"data_org":"Green","post_date":"2026-04-11T00:00:00.000Z","pub_date":"2026-04-12T00:00:00.000Z","strikedate":"2026-04-11T00:00:00.000Z","event_type":"Drone Attack","actor":"Hezbollah","site_type":"military","siteStype":"military : base","city":"Kiryat Shmona","province":"","country":"Israel","latitude":33.208971,"longitude":35.572083,"coord_type":"general town","source_1":"https://t.me/mmirleb/14944","source_2":"https://t.me/ILRedAlertNews/1685","sources":""}},{"type":"Feature","geometry":{"type":"Point","coordinates":[35.57798,33.27736999999998]},"properties":{"event_id":202025,"data_org":"Green","post_date":"2026-04-13T00:00:00.000Z","pub_date":"2026-04-13T00:00:00.000Z","strikedate":"2026-04-13T00:00:00.000Z","event_type":"Drone Attack","actor":"Hezbollah","site_type":"military","siteStype":"military : base","city":"Metula","province":"","country":"Israel","latitude":33.27737,"longitude":35.57798,"coord_type":"exact","source_1":"https://t.me/mmirleb/15067","source_2":"","sources":""}},{"type":"Feature","geometry":{"type":"Point","coordinates":[35.144892,33.07077099999999]},"properties":{"event_id":202028,"data_org":"Green","post_date":"2026-04-13T00:00:00.000Z","pub_date":"2026-04-13T00:00:00.000Z","strikedate":"2026-04-13T00:00:00.000Z","event_type":"Drone Attack","actor":"Hezbollah","site_type":"military","siteStype":"","city":"Shlomi","province":"","country":"Israel","latitude":33.070771,"longitude":35.144892,"coord_type":"general town","source_1":"https://t.me/mmirleb/15069","source_2":"","sources":""}},{"type":"Feature","geometry":{"type":"Point","coordinates":[35.57798,33.27736999999998]},"properties":{"event_id":202029,"data_org":"Green","post_date":"2026-04-13T00:00:00.000Z","pub_date":"2026-04-13T00:00:00.000Z","strikedate":"2026-04-13T00:00:00.000Z","event_type":"Rocket Attack","actor":"Hezbollah","site_type":"military","siteStype":"military : base","city":"Metula","province":"","country":"Israel","latitude":33.27737,"longitude":35.57798,"coord_type":"exact","source_1":"https://t.me/mmirleb/15071","source_2":"","sources":""}},{"type":"Feature","geometry":{"type":"Point","coordinates":[35.548605,33.24753]},"properties":{"event_id":202030,"data_org":"Green","post_date":"2026-04-13T00:00:00.000Z","pub_date":"2026-04-13T00:00:00.000Z","strikedate":"2026-04-13T00:00:00.000Z","event_type":"Drone & Rocket Attack","actor":"Hezbollah","site_type":"military","siteStype":"","city":"Misgav Am","province":"","country":"Israel","latitude":33.24753,"longitude":35.548605,"coord_type":"general town","source_1":"https://t.me/mmirleb/15073","source_2":"","sources":""}},{"type":"Feature","geometry":{"type":"Point","coordinates":[35.60133282,33.22324823999998]},"properties":{"event_id":202031,"data_org":"Green","post_date":"2026-04-13T00:00:00.000Z","pub_date":"2026-04-13T00:00:00.000Z","strikedate":"2026-04-13T00:00:00.000Z","event_type":"Drone Attack","actor":"Hezbollah","site_type":"military","siteStype":"military : base","city":"Kiryat Shmona","province":"","country":"Israel","latitude":33.22324824,"longitude":35.60133282,"coord_type":"exact","source_1":"https://t.me/mmirleb/15077","source_2":"","sources":""}},{"type":"Feature","geometry":{"type":"Point","coordinates":[35.46703314,33.09180711999999]},"properties":{"event_id":202032,"data_org":"Green","post_date":"2026-04-13T00:00:00.000Z","pub_date":"2026-04-13T00:00:00.000Z","strikedate":"2026-04-13T00:00:00.000Z","event_type":"Drone Attack","actor":"Hezbollah","site_type":"military","siteStype":"military : border protection","city":"Avivim","province":"","country":"Israel","latitude":33.09180712,"longitude":35.46703314,"coord_type":"exact","source_1":"https://t.me/mmirleb/15082","source_2":"","sources":""}},{"type":"Feature","geometry":{"type":"Point","coordinates":[35.281431,33.086529999999996]},"properties":{"event_id":202033,"data_org":"Green","post_date":"2026-04-13T00:00:00.000Z","pub_date":"2026-04-13T00:00:00.000Z","strikedate":"2026-04-13T00:00:00.000Z","event_type":"Drone Attack","actor":"Hezbollah","site_type":"military","siteStype":"","city":"Shomera","province":"","country":"Israel","latitude":33.08653,"longitude":35.281431,"coord_type":"general town","source_1":"https://t.me/mmirleb/15084","source_2":"","sources":""}},{"type":"Feature","geometry":{"type":"Point","coordinates":[35.573757,33.24223]},"properties":{"event_id":202034,"data_org":"Green","post_date":"2026-04-13T00:00:00.000Z","pub_date":"2026-04-13T00:00:00.000Z","strikedate":"2026-04-13T00:00:00.000Z","event_type":"Rocket Attack","actor":"Hezbollah","site_type":"military","siteStype":"","city":"Kfar Giladi","province":"","country":"Israel","latitude":33.24223,"longitude":35.573757,"coord_type":"general town","source_1":"https://t.me/mmirleb/15086","source_2":"","sources":""}},{"type":"Feature","geometry":{"type":"Point","coordinates":[35.5117432,32.91639368]},"properties":{"event_id":202038,"data_org":"Green","post_date":"2026-04-13T00:00:00.000Z","pub_date":"2026-04-13T00:00:00.000Z","strikedate":"2026-04-13T00:00:00.000Z","event_type":"Drone Attack","actor":"Hezbollah","site_type":"military","siteStype":"military : base","city":"Amiad","province":"","country":"Israel","latitude":32.91639368,"longitude":35.5117432,"coord_type":"exact","source_1":"https://t.me/mmirleb/15088","source_2":"","sources":""}},{"type":"Feature","geometry":{"type":"Point","coordinates":[35.289837,32.90834799999999]},"properties":{"event_id":202019,"data_org":"Green","post_date":"2026-04-13T00:00:00.000Z","pub_date":"2026-04-13T00:00:00.000Z","strikedate":"2026-04-13T00:00:00.000Z","event_type":"Rocket Attack","actor":"Hezbollah","site_type":"unknown","siteStype":"","city":"Karmiel","province":"","country":"Israel","latitude":32.908348,"longitude":35.289837,"coord_type":"general town","source_1":"https://t.me/manniefabian/57743","source_2":"","sources":""}},{"type":"Feature","geometry":{"type":"Point","coordinates":[35.46703314,33.09180711999999]},"properties":{"event_id":202035,"data_org":"Green","post_date":"2026-04-13T00:00:00.000Z","pub_date":"2026-04-13T00:00:00.000Z","strikedate":"2026-04-13T00:00:00.000Z","event_type":"Rocket Attack","actor":"Hezbollah","site_type":"military","siteStype":"military : border protection","city":"Avivim","province":"","country":"Israel","latitude":33.09180712,"longitude":35.46703314,"coord_type":"exact","source_1":"https://t.me/mmirleb/15090","source_2":"","sources":""}},{"type":"Feature","geometry":{"type":"Point","coordinates":[35.548605,33.24753]},"properties":{"event_id":202036,"data_org":"Green","post_date":"2026-04-13T00:00:00.000Z","pub_date":"2026-04-13T00:00:00.000Z","strikedate":"2026-04-13T00:00:00.000Z","event_type":"Rocket Attack","actor":"Hezbollah","site_type":"military","siteStype":"","city":"Misgav Am","province":"","country":"Israel","latitude":33.24753,"longitude":35.548605,"coord_type":"general town","source_1":"https://t.me/mmirleb/15092","source_2":"","sources":""}},{"type":"Feature","geometry":{"type":"Point","coordinates":[35.29160965,33.09469411999999]},"properties":{"event_id":202067,"data_org":"Green","post_date":"2026-04-13T00:00:00.000Z","pub_date":"2026-04-13T00:00:00.000Z","strikedate":"2026-04-13T00:00:00.000Z","event_type":"Rocket Attack","actor":"Hezbollah","site_type":"military","siteStype":"military : border protection","city":"Zarit","province":"","country":"Israel","latitude":33.09469412,"longitude":35.29160965,"coord_type":"exact","source_1":"https://t.me/mmirleb/15047","source_2":"","sources":""}},{"type":"Feature","geometry":{"type":"Point","coordinates":[35.291783,32.90897999999999]},"properties":{"event_id":202039,"data_org":"Green","post_date":"2026-04-13T00:00:00.000Z","pub_date":"2026-04-13T00:00:00.000Z","strikedate":"2026-04-13T00:00:00.000Z","event_type":"Drone Attack","actor":"Hezbollah","site_type":"military","siteStype":"","city":"Karmiel","province":"","country":"Israel","latitude":32.90898,"longitude":35.291783,"coord_type":"general town","source_1":"https://t.me/mmirleb/15094","source_2":"","sources":""}},{"type":"Feature","geometry":{"type":"Point","coordinates":[35.40826,33.052887]},"properties":{"event_id":202037,"data_org":"Green","post_date":"2026-04-13T00:00:00.000Z","pub_date":"2026-04-13T00:00:00.000Z","strikedate":"2026-04-13T00:00:00.000Z","event_type":"Rocket Attack","actor":"Hezbollah","site_type":"civilian","siteStype":"","city":"Dovev","province":"","country":"Israel","latitude":33.052887,"longitude":35.40826,"coord_type":"general town","source_1":"https://t.me/mmirleb/15096","source_2":"","sources":""}},{"type":"Feature","geometry":{"type":"Point","coordinates":[35.10560388,33.09340070999999]},"properties":{"event_id":202052,"data_org":"Green","post_date":"2026-04-13T00:00:00.000Z","pub_date":"2026-04-13T00:00:00.000Z","strikedate":"2026-04-13T00:00:00.000Z","event_type":"Drone Attack","actor":"Hezbollah","site_type":"military","siteStype":"military : base","city":"Kfar Rosh HaNikra","province":"","country":"Israel","latitude":33.09340071,"longitude":35.10560388,"coord_type":"general town","source_1":"https://t.me/mmirleb/15100","source_2":"","sources":""}},{"type":"Feature","geometry":{"type":"Point","coordinates":[35.11440546,33.06580800999999]},"properties":{"event_id":202040,"data_org":"Green","post_date":"2026-04-13T00:00:00.000Z","pub_date":"2026-04-13T00:00:00.000Z","strikedate":"2026-04-13T00:00:00.000Z","event_type":"Drone Attack","actor":"Hezbollah","site_type":"military","siteStype":"","city":"Liman","province":"","country":"Israel","latitude":33.06580801,"longitude":35.11440546,"coord_type":"exact","source_1":"https://t.me/mmirleb/15104","source_2":"","sources":""}},{"type":"Feature","geometry":{"type":"Point","coordinates":[35.55454331,33.143316569999996]},"properties":{"event_id":202041,"data_org":"Green","post_date":"2026-04-13T00:00:00.000Z","pub_date":"2026-04-13T00:00:00.000Z","strikedate":"2026-04-13T00:00:00.000Z","event_type":"Drone Attack","actor":"Hezbollah","site_type":"military","siteStype":"","city":"Yiftah","province":"","country":"Israel","latitude":33.14331657,"longitude":35.55454331,"coord_type":"exact","source_1":"https://t.me/mmirleb/15106","source_2":"","sources":""}},{"type":"Feature","geometry":{"type":"Point","coordinates":[35.544248,33.216443999999996]},"properties":{"event_id":202060,"data_org":"Green","post_date":"2026-04-13T00:00:00.000Z","pub_date":"2026-04-13T00:00:00.000Z","strikedate":"2026-04-13T00:00:00.000Z","event_type":"Drone Attack","actor":"Hezbollah","site_type":"military","siteStype":"","city":"Margaliot","province":"","country":"Israel","latitude":33.216444,"longitude":35.544248,"coord_type":"general neighborhood","source_1":"https://t.me/mmirleb/15106","source_2":"","sources":""}},{"type":"Feature","geometry":{"type":"Point","coordinates":[35.60140154,33.22285425]},"properties":{"event_id":202061,"data_org":"Green","post_date":"2026-04-13T00:00:00.000Z","pub_date":"2026-04-13T00:00:00.000Z","strikedate":"2026-04-13T00:00:00.000Z","event_type":"Drone Attack","actor":"Hezbollah","site_type":"military","siteStype":"","city":"Beit Hillel","province":"","country":"Israel","latitude":33.22285425,"longitude":35.60140154,"coord_type":"exact","source_1":"https://t.me/mmirleb/15106","source_2":"","sources":""}},{"type":"Feature","geometry":{"type":"Point","coordinates":[35.471008,33.088677999999994]},"properties":{"event_id":202062,"data_org":"Green","post_date":"2026-04-13T00:00:00.000Z","pub_date":"2026-04-13T00:00:00.000Z","strikedate":"2026-04-13T00:00:00.000Z","event_type":"Drone Attack","actor":"Hezbollah","site_type":"military","siteStype":"","city":"Kiryat Shmona","province":"","country":"Israel","latitude":33.088678,"longitude":35.471008,"coord_type":"general neighborhood","source_1":"https://t.me/mmirleb/15106","source_2":"https://apnews.com/article/hezbollah-israel-drones-fiber-optic-war-00cd07852f49ade04ed0a6fde505d987","sources":""}},{"type":"Feature","geometry":{"type":"Point","coordinates":[35.576106,33.242471]},"properties":{"event_id":202063,"data_org":"Green","post_date":"2026-04-13T00:00:00.000Z","pub_date":"2026-04-13T00:00:00.000Z","strikedate":"2026-04-13T00:00:00.000Z","event_type":"Drone Attack","actor":"Hezbollah","site_type":"military","siteStype":"","city":"Kfar Gladi","province":"","country":"Israel","latitude":33.242471,"longitude":35.576106,"coord_type":"general neighborhood","source_1":"https://t.me/mmirleb/15106","source_2":"","sources":""}},{"type":"Feature","geometry":{"type":"Point","coordinates":[35.40730863,33.05096723999999]},"properties":{"event_id":202042,"data_org":"Green","post_date":"2026-04-13T00:00:00.000Z","pub_date":"2026-04-13T00:00:00.000Z","strikedate":"2026-04-13T00:00:00.000Z","event_type":"Rocket Attack","actor":"Hezbollah","site_type":"civilian","siteStype":"","city":"Dovev","province":"","country":"Israel","latitude":33.05096724,"longitude":35.40730863,"coord_type":"general town","source_1":"https://t.me/mmirleb/15108","source_2":"","sources":""}},{"type":"Feature","geometry":{"type":"Point","coordinates":[35.471008,33.088677999999994]},"properties":{"event_id":202065,"data_org":"Green","post_date":"2026-04-13T00:00:00.000Z","pub_date":"2026-04-13T00:00:00.000Z","strikedate":"2026-04-13T00:00:00.000Z","event_type":"Rocket Attack","actor":"Hezbollah","site_type":"civilian","siteStype":"","city":"Kiryat Shmona","province":"","country":"Israel","latitude":33.088678,"longitude":35.471008,"coord_type":"general town","source_1":"https://t.me/mmirleb/15108","source_2":"","sources":""}},{"type":"Feature","geometry":{"type":"Point","coordinates":[35.576092,33.267756]},"properties":{"event_id":202066,"data_org":"Green","post_date":"2026-04-13T00:00:00.000Z","pub_date":"2026-04-13T00:00:00.000Z","strikedate":"2026-04-13T00:00:00.000Z","event_type":"Rocket Attack","actor":"Hezbollah","site_type":"civilian","siteStype":"","city":"Metula","province":"","country":"Israel","latitude":33.267756,"longitude":35.576092,"coord_type":"general town","source_1":"https://t.me/mmirleb/15108","source_2":"","sources":""}},{"type":"Feature","geometry":{"type":"Point","coordinates":[35.471008,33.088677999999994]},"properties":{"event_id":202043,"data_org":"Green","post_date":"2026-04-13T00:00:00.000Z","pub_date":"2026-04-13T00:00:00.000Z","strikedate":"2026-04-13T00:00:00.000Z","event_type":"Rocket Attack","actor":"Hezbollah","site_type":"civilian","siteStype":"","city":"Kiryat Shmona","province":"","country":"Israel","latitude":33.088678,"longitude":35.471008,"coord_type":"general town","source_1":"https://t.me/mmirleb/15110","source_2":"","sources":""}},{"type":"Feature","geometry":{"type":"Point","coordinates":[35.28111316,33.10034947]},"properties":{"event_id":202044,"data_org":"Green","post_date":"2026-04-13T00:00:00.000Z","pub_date":"2026-04-13T00:00:00.000Z","strikedate":"2026-04-13T00:00:00.000Z","event_type":"Rocket Attack","actor":"Hezbollah","site_type":"military","siteStype":"military : base","city":"Zarit","province":"","country":"Israel","latitude":33.10034947,"longitude":35.28111316,"coord_type":"exact","source_1":"https://t.me/mmirleb/15112","source_2":"","sources":""}},{"type":"Feature","geometry":{"type":"Point","coordinates":[35.097398,33.009751]},"properties":{"event_id":202012,"data_org":"Green","post_date":"2026-04-13T00:00:00.000Z","pub_date":"2026-04-13T00:00:00.000Z","strikedate":"2026-04-13T00:00:00.000Z","event_type":"Rocket Attack","actor":"Hezbollah","site_type":"civilian","siteStype":"","city":"Nahariya","province":"","country":"Israel","latitude":33.009751,"longitude":35.097398,"coord_type":"general town","source_1":"https://t.me/manniefabian/57748","source_2":"","sources":""}},{"type":"Feature","geometry":{"type":"Point","coordinates":[35.51072,33.099309999999996]},"properties":{"event_id":202045,"data_org":"Green","post_date":"2026-04-13T00:00:00.000Z","pub_date":"2026-04-13T00:00:00.000Z","strikedate":"2026-04-13T00:00:00.000Z","event_type":"Rocket Attack","actor":"Hezbollah","site_type":"civilian","siteStype":"","city":"Malkiya","province":"","country":"Israel","latitude":33.09931,"longitude":35.51072,"coord_type":"general town","source_1":"https://t.me/mmirleb/15118","source_2":"","sources":""}},{"type":"Feature","geometry":{"type":"Point","coordinates":[35.173287,33.08763199999999]},"properties":{"event_id":202046,"data_org":"Green","post_date":"2026-04-13T00:00:00.000Z","pub_date":"2026-04-13T00:00:00.000Z","strikedate":"2026-04-13T00:00:00.000Z","event_type":"Rocket Attack","actor":"Hezbollah","site_type":"civilian","siteStype":"","city":"Hanita","province":"","country":"Israel","latitude":33.087632,"longitude":35.173287,"coord_type":"general town","source_1":"https://t.me/mmirleb/15120","source_2":"","sources":""}},{"type":"Feature","geometry":{"type":"Point","coordinates":[35.14506421,33.07314653000001]},"properties":{"event_id":202057,"data_org":"Green","post_date":"2026-04-13T00:00:00.000Z","pub_date":"2026-04-13T00:00:00.000Z","strikedate":"2026-04-13T00:00:00.000Z","event_type":"Rocket Attack","actor":"Hezbollah","site_type":"civilian","siteStype":"","city":"Shlomi","province":"","country":"Israel","latitude":33.07314653,"longitude":35.14506421,"coord_type":"general town","source_1":"https://t.me/mmirleb/15120","source_2":"","sources":""}},{"type":"Feature","geometry":{"type":"Point","coordinates":[35.09733372,33.00756560999999]},"properties":{"event_id":202058,"data_org":"Green","post_date":"2026-04-13T00:00:00.000Z","pub_date":"2026-04-13T00:00:00.000Z","strikedate":"2026-04-13T00:00:00.000Z","event_type":"Rocket Attack","actor":"Hezbollah","site_type":"civilian","siteStype":"","city":"Nahariya","province":"","country":"Israel","latitude":33.00756561,"longitude":35.09733372,"coord_type":"general town","source_1":"https://t.me/mmirleb/15120","source_2":"","sources":""}},{"type":"Feature","geometry":{"type":"Point","coordinates":[35.569686,33.208059999999996]},"properties":{"event_id":202047,"data_org":"Green","post_date":"2026-04-13T00:00:00.000Z","pub_date":"2026-04-13T00:00:00.000Z","strikedate":"2026-04-13T00:00:00.000Z","event_type":"Rocket Attack","actor":"Hezbollah","site_type":"civilian","siteStype":"","city":"Kiryat Shmona","province":"","country":"Israel","latitude":33.20806,"longitude":35.569686,"coord_type":"general town","source_1":"https://t.me/mmirleb/15126","source_2":"","sources":""}},{"type":"Feature","geometry":{"type":"Point","coordinates":[35.60880884,33.1717459]},"properties":{"event_id":202054,"data_org":"Green","post_date":"2026-04-13T00:00:00.000Z","pub_date":"2026-04-13T00:00:00.000Z","strikedate":"2026-04-13T00:00:00.000Z","event_type":"Rocket Attack","actor":"Hezbollah","site_type":"civilian","siteStype":"","city":"Kfar Blum","province":"","country":"Israel","latitude":33.1717459,"longitude":35.60880884,"coord_type":"general town","source_1":"https://t.me/mmirleb/15126","source_2":"","sources":""}},{"type":"Feature","geometry":{"type":"Point","coordinates":[35.545038,33.214341]},"properties":{"event_id":202055,"data_org":"Green","post_date":"2026-04-13T00:00:00.000Z","pub_date":"2026-04-13T00:00:00.000Z","strikedate":"2026-04-13T00:00:00.000Z","event_type":"Rocket Attack","actor":"Hezbollah","site_type":"civilian","siteStype":"","city":"Margaliot","province":"","country":"Israel","latitude":33.214341,"longitude":35.545038,"coord_type":"general town","source_1":"https://t.me/mmirleb/15126","source_2":"","sources":""}},{"type":"Feature","geometry":{"type":"Point","coordinates":[35.5444122,33.1953447]},"properties":{"event_id":202056,"data_org":"Green","post_date":"2026-04-13T00:00:00.000Z","pub_date":"2026-04-13T00:00:00.000Z","strikedate":"2026-04-13T00:00:00.000Z","event_type":"Rocket Attack","actor":"Hezbollah","site_type":"civilian","siteStype":"","city":"Manara","province":"","country":"Israel","latitude":33.1953447,"longitude":35.5444122,"coord_type":"general town","source_1":"https://t.me/mmirleb/15126","source_2":"","sources":""}},{"type":"Feature","geometry":{"type":"Point","coordinates":[35.467033,33.091807]},"properties":{"event_id":202048,"data_org":"Green","post_date":"2026-04-13T00:00:00.000Z","pub_date":"2026-04-13T00:00:00.000Z","strikedate":"2026-04-13T00:00:00.000Z","event_type":"Rocket Attack","actor":"Hezbollah","site_type":"civilian","siteStype":"","city":"Avivim","province":"","country":"Israel","latitude":33.091807,"longitude":35.467033,"coord_type":"general town","source_1":"https://t.me/mmirleb/15130","source_2":"","sources":""}},{"type":"Feature","geometry":{"type":"Point","coordinates":[35.68427567,32.88833399999999]},"properties":{"event_id":202049,"data_org":"Green","post_date":"2026-04-13T00:00:00.000Z","pub_date":"2026-04-13T00:00:00.000Z","strikedate":"2026-04-13T00:00:00.000Z","event_type":"Drone Attack","actor":"Hezbollah","site_type":"civilian","siteStype":"military : base","city":"Ma'ale Gamla","province":"","country":"Israel","latitude":32.888334,"longitude":35.68427567,"coord_type":"general town","source_1":"https://t.me/mmirleb/15132","source_2":"","sources":""}},{"type":"Feature","geometry":{"type":"Point","coordinates":[35.295677,32.9121]},"properties":{"event_id":202059,"data_org":"Green","post_date":"2026-04-13T00:00:00.000Z","pub_date":"2026-04-13T00:00:00.000Z","strikedate":"2026-04-13T00:00:00.000Z","event_type":"Rocket Attack","actor":"Hezbollah","site_type":"military","siteStype":"","city":"Karmiel","province":"","country":"Israel","latitude":32.9121,"longitude":35.295677,"coord_type":"general town","source_1":"https://t.me/mmirleb/15134","source_2":"","sources":""}},{"type":"Feature","geometry":{"type":"Point","coordinates":[35.278544,33.01464299999999]},"properties":{"event_id":202050,"data_org":"Green","post_date":"2026-04-13T00:00:00.000Z","pub_date":"2026-04-13T00:00:00.000Z","strikedate":"2026-04-13T00:00:00.000Z","event_type":"Rocket Attack","actor":"Hezbollah","site_type":"military","siteStype":"","city":"Maalot Tarshiha","province":"","country":"Israel","latitude":33.014643,"longitude":35.278544,"coord_type":"general town","source_1":"https://t.me/mmirleb/15134","source_2":"","sources":""}},{"type":"Feature","geometry":{"type":"Point","coordinates":[35.27603334,32.97586499999999]},"properties":{"event_id":202051,"data_org":"Green","post_date":"2026-04-13T00:00:00.000Z","pub_date":"2026-04-13T00:00:00.000Z","strikedate":"2026-04-13T00:00:00.000Z","event_type":"Other (see note)","actor":"Hezbollah","site_type":"military","siteStype":"","city":"Tefen","province":"","country":"Israel","latitude":32.975865,"longitude":35.27603334,"coord_type":"general town","source_1":"https://t.me/mmirleb/15136","source_2":"","sources":""}},{"type":"Feature","geometry":{"type":"Point","coordinates":[35.569686,33.208059999999996]},"properties":{"event_id":202069,"data_org":"Green","post_date":"2026-04-13T00:00:00.000Z","pub_date":"2026-04-13T00:00:00.000Z","strikedate":"2026-04-13T00:00:00.000Z","event_type":"Rocket Attack","actor":"Hezbollah","site_type":"civilian","siteStype":"","city":"Kiryat Shmona","province":"","country":"Israel","latitude":33.20806,"longitude":35.569686,"coord_type":"general town","source_1":"https://t.me/mmirleb/15138","source_2":"","sources":""}},{"type":"Feature","geometry":{"type":"Point","coordinates":[35.545038,33.214341]},"properties":{"event_id":202070,"data_org":"Green","post_date":"2026-04-13T00:00:00.000Z","pub_date":"2026-04-13T00:00:00.000Z","strikedate":"2026-04-13T00:00:00.000Z","event_type":"Rocket Attack","actor":"Hezbollah","site_type":"civilian","siteStype":"","city":"Margaliot","province":"","country":"Israel","latitude":33.214341,"longitude":35.545038,"coord_type":"general town","source_1":"https://t.me/mmirleb/15138","source_2":"","sources":""}},{"type":"Feature","geometry":{"type":"Point","coordinates":[35.584746,33.053067999999996]},"properties":{"event_id":202071,"data_org":"Green","post_date":"2026-04-13T00:00:00.000Z","pub_date":"2026-04-13T00:00:00.000Z","strikedate":"2026-04-13T00:00:00.000Z","event_type":"Rocket Attack","actor":"Hezbollah","site_type":"military","siteStype":"military : unknown","city":"Yesud Hamaala","province":"","country":"Israel","latitude":33.053068,"longitude":35.584746,"coord_type":"general town","source_1":"https://t.me/mmirleb/15138","source_2":"","sources":""}},{"type":"Feature","geometry":{"type":"Point","coordinates":[35.238955,33.057109]},"properties":{"event_id":202010,"data_org":"Green","post_date":"2026-04-12T00:00:00.000Z","pub_date":"2026-04-13T00:00:00.000Z","strikedate":"2026-04-12T00:00:00.000Z","event_type":"Drone Attack","actor":"Hezbollah","site_type":"military","siteStype":"military : unknown","city":"Goren","province":"","country":"Israel","latitude":33.057109,"longitude":35.238955,"coord_type":"general town","source_1":"https://t.me/mmirleb/15023","source_2":"","sources":""}},{"type":"Feature","geometry":{"type":"Point","coordinates":[35.63795700000001,33.23067399999999]},"properties":{"event_id":202011,"data_org":"Green","post_date":"2026-04-12T00:00:00.000Z","pub_date":"2026-04-13T00:00:00.000Z","strikedate":"2026-04-12T00:00:00.000Z","event_type":"Drone Attack","actor":"Hezbollah","site_type":"military","siteStype":"military : unknown","city":"Dafna","province":"","country":"Israel","latitude":33.230674,"longitude":35.637957,"coord_type":"general town","source_1":"https://t.me/mmirleb/15025","source_2":"","sources":""}},{"type":"Feature","geometry":{"type":"Point","coordinates":[35.466732,33.091861]},"properties":{"event_id":202013,"data_org":"Green","post_date":"2026-04-12T00:00:00.000Z","pub_date":"2026-04-13T00:00:00.000Z","strikedate":"2026-04-12T00:00:00.000Z","event_type":"Drone Attack","actor":"Hezbollah","site_type":"military","siteStype":"military : base","city":"Avivim","province":"","country":"Israel","latitude":33.091861,"longitude":35.466732,"coord_type":"exact","source_1":"https://t.me/mmirleb/15027","source_2":"","sources":""}},{"type":"Feature","geometry":{"type":"Point","coordinates":[35.57798,33.27736999999998]},"properties":{"event_id":202014,"data_org":"Green","post_date":"2026-04-12T00:00:00.000Z","pub_date":"2026-04-13T00:00:00.000Z","strikedate":"2026-04-12T00:00:00.000Z","event_type":"Rocket Attack","actor":"Hezbollah","site_type":"military","siteStype":"military : base","city":"Metula","province":"","country":"Israel","latitude":33.27737,"longitude":35.57798,"coord_type":"exact","source_1":"https://t.me/mmirleb/15029","source_2":"","sources":""}},{"type":"Feature","geometry":{"type":"Point","coordinates":[35.517442,33.08167799999999]},"properties":{"event_id":202015,"data_org":"Green","post_date":"2026-04-12T00:00:00.000Z","pub_date":"2026-04-13T00:00:00.000Z","strikedate":"2026-04-12T00:00:00.000Z","event_type":"Rocket Attack","actor":"Hezbollah","site_type":"military","siteStype":"military : unknown","city":"Dishon","province":"","country":"Israel","latitude":33.081678,"longitude":35.517442,"coord_type":"general town","source_1":"https://t.me/mmirleb/15031","source_2":"","sources":""}},{"type":"Feature","geometry":{"type":"Point","coordinates":[35.597256,33.24085999999999]},"properties":{"event_id":202016,"data_org":"Green","post_date":"2026-04-12T00:00:00.000Z","pub_date":"2026-04-13T00:00:00.000Z","strikedate":"2026-04-12T00:00:00.000Z","event_type":"Drone Attack","actor":"Hezbollah","site_type":"military","siteStype":"military : unknown","city":"Kfar Yuval","province":"","country":"Israel","latitude":33.24086,"longitude":35.597256,"coord_type":"general town","source_1":"https://t.me/mmirleb/15033","source_2":"","sources":""}},{"type":"Feature","geometry":{"type":"Point","coordinates":[35.2583333,33.08235702]},"properties":{"event_id":202053,"data_org":"Green","post_date":"2026-04-12T00:00:00.000Z","pub_date":"2026-04-13T00:00:00.000Z","strikedate":"2026-04-12T00:00:00.000Z","event_type":"Drone Attack","actor":"Hezbollah","site_type":"military","siteStype":"military : base","city":"Shomera","province":"","country":"Israel","latitude":33.08235702,"longitude":35.2583333,"coord_type":"general town","source_1":"https://t.me/mmirleb/15037","source_2":"","sources":""}},{"type":"Feature","geometry":{"type":"Point","coordinates":[35.184795,33.067499]},"properties":{"event_id":202017,"data_org":"Green","post_date":"2026-04-12T00:00:00.000Z","pub_date":"2026-04-13T00:00:00.000Z","strikedate":"2026-04-12T00:00:00.000Z","event_type":"Drone Attack","actor":"Hezbollah","site_type":"military","siteStype":"military : base","city":"Yaara","province":"","country":"Israel","latitude":33.067499,"longitude":35.184795,"coord_type":"general town","source_1":"https://t.me/mmirleb/15037","source_2":"","sources":""}},{"type":"Feature","geometry":{"type":"Point","coordinates":[35.554543,33.14332]},"properties":{"event_id":202022,"data_org":"Green","post_date":"2026-04-12T00:00:00.000Z","pub_date":"2026-04-13T00:00:00.000Z","strikedate":"2026-04-12T00:00:00.000Z","event_type":"Drone Attack","actor":"Hezbollah","site_type":"military","siteStype":"military : unknown","city":"Yiftah","province":"","country":"Israel","latitude":33.14332,"longitude":35.554543,"coord_type":"general town","source_1":"https://t.me/mmirleb/15039","source_2":"","sources":""}},{"type":"Feature","geometry":{"type":"Point","coordinates":[35.517445,33.082198999999996]},"properties":{"event_id":202064,"data_org":"Green","post_date":"2026-04-12T00:00:00.000Z","pub_date":"2026-04-13T00:00:00.000Z","strikedate":"2026-04-12T00:00:00.000Z","event_type":"Drone Attack","actor":"Hezbollah","site_type":"military","siteStype":"military : unknown","city":"Dishon","province":"","country":"Israel","latitude":33.082199,"longitude":35.517445,"coord_type":"general town","source_1":"https://t.me/mmirleb/15039","source_2":"","sources":""}},{"type":"Feature","geometry":{"type":"Point","coordinates":[35.394413,33.028529999999996]},"properties":{"event_id":202020,"data_org":"Green","post_date":"2026-04-12T00:00:00.000Z","pub_date":"2026-04-13T00:00:00.000Z","strikedate":"2026-04-12T00:00:00.000Z","event_type":"Rocket Attack","actor":"Hezbollah","site_type":"military","siteStype":"military : unknown","city":"Sasa","province":"","country":"Israel","latitude":33.02853,"longitude":35.394413,"coord_type":"general town","source_1":"https://t.me/mmirleb/15055","source_2":"","sources":""}},{"type":"Feature","geometry":{"type":"Point","coordinates":[35.569686,33.208059999999996]},"properties":{"event_id":202023,"data_org":"Green","post_date":"2026-04-12T00:00:00.000Z","pub_date":"2026-04-13T00:00:00.000Z","strikedate":"2026-04-12T00:00:00.000Z","event_type":"Rocket Attack","actor":"Hezbollah","site_type":"civilian","siteStype":"","city":"Kiryat Shmona","province":"","country":"Israel","latitude":33.20806,"longitude":35.569686,"coord_type":"general town","source_1":"https://t.me/mmirleb/15059","source_2":"","sources":""}},{"type":"Feature","geometry":{"type":"Point","coordinates":[35.40088500000001,33.05797799999999]},"properties":{"event_id":0,"data_org":"Green","post_date":"2026-04-12T00:00:00.000Z","pub_date":"2026-04-13T00:00:00.000Z","strikedate":"2026-04-12T00:00:00.000Z","event_type":"Rocket Attack","actor":"Hezbollah","site_type":"civilian","siteStype":"","city":"Dovev","province":"","country":"Israel","latitude":33.057978,"longitude":35.400885,"coord_type":"general town","source_1":"https://t.me/mmirleb/15061","source_2":"","sources":""}},{"type":"Feature","geometry":{"type":"Point","coordinates":[35.110759,33.07055]},"properties":{"event_id":202075,"data_org":"Green","post_date":"2026-04-14T00:00:00.000Z","pub_date":"2026-04-14T00:00:00.000Z","strikedate":"2026-04-14T00:00:00.000Z","event_type":"Drone Attack","actor":"Hezbollah","site_type":"military","siteStype":"","city":"Liman","province":"","country":"Israel","latitude":33.07055,"longitude":35.110759,"coord_type":"exact","source_1":"https://t.me/mmirleb/15171","source_2":"https://x.com/manniefabian/status/2044063397033938990","sources":""}},{"type":"Feature","geometry":{"type":"Point","coordinates":[35.576106,33.242471]},"properties":{"event_id":202076,"data_org":"Green","post_date":"2026-04-14T00:00:00.000Z","pub_date":"2026-04-14T00:00:00.000Z","strikedate":"2026-04-14T00:00:00.000Z","event_type":"Drone Attack","actor":"Hezbollah","site_type":"military","siteStype":"","city":"Kfar Gladi","province":"","country":"Israel","latitude":33.242471,"longitude":35.576106,"coord_type":"general neighborhood","source_1":"https://t.me/mmirleb/15175","source_2":"https://t.me/ILRedAlertNews/2238","sources":""}},{"type":"Feature","geometry":{"type":"Point","coordinates":[35.548605,33.24753]},"properties":{"event_id":202077,"data_org":"Green","post_date":"2026-04-14T00:00:00.000Z","pub_date":"2026-04-14T00:00:00.000Z","strikedate":"2026-04-14T00:00:00.000Z","event_type":"Rocket Attack","actor":"Hezbollah","site_type":"civilian","siteStype":"","city":"Misgav Am","province":"","country":"Israel","latitude":33.24753,"longitude":35.548605,"coord_type":"general town","source_1":"https://t.me/mmirleb/15177","source_2":"https://t.me/ILRedAlertNews/2241","sources":""}},{"type":"Feature","geometry":{"type":"Point","coordinates":[35.147182,33.02087800000001]},"properties":{"event_id":202079,"data_org":"Green","post_date":"2026-04-14T00:00:00.000Z","pub_date":"2026-04-14T00:00:00.000Z","strikedate":"2026-04-14T00:00:00.000Z","event_type":"Drone Attack","actor":"Hezbollah","site_type":"military","siteStype":"","city":"Kabri","province":"","country":"Israel","latitude":33.020878,"longitude":35.147182,"coord_type":"general town","source_1":"https://t.me/mmirleb/15186","source_2":"","sources":""}},{"type":"Feature","geometry":{"type":"Point","coordinates":[35.73442744,33.05321112]},"properties":{"event_id":202080,"data_org":"Green","post_date":"2026-04-14T00:00:00.000Z","pub_date":"2026-04-14T00:00:00.000Z","strikedate":"2026-04-14T00:00:00.000Z","event_type":"Drone Attack","actor":"Hezbollah","site_type":"military","siteStype":"","city":"","province":"","country":"Israel","latitude":33.05321112,"longitude":35.73442744,"coord_type":"exact","source_1":"https://t.me/mmirleb/15189","source_2":"","sources":""}},{"type":"Feature","geometry":{"type":"Point","coordinates":[35.569686,33.208059999999996]},"properties":{"event_id":202081,"data_org":"Green","post_date":"2026-04-14T00:00:00.000Z","pub_date":"2026-04-14T00:00:00.000Z","strikedate":"2026-04-14T00:00:00.000Z","event_type":"Drone Attack","actor":"Hezbollah","site_type":"military","siteStype":"","city":"Kiryat Shmona","province":"","country":"Israel","latitude":33.20806,"longitude":35.569686,"coord_type":"general town","source_1":"https://t.me/mmirleb/15198","source_2":"","sources":""}},{"type":"Feature","geometry":{"type":"Point","coordinates":[35.569686,33.208059999999996]},"properties":{"event_id":202082,"data_org":"Green","post_date":"2026-04-14T00:00:00.000Z","pub_date":"2026-04-14T00:00:00.000Z","strikedate":"2026-04-14T00:00:00.000Z","event_type":"Rocket Attack","actor":"Hezbollah","site_type":"civilian","siteStype":"","city":"Kiryat Shmona","province":"","country":"Israel","latitude":33.20806,"longitude":35.569686,"coord_type":"general town","source_1":"https://t.me/mmirleb/15204","source_2":"","sources":""}},{"type":"Feature","geometry":{"type":"Point","coordinates":[35.548605,33.24753]},"properties":{"event_id":202083,"data_org":"Green","post_date":"2026-04-14T00:00:00.000Z","pub_date":"2026-04-14T00:00:00.000Z","strikedate":"2026-04-14T00:00:00.000Z","event_type":"Rocket Attack","actor":"Hezbollah","site_type":"civilian","siteStype":"","city":"Misgav Am","province":"","country":"Israel","latitude":33.24753,"longitude":35.548605,"coord_type":"general town","source_1":"https://t.me/mmirleb/15206","source_2":"https://t.me/ILRedAlertNews/2250","sources":""}},{"type":"Feature","geometry":{"type":"Point","coordinates":[35.295677,32.9121]},"properties":{"event_id":202085,"data_org":"Green","post_date":"2026-04-14T00:00:00.000Z","pub_date":"2026-04-14T00:00:00.000Z","strikedate":"2026-04-14T00:00:00.000Z","event_type":"Rocket Attack","actor":"Hezbollah","site_type":"military","siteStype":"military : unknown","city":"Karmiel","province":"","country":"Israel","latitude":32.9121,"longitude":35.295677,"coord_type":"general town","source_1":"https://t.me/mmirleb/15216","source_2":"","sources":""}},{"type":"Feature","geometry":{"type":"Point","coordinates":[35.569686,33.208059999999996]},"properties":{"event_id":202086,"data_org":"Green","post_date":"2026-04-14T00:00:00.000Z","pub_date":"2026-04-14T00:00:00.000Z","strikedate":"2026-04-14T00:00:00.000Z","event_type":"Rocket Attack","actor":"Hezbollah","site_type":"civilian","siteStype":"","city":"Kiryat Shmona","province":"","country":"Israel","latitude":33.20806,"longitude":35.569686,"coord_type":"general town","source_1":"https://t.me/mmirleb/15220","source_2":"","sources":""}},{"type":"Feature","geometry":{"type":"Point","coordinates":[35.54497,33.196425]},"properties":{"event_id":202087,"data_org":"Green","post_date":"2026-04-14T00:00:00.000Z","pub_date":"2026-04-14T00:00:00.000Z","strikedate":"2026-04-14T00:00:00.000Z","event_type":"Rocket Attack","actor":"Hezbollah","site_type":"civilian","siteStype":"","city":"Manara","province":"","country":"Israel","latitude":33.196425,"longitude":35.54497,"coord_type":"general town","source_1":"https://t.me/mmirleb/15220","source_2":"","sources":""}},{"type":"Feature","geometry":{"type":"Point","coordinates":[35.569686,33.208059999999996]},"properties":{"event_id":202088,"data_org":"Green","post_date":"2026-04-14T00:00:00.000Z","pub_date":"2026-04-14T00:00:00.000Z","strikedate":"2026-04-14T00:00:00.000Z","event_type":"Rocket Attack","actor":"Hezbollah","site_type":"civilian","siteStype":"","city":"Kiryat Shmona","province":"","country":"Israel","latitude":33.20806,"longitude":35.569686,"coord_type":"general town","source_1":"https://t.me/mmirleb/15227","source_2":"https://t.me/ILRedAlertNews/2323","sources":""}},{"type":"Feature","geometry":{"type":"Point","coordinates":[35.576092,33.267756]},"properties":{"event_id":202089,"data_org":"Green","post_date":"2026-04-14T00:00:00.000Z","pub_date":"2026-04-14T00:00:00.000Z","strikedate":"2026-04-14T00:00:00.000Z","event_type":"Rocket Attack","actor":"Hezbollah","site_type":"civilian","siteStype":"","city":"Metula","province":"","country":"Israel","latitude":33.267756,"longitude":35.576092,"coord_type":"general town","source_1":"https://t.me/mmirleb/15227","source_2":"","sources":""}},{"type":"Feature","geometry":{"type":"Point","coordinates":[35.548605,33.24753]},"properties":{"event_id":202090,"data_org":"Green","post_date":"2026-04-14T00:00:00.000Z","pub_date":"2026-04-14T00:00:00.000Z","strikedate":"2026-04-14T00:00:00.000Z","event_type":"Rocket Attack","actor":"Hezbollah","site_type":"civilian","siteStype":"","city":"Misgav Am","province":"","country":"Israel","latitude":33.24753,"longitude":35.548605,"coord_type":"general town","source_1":"https://t.me/mmirleb/15227","source_2":"https://t.me/ILRedAlertNews/2325","sources":""}},{"type":"Feature","geometry":{"type":"Point","coordinates":[35.573757,33.24223]},"properties":{"event_id":202091,"data_org":"Green","post_date":"2026-04-14T00:00:00.000Z","pub_date":"2026-04-14T00:00:00.000Z","strikedate":"2026-04-14T00:00:00.000Z","event_type":"Rocket Attack","actor":"Hezbollah","site_type":"civilian","siteStype":"","city":"Kfar Giladi","province":"","country":"Israel","latitude":33.24223,"longitude":35.573757,"coord_type":"general town","source_1":"https://t.me/mmirleb/15227","source_2":"https://t.me/ILRedAlertNews/2329","sources":""}},{"type":"Feature","geometry":{"type":"Point","coordinates":[35.511377,33.099484]},"properties":{"event_id":202092,"data_org":"Green","post_date":"2026-04-14T00:00:00.000Z","pub_date":"2026-04-14T00:00:00.000Z","strikedate":"2026-04-14T00:00:00.000Z","event_type":"Rocket Attack","actor":"Hezbollah","site_type":"civilian","siteStype":"","city":"Malikiyah","province":"","country":"Israel","latitude":33.099484,"longitude":35.511377,"coord_type":"general town","source_1":"https://t.me/mmirleb/15227","source_2":"","sources":""}},{"type":"Feature","geometry":{"type":"Point","coordinates":[35.573757,33.24223]},"properties":{"event_id":202093,"data_org":"Green","post_date":"2026-04-14T00:00:00.000Z","pub_date":"2026-04-14T00:00:00.000Z","strikedate":"2026-04-14T00:00:00.000Z","event_type":"Rocket Attack","actor":"Hezbollah","site_type":"civilian","siteStype":"","city":"Tel Hai (part of Kfar Giladi)","province":"","country":"Israel","latitude":33.24223,"longitude":35.573757,"coord_type":"general town","source_1":"https://t.me/mmirleb/15227","source_2":"https://t.me/ILRedAlertNews/2327","sources":""}},{"type":"Feature","geometry":{"type":"Point","coordinates":[35.517445,33.082198999999996]},"properties":{"event_id":202094,"data_org":"Green","post_date":"2026-04-14T00:00:00.000Z","pub_date":"2026-04-14T00:00:00.000Z","strikedate":"2026-04-14T00:00:00.000Z","event_type":"Rocket Attack","actor":"Hezbollah","site_type":"civilian","siteStype":"","city":"Dishon","province":"","country":"Israel","latitude":33.082199,"longitude":35.517445,"coord_type":"general town","source_1":"https://t.me/mmirleb/15227","source_2":"","sources":""}},{"type":"Feature","geometry":{"type":"Point","coordinates":[35.278544,33.01464299999999]},"properties":{"event_id":202095,"data_org":"Green","post_date":"2026-04-14T00:00:00.000Z","pub_date":"2026-04-14T00:00:00.000Z","strikedate":"2026-04-14T00:00:00.000Z","event_type":"Rocket Attack","actor":"Hezbollah","site_type":"military","siteStype":"military : unknown","city":"Maalot Tarshiha","province":"","country":"Israel","latitude":33.014643,"longitude":35.278544,"coord_type":"general town","source_1":"https://t.me/mmirleb/15229","source_2":"","sources":""}},{"type":"Feature","geometry":{"type":"Point","coordinates":[35.097398,33.009751]},"properties":{"event_id":202096,"data_org":"Green","post_date":"2026-04-14T00:00:00.000Z","pub_date":"2026-04-14T00:00:00.000Z","strikedate":"2026-04-14T00:00:00.000Z","event_type":"Rocket Attack","actor":"Hezbollah","site_type":"civilian","siteStype":"","city":"Nahariya","province":"","country":"Israel","latitude":33.009751,"longitude":35.097398,"coord_type":"general town","source_1":"https://t.me/mmirleb/15233","source_2":"https://x.com/manniefabian/status/2044063397033938990","sources":"https://t.me/ILRedAlertNews/2347"}},{"type":"Feature","geometry":{"type":"Point","coordinates":[35.569686,33.208059999999996]},"properties":{"event_id":202097,"data_org":"Green","post_date":"2026-04-14T00:00:00.000Z","pub_date":"2026-04-14T00:00:00.000Z","strikedate":"2026-04-14T00:00:00.000Z","event_type":"Rocket Attack","actor":"Hezbollah","site_type":"civilian","siteStype":"","city":"Kiryat Shmona","province":"","country":"Israel","latitude":33.20806,"longitude":35.569686,"coord_type":"general town","source_1":"https://t.me/mmirleb/15238","source_2":"https://t.me/ILRedAlertNews/2343","sources":""}},{"type":"Feature","geometry":{"type":"Point","coordinates":[35.576092,33.267756]},"properties":{"event_id":202098,"data_org":"Green","post_date":"2026-04-14T00:00:00.000Z","pub_date":"2026-04-14T00:00:00.000Z","strikedate":"2026-04-14T00:00:00.000Z","event_type":"Rocket Attack","actor":"Hezbollah","site_type":"civilian","siteStype":"","city":"Metula","province":"","country":"Israel","latitude":33.267756,"longitude":35.576092,"coord_type":"general town","source_1":"https://t.me/mmirleb/15238","source_2":"https://t.me/ILRedAlertNews/2343","sources":""}},{"type":"Feature","geometry":{"type":"Point","coordinates":[35.548605,33.24753]},"properties":{"event_id":202099,"data_org":"Green","post_date":"2026-04-14T00:00:00.000Z","pub_date":"2026-04-14T00:00:00.000Z","strikedate":"2026-04-14T00:00:00.000Z","event_type":"Rocket Attack","actor":"Hezbollah","site_type":"civilian","siteStype":"","city":"Misgav Am","province":"","country":"Israel","latitude":33.24753,"longitude":35.548605,"coord_type":"general town","source_1":"https://t.me/mmirleb/15238","source_2":"https://t.me/ILRedAlertNews/2343","sources":""}},{"type":"Feature","geometry":{"type":"Point","coordinates":[35.573757,33.24223]},"properties":{"event_id":202100,"data_org":"Green","post_date":"2026-04-14T00:00:00.000Z","pub_date":"2026-04-14T00:00:00.000Z","strikedate":"2026-04-14T00:00:00.000Z","event_type":"Rocket Attack","actor":"Hezbollah","site_type":"civilian","siteStype":"","city":"Kfar Giladi","province":"","country":"Israel","latitude":33.24223,"longitude":35.573757,"coord_type":"general town","source_1":"https://t.me/mmirleb/15238","source_2":"https://t.me/ILRedAlertNews/2343","sources":""}},{"type":"Feature","geometry":{"type":"Point","coordinates":[35.54497,33.196425]},"properties":{"event_id":202101,"data_org":"Green","post_date":"2026-04-14T00:00:00.000Z","pub_date":"2026-04-14T00:00:00.000Z","strikedate":"2026-04-14T00:00:00.000Z","event_type":"Rocket Attack","actor":"Hezbollah","site_type":"civilian","siteStype":"","city":"Manara","province":"","country":"Israel","latitude":33.196425,"longitude":35.54497,"coord_type":"general town","source_1":"https://t.me/mmirleb/15238","source_2":"","sources":""}},{"type":"Feature","geometry":{"type":"Point","coordinates":[35.545038,33.214341]},"properties":{"event_id":202102,"data_org":"Green","post_date":"2026-04-14T00:00:00.000Z","pub_date":"2026-04-14T00:00:00.000Z","strikedate":"2026-04-14T00:00:00.000Z","event_type":"Rocket Attack","actor":"Hezbollah","site_type":"civilian","siteStype":"","city":"Margaliot","province":"","country":"Israel","latitude":33.214341,"longitude":35.545038,"coord_type":"general town","source_1":"https://t.me/mmirleb/15238","source_2":"https://t.me/ILRedAlertNews/2343","sources":""}},{"type":"Feature","geometry":{"type":"Point","coordinates":[35.609306,33.173244]},"properties":{"event_id":202103,"data_org":"Green","post_date":"2026-04-14T00:00:00.000Z","pub_date":"2026-04-14T00:00:00.000Z","strikedate":"2026-04-14T00:00:00.000Z","event_type":"Rocket Attack","actor":"Hezbollah","site_type":"civilian","siteStype":"","city":"Kfar Blum","province":"","country":"Israel","latitude":33.173244,"longitude":35.609306,"coord_type":"general town","source_1":"https://t.me/mmirleb/15238","source_2":"","sources":""}},{"type":"Feature","geometry":{"type":"Point","coordinates":[35.511377,33.099484]},"properties":{"event_id":202104,"data_org":"Green","post_date":"2026-04-14T00:00:00.000Z","pub_date":"2026-04-14T00:00:00.000Z","strikedate":"2026-04-14T00:00:00.000Z","event_type":"Rocket Attack","actor":"Hezbollah","site_type":"civilian","siteStype":"","city":"Malikiyah","province":"","country":"Israel","latitude":33.099484,"longitude":35.511377,"coord_type":"general town","source_1":"https://t.me/mmirleb/15238","source_2":"https://t.me/ILRedAlertNews/2343","sources":""}},{"type":"Feature","geometry":{"type":"Point","coordinates":[35.573757,33.24223]},"properties":{"event_id":202105,"data_org":"Green","post_date":"2026-04-14T00:00:00.000Z","pub_date":"2026-04-14T00:00:00.000Z","strikedate":"2026-04-14T00:00:00.000Z","event_type":"Rocket Attack","actor":"Hezbollah","site_type":"civilian","siteStype":"","city":"Tel Hai (part of Kfar Giladi)","province":"","country":"Israel","latitude":33.24223,"longitude":35.573757,"coord_type":"general town","source_1":"https://t.me/mmirleb/15238","source_2":"https://t.me/ILRedAlertNews/2343","sources":""}},{"type":"Feature","geometry":{"type":"Point","coordinates":[35.517445,33.082198999999996]},"properties":{"event_id":202106,"data_org":"Green","post_date":"2026-04-14T00:00:00.000Z","pub_date":"2026-04-14T00:00:00.000Z","strikedate":"2026-04-14T00:00:00.000Z","event_type":"Rocket Attack","actor":"Hezbollah","site_type":"civilian","siteStype":"","city":"Dishon","province":"","country":"Israel","latitude":33.082199,"longitude":35.517445,"coord_type":"general town","source_1":"https://t.me/mmirleb/15238","source_2":"","sources":""}},{"type":"Feature","geometry":{"type":"Point","coordinates":[35.11319,33.059626]},"properties":{"event_id":202107,"data_org":"Green","post_date":"2026-04-14T00:00:00.000Z","pub_date":"2026-04-14T00:00:00.000Z","strikedate":"2026-04-14T00:00:00.000Z","event_type":"Rocket Attack","actor":"Hezbollah","site_type":"civilian","siteStype":"","city":"Liman","province":"","country":"Israel","latitude":33.059626,"longitude":35.11319,"coord_type":"general town","source_1":"https://t.me/mmirleb/15238","source_2":"","sources":""}},{"type":"Feature","geometry":{"type":"Point","coordinates":[35.108878,33.02923700000001]},"properties":{"event_id":202108,"data_org":"Green","post_date":"2026-04-14T00:00:00.000Z","pub_date":"2026-04-14T00:00:00.000Z","strikedate":"2026-04-14T00:00:00.000Z","event_type":"Rocket Attack","actor":"Hezbollah","site_type":"civilian","siteStype":"","city":"Saar","province":"","country":"Israel","latitude":33.029237,"longitude":35.108878,"coord_type":"general town","source_1":"https://t.me/mmirleb/15238","source_2":"","sources":""}},{"type":"Feature","geometry":{"type":"Point","coordinates":[35.097398,33.009751]},"properties":{"event_id":202109,"data_org":"Green","post_date":"2026-04-14T00:00:00.000Z","pub_date":"2026-04-14T00:00:00.000Z","strikedate":"2026-04-14T00:00:00.000Z","event_type":"Rocket Attack","actor":"Hezbollah","site_type":"civilian","siteStype":"","city":"Nahariya","province":"","country":"Israel","latitude":33.009751,"longitude":35.097398,"coord_type":"general town","source_1":"https://t.me/mmirleb/15238","source_2":"","sources":""}},{"type":"Feature","geometry":{"type":"Point","coordinates":[35.089409,32.963803999999996]},"properties":{"event_id":202110,"data_org":"Green","post_date":"2026-04-14T00:00:00.000Z","pub_date":"2026-04-14T00:00:00.000Z","strikedate":"2026-04-14T00:00:00.000Z","event_type":"Drone & Rocket Attack","actor":"Hezbollah","site_type":"military","siteStype":"military : hq","city":"Acre","province":"","country":"Israel","latitude":32.963804,"longitude":35.089409,"coord_type":"general town","source_1":"https://t.me/mmirleb/15240","source_2":"","sources":""}},{"type":"Feature","geometry":{"type":"Point","coordinates":[35.569686,33.208059999999996]},"properties":{"event_id":202112,"data_org":"Green","post_date":"2026-04-14T00:00:00.000Z","pub_date":"2026-04-14T00:00:00.000Z","strikedate":"2026-04-14T00:00:00.000Z","event_type":"Rocket Attack","actor":"Hezbollah","site_type":"civilian","siteStype":"","city":"Kiryat Shmona","province":"","country":"Israel","latitude":33.20806,"longitude":35.569686,"coord_type":"general town","source_1":"https://t.me/mmirleb/15242","source_2":"https://t.me/ILRedAlertNews/2355","sources":""}},{"type":"Feature","geometry":{"type":"Point","coordinates":[35.576092,33.267756]},"properties":{"event_id":202113,"data_org":"Green","post_date":"2026-04-14T00:00:00.000Z","pub_date":"2026-04-14T00:00:00.000Z","strikedate":"2026-04-14T00:00:00.000Z","event_type":"Rocket Attack","actor":"Hezbollah","site_type":"civilian","siteStype":"","city":"Metula","province":"","country":"Israel","latitude":33.267756,"longitude":35.576092,"coord_type":"general town","source_1":"https://t.me/mmirleb/15242","source_2":"https://t.me/ILRedAlertNews/2375","sources":""}},{"type":"Feature","geometry":{"type":"Point","coordinates":[35.548605,33.24753]},"properties":{"event_id":202114,"data_org":"Green","post_date":"2026-04-14T00:00:00.000Z","pub_date":"2026-04-14T00:00:00.000Z","strikedate":"2026-04-14T00:00:00.000Z","event_type":"Rocket Attack","actor":"Hezbollah","site_type":"civilian","siteStype":"","city":"Misgav Am","province":"","country":"Israel","latitude":33.24753,"longitude":35.548605,"coord_type":"general town","source_1":"https://t.me/mmirleb/15242","source_2":"https://t.me/ILRedAlertNews/2367","sources":""}},{"type":"Feature","geometry":{"type":"Point","coordinates":[35.573757,33.24223]},"properties":{"event_id":202115,"data_org":"Green","post_date":"2026-04-14T00:00:00.000Z","pub_date":"2026-04-14T00:00:00.000Z","strikedate":"2026-04-14T00:00:00.000Z","event_type":"Rocket Attack","actor":"Hezbollah","site_type":"civilian","siteStype":"","city":"Kfar Giladi","province":"","country":"Israel","latitude":33.24223,"longitude":35.573757,"coord_type":"general town","source_1":"https://t.me/mmirleb/15242","source_2":"","sources":""}},{"type":"Feature","geometry":{"type":"Point","coordinates":[35.45467,33.07709499999999]},"properties":{"event_id":202116,"data_org":"Green","post_date":"2026-04-14T00:00:00.000Z","pub_date":"2026-04-14T00:00:00.000Z","strikedate":"2026-04-14T00:00:00.000Z","event_type":"Rocket Attack","actor":"Hezbollah","site_type":"civilian","siteStype":"","city":"Yiron","province":"","country":"Israel","latitude":33.077095,"longitude":35.45467,"coord_type":"general town","source_1":"https://t.me/mmirleb/15242","source_2":"https://t.me/ILRedAlertNews/2361","sources":""}},{"type":"Feature","geometry":{"type":"Point","coordinates":[35.467033,33.091807]},"properties":{"event_id":202117,"data_org":"Green","post_date":"2026-04-14T00:00:00.000Z","pub_date":"2026-04-14T00:00:00.000Z","strikedate":"2026-04-14T00:00:00.000Z","event_type":"Rocket Attack","actor":"Hezbollah","site_type":"civilian","siteStype":"","city":"Avivim","province":"","country":"Israel","latitude":33.091807,"longitude":35.467033,"coord_type":"general town","source_1":"https://t.me/mmirleb/15245","source_2":"https://t.me/ILRedAlertNews/2377","sources":""}},{"type":"Feature","geometry":{"type":"Point","coordinates":[35.45467,33.07709499999999]},"properties":{"event_id":202118,"data_org":"Green","post_date":"2026-04-14T00:00:00.000Z","pub_date":"2026-04-14T00:00:00.000Z","strikedate":"2026-04-14T00:00:00.000Z","event_type":"Rocket Attack","actor":"Hezbollah","site_type":"civilian","siteStype":"","city":"Yiron","province":"","country":"Israel","latitude":33.077095,"longitude":35.45467,"coord_type":"general town","source_1":"https://t.me/mmirleb/15245","source_2":"https://t.me/ILRedAlertNews/2377","sources":""}},{"type":"Feature","geometry":{"type":"Point","coordinates":[35.145158,32.971786]},"properties":{"event_id":202119,"data_org":"Green","post_date":"2026-04-14T00:00:00.000Z","pub_date":"2026-04-14T00:00:00.000Z","strikedate":"2026-04-14T00:00:00.000Z","event_type":"Drone Attack","actor":"Hezbollah","site_type":"military","siteStype":"military : unknown","city":"Beit HaEmek","province":"","country":"Israel","latitude":32.971786,"longitude":35.145158,"coord_type":"general town","source_1":"https://t.me/mmirleb/15246","source_2":"","sources":""}},{"type":"Feature","geometry":{"type":"Point","coordinates":[35.14506421,33.07314653000001]},"properties":{"event_id":202121,"data_org":"Green","post_date":"2026-04-14T00:00:00.000Z","pub_date":"2026-04-14T00:00:00.000Z","strikedate":"2026-04-14T00:00:00.000Z","event_type":"Drone Attack","actor":"Hezbollah","site_type":"military","siteStype":"","city":"Shlomi","province":"","country":"Israel","latitude":33.07314653,"longitude":35.14506421,"coord_type":"general town","source_1":"https://t.me/mmirleb/15250","source_2":"","sources":""}},{"type":"Feature","geometry":{"type":"Point","coordinates":[35.13999535,33.09147834]},"properties":{"event_id":202072,"data_org":"Green","post_date":"2026-04-13T00:00:00.000Z","pub_date":"2026-04-14T00:00:00.000Z","strikedate":"2026-04-13T00:00:00.000Z","event_type":"Drone Attack","actor":"Hezbollah","site_type":"military","siteStype":"","city":"Hanita","province":"","country":"Israel","latitude":33.09147834,"longitude":35.13999535,"coord_type":"exact","source_1":"https://t.me/mmirleb/15153","source_2":"","sources":""}},{"type":"Feature","geometry":{"type":"Point","coordinates":[35.50772036,33.112657369999994]},"properties":{"event_id":202073,"data_org":"Green","post_date":"2026-04-13T00:00:00.000Z","pub_date":"2026-04-14T00:00:00.000Z","strikedate":"2026-04-13T00:00:00.000Z","event_type":"Rocket Attack","actor":"Hezbollah","site_type":"military","siteStype":"","city":"Malikiyah","province":"","country":"Israel","latitude":33.11265737,"longitude":35.50772036,"coord_type":"exact","source_1":"https://t.me/mmirleb/15155","source_2":"https://t.me/ILRedAlertNews/2222","sources":""}},{"type":"Feature","geometry":{"type":"Point","coordinates":[35.50772036,33.112657369999994]},"properties":{"event_id":202074,"data_org":"Green","post_date":"2026-04-13T00:00:00.000Z","pub_date":"2026-04-14T00:00:00.000Z","strikedate":"2026-04-13T00:00:00.000Z","event_type":"Drone Attack","actor":"Hezbollah","site_type":"military","siteStype":"","city":"Malikiyah","province":"","country":"Israel","latitude":33.11265737,"longitude":35.50772036,"coord_type":"exact","source_1":"https://t.me/mmirleb/15159","source_2":"","sources":""}},{"type":"Feature","geometry":{"type":"Point","coordinates":[35.576092,33.267756]},"properties":{"event_id":202125,"data_org":"Green","post_date":"2026-04-15T00:00:00.000Z","pub_date":"2026-04-15T00:00:00.000Z","strikedate":"2026-04-15T00:00:00.000Z","event_type":"Rocket Attack","actor":"Hezbollah","site_type":"civilian","siteStype":"","city":"Metula","province":"","country":"Israel","latitude":33.267756,"longitude":35.576092,"coord_type":"general town","source_1":"https://t.me/mmirleb/15261","source_2":"https://t.me/ILRedAlertNews/2433","sources":""}},{"type":"Feature","geometry":{"type":"Point","coordinates":[35.573757,33.24223]},"properties":{"event_id":202126,"data_org":"Green","post_date":"2026-04-15T00:00:00.000Z","pub_date":"2026-04-15T00:00:00.000Z","strikedate":"2026-04-15T00:00:00.000Z","event_type":"Rocket Attack","actor":"Hezbollah","site_type":"civilian","siteStype":"","city":"Kfar Giladi","province":"","country":"Israel","latitude":33.24223,"longitude":35.573757,"coord_type":"general town","source_1":"https://t.me/mmirleb/15261","source_2":"https://t.me/ILRedAlertNews/2433","sources":""}},{"type":"Feature","geometry":{"type":"Point","coordinates":[35.569686,33.208059999999996]},"properties":{"event_id":202127,"data_org":"Green","post_date":"2026-04-15T00:00:00.000Z","pub_date":"2026-04-15T00:00:00.000Z","strikedate":"2026-04-15T00:00:00.000Z","event_type":"Rocket Attack","actor":"Hezbollah","site_type":"civilian","siteStype":"","city":"Kiryat Shmona","province":"","country":"Israel","latitude":33.20806,"longitude":35.569686,"coord_type":"general town","source_1":"https://t.me/mmirleb/15261","source_2":"https://t.me/ILRedAlertNews/2433","sources":""}},{"type":"Feature","geometry":{"type":"Point","coordinates":[35.40730863,33.05096723999999]},"properties":{"event_id":202128,"data_org":"Green","post_date":"2026-04-15T00:00:00.000Z","pub_date":"2026-04-15T00:00:00.000Z","strikedate":"2026-04-15T00:00:00.000Z","event_type":"Rocket Attack","actor":"Hezbollah","site_type":"civilian","siteStype":"","city":"Dovev","province":"","country":"Israel","latitude":33.05096724,"longitude":35.40730863,"coord_type":"general town","source_1":"https://t.me/mmirleb/15264","source_2":"","sources":""}},{"type":"Feature","geometry":{"type":"Point","coordinates":[35.14506421,33.07314653000001]},"properties":{"event_id":202129,"data_org":"Green","post_date":"2026-04-15T00:00:00.000Z","pub_date":"2026-04-15T00:00:00.000Z","strikedate":"2026-04-15T00:00:00.000Z","event_type":"Rocket Attack","actor":"Hezbollah","site_type":"civilian","siteStype":"","city":"Shlomi","province":"","country":"Israel","latitude":33.07314653,"longitude":35.14506421,"coord_type":"general town","source_1":"https://t.me/mmirleb/15264","source_2":"","sources":""}},{"type":"Feature","geometry":{"type":"Point","coordinates":[35.155196,33.06226]},"properties":{"event_id":202130,"data_org":"Green","post_date":"2026-04-15T00:00:00.000Z","pub_date":"2026-04-15T00:00:00.000Z","strikedate":"2026-04-15T00:00:00.000Z","event_type":"Rocket Attack","actor":"Hezbollah","site_type":"civilian","siteStype":"","city":"Metzova","province":"","country":"Israel","latitude":33.06226,"longitude":35.155196,"coord_type":"general town","source_1":"https://t.me/mmirleb/15264","source_2":"","sources":""}},{"type":"Feature","geometry":{"type":"Point","coordinates":[35.185381,33.068356]},"properties":{"event_id":202131,"data_org":"Green","post_date":"2026-04-15T00:00:00.000Z","pub_date":"2026-04-15T00:00:00.000Z","strikedate":"2026-04-15T00:00:00.000Z","event_type":"Rocket Attack","actor":"Hezbollah","site_type":"civilian","siteStype":"","city":"Yaara","province":"","country":"Israel","latitude":33.068356,"longitude":35.185381,"coord_type":"general town","source_1":"https://t.me/mmirleb/15264","source_2":"","sources":""}},{"type":"Feature","geometry":{"type":"Point","coordinates":[35.179199000000004,33.048853999999984]},"properties":{"event_id":202132,"data_org":"Green","post_date":"2026-04-15T00:00:00.000Z","pub_date":"2026-04-15T00:00:00.000Z","strikedate":"2026-04-15T00:00:00.000Z","event_type":"Rocket Attack","actor":"Hezbollah","site_type":"civilian","siteStype":"","city":"Avdun","province":"","country":"Israel","latitude":33.048854,"longitude":35.179199,"coord_type":"general town","source_1":"https://t.me/mmirleb/15264","source_2":"","sources":""}},{"type":"Feature","geometry":{"type":"Point","coordinates":[35.263195,32.99724499999999]},"properties":{"event_id":202133,"data_org":"Green","post_date":"2026-04-15T00:00:00.000Z","pub_date":"2026-04-15T00:00:00.000Z","strikedate":"2026-04-15T00:00:00.000Z","event_type":"Rocket Attack","actor":"Hezbollah","site_type":"civilian","siteStype":"","city":"Kfar Vradim","province":"","country":"Israel","latitude":32.997245,"longitude":35.263195,"coord_type":"general town","source_1":"https://t.me/mmirleb/15264","source_2":"","sources":""}},{"type":"Feature","geometry":{"type":"Point","coordinates":[35.097398,33.009751]},"properties":{"event_id":202134,"data_org":"Green","post_date":"2026-04-15T00:00:00.000Z","pub_date":"2026-04-15T00:00:00.000Z","strikedate":"2026-04-15T00:00:00.000Z","event_type":"Rocket Attack","actor":"Hezbollah","site_type":"civilian","siteStype":"","city":"Nahariya","province":"","country":"Israel","latitude":33.009751,"longitude":35.097398,"coord_type":"general town","source_1":"https://t.me/mmirleb/15264","source_2":"","sources":""}},{"type":"Feature","geometry":{"type":"Point","coordinates":[35.083685,32.982234]},"properties":{"event_id":202135,"data_org":"Green","post_date":"2026-04-15T00:00:00.000Z","pub_date":"2026-04-15T00:00:00.000Z","strikedate":"2026-04-15T00:00:00.000Z","event_type":"Rocket Attack","actor":"Hezbollah","site_type":"civilian","siteStype":"","city":"Shavei Zion","province":"","country":"Israel","latitude":32.982234,"longitude":35.083685,"coord_type":"general town","source_1":"https://t.me/mmirleb/15264","source_2":"","sources":""}},{"type":"Feature","geometry":{"type":"Point","coordinates":[35.569686,33.208059999999996]},"properties":{"event_id":202136,"data_org":"Green","post_date":"2026-04-15T00:00:00.000Z","pub_date":"2026-04-15T00:00:00.000Z","strikedate":"2026-04-15T00:00:00.000Z","event_type":"Rocket Attack","actor":"Hezbollah","site_type":"civilian","siteStype":"","city":"Kiryat Shmona","province":"","country":"Israel","latitude":33.20806,"longitude":35.569686,"coord_type":"general town","source_1":"https://t.me/mmirleb/15265","source_2":"","sources":""}},{"type":"Feature","geometry":{"type":"Point","coordinates":[35.548605,33.24753]},"properties":{"event_id":202137,"data_org":"Green","post_date":"2026-04-15T00:00:00.000Z","pub_date":"2026-04-15T00:00:00.000Z","strikedate":"2026-04-15T00:00:00.000Z","event_type":"Rocket Attack","actor":"Hezbollah","site_type":"military","siteStype":"","city":"Misgav Am","province":"","country":"Israel","latitude":33.24753,"longitude":35.548605,"coord_type":"general town","source_1":"https://t.me/mmirleb/15268","source_2":"","sources":""}},{"type":"Feature","geometry":{"type":"Point","coordinates":[35.361642,33.04299099999999]},"properties":{"event_id":202138,"data_org":"Green","post_date":"2026-04-15T00:00:00.000Z","pub_date":"2026-04-15T00:00:00.000Z","strikedate":"2026-04-15T00:00:00.000Z","event_type":"Drone Attack","actor":"Hezbollah","site_type":"military","siteStype":"","city":"Mattat","province":"","country":"Israel","latitude":33.042991,"longitude":35.361642,"coord_type":"exact","source_1":"https://t.me/mmirleb/15269","source_2":"https://t.me/ILRedAlertNews/2440","sources":""}},{"type":"Feature","geometry":{"type":"Point","coordinates":[35.54772,32.9578526]},"properties":{"event_id":202139,"data_org":"Green","post_date":"2026-04-15T00:00:00.000Z","pub_date":"2026-04-15T00:00:00.000Z","strikedate":"2026-04-15T00:00:00.000Z","event_type":"Rocket Attack","actor":"Hezbollah","site_type":"military","siteStype":"","city":"Filon","province":"","country":"Israel","latitude":32.9578526,"longitude":35.54772,"coord_type":"exact","source_1":"https://t.me/mmirleb/15277","source_2":"","sources":""}},{"type":"Feature","geometry":{"type":"Point","coordinates":[35.47219,33.07506099999999]},"properties":{"event_id":202141,"data_org":"Green","post_date":"2026-04-15T00:00:00.000Z","pub_date":"2026-04-15T00:00:00.000Z","strikedate":"2026-04-15T00:00:00.000Z","event_type":"Rocket Attack","actor":"Hezbollah","site_type":"military","siteStype":"","city":"Sadh","province":"","country":"Israel","latitude":33.075061,"longitude":35.47219,"coord_type":"exact","source_1":"https://t.me/mmirleb/15285","source_2":"","sources":""}},{"type":"Feature","geometry":{"type":"Point","coordinates":[35.25804,33.082818799999984]},"properties":{"event_id":202142,"data_org":"Green","post_date":"2026-04-15T00:00:00.000Z","pub_date":"2026-04-15T00:00:00.000Z","strikedate":"2026-04-15T00:00:00.000Z","event_type":"Drone Attack","actor":"Hezbollah","site_type":"military","siteStype":"","city":"Khirbet Maar","province":"","country":"Israel","latitude":33.0828188,"longitude":35.25804,"coord_type":"exact","source_1":"https://t.me/mmirleb/15288","source_2":"","sources":""}},{"type":"Feature","geometry":{"type":"Point","coordinates":[35.097398,33.009751]},"properties":{"event_id":202140,"data_org":"Green","post_date":"2026-04-15T00:00:00.000Z","pub_date":"2026-04-15T00:00:00.000Z","strikedate":"2026-04-15T00:00:00.000Z","event_type":"Rocket Attack","actor":"Hezbollah","site_type":"civilian","siteStype":"","city":"Nahariya","province":"","country":"Israel","latitude":33.009751,"longitude":35.097398,"coord_type":"general town","source_1":"https://t.me/mmirleb/15298","source_2":"","sources":""}},{"type":"Feature","geometry":{"type":"Point","coordinates":[35.569686,33.208059999999996]},"properties":{"event_id":202143,"data_org":"Green","post_date":"2026-04-15T00:00:00.000Z","pub_date":"2026-04-15T00:00:00.000Z","strikedate":"2026-04-15T00:00:00.000Z","event_type":"Rocket Attack","actor":"Hezbollah","site_type":"civilian","siteStype":"","city":"Kiryat Shmona","province":"","country":"Israel","latitude":33.20806,"longitude":35.569686,"coord_type":"general town","source_1":"https://t.me/mmirleb/15299","source_2":"","sources":""}},{"type":"Feature","geometry":{"type":"Point","coordinates":[35.609306,33.173244]},"properties":{"event_id":202144,"data_org":"Green","post_date":"2026-04-15T00:00:00.000Z","pub_date":"2026-04-15T00:00:00.000Z","strikedate":"2026-04-15T00:00:00.000Z","event_type":"Rocket Attack","actor":"Hezbollah","site_type":"civilian","siteStype":"","city":"Kfar Blum","province":"","country":"Israel","latitude":33.173244,"longitude":35.609306,"coord_type":"general town","source_1":"https://t.me/mmirleb/15299","source_2":"","sources":""}},{"type":"Feature","geometry":{"type":"Point","coordinates":[35.508438,33.09861999999999]},"properties":{"event_id":202145,"data_org":"Green","post_date":"2026-04-15T00:00:00.000Z","pub_date":"2026-04-15T00:00:00.000Z","strikedate":"2026-04-15T00:00:00.000Z","event_type":"Rocket Attack","actor":"Hezbollah","site_type":"civilian","siteStype":"","city":"Malikiyah","province":"","country":"Israel","latitude":33.09862,"longitude":35.508438,"coord_type":"general town","source_1":"https://t.me/mmirleb/15299","source_2":"","sources":""}},{"type":"Feature","geometry":{"type":"Point","coordinates":[35.41362,32.9978931]},"properties":{"event_id":202146,"data_org":"Green","post_date":"2026-04-15T00:00:00.000Z","pub_date":"2026-04-15T00:00:00.000Z","strikedate":"2026-04-15T00:00:00.000Z","event_type":"Rocket Attack","actor":"Hezbollah","site_type":"military","siteStype":"","city":"Meron","province":"","country":"Israel","latitude":32.9978931,"longitude":35.41362,"coord_type":"exact","source_1":"https://t.me/mmirleb/15303","source_2":"","sources":""}},{"type":"Feature","geometry":{"type":"Point","coordinates":[35.576092,33.267756]},"properties":{"event_id":202111,"data_org":"Green","post_date":"2026-04-14T00:00:00.000Z","pub_date":"2026-04-15T00:00:00.000Z","strikedate":"2026-04-14T00:00:00.000Z","event_type":"Rocket Attack","actor":"Hezbollah","site_type":"civilian","siteStype":"","city":"Metula","province":"","country":"Israel","latitude":33.267756,"longitude":35.576092,"coord_type":"general town","source_1":"https://t.me/mmirleb/15252","source_2":"https://t.me/ILRedAlertNews/2400","sources":""}},{"type":"Feature","geometry":{"type":"Point","coordinates":[35.71486671,33.15764102]},"properties":{"event_id":202122,"data_org":"Green","post_date":"2026-04-14T00:00:00.000Z","pub_date":"2026-04-15T00:00:00.000Z","strikedate":"2026-04-14T00:00:00.000Z","event_type":"Drone Attack","actor":"Hezbollah","site_type":"military","siteStype":"","city":"Zaoura","province":"","country":"Israel","latitude":33.15764102,"longitude":35.71486671,"coord_type":"general town","source_1":"https://t.me/mmirleb/15256","source_2":"","sources":""}},{"type":"Feature","geometry":{"type":"Point","coordinates":[35.74787439,33.195033220000006]},"properties":{"event_id":202123,"data_org":"Green","post_date":"2026-04-14T00:00:00.000Z","pub_date":"2026-04-15T00:00:00.000Z","strikedate":"2026-04-14T00:00:00.000Z","event_type":"Drone Attack","actor":"Hezbollah","site_type":"military","siteStype":"","city":"Odem","province":"","country":"Israel","latitude":33.19503322,"longitude":35.74787439,"coord_type":"general town","source_1":"https://t.me/mmirleb/15256","source_2":"https://t.me/ILRedAlertNews/2409","sources":""}},{"type":"Feature","geometry":{"type":"Point","coordinates":[35.76766,33.1399057]},"properties":{"event_id":202124,"data_org":"Green","post_date":"2026-04-14T00:00:00.000Z","pub_date":"2026-04-15T00:00:00.000Z","strikedate":"2026-04-14T00:00:00.000Z","event_type":"Drone Attack","actor":"Hezbollah","site_type":"military","siteStype":"","city":"Foran","province":"","country":"Israel","latitude":33.1399057,"longitude":35.76766,"coord_type":"Exact","source_1":"https://t.me/mmirleb/15256","source_2":"","sources":""}},{"type":"Feature","geometry":{"type":"Point","coordinates":[35.2935,32.908409]},"properties":{"event_id":202158,"data_org":"Green","post_date":"2026-04-16T00:00:00.000Z","pub_date":"2026-04-16T00:00:00.000Z","strikedate":"2026-04-16T00:00:00.000Z","event_type":"Rocket Attack","actor":"Hezbollah","site_type":"civilian","siteStype":"","city":"Karmiel","province":"","country":"Israel","latitude":32.908409,"longitude":35.2935,"coord_type":"general town","source_1":"https://t.me/mmirleb/15348","source_2":"","sources":""}},{"type":"Feature","geometry":{"type":"Point","coordinates":[35.33342372,32.97868599999999]},"properties":{"event_id":202159,"data_org":"Green","post_date":"2026-04-16T00:00:00.000Z","pub_date":"2026-04-16T00:00:00.000Z","strikedate":"2026-04-16T00:00:00.000Z","event_type":"Rocket Attack","actor":"Hezbollah","site_type":"civilian","siteStype":"","city":"Peki'in","province":"","country":"Israel","latitude":32.978686,"longitude":35.33342372,"coord_type":"general town","source_1":"https://t.me/mmirleb/15348","source_2":"","sources":""}},{"type":"Feature","geometry":{"type":"Point","coordinates":[35.569564,33.20763]},"properties":{"event_id":202160,"data_org":"Green","post_date":"2026-04-16T00:00:00.000Z","pub_date":"2026-04-16T00:00:00.000Z","strikedate":"2026-04-16T00:00:00.000Z","event_type":"Rocket Attack","actor":"Hezbollah","site_type":"civilian","siteStype":"","city":"Kiryat Shmona","province":"","country":"Israel","latitude":33.20763,"longitude":35.569564,"coord_type":"general town","source_1":"https://t.me/mmirleb/15349","source_2":"","sources":""}},{"type":"Feature","geometry":{"type":"Point","coordinates":[35.573757,33.24223]},"properties":{"event_id":202161,"data_org":"Green","post_date":"2026-04-16T00:00:00.000Z","pub_date":"2026-04-16T00:00:00.000Z","strikedate":"2026-04-16T00:00:00.000Z","event_type":"Rocket Attack","actor":"Hezbollah","site_type":"civilian","siteStype":"","city":"Kfar Giladi","province":"","country":"Israel","latitude":33.24223,"longitude":35.573757,"coord_type":"general town","source_1":"https://t.me/mmirleb/15349","source_2":"","sources":""}},{"type":"Feature","geometry":{"type":"Point","coordinates":[35.549085,33.247576999999986]},"properties":{"event_id":202162,"data_org":"Green","post_date":"2026-04-16T00:00:00.000Z","pub_date":"2026-04-16T00:00:00.000Z","strikedate":"2026-04-16T00:00:00.000Z","event_type":"Rocket Attack","actor":"Hezbollah","site_type":"civilian","siteStype":"","city":"Misgav Am","province":"","country":"Israel","latitude":33.247577,"longitude":35.549085,"coord_type":"general town","source_1":"https://t.me/mmirleb/15349","source_2":"","sources":""}},{"type":"Feature","geometry":{"type":"Point","coordinates":[35.545038,33.214341]},"properties":{"event_id":202163,"data_org":"Green","post_date":"2026-04-16T00:00:00.000Z","pub_date":"2026-04-16T00:00:00.000Z","strikedate":"2026-04-16T00:00:00.000Z","event_type":"Rocket Attack","actor":"Hezbollah","site_type":"civilian","siteStype":"","city":"Margaliot","province":"","country":"Israel","latitude":33.214341,"longitude":35.545038,"coord_type":"general town","source_1":"https://t.me/mmirleb/15349","source_2":"","sources":""}},{"type":"Feature","geometry":{"type":"Point","coordinates":[35.027201,32.80180699999999]},"properties":{"event_id":202147,"data_org":"Green","post_date":"2026-04-16T00:00:00.000Z","pub_date":"2026-04-16T00:00:00.000Z","strikedate":"2026-04-16T00:00:00.000Z","event_type":"Missile Attack","actor":"Hezbollah","site_type":"civilian","siteStype":"","city":"Haifa","province":"","country":"Israel","latitude":32.801807,"longitude":35.027201,"coord_type":"general neighborhood","source_1":"https://x.com/manniefabian/status/2044662881803788295","source_2":"https://x.com/GLZRadio/status/2044658489402802366","sources":""}},{"type":"Feature","geometry":{"type":"Point","coordinates":[35.10560388,33.09340070999999]},"properties":{"event_id":202164,"data_org":"Green","post_date":"2026-04-16T00:00:00.000Z","pub_date":"2026-04-16T00:00:00.000Z","strikedate":"2026-04-16T00:00:00.000Z","event_type":"Drone Attack","actor":"Hezbollah","site_type":"military","siteStype":"military : base","city":"Rosh Hanikra","province":"","country":"Israel","latitude":33.09340071,"longitude":35.10560388,"coord_type":"general town","source_1":"https://t.me/mmirleb/15350","source_2":"","sources":""}},{"type":"Feature","geometry":{"type":"Point","coordinates":[35.573757,33.24223]},"properties":{"event_id":202165,"data_org":"Green","post_date":"2026-04-16T00:00:00.000Z","pub_date":"2026-04-16T00:00:00.000Z","strikedate":"2026-04-16T00:00:00.000Z","event_type":"Rocket Attack","actor":"Hezbollah","site_type":"military","siteStype":"","city":"Kfar Giladi","province":"","country":"Israel","latitude":33.24223,"longitude":35.573757,"coord_type":"general town","source_1":"https://t.me/mmirleb/15351","source_2":"","sources":""}},{"type":"Feature","geometry":{"type":"Point","coordinates":[35.573757,33.24223]},"properties":{"event_id":202166,"data_org":"Green","post_date":"2026-04-16T00:00:00.000Z","pub_date":"2026-04-16T00:00:00.000Z","strikedate":"2026-04-16T00:00:00.000Z","event_type":"Rocket Attack","actor":"Hezbollah","site_type":"civilian","siteStype":"","city":"Kfar Giladi","province":"","country":"Israel","latitude":33.24223,"longitude":35.573757,"coord_type":"general town","source_1":"https://t.me/mmirleb/15357","source_2":"","sources":""}},{"type":"Feature","geometry":{"type":"Point","coordinates":[35.095746,33.00865999999999]},"properties":{"event_id":202168,"data_org":"Green","post_date":"2026-04-16T00:00:00.000Z","pub_date":"2026-04-16T00:00:00.000Z","strikedate":"2026-04-16T00:00:00.000Z","event_type":"Rocket Attack","actor":"Hezbollah","site_type":"civilian","siteStype":"","city":"Nahariya","province":"","country":"Israel","latitude":33.00866,"longitude":35.095746,"coord_type":"general town","source_1":"https://t.me/mmirleb/15363","source_2":"","sources":""}},{"type":"Feature","geometry":{"type":"Point","coordinates":[35.569564,33.20763]},"properties":{"event_id":202167,"data_org":"Green","post_date":"2026-04-15T00:00:00.000Z","pub_date":"2026-04-16T00:00:00.000Z","strikedate":"2026-04-16T00:00:00.000Z","event_type":"unknown","actor":"Hezbollah","site_type":"unknown","siteStype":"","city":"Kiryat Shmona","province":"","country":"Israel","latitude":33.20763,"longitude":35.569564,"coord_type":"general town","source_1":"https://x.com/GLZRadio/status/2044782692315631893","source_2":"","sources":""}},{"type":"Feature","geometry":{"type":"Point","coordinates":[35.089409,32.963803999999996]},"properties":{"event_id":202172,"data_org":"Green","post_date":"2026-04-16T00:00:00.000Z","pub_date":"2026-04-16T00:00:00.000Z","strikedate":"2026-04-16T00:00:00.000Z","event_type":"Drone Attack","actor":"Hezbollah","site_type":"military","siteStype":"military : hq","city":"Acre","province":"","country":"Israel","latitude":32.963804,"longitude":35.089409,"coord_type":"general town","source_1":"https://t.me/mmirleb/15379","source_2":"","sources":""}},{"type":"Feature","geometry":{"type":"Point","coordinates":[35.14506421,33.07314653000001]},"properties":{"event_id":202173,"data_org":"Green","post_date":"2026-04-16T00:00:00.000Z","pub_date":"2026-04-16T00:00:00.000Z","strikedate":"2026-04-16T00:00:00.000Z","event_type":"Rocket Attack","actor":"Hezbollah","site_type":"civilian","siteStype":"","city":"Shlomi","province":"","country":"Israel","latitude":33.07314653,"longitude":35.14506421,"coord_type":"general town","source_1":"https://t.me/mmirleb/15383","source_2":"","sources":""}},{"type":"Feature","geometry":{"type":"Point","coordinates":[35.569564,33.20763]},"properties":{"event_id":202174,"data_org":"Green","post_date":"2026-04-16T00:00:00.000Z","pub_date":"2026-04-16T00:00:00.000Z","strikedate":"2026-04-16T00:00:00.000Z","event_type":"Rocket Attack","actor":"Hezbollah","site_type":"civilian","siteStype":"","city":"Kiryat Shmona","province":"","country":"Israel","latitude":33.20763,"longitude":35.569564,"coord_type":"general town","source_1":"https://t.me/mmirleb/15384","source_2":"https://x.com/GLZRadio/status/2044782692315631893","sources":""}},{"type":"Feature","geometry":{"type":"Point","coordinates":[35.184795,33.067499]},"properties":{"event_id":202170,"data_org":"Green","post_date":"2026-04-16T00:00:00.000Z","pub_date":"2026-04-16T00:00:00.000Z","strikedate":"2026-04-16T00:00:00.000Z","event_type":"Rocket Attack","actor":"Hezbollah","site_type":"military","siteStype":"","city":"Yara","province":"","country":"Israel","latitude":33.067499,"longitude":35.184795,"coord_type":"exact","source_1":"https://t.me/mmirleb/15385","source_2":"","sources":""}},{"type":"Feature","geometry":{"type":"Point","coordinates":[35.07269,32.855081999999996]},"properties":{"event_id":202176,"data_org":"Green","post_date":"2026-04-16T00:00:00.000Z","pub_date":"2026-04-16T00:00:00.000Z","strikedate":"2026-04-16T00:00:00.000Z","event_type":"Rocket Attack","actor":"Hezbollah","site_type":"military","siteStype":"","city":"Krayot","province":"","country":"Israel","latitude":32.855082,"longitude":35.07269,"coord_type":"general town","source_1":"https://t.me/mmirleb/15389","source_2":"https://x.com/manniefabian/status/2044789957252759990","sources":""}},{"type":"Feature","geometry":{"type":"Point","coordinates":[35.11441,33.065808]},"properties":{"event_id":202177,"data_org":"Green","post_date":"2026-04-16T00:00:00.000Z","pub_date":"2026-04-16T00:00:00.000Z","strikedate":"2026-04-16T00:00:00.000Z","event_type":"Rocket Attack","actor":"Hezbollah","site_type":"military","siteStype":"","city":"Liman","province":"","country":"Israel","latitude":33.065808,"longitude":35.11441,"coord_type":"exact","source_1":"https://t.me/mmirleb/15393","source_2":"","sources":""}},{"type":"Feature","geometry":{"type":"Point","coordinates":[35.11441,33.065808]},"properties":{"event_id":202178,"data_org":"Green","post_date":"2026-04-16T00:00:00.000Z","pub_date":"2026-04-16T00:00:00.000Z","strikedate":"2026-04-16T00:00:00.000Z","event_type":"Drone Attack","actor":"Hezbollah","site_type":"military","siteStype":"","city":"Liman","province":"","country":"Israel","latitude":33.065808,"longitude":35.11441,"coord_type":"exact","source_1":"https://t.me/mmirleb/15393","source_2":"","sources":""}},{"type":"Feature","geometry":{"type":"Point","coordinates":[35.467033,33.091807]},"properties":{"event_id":202149,"data_org":"Green","post_date":"2026-04-15T00:00:00.000Z","pub_date":"2026-04-16T00:00:00.000Z","strikedate":"2026-04-15T00:00:00.000Z","event_type":"Rocket Attack","actor":"Hezbollah","site_type":"civilian","siteStype":"","city":"Avivim","province":"","country":"Israel","latitude":33.091807,"longitude":35.467033,"coord_type":"general town","source_1":"https://t.me/mmirleb/15314","source_2":"","sources":""}},{"type":"Feature","geometry":{"type":"Point","coordinates":[35.569686,33.208059999999996]},"properties":{"event_id":202150,"data_org":"Green","post_date":"2026-04-15T00:00:00.000Z","pub_date":"2026-04-16T00:00:00.000Z","strikedate":"2026-04-15T00:00:00.000Z","event_type":"Rocket Attack","actor":"Hezbollah","site_type":"civilian","siteStype":"","city":"Kiryat Shmona","province":"","country":"Israel","latitude":33.20806,"longitude":35.569686,"coord_type":"general town","source_1":"https://t.me/mmirleb/15318","source_2":"","sources":""}},{"type":"Feature","geometry":{"type":"Point","coordinates":[35.71487,33.157641]},"properties":{"event_id":202151,"data_org":"Green","post_date":"2026-04-15T00:00:00.000Z","pub_date":"2026-04-16T00:00:00.000Z","strikedate":"2026-04-15T00:00:00.000Z","event_type":"Drone Attack","actor":"Hezbollah","site_type":"military","siteStype":"","city":"Zaoura","province":"","country":"Israel","latitude":33.157641,"longitude":35.71487,"coord_type":"exact","source_1":"https://t.me/mmirleb/15327","source_2":"","sources":""}},{"type":"Feature","geometry":{"type":"Point","coordinates":[35.19564,33.01568029999999]},"properties":{"event_id":202152,"data_org":"Green","post_date":"2026-04-15T00:00:00.000Z","pub_date":"2026-04-16T00:00:00.000Z","strikedate":"2026-04-15T00:00:00.000Z","event_type":"Drone Attack","actor":"Hezbollah","site_type":"military","siteStype":"","city":"Jatoun","province":"","country":"Israel","latitude":33.0156803,"longitude":35.19564,"coord_type":"exact","source_1":"https://t.me/mmirleb/15341","source_2":"","sources":""}},{"type":"Feature","geometry":{"type":"Point","coordinates":[35.72532,32.986109299999995]},"properties":{"event_id":202153,"data_org":"Green","post_date":"2026-04-15T00:00:00.000Z","pub_date":"2026-04-16T00:00:00.000Z","strikedate":"2026-04-15T00:00:00.000Z","event_type":"Rocket Attack","actor":"Hezbollah","site_type":"military","siteStype":"","city":"Katsafia","province":"","country":"Israel","latitude":32.9861093,"longitude":35.72532,"coord_type":"exact","source_1":"https://t.me/mmirleb/15342","source_2":"","sources":""}},{"type":"Feature","geometry":{"type":"Point","coordinates":[35.18837,33.0052573]},"properties":{"event_id":202154,"data_org":"Green","post_date":"2026-04-15T00:00:00.000Z","pub_date":"2026-04-16T00:00:00.000Z","strikedate":"2026-04-15T00:00:00.000Z","event_type":"Drone Attack","actor":"Hezbollah","site_type":"military","siteStype":"","city":"Sheikh Danun","province":"","country":"Israel","latitude":33.0052573,"longitude":35.18837,"coord_type":"exact","source_1":"https://t.me/mmirleb/15343","source_2":"","sources":""}},{"type":"Feature","geometry":{"type":"Point","coordinates":[35.11441,33.065808]},"properties":{"event_id":202155,"data_org":"Green","post_date":"2026-04-15T00:00:00.000Z","pub_date":"2026-04-16T00:00:00.000Z","strikedate":"2026-04-15T00:00:00.000Z","event_type":"Drone Attack","actor":"Hezbollah","site_type":"military","siteStype":"","city":"Liman","province":"","country":"Israel","latitude":33.065808,"longitude":35.11441,"coord_type":"exact","source_1":"https://t.me/mmirleb/15344","source_2":"","sources":""}},{"type":"Feature","geometry":{"type":"Point","coordinates":[35.595982,33.24625]},"properties":{"event_id":202156,"data_org":"Green","post_date":"2026-04-15T00:00:00.000Z","pub_date":"2026-04-16T00:00:00.000Z","strikedate":"2026-04-15T00:00:00.000Z","event_type":"Rocket Attack","actor":"Hezbollah","site_type":"military","siteStype":"","city":"Kfar Yuval","province":"","country":"Israel","latitude":33.24625,"longitude":35.595982,"coord_type":"general town","source_1":"https://t.me/mmirleb/15345","source_2":"","sources":""}},{"type":"Feature","geometry":{"type":"Point","coordinates":[35.13999535,33.09147834]},"properties":{"event_id":202157,"data_org":"Green","post_date":"2026-04-15T00:00:00.000Z","pub_date":"2026-04-16T00:00:00.000Z","strikedate":"2026-04-15T00:00:00.000Z","event_type":"Drone Attack","actor":"Hezbollah","site_type":"military","siteStype":"","city":"Hanita","province":"","country":"Israel","latitude":33.09147834,"longitude":35.13999535,"coord_type":"exact","source_1":"https://t.me/mmirleb/15346","source_2":"","sources":""}},{"type":"Feature","geometry":{"type":"Point","coordinates":[35.50772036,33.112657369999994]},"properties":{"event_id":202183,"data_org":"Green","post_date":"2026-04-16T00:00:00.000Z","pub_date":"2026-04-17T00:00:00.000Z","strikedate":"2026-04-16T00:00:00.000Z","event_type":"Drone Attack","actor":"Hezbollah","site_type":"military","siteStype":"","city":"Malikiyah","province":"","country":"Israel","latitude":33.11265737,"longitude":35.50772036,"coord_type":"exact","source_1":"https://t.me/mmirleb/15405","source_2":"","sources":""}},{"type":"Feature","geometry":{"type":"Point","coordinates":[35.573757,33.24223]},"properties":{"event_id":202185,"data_org":"Green","post_date":"2026-04-16T00:00:00.000Z","pub_date":"2026-04-17T00:00:00.000Z","strikedate":"2026-04-16T00:00:00.000Z","event_type":"Drone Attack","actor":"Hezbollah","site_type":"military","siteStype":"","city":"Kfar Giladi","province":"","country":"Israel","latitude":33.24223,"longitude":35.573757,"coord_type":"general town","source_1":"https://t.me/mmirleb/15407","source_2":"","sources":""}},{"type":"Feature","geometry":{"type":"Point","coordinates":[35.095746,33.00865999999999]},"properties":{"event_id":202187,"data_org":"Green","post_date":"2026-04-16T00:00:00.000Z","pub_date":"2026-04-17T00:00:00.000Z","strikedate":"2026-04-16T00:00:00.000Z","event_type":"Rocket Attack","actor":"Hezbollah","site_type":"unknown","siteStype":"","city":"Nahariya","province":"","country":"Israel","latitude":33.00866,"longitude":35.095746,"coord_type":"general town","source_1":"https://t.me/mmirleb/15409","source_2":"","sources":""}},{"type":"Feature","geometry":{"type":"Point","coordinates":[35.10564098,33.0940257]},"properties":{"event_id":202188,"data_org":"Green","post_date":"2026-04-16T00:00:00.000Z","pub_date":"2026-04-17T00:00:00.000Z","strikedate":"2026-04-16T00:00:00.000Z","event_type":"Drone Attack","actor":"Hezbollah","site_type":"military","siteStype":"military : base","city":"Rosh Hanikra","province":"","country":"Israel","latitude":33.0940257,"longitude":35.10564098,"coord_type":"general neighborhood","source_1":"https://t.me/mmirleb/15414","source_2":"","sources":""}},{"type":"Feature","geometry":{"type":"Point","coordinates":[35.095746,33.00865999999999]},"properties":{"event_id":202189,"data_org":"Green","post_date":"2026-04-16T00:00:00.000Z","pub_date":"2026-04-17T00:00:00.000Z","strikedate":"2026-04-16T00:00:00.000Z","event_type":"Rocket Attack","actor":"Hezbollah","site_type":"unknown","siteStype":"","city":"Nahariya","province":"","country":"Israel","latitude":33.00866,"longitude":35.095746,"coord_type":"general town","source_1":"https://t.me/mmirleb/15415","source_2":"","sources":""}},{"type":"Feature","geometry":{"type":"Point","coordinates":[35.2935,32.908409]},"properties":{"event_id":202190,"data_org":"Green","post_date":"2026-04-16T00:00:00.000Z","pub_date":"2026-04-17T00:00:00.000Z","strikedate":"2026-04-16T00:00:00.000Z","event_type":"Rocket Attack","actor":"Hezbollah","site_type":"military","siteStype":"","city":"Karmiel","province":"","country":"Israel","latitude":32.908409,"longitude":35.2935,"coord_type":"general town","source_1":"https://t.me/mmirleb/15417","source_2":"","sources":""}},{"type":"Feature","geometry":{"type":"Point","coordinates":[35.099673,33.001828]},"properties":{"event_id":202191,"data_org":"Green","post_date":"2026-04-16T00:00:00.000Z","pub_date":"2026-04-17T00:00:00.000Z","strikedate":"2026-04-16T00:00:00.000Z","event_type":"Rocket Attack","actor":"Hezbollah","site_type":"unknown","siteStype":"","city":"Nahariya","province":"","country":"Israel","latitude":33.001828,"longitude":35.099673,"coord_type":"exact","source_1":"https://t.me/mmirleb/15421","source_2":"","sources":""}},{"type":"Feature","geometry":{"type":"Point","coordinates":[35.09113,32.96352679999999]},"properties":{"event_id":202192,"data_org":"Green","post_date":"2026-04-16T00:00:00.000Z","pub_date":"2026-04-17T00:00:00.000Z","strikedate":"2026-04-16T00:00:00.000Z","event_type":"Rocket Attack","actor":"Hezbollah","site_type":"military","siteStype":"military : base","city":"Shragah Base","province":"","country":"Israel","latitude":32.9635268,"longitude":35.09113,"coord_type":"exact","source_1":"https://t.me/mmirleb/15430","source_2":"","sources":""}},{"type":"Feature","geometry":{"type":"Point","coordinates":[35.09113286,32.96352674999999]},"properties":{"event_id":202193,"data_org":"Green","post_date":"2026-04-16T00:00:00.000Z","pub_date":"2026-04-17T00:00:00.000Z","strikedate":"2026-04-16T00:00:00.000Z","event_type":"Drone Attack","actor":"Hezbollah","site_type":"military","siteStype":"military : base","city":"Lohamei Hagetaot","province":"","country":"Israel","latitude":32.96352675,"longitude":35.09113286,"coord_type":"exact","source_1":"https://t.me/mmirleb/15430","source_2":"","sources":""}},{"type":"Feature","geometry":{"type":"Point","coordinates":[35.095746,33.00865999999999]},"properties":{"event_id":202191,"data_org":"Green","post_date":"2026-04-16T00:00:00.000Z","pub_date":"2026-04-17T00:00:00.000Z","strikedate":"2026-04-16T00:00:00.000Z","event_type":"Rocket Attack","actor":"Hezbollah","site_type":"unknown","siteStype":"","city":"Nahariya","province":"","country":"Israel","latitude":33.00866,"longitude":35.095746,"coord_type":"general town","source_1":"https://t.me/mmirleb/15431","source_2":"","sources":""}},{"type":"Feature","geometry":{"type":"Point","coordinates":[35.573757,33.24223]},"properties":{"event_id":202195,"data_org":"Green","post_date":"2026-04-16T00:00:00.000Z","pub_date":"2026-04-17T00:00:00.000Z","strikedate":"2026-04-16T00:00:00.000Z","event_type":"Rocket Attack","actor":"Hezbollah","site_type":"unknown","siteStype":"","city":"Kfar Giladi","province":"","country":"Israel","latitude":33.24223,"longitude":35.573757,"coord_type":"general town","source_1":"https://t.me/mmirleb/15433","source_2":"","sources":""}},{"type":"Feature","geometry":{"type":"Point","coordinates":[35.573757,33.24223]},"properties":{"event_id":202196,"data_org":"Green","post_date":"2026-04-16T00:00:00.000Z","pub_date":"2026-04-17T00:00:00.000Z","strikedate":"2026-04-16T00:00:00.000Z","event_type":"Rocket Attack","actor":"Hezbollah","site_type":"unknown","siteStype":"","city":"Tel Hai","province":"","country":"Israel","latitude":33.24223,"longitude":35.573757,"coord_type":"general town","source_1":"https://t.me/mmirleb/15433","source_2":"","sources":""}},{"type":"Feature","geometry":{"type":"Point","coordinates":[35.569564,33.20763]},"properties":{"event_id":202197,"data_org":"Green","post_date":"2026-04-16T00:00:00.000Z","pub_date":"2026-04-17T00:00:00.000Z","strikedate":"2026-04-16T00:00:00.000Z","event_type":"Rocket Attack","actor":"Hezbollah","site_type":"unknown","siteStype":"","city":"Kiryat Shmona","province":"","country":"Israel","latitude":33.20763,"longitude":35.569564,"coord_type":"general town","source_1":"https://t.me/mmirleb/15433","source_2":"","sources":""}},{"type":"Feature","geometry":{"type":"Point","coordinates":[35.577958,33.278469]},"properties":{"event_id":202198,"data_org":"Green","post_date":"2026-04-16T00:00:00.000Z","pub_date":"2026-04-17T00:00:00.000Z","strikedate":"2026-04-16T00:00:00.000Z","event_type":"Rocket Attack","actor":"Hezbollah","site_type":"unknown","siteStype":"","city":"Metulla","province":"","country":"Israel","latitude":33.278469,"longitude":35.577958,"coord_type":"general town","source_1":"https://t.me/mmirleb/15433","source_2":"","sources":""}},{"type":"Feature","geometry":{"type":"Point","coordinates":[35.548605,33.24753]},"properties":{"event_id":202199,"data_org":"Green","post_date":"2026-04-16T00:00:00.000Z","pub_date":"2026-04-17T00:00:00.000Z","strikedate":"2026-04-16T00:00:00.000Z","event_type":"Rocket Attack","actor":"Hezbollah","site_type":"unknown","siteStype":"","city":"Misgav Am","province":"","country":"Israel","latitude":33.24753,"longitude":35.548605,"coord_type":"general town","source_1":"https://t.me/mmirleb/15433","source_2":"","sources":""}},{"type":"Feature","geometry":{"type":"Point","coordinates":[35.749084,33.195066999999995]},"properties":{"event_id":0,"data_org":"Green","post_date":"2026-04-21T00:00:00.000Z","pub_date":"2026-04-21T00:00:00.000Z","strikedate":"2026-04-14T00:00:00.000Z","event_type":"Drone Attack","actor":"Hezbollah","site_type":"military","siteStype":"military : hq","city":"Odem","province":"","country":"Israel","latitude":33.195067,"longitude":35.749084,"coord_type":"general town","source_1":"https://t.me/mmirleb/15488","source_2":"","sources":""}},{"type":"Feature","geometry":{"type":"Point","coordinates":[35.765709,33.140075]},"properties":{"event_id":202201,"data_org":"Green","post_date":"2026-04-21T00:00:00.000Z","pub_date":"2026-04-21T00:00:00.000Z","strikedate":"2026-04-14T00:00:00.000Z","event_type":"Drone Attack","actor":"Hezbollah","site_type":"military","siteStype":"military : base","city":"Horvat Poran","province":"","country":"Israel","latitude":33.140075,"longitude":35.765709,"coord_type":"exact","source_1":"https://t.me/mmirleb/15488","source_2":"","sources":""}},{"type":"Feature","geometry":{"type":"Point","coordinates":[35.573757,33.24223]},"properties":{"event_id":202202,"data_org":"Green","post_date":"2026-04-21T00:00:00.000Z","pub_date":"2026-04-21T00:00:00.000Z","strikedate":"2026-04-21T00:00:00.000Z","event_type":"Drone Attack","actor":"Hezbollah","site_type":"military","siteStype":"military : unknown","city":"Kfar Giladi","province":"","country":"Israel","latitude":33.24223,"longitude":35.573757,"coord_type":"general town","source_1":"https://x.com/idfonline/status/2046628027279331741?s=20","source_2":"https://x.com/Osint613/status/2046626837002912055","sources":"https://t.me/mmirleb/15506"}},{"type":"Feature","geometry":{"type":"Point","coordinates":[35.315577,33.085672]},"properties":{"event_id":202206,"data_org":"Green","post_date":"2026-04-23T00:00:00.000Z","pub_date":"2026-04-24T00:00:00.000Z","strikedate":"2026-04-23T00:00:00.000Z","event_type":"Rocket Attack","actor":"Hezbollah","site_type":"unknown","siteStype":"","city":"Shtula","province":"","country":"Israel","latitude":33.085672,"longitude":35.315577,"coord_type":"general town","source_1":"https://x.com/idfonline/status/2047412887069593871?s=20","source_2":"https://x.com/MarioLeb79/status/2047411598390648834","sources":"https://x.com/MarioLeb79/status/2047413339223892334; https://t.me/MTVLebanoNews/66214"}},{"type":"Feature","geometry":{"type":"Point","coordinates":[35.539664,33.21809]},"properties":{"event_id":202209,"data_org":"Green","post_date":"2026-04-25T00:00:00.000Z","pub_date":"2026-04-25T00:00:00.000Z","strikedate":"2026-04-25T00:00:00.000Z","event_type":"Rocket Attack","actor":"Hezbollah","site_type":"","siteStype":"","city":"IVO Manara, Margaliot, and Misgav Am","province":"","country":"Israel","latitude":33.21809,"longitude":35.539664,"coord_type":"general town","source_1":"https://x.com/idfonline/status/2048028954687140012","source_2":"https://x.com/N12News/status/2048031961310953474","sources":"DNGTS: https://www.makodot co.il/news-world/2026_q2/liveblog-e8bc218c461cd91027.htm?utm_source=copy_link&utm_medium=share&utm_campaign=n12_article#6d2d0b2cdc4cd910VgnVCM200000650a10acRCRD"}},{"type":"Feature","geometry":{"type":"Point","coordinates":[35.508438,33.09861999999999]},"properties":{"event_id":202211,"data_org":"Green","post_date":"2026-04-25T00:00:00.000Z","pub_date":"2026-04-25T00:00:00.000Z","strikedate":"2026-04-25T00:00:00.000Z","event_type":"Air Defense Activity","actor":"Hezbollah","site_type":"","siteStype":"","city":"Malikiyah","province":"","country":"Israel","latitude":33.09862,"longitude":35.508438,"coord_type":"general town","source_1":"https://x.com/idfonline/status/2048094781939618214","source_2":"https://t.me/moriahdoron/30329","sources":""}},{"type":"Feature","geometry":{"type":"Point","coordinates":[35.256936,33.081284000000004]},"properties":{"event_id":202222,"data_org":"Green","post_date":"2026-04-30T00:00:00.000Z","pub_date":"2026-04-30T00:00:00.000Z","strikedate":"2026-04-30T00:00:00.000Z","event_type":"Drone Attack","actor":"Hezbollah","site_type":"military","siteStype":"","city":"Shomera","province":"","country":"Israel","latitude":33.081284,"longitude":35.256936,"coord_type":"exact","source_1":"https://x.com/idfonline/status/2049733643774398911?s=20","source_2":"https://x.com/MarioLeb79/status/2049726508176916615?s=20","sources":"https://x.com/MarioLeb79/status/2049776850033877437?s=20; https://x.com/manniefabian/status/2049808737213239474"}},{"type":"Feature","geometry":{"type":"Point","coordinates":[35.548605,33.24753]},"properties":{"event_id":202229,"data_org":"Green","post_date":"2026-05-01T00:00:00.000Z","pub_date":"2026-05-01T00:00:00.000Z","strikedate":"2026-05-01T00:00:00.000Z","event_type":"Drone Attack","actor":"Hezbollah","site_type":"unknown","siteStype":"","city":"Misgav Am","province":"","country":"Israel","latitude":33.24753,"longitude":35.548605,"coord_type":"general town","source_1":"https://x.com/manniefabian/status/2050180906183205375?s=20","source_2":"https://x.com/manniefabian/status/2050197408387129546?s=20","sources":"https://x.com/GLZRadio/status/2050183928745525296"}},{"type":"Feature","geometry":{"type":"Point","coordinates":[35.13995451,33.09159001]},"properties":{"event_id":202241,"data_org":"Green","post_date":"2026-05-07T00:00:00.000Z","pub_date":"2026-05-07T00:00:00.000Z","strikedate":"2026-05-07T00:00:00.000Z","event_type":"Drone Attack","actor":"Hezbollah","site_type":"","siteStype":"","city":"Jal al Alam","province":"","country":"Israel","latitude":33.09159001,"longitude":35.13995451,"coord_type":"exact","source_1":"https://t.me/mmirleb/15844","source_2":"","sources":""}},{"type":"Feature","geometry":{"type":"Point","coordinates":[35.113578,33.08628699999999]},"properties":{"event_id":202242,"data_org":"Green","post_date":"2026-05-08T00:00:00.000Z","pub_date":"2026-05-08T00:00:00.000Z","strikedate":"2026-05-08T00:00:00.000Z","event_type":"Drone Attack","actor":"Hezbollah","site_type":"","siteStype":"","city":"Rosh Hanrika","province":"","country":"Israel","latitude":33.086287,"longitude":35.113578,"coord_type":"general town","source_1":"https://x.com/idfonline/status/2052690557126758852","source_2":"https://x.com/manniefabian/status/2052692269103243419","sources":"https://x.com/GLZRadio/status/2052692336900001907"}},{"type":"Feature","geometry":{"type":"Point","coordinates":[35.09113,32.96352679999999]},"properties":{"event_id":202245,"data_org":"Green","post_date":"2026-05-08T00:00:00.000Z","pub_date":"2026-05-08T00:00:00.000Z","strikedate":"2026-05-08T00:00:00.000Z","event_type":"Missile Attack","actor":"Hezbollah","site_type":"military","siteStype":"military : base","city":"Shragah Base","province":"","country":"Israel","latitude":32.9635268,"longitude":35.09113,"coord_type":"exact","source_1":"https://t.me/mmirleb/15876","source_2":"","sources":""}},{"type":"Feature","geometry":{"type":"Point","coordinates":[35.413586,32.998329]},"properties":{"event_id":202252,"data_org":"Green","post_date":"2026-05-08T00:00:00.000Z","pub_date":"2026-05-08T00:00:00.000Z","strikedate":"2026-05-09T00:00:00.000Z","event_type":"Drone Attack","actor":"Hezbollah","site_type":"military","siteStype":"","city":"Meron","province":"","country":"Israel","latitude":32.998329,"longitude":35.413586,"coord_type":"general town","source_1":"https://t.me/mmirleb/15901","source_2":"","sources":""}},{"type":"Feature","geometry":{"type":"Point","coordinates":[35.5378,33.208289999999984]},"properties":{"event_id":202253,"data_org":"Green","post_date":"2026-05-09T00:00:00.000Z","pub_date":"2026-05-09T00:00:00.000Z","strikedate":"2026-05-09T00:00:00.000Z","event_type":"Drone Attack","actor":"Hezbollah","site_type":"military","siteStype":"","city":"Margaliot","province":"","country":"Israel","latitude":33.20829,"longitude":35.5378,"coord_type":"exact","source_1":"https://t.me/mmirleb/15923","source_2":"","sources":""}},{"type":"Feature","geometry":{"type":"Point","coordinates":[35.54849264,33.24816555999999]},"properties":{"event_id":202254,"data_org":"Green","post_date":"2026-05-09T00:00:00.000Z","pub_date":"2026-05-09T00:00:00.000Z","strikedate":"2026-05-09T00:00:00.000Z","event_type":"Drone Attack","actor":"Hezbollah","site_type":"military","siteStype":"","city":"Misgav Am","province":"","country":"Israel","latitude":33.24816556,"longitude":35.54849264,"coord_type":"general town","source_1":"https://t.me/mmirleb/15924","source_2":"","sources":""}},{"type":"Feature","geometry":{"type":"Point","coordinates":[35.161316,33.08414]},"properties":{"event_id":0,"data_org":"Green","post_date":"2026-05-09T00:00:00.000Z","pub_date":"2026-05-10T00:00:00.000Z","strikedate":"2026-05-09T00:00:00.000Z","event_type":"Drone Attack","actor":"Hezbollah","site_type":"military","siteStype":"","city":"Shlomi","province":"","country":"Israel","latitude":33.08414,"longitude":35.161316,"coord_type":"exact","source_1":"https://t.me/mmirleb/15938","source_2":"https://x.com/geo27752/status/2053493295465078958?s=20","sources":"https://x.com/Minevrax/status/2053492832707473688?s=20"}},{"type":"Feature","geometry":{"type":"Point","coordinates":[35.13995451,33.09159001]},"properties":{"event_id":202255,"data_org":"Green","post_date":"2026-05-09T00:00:00.000Z","pub_date":"2026-05-10T00:00:00.000Z","strikedate":"2026-05-09T00:00:00.000Z","event_type":"Drone Attack","actor":"Hezbollah","site_type":"military","siteStype":"military : base","city":"Jal al Alam","province":"","country":"Israel","latitude":33.09159001,"longitude":35.13995451,"coord_type":"exact","source_1":"https://t.me/mmirleb/15939","source_2":"","sources":""}},{"type":"Feature","geometry":{"type":"Point","coordinates":[35.13995451,33.09159001]},"properties":{"event_id":202256,"data_org":"Green","post_date":"2026-05-10T00:00:00.000Z","pub_date":"2026-05-10T00:00:00.000Z","strikedate":"2026-05-10T00:00:00.000Z","event_type":"Drone Attack","actor":"Hezbollah","site_type":"military","siteStype":"military : base","city":"Jal al Alam","province":"","country":"Israel","latitude":33.09159001,"longitude":35.13995451,"coord_type":"exact","source_1":"https://t.me/mmirleb/15982","source_2":"","sources":""}},{"type":"Feature","geometry":{"type":"Point","coordinates":[35.13995451,33.09159001]},"properties":{"event_id":202257,"data_org":"Green","post_date":"2026-05-10T00:00:00.000Z","pub_date":"2026-05-10T00:00:00.000Z","strikedate":"2026-05-10T00:00:00.000Z","event_type":"Drone Attack","actor":"Hezbollah","site_type":"military","siteStype":"military : base","city":"Jal al Alam","province":"","country":"Israel","latitude":33.09159001,"longitude":35.13995451,"coord_type":"exact","source_1":"https://t.me/mmirleb/15984","source_2":"","sources":""}},{"type":"Feature","geometry":{"type":"Point","coordinates":[35.150433,33.08444399999999]},"properties":{"event_id":202260,"data_org":"Green","post_date":"2026-05-09T00:00:00.000Z","pub_date":"2026-05-10T00:00:00.000Z","strikedate":"2026-05-09T00:00:00.000Z","event_type":"Drone Attack","actor":"Hezbollah","site_type":"military","siteStype":"military : border protection","city":"Shlomi","province":"","country":"Israel","latitude":33.084444,"longitude":35.150433,"coord_type":"general town","source_1":"https://t.me/mmirleb/15943","source_2":"","sources":""}},{"type":"Feature","geometry":{"type":"Point","coordinates":[35.544562,33.197196999999996]},"properties":{"event_id":202265,"data_org":"Green","post_date":"2026-05-12T00:00:00.000Z","pub_date":"2026-05-12T00:00:00.000Z","strikedate":"2026-05-12T00:00:00.000Z","event_type":"Drone Attack","actor":"Hezbollah","site_type":"military","siteStype":"","city":"Menara","province":"","country":"Israel","latitude":33.197197,"longitude":35.544562,"coord_type":"general town","source_1":"https://t.me/mmirleb/16054","source_2":"","sources":""}},{"type":"Feature","geometry":{"type":"Point","coordinates":[35.544562,33.197196999999996]},"properties":{"event_id":202266,"data_org":"Green","post_date":"2026-05-12T00:00:00.000Z","pub_date":"2026-05-12T00:00:00.000Z","strikedate":"2026-05-12T00:00:00.000Z","event_type":"Drone Attack","actor":"Hezbollah","site_type":"military","siteStype":"","city":"Menara","province":"","country":"Israel","latitude":33.197197,"longitude":35.544562,"coord_type":"general town","source_1":"https://t.me/mmirleb/16055","source_2":"","sources":""}},{"type":"Feature","geometry":{"type":"Point","coordinates":[35.537689,33.20847899999999]},"properties":{"event_id":202271,"data_org":"Green","post_date":"2026-05-12T00:00:00.000Z","pub_date":"2026-05-13T00:00:00.000Z","strikedate":"2026-05-13T00:00:00.000Z","event_type":"Drone Attack","actor":"Hezbollah","site_type":"military","siteStype":"","city":"Margaliot","province":"","country":"Israel","latitude":33.208479,"longitude":35.537689,"coord_type":"exact","source_1":"https://x.com/OSINTWarfare/status/2054527074669416484?s=20","source_2":"https://x.com/WillUnderhill23/status/2054544573171421429?s=20","sources":"https://t.me/mmirleb/16106"}},{"type":"Feature","geometry":{"type":"Point","coordinates":[35.5378,33.208289999999984]},"properties":{"event_id":202272,"data_org":"Green","post_date":"2026-05-12T00:00:00.000Z","pub_date":"2026-05-13T00:00:00.000Z","strikedate":"2026-05-12T00:00:00.000Z","event_type":"Drone Attack","actor":"Hezbollah","site_type":"military","siteStype":"","city":"Margaliot","province":"","country":"Israel","latitude":33.20829,"longitude":35.5378,"coord_type":"exact","source_1":"https://t.me/mmirleb/16084","source_2":"","sources":""}},{"type":"Feature","geometry":{"type":"Point","coordinates":[35.5378,33.208289999999984]},"properties":{"event_id":202273,"data_org":"Green","post_date":"2026-05-12T00:00:00.000Z","pub_date":"2026-05-13T00:00:00.000Z","strikedate":"2026-05-12T00:00:00.000Z","event_type":"Drone Attack","actor":"Hezbollah","site_type":"military","siteStype":"","city":"Margaliot","province":"","country":"Israel","latitude":33.20829,"longitude":35.5378,"coord_type":"exact","source_1":"https://t.me/mmirleb/16085","source_2":"","sources":""}},{"type":"Feature","geometry":{"type":"Point","coordinates":[35.5378,33.208289999999984]},"properties":{"event_id":202274,"data_org":"Green","post_date":"2026-05-12T00:00:00.000Z","pub_date":"2026-05-13T00:00:00.000Z","strikedate":"2026-05-12T00:00:00.000Z","event_type":"Drone Attack","actor":"Hezbollah","site_type":"military","siteStype":"","city":"Margaliot","province":"","country":"Israel","latitude":33.20829,"longitude":35.5378,"coord_type":"exact","source_1":"https://t.me/mmirleb/16086","source_2":"","sources":""}},{"type":"Feature","geometry":{"type":"Point","coordinates":[35.5378,33.208289999999984]},"properties":{"event_id":202275,"data_org":"Green","post_date":"2026-05-12T00:00:00.000Z","pub_date":"2026-05-13T00:00:00.000Z","strikedate":"2026-05-12T00:00:00.000Z","event_type":"Drone Attack","actor":"Hezbollah","site_type":"military","siteStype":"","city":"Margaliot","province":"","country":"Israel","latitude":33.20829,"longitude":35.5378,"coord_type":"exact","source_1":"https://t.me/mmirleb/16087","source_2":"","sources":""}},{"type":"Feature","geometry":{"type":"Point","coordinates":[35.5378,33.208289999999984]},"properties":{"event_id":202276,"data_org":"Green","post_date":"2026-05-12T00:00:00.000Z","pub_date":"2026-05-13T00:00:00.000Z","strikedate":"2026-05-12T00:00:00.000Z","event_type":"Drone Attack","actor":"Hezbollah","site_type":"military","siteStype":"","city":"Margaliot","province":"","country":"Israel","latitude":33.20829,"longitude":35.5378,"coord_type":"exact","source_1":"https://t.me/mmirleb/16088","source_2":"","sources":""}},{"type":"Feature","geometry":{"type":"Point","coordinates":[35.537689,33.20847899999999]},"properties":{"event_id":202277,"data_org":"Green","post_date":"2026-05-13T00:00:00.000Z","pub_date":"2026-05-13T00:00:00.000Z","strikedate":"2026-05-12T00:00:00.000Z","event_type":"Drone Attack","actor":"Hezbollah","site_type":"military","siteStype":"","city":"Margaliot","province":"","country":"Israel","latitude":33.208479,"longitude":35.537689,"coord_type":"exact","source_1":"https://t.me/mmirleb/16118","source_2":"","sources":""}},{"type":"Feature","geometry":{"type":"Point","coordinates":[35.54849264,33.24816555999999]},"properties":{"event_id":202278,"data_org":"Green","post_date":"2026-05-14T00:00:00.000Z","pub_date":"2026-05-14T00:00:00.000Z","strikedate":"2026-05-14T00:00:00.000Z","event_type":"Drone Attack","actor":"Hezbollah","site_type":"civilian","siteStype":"","city":"Misgav Am","province":"","country":"Israel","latitude":33.24816556,"longitude":35.54849264,"coord_type":"general town","source_1":"https://t.me/moriahdoron/30800","source_2":"","sources":""}},{"type":"Feature","geometry":{"type":"Point","coordinates":[35.10612,33.093]},"properties":{"event_id":202284,"data_org":"Green","post_date":"2026-05-14T00:00:00.000Z","pub_date":"2026-05-14T00:00:00.000Z","strikedate":"2026-05-14T00:00:00.000Z","event_type":"Drone Attack","actor":"Hezbollah","site_type":"military","siteStype":"military : base","city":"Rosh Hanikra","province":"","country":"Israel","latitude":33.093,"longitude":35.10612,"coord_type":"exact","source_1":"https://t.me/mmirleb/16179","source_2":"https://x.com/geo27752/status/2056016465212371328?s=20","sources":"https://x.com/YounesZaatari/status/2056012276046377286?s=20"}},{"type":"Feature","geometry":{"type":"Point","coordinates":[35.281681,33.082377]},"properties":{"event_id":202292,"data_org":"Green","post_date":"2026-05-15T00:00:00.000Z","pub_date":"2026-05-15T00:00:00.000Z","strikedate":"2026-05-15T00:00:00.000Z","event_type":"Drone Attack","actor":"Hezbollah","site_type":"","siteStype":"","city":"Shomera","province":"","country":"Israel","latitude":33.082377,"longitude":35.281681,"coord_type":"general town","source_1":"https://t.me/mmirleb/16206","source_2":"","sources":""}},{"type":"Feature","geometry":{"type":"Point","coordinates":[35.569564,33.20763]},"properties":{"event_id":202290,"data_org":"Green","post_date":"2026-05-15T00:00:00.000Z","pub_date":"2026-05-15T00:00:00.000Z","strikedate":"2026-05-15T00:00:00.000Z","event_type":"Drone Attack","actor":"Hezbollah","site_type":"","siteStype":"","city":"Kiryat Shmona","province":"","country":"Israel","latitude":33.20763,"longitude":35.569564,"coord_type":"general town","source_1":"https://x.com/idfonline/status/2055324251045908709","source_2":"","sources":"https://t.me/moriahdoron/30856"}},{"type":"Feature","geometry":{"type":"Point","coordinates":[35.579129,33.28061999999999]},"properties":{"event_id":202291,"data_org":"Green","post_date":"2026-05-15T00:00:00.000Z","pub_date":"2026-05-15T00:00:00.000Z","strikedate":"2026-05-15T00:00:00.000Z","event_type":"Drone Attack","actor":"Hezbollah","site_type":"","siteStype":"","city":"Metula","province":"","country":"Israel","latitude":33.28062,"longitude":35.579129,"coord_type":"general town","source_1":"https://x.com/idfonline/status/2055324251045908709","source_2":"","sources":"https://t.me/moriahdoron/30856"}},{"type":"Feature","geometry":{"type":"Point","coordinates":[35.11441,33.065808]},"properties":{"event_id":202293,"data_org":"Green","post_date":"2026-05-15T00:00:00.000Z","pub_date":"2026-05-15T00:00:00.000Z","strikedate":"2026-05-15T00:00:00.000Z","event_type":"Drone Attack","actor":"Hezbollah","site_type":"military","siteStype":"","city":"Liman","province":"","country":"Israel","latitude":33.065808,"longitude":35.11441,"coord_type":"exact","source_1":"https://t.me/mmirleb/16215","source_2":"","sources":""}},{"type":"Feature","geometry":{"type":"Point","coordinates":[35.413708,32.99732999999999]},"properties":{"event_id":202295,"data_org":"Green","post_date":"2026-05-16T00:00:00.000Z","pub_date":"2026-05-16T00:00:00.000Z","strikedate":"2026-05-16T00:00:00.000Z","event_type":"Drone Attack","actor":"Hezbollah","site_type":"","siteStype":"","city":"Meron","province":"","country":"Israel","latitude":32.99733,"longitude":35.413708,"coord_type":"general town","source_1":"https://x.com/idfonline/status/2055531376254853159","source_2":"","sources":""}},{"type":"Feature","geometry":{"type":"Point","coordinates":[35.579129,33.28061999999999]},"properties":{"event_id":202296,"data_org":"Green","post_date":"2026-05-16T00:00:00.000Z","pub_date":"2026-05-16T00:00:00.000Z","strikedate":"2026-05-16T00:00:00.000Z","event_type":"Drone Attack","actor":"Hezbollah","site_type":"","siteStype":"","city":"Metula","province":"","country":"Israel","latitude":33.28062,"longitude":35.579129,"coord_type":"general town","source_1":"https://x.com/IAFsite/status/2055636195464335779","source_2":"","sources":""}},{"type":"Feature","geometry":{"type":"Point","coordinates":[35.569564,33.20763]},"properties":{"event_id":202297,"data_org":"Green","post_date":"2026-05-15T00:00:00.000Z","pub_date":"2026-05-16T00:00:00.000Z","strikedate":"2026-05-15T00:00:00.000Z","event_type":"Drone Attack","actor":"Hezbollah","site_type":"","siteStype":"","city":"Kiryat Shmona","province":"","country":"Israel","latitude":33.20763,"longitude":35.569564,"coord_type":"general town","source_1":"https://t.me/mmirleb/16230","source_2":"","sources":""}},{"type":"Feature","geometry":{"type":"Point","coordinates":[35.542851,33.208213]},"properties":{"event_id":202298,"data_org":"Green","post_date":"2026-05-17T00:00:00.000Z","pub_date":"2026-05-17T00:00:00.000Z","strikedate":"2026-05-17T00:00:00.000Z","event_type":"Drone Attack","actor":"Hezbollah","site_type":"","siteStype":"","city":"Between Menara and Margaliot","province":"","country":"Israel","latitude":33.208213,"longitude":35.542851,"coord_type":"general town","source_1":"https://x.com/idfonline/status/2055912849571033531","source_2":"","sources":""}},{"type":"Feature","geometry":{"type":"Point","coordinates":[35.185381,33.068356]},"properties":{"event_id":202299,"data_org":"Green","post_date":"2026-05-16T00:00:00.000Z","pub_date":"2026-05-17T00:00:00.000Z","strikedate":"2026-05-16T00:00:00.000Z","event_type":"Drone Attack","actor":"Hezbollah","site_type":"military","siteStype":"military : base","city":"Yaara","province":"","country":"Israel","latitude":33.068356,"longitude":35.185381,"coord_type":"general town","source_1":"https://t.me/mmirleb/16272","source_2":"","sources":""}},{"type":"Feature","geometry":{"type":"Point","coordinates":[35.313835,33.10213999999999]},"properties":{"event_id":202300,"data_org":"Green","post_date":"2026-05-17T00:00:00.000Z","pub_date":"2026-05-17T00:00:00.000Z","strikedate":"2026-05-14T00:00:00.000Z","event_type":"Drone Attack","actor":"Hezbollah","site_type":"military","siteStype":"military : base","city":"Shtula","province":"","country":"Israel","latitude":33.10214,"longitude":35.313835,"coord_type":"general neighborhood","source_1":"https://t.me/mmirleb/16285","source_2":"","sources":""}},{"type":"Feature","geometry":{"type":"Point","coordinates":[35.281681,33.082377]},"properties":{"event_id":202303,"data_org":"Green","post_date":"2026-05-18T00:00:00.000Z","pub_date":"2026-05-18T00:00:00.000Z","strikedate":"2026-05-18T00:00:00.000Z","event_type":"Drone Attack","actor":"Hezbollah","site_type":"","siteStype":"","city":"Shomera","province":"","country":"Israel","latitude":33.082377,"longitude":35.281681,"coord_type":"general town","source_1":"https://x.com/idfonline/status/2056351121476554805?s=20","source_2":"https://x.com/manniefabian/status/2056352004796993695","sources":"https://t.me/mmirleb/16453"}},{"type":"Feature","geometry":{"type":"Point","coordinates":[35.281681,33.082377]},"properties":{"event_id":202306,"data_org":"Green","post_date":"2026-05-18T00:00:00.000Z","pub_date":"2026-05-18T00:00:00.000Z","strikedate":"2026-05-18T00:00:00.000Z","event_type":"Drone Attack","actor":"Hezbollah","site_type":"","siteStype":"","city":"Shomera","province":"","country":"Israel","latitude":33.082377,"longitude":35.281681,"coord_type":"general town","source_1":"https://t.me/mmirleb/16323","source_2":"","sources":""}},{"type":"Feature","geometry":{"type":"Point","coordinates":[35.226012,33.08852999999999]},"properties":{"event_id":202309,"data_org":"Green","post_date":"2026-05-19T00:00:00.000Z","pub_date":"2026-05-19T00:00:00.000Z","strikedate":"2026-05-19T00:00:00.000Z","event_type":"Drone Attack","actor":"Hezbollah","site_type":"military","siteStype":"","city":"Arab al Aramshe","province":"","country":"Israel","latitude":33.08853,"longitude":35.226012,"coord_type":"general town","source_1":"https://t.me/mmirleb/16344","source_2":"","sources":""}},{"type":"Feature","geometry":{"type":"Point","coordinates":[35.105384,33.093824]},"properties":{"event_id":202310,"data_org":"Green","post_date":"2026-05-19T00:00:00.000Z","pub_date":"2026-05-19T00:00:00.000Z","strikedate":"2026-05-19T00:00:00.000Z","event_type":"","actor":"Hezbollah","site_type":"military","siteStype":"military : base","city":"Kfar Rosh HaNikra","province":"","country":"Israel","latitude":33.093824,"longitude":35.105384,"coord_type":"exact","source_1":"https://t.me/mmirleb/16346","source_2":"","sources":""}},{"type":"Feature","geometry":{"type":"Point","coordinates":[35.13995451,33.09159001]},"properties":{"event_id":202311,"data_org":"Green","post_date":"2026-05-19T00:00:00.000Z","pub_date":"2026-05-19T00:00:00.000Z","strikedate":"2026-05-19T00:00:00.000Z","event_type":"Drone Attack","actor":"Hezbollah","site_type":"military","siteStype":"military : air defense system","city":"Jal al Alam","province":"","country":"Israel","latitude":33.09159001,"longitude":35.13995451,"coord_type":"exact","source_1":"https://t.me/mmirleb/16354","source_2":"https://t.me/mmirleb/16395","sources":"https://x.com/geo27752/status/2057092933023633862"}},{"type":"Feature","geometry":{"type":"Point","coordinates":[35.548605,33.24753]},"properties":{"event_id":202313,"data_org":"Green","post_date":"2026-05-19T00:00:00.000Z","pub_date":"2026-05-19T00:00:00.000Z","strikedate":"2026-05-19T00:00:00.000Z","event_type":"Drone Attack","actor":"Hezbollah","site_type":"military","siteStype":"military : ground vehicle","city":"Misgav Am","province":"","country":"Israel","latitude":33.24753,"longitude":35.548605,"coord_type":"general town","source_1":"https://t.me/mmirleb/16356","source_2":"https://t.me/mmirleb/16612","sources":""}},{"type":"Feature","geometry":{"type":"Point","coordinates":[35.544251,33.215654]},"properties":{"event_id":202314,"data_org":"Green","post_date":"2026-05-19T00:00:00.000Z","pub_date":"2026-05-19T00:00:00.000Z","strikedate":"2026-05-19T00:00:00.000Z","event_type":"Drone Attack","actor":"Hezbollah","site_type":"military","siteStype":"military : air defense system","city":"Margaliot","province":"","country":"Israel","latitude":33.215654,"longitude":35.544251,"coord_type":"general town","source_1":"https://t.me/mmirleb/16357","source_2":"","sources":""}},{"type":"Feature","geometry":{"type":"Point","coordinates":[35.471856,33.088488999999996]},"properties":{"event_id":202320,"data_org":"green","post_date":"2026-05-20T00:00:00.000Z","pub_date":"2026-05-21T00:00:00.000Z","strikedate":"2026-05-20T00:00:00.000Z","event_type":"Drone Attack","actor":"Hezbollah","site_type":"military","siteStype":"","city":"Avivim","province":"","country":"Israel","latitude":33.088489,"longitude":35.471856,"coord_type":"general town","source_1":"https://t.me/mmirleb/16428","source_2":"https://t.me/mmirleb/16505","sources":""}},{"type":"Feature","geometry":{"type":"Point","coordinates":[35.55017261,33.22590665999999]},"properties":{"event_id":202321,"data_org":"green","post_date":"2026-05-20T00:00:00.000Z","pub_date":"2026-05-21T00:00:00.000Z","strikedate":"2026-05-20T00:00:00.000Z","event_type":"Drone Attack","actor":"Hezbollah","site_type":"military","siteStype":"","city":"Ramim","province":"","country":"Israel","latitude":33.22590666,"longitude":35.55017261,"coord_type":"exact","source_1":"https://t.me/mmirleb/16428","source_2":"https://t.me/mmirleb/16505","sources":""}},{"type":"Feature","geometry":{"type":"Point","coordinates":[35.55244844,33.102279669999994]},"properties":{"event_id":202322,"data_org":"green","post_date":"2026-05-20T00:00:00.000Z","pub_date":"2026-05-21T00:00:00.000Z","strikedate":"2026-05-20T00:00:00.000Z","event_type":"Drone Attack","actor":"Hezbollah","site_type":"military","siteStype":"","city":"Naftali","province":"","country":"Israel","latitude":33.10227967,"longitude":35.55244844,"coord_type":"exact","source_1":"https://t.me/mmirleb/16428","source_2":"https://t.me/mmirleb/16505","sources":""}},{"type":"Feature","geometry":{"type":"Point","coordinates":[35.76283482,33.29081937]},"properties":{"event_id":202323,"data_org":"green","post_date":"2026-05-20T00:00:00.000Z","pub_date":"2026-05-21T00:00:00.000Z","strikedate":"2026-05-20T00:00:00.000Z","event_type":"Drone Attack","actor":"Hezbollah","site_type":"military","siteStype":"","city":"Golani","province":"","country":"Israel","latitude":33.29081937,"longitude":35.76283482,"coord_type":"exact","source_1":"https://t.me/mmirleb/16428","source_2":"https://t.me/mmirleb/16505","sources":""}},{"type":"Feature","geometry":{"type":"Point","coordinates":[35.3388,33.0548]},"properties":{"event_id":202330,"data_org":"Green","post_date":"2026-05-22T00:00:00.000Z","pub_date":"2026-05-22T00:00:00.000Z","strikedate":"2026-05-22T00:00:00.000Z","event_type":"Drone Attack","actor":"Hezbollah","site_type":"military","siteStype":"military : base","city":"","province":"","country":"Israel","latitude":33.0548,"longitude":35.3388,"coord_type":"general province","source_1":"https://x.com/CGTNEurope/status/2057831446476149095?s=20","source_2":"https://t.me/Tasnimnews/417233","sources":"https://t.me/mmirleb/16476"}},{"type":"Feature","geometry":{"type":"Point","coordinates":[35.3388,33.0548]},"properties":{"event_id":202332,"data_org":"Green","post_date":"2026-05-22T00:00:00.000Z","pub_date":"2026-05-22T00:00:00.000Z","strikedate":"2026-05-22T00:00:00.000Z","event_type":"Drone Attack","actor":"Hezbollah","site_type":"military","siteStype":"military : base","city":"","province":"","country":"Israel","latitude":33.0548,"longitude":35.3388,"coord_type":"general province","source_1":"https://t.me/mmirleb/16477","source_2":"","sources":""}},{"type":"Feature","geometry":{"type":"Point","coordinates":[35.548605,33.24753]},"properties":{"event_id":202334,"data_org":"Green","post_date":"2026-05-22T00:00:00.000Z","pub_date":"2026-05-22T00:00:00.000Z","strikedate":"2026-05-22T00:00:00.000Z","event_type":"Drone Attack","actor":"Hezbollah","site_type":"military","siteStype":"military : base","city":"Misgav Am","province":"","country":"Israel","latitude":33.24753,"longitude":35.548605,"coord_type":"general town","source_1":"https://t.me/mmirleb/16484","source_2":"","sources":""}},{"type":"Feature","geometry":{"type":"Point","coordinates":[35.548605,33.24753]},"properties":{"event_id":202335,"data_org":"Green","post_date":"2026-05-22T00:00:00.000Z","pub_date":"2026-05-22T00:00:00.000Z","strikedate":"2026-05-22T00:00:00.000Z","event_type":"Drone Attack","actor":"Hezbollah","site_type":"military","siteStype":"military : base","city":"Misgav Am","province":"","country":"Israel","latitude":33.24753,"longitude":35.548605,"coord_type":"general town","source_1":"https://t.me/mmirleb/16485","source_2":"","sources":""}},{"type":"Feature","geometry":{"type":"Point","coordinates":[35.54444,33.232563]},"properties":{"event_id":202336,"data_org":"Green","post_date":"2026-05-22T00:00:00.000Z","pub_date":"2026-05-22T00:00:00.000Z","strikedate":"2026-05-22T00:00:00.000Z","event_type":"Drone Attack","actor":"Hezbollah","site_type":"military","siteStype":"","city":"Marj","province":"","country":"Israel","latitude":33.232563,"longitude":35.54444,"coord_type":"exact","source_1":"https://t.me/mmirleb/16487","source_2":"","sources":""}},{"type":"Feature","geometry":{"type":"Point","coordinates":[35.3388,33.0548]},"properties":{"event_id":202341,"data_org":"Green","post_date":"2026-05-23T00:00:00.000Z","pub_date":"2026-05-23T00:00:00.000Z","strikedate":"2026-05-23T00:00:00.000Z","event_type":"Drone Attack","actor":"Hezbollah","site_type":"military","siteStype":"military : base","city":"","province":"","country":"Israel","latitude":33.0548,"longitude":35.3388,"coord_type":"general province","source_1":"https://t.me/mmirleb/16506","source_2":"","sources":""}},{"type":"Feature","geometry":{"type":"Point","coordinates":[35.3388,33.0548]},"properties":{"event_id":202342,"data_org":"Green","post_date":"2026-05-23T00:00:00.000Z","pub_date":"2026-05-23T00:00:00.000Z","strikedate":"2026-05-23T00:00:00.000Z","event_type":"Drone Attack","actor":"Hezbollah","site_type":"military","siteStype":"military : base","city":"","province":"","country":"Israel","latitude":33.0548,"longitude":35.3388,"coord_type":"general province","source_1":"https://t.me/mmirleb/16507","source_2":"","sources":""}},{"type":"Feature","geometry":{"type":"Point","coordinates":[35.55017261,33.22590665999999]},"properties":{"event_id":202343,"data_org":"Green","post_date":"2026-05-23T00:00:00.000Z","pub_date":"2026-05-23T00:00:00.000Z","strikedate":"2026-05-23T00:00:00.000Z","event_type":"Drone Attack","actor":"Hezbollah","site_type":"military","siteStype":"","city":"Ramim","province":"","country":"Israel","latitude":33.22590666,"longitude":35.55017261,"coord_type":"exact","source_1":"https://t.me/mmirleb/16511","source_2":"https://t.me/mmirleb/16792","sources":""}},{"type":"Feature","geometry":{"type":"Point","coordinates":[35.281681,33.082377]},"properties":{"event_id":202344,"data_org":"Green","post_date":"2026-05-23T00:00:00.000Z","pub_date":"2026-05-23T00:00:00.000Z","strikedate":"2026-05-23T00:00:00.000Z","event_type":"Other (see note)","actor":"Hezbollah","site_type":"","siteStype":"","city":"Shomera","province":"","country":"Israel","latitude":33.082377,"longitude":35.281681,"coord_type":"general town","source_1":"https://t.me/mmirleb/16513","source_2":"","sources":""}},{"type":"Feature","geometry":{"type":"Point","coordinates":[35.13995451,33.09159001]},"properties":{"event_id":202350,"data_org":"Green","post_date":"2026-05-23T00:00:00.000Z","pub_date":"2026-05-23T00:00:00.000Z","strikedate":"2026-05-23T00:00:00.000Z","event_type":"Drone Attack","actor":"Hezbollah","site_type":"","siteStype":"","city":"Jal al Alam","province":"","country":"Israel","latitude":33.09159001,"longitude":35.13995451,"coord_type":"exact","source_1":"https://t.me/mmirleb/16519","source_2":"","sources":""}},{"type":"Feature","geometry":{"type":"Point","coordinates":[35.13995451,33.09159001]},"properties":{"event_id":202351,"data_org":"Green","post_date":"2026-05-23T00:00:00.000Z","pub_date":"2026-05-23T00:00:00.000Z","strikedate":"2026-05-23T00:00:00.000Z","event_type":"Drone Attack","actor":"Hezbollah","site_type":"","siteStype":"","city":"Jal al Alam","province":"","country":"Israel","latitude":33.09159001,"longitude":35.13995451,"coord_type":"exact","source_1":"https://t.me/mmirleb/16520","source_2":"","sources":""}},{"type":"Feature","geometry":{"type":"Point","coordinates":[35.150433,33.08444399999999]},"properties":{"event_id":202352,"data_org":"Green","post_date":"2026-05-23T00:00:00.000Z","pub_date":"2026-05-23T00:00:00.000Z","strikedate":"2026-05-23T00:00:00.000Z","event_type":"Drone Attack","actor":"Hezbollah","site_type":"military","siteStype":"military : border protection","city":"Shlomi","province":"","country":"Israel","latitude":33.084444,"longitude":35.150433,"coord_type":"general town","source_1":"https://t.me/mmirleb/16521","source_2":"https://t.me/mmirleb/16764","sources":""}},{"type":"Feature","geometry":{"type":"Point","coordinates":[35.221763,33.09738999999999]},"properties":{"event_id":202353,"data_org":"Green","post_date":"2026-05-23T00:00:00.000Z","pub_date":"2026-05-23T00:00:00.000Z","strikedate":"2026-05-23T00:00:00.000Z","event_type":"Drone Attack","actor":"Hezbollah","site_type":"","siteStype":"","city":"Jardah","province":"","country":"Israel","latitude":33.09739,"longitude":35.221763,"coord_type":"","source_1":"https://t.me/mmirleb/16521","source_2":"https://t.me/mmirleb/16747","sources":""}},{"type":"Feature","geometry":{"type":"Point","coordinates":[35.542073,33.200381]},"properties":{"event_id":202360,"data_org":"Green","post_date":"2026-05-24T00:00:00.000Z","pub_date":"2026-05-24T00:00:00.000Z","strikedate":"2026-05-24T00:00:00.000Z","event_type":"Drone Attack","actor":"Hezbollah","site_type":"military","siteStype":"military : border protection","city":"Menara","province":"","country":"Israel","latitude":33.200381,"longitude":35.542073,"coord_type":"exact","source_1":"https://t.me/mmirleb/16566","source_2":"https://t.me/mmirleb/16823","sources":""}},{"type":"Feature","geometry":{"type":"Point","coordinates":[35.1744,33.091985]},"properties":{"event_id":202368,"data_org":"Green","post_date":"2026-05-24T00:00:00.000Z","pub_date":"2026-05-25T00:00:00.000Z","strikedate":"2026-05-24T00:00:00.000Z","event_type":"Drone Attack","actor":"Hezbollah","site_type":"","siteStype":"","city":"Hanita","province":"","country":"Israel","latitude":33.091985,"longitude":35.1744,"coord_type":"general neighborhood","source_1":"https://t.me/mmirleb/16587","source_2":"","sources":""}},{"type":"Feature","geometry":{"type":"Point","coordinates":[35.548605,33.24753]},"properties":{"event_id":202373,"data_org":"Green","post_date":"2026-05-25T00:00:00.000Z","pub_date":"2026-05-25T00:00:00.000Z","strikedate":"2026-05-25T00:00:00.000Z","event_type":"Drone Attack","actor":"Hezbollah","site_type":"","siteStype":"","city":"Misgav Am","province":"","country":"Israel","latitude":33.24753,"longitude":35.548605,"coord_type":"general town","source_1":"https://t.me/mmirleb/16615","source_2":"","sources":""}},{"type":"Feature","geometry":{"type":"Point","coordinates":[35.579979,33.279315999999994]},"properties":{"event_id":202379,"data_org":"Green","post_date":"2026-05-25T00:00:00.000Z","pub_date":"2026-05-26T00:00:00.000Z","strikedate":"2026-05-25T00:00:00.000Z","event_type":"Mortar Attack","actor":"Hezbollah","site_type":"","siteStype":"","city":"Metula","province":"","country":"Israel","latitude":33.279316,"longitude":35.579979,"coord_type":"general town","source_1":"https://t.me/mmirleb/16616","source_2":"","sources":""}},{"type":"Feature","geometry":{"type":"Point","coordinates":[35.579979,33.279315999999994]},"properties":{"event_id":202380,"data_org":"Green","post_date":"2026-05-25T00:00:00.000Z","pub_date":"2026-05-26T00:00:00.000Z","strikedate":"2026-05-25T00:00:00.000Z","event_type":"Mortar Attack","actor":"Hezbollah","site_type":"","siteStype":"","city":"Metula","province":"","country":"Israel","latitude":33.279316,"longitude":35.579979,"coord_type":"general town","source_1":"https://t.me/mmirleb/16616","source_2":"","sources":""}},{"type":"Feature","geometry":{"type":"Point","coordinates":[35.548605,33.24753]},"properties":{"event_id":202381,"data_org":"Green","post_date":"2026-05-25T00:00:00.000Z","pub_date":"2026-05-26T00:00:00.000Z","strikedate":"2026-05-25T00:00:00.000Z","event_type":"Drone Attack","actor":"Hezbollah","site_type":"","siteStype":"","city":"Misgav Am","province":"","country":"Israel","latitude":33.24753,"longitude":35.548605,"coord_type":"general town","source_1":"https://t.me/mmirleb/16618","source_2":"","sources":""}},{"type":"Feature","geometry":{"type":"Point","coordinates":[35.55017261,33.22590665999999]},"properties":{"event_id":202382,"data_org":"Green","post_date":"2026-05-25T00:00:00.000Z","pub_date":"2026-05-26T00:00:00.000Z","strikedate":"2026-05-25T00:00:00.000Z","event_type":"Drone Attack","actor":"Hezbollah","site_type":"military","siteStype":"","city":"Ramim","province":"","country":"Israel","latitude":33.22590666,"longitude":35.55017261,"coord_type":"exact","source_1":"https://t.me/mmirleb/16619","source_2":"","sources":""}},{"type":"Feature","geometry":{"type":"Point","coordinates":[35.2797,33.08136]},"properties":{"event_id":202383,"data_org":"Green","post_date":"2026-05-25T00:00:00.000Z","pub_date":"2026-05-26T00:00:00.000Z","strikedate":"2026-05-25T00:00:00.000Z","event_type":"Drone Attack","actor":"Hezbollah","site_type":"military","siteStype":"","city":"Shomera","province":"","country":"Israel","latitude":33.08136,"longitude":35.2797,"coord_type":"exact","source_1":"https://t.me/mmirleb/16620","source_2":"https://t.me/mmirleb/16864","sources":""}},{"type":"Feature","geometry":{"type":"Point","coordinates":[35.286832,33.08555900000001]},"properties":{"event_id":202384,"data_org":"Green","post_date":"2026-05-25T00:00:00.000Z","pub_date":"2026-05-26T00:00:00.000Z","strikedate":"2026-05-25T00:00:00.000Z","event_type":"Drone Attack","actor":"Hezbollah","site_type":"military","siteStype":"military : hq","city":"Shomira","province":"","country":"Israel","latitude":33.085559,"longitude":35.286832,"coord_type":"exact","source_1":"https://t.me/mmirleb/16622","source_2":"","sources":""}},{"type":"Feature","geometry":{"type":"Point","coordinates":[35.286832,33.08555900000001]},"properties":{"event_id":202385,"data_org":"Green","post_date":"2026-05-25T00:00:00.000Z","pub_date":"2026-05-26T00:00:00.000Z","strikedate":"2026-05-25T00:00:00.000Z","event_type":"Drone Attack","actor":"Hezbollah","site_type":"military","siteStype":"military : hq","city":"Shomira","province":"","country":"Israel","latitude":33.085559,"longitude":35.286832,"coord_type":"exact","source_1":"https://t.me/mmirleb/16623","source_2":"","sources":""}},{"type":"Feature","geometry":{"type":"Point","coordinates":[35.286832,33.08555900000001]},"properties":{"event_id":202386,"data_org":"Green","post_date":"2026-05-25T00:00:00.000Z","pub_date":"2026-05-26T00:00:00.000Z","strikedate":"2026-05-25T00:00:00.000Z","event_type":"Drone Attack","actor":"Hezbollah","site_type":"military","siteStype":"military : hq","city":"Shomira","province":"","country":"Israel","latitude":33.085559,"longitude":35.286832,"coord_type":"exact","source_1":"https://t.me/mmirleb/16624","source_2":"","sources":""}},{"type":"Feature","geometry":{"type":"Point","coordinates":[35.286832,33.08555900000001]},"properties":{"event_id":202387,"data_org":"Green","post_date":"2026-05-25T00:00:00.000Z","pub_date":"2026-05-26T00:00:00.000Z","strikedate":"2026-05-25T00:00:00.000Z","event_type":"Drone Attack","actor":"Hezbollah","site_type":"military","siteStype":"military : hq","city":"Shomira","province":"","country":"Israel","latitude":33.085559,"longitude":35.286832,"coord_type":"exact","source_1":"https://t.me/mmirleb/16625","source_2":"","sources":""}},{"type":"Feature","geometry":{"type":"Point","coordinates":[35.286832,33.08555900000001]},"properties":{"event_id":202388,"data_org":"Green","post_date":"2026-05-25T00:00:00.000Z","pub_date":"2026-05-26T00:00:00.000Z","strikedate":"2026-05-25T00:00:00.000Z","event_type":"Drone Attack","actor":"Hezbollah","site_type":"military","siteStype":"military : hq","city":"Shomira","province":"","country":"Israel","latitude":33.085559,"longitude":35.286832,"coord_type":"exact","source_1":"https://t.me/mmirleb/16626","source_2":"","sources":""}},{"type":"Feature","geometry":{"type":"Point","coordinates":[35.13944396,33.091513]},"properties":{"event_id":202389,"data_org":"Green","post_date":"2026-05-25T00:00:00.000Z","pub_date":"2026-05-26T00:00:00.000Z","strikedate":"2026-05-25T00:00:00.000Z","event_type":"Drone Attack","actor":"Hezbollah","site_type":"military","siteStype":"military : border protection","city":"Shlomi","province":"","country":"Israel","latitude":33.091513,"longitude":35.13944396,"coord_type":"exact","source_1":"https://t.me/mmirleb/16628","source_2":"","sources":""}},{"type":"Feature","geometry":{"type":"Point","coordinates":[35.338267,33.05943]},"properties":{"event_id":202390,"data_org":"Green","post_date":"2026-05-26T00:00:00.000Z","pub_date":"2026-05-26T00:00:00.000Z","strikedate":"2026-05-26T00:00:00.000Z","event_type":"Drone Attack","actor":"Hezbollah","site_type":"military","siteStype":"military : base","city":"Fassuta","province":"","country":"Israel","latitude":33.05943,"longitude":35.338267,"coord_type":"general town","source_1":"https://t.me/mmirleb/16658","source_2":"","sources":""}},{"type":"Feature","geometry":{"type":"Point","coordinates":[35.338267,33.05943]},"properties":{"event_id":202391,"data_org":"Green","post_date":"2026-05-26T00:00:00.000Z","pub_date":"2026-05-26T00:00:00.000Z","strikedate":"2026-05-26T00:00:00.000Z","event_type":"Drone Attack","actor":"Hezbollah","site_type":"military","siteStype":"military : base","city":"Fassuta","province":"","country":"Israel","latitude":33.05943,"longitude":35.338267,"coord_type":"general town","source_1":"https://t.me/mmirleb/16659","source_2":"","sources":""}},{"type":"Feature","geometry":{"type":"Point","coordinates":[35.338267,33.05943]},"properties":{"event_id":202393,"data_org":"Green","post_date":"2026-05-26T00:00:00.000Z","pub_date":"2026-05-26T00:00:00.000Z","strikedate":"2026-05-26T00:00:00.000Z","event_type":"Drone Attack","actor":"Hezbollah","site_type":"military","siteStype":"military : base","city":"Fassuta","province":"","country":"Israel","latitude":33.05943,"longitude":35.338267,"coord_type":"general town","source_1":"https://t.me/mmirleb/16662","source_2":"","sources":""}},{"type":"Feature","geometry":{"type":"Point","coordinates":[35.338267,33.05943]},"properties":{"event_id":202394,"data_org":"Green","post_date":"2026-05-26T00:00:00.000Z","pub_date":"2026-05-26T00:00:00.000Z","strikedate":"2026-05-26T00:00:00.000Z","event_type":"Drone Attack","actor":"Hezbollah","site_type":"military","siteStype":"military : base","city":"Fassuta","province":"","country":"Israel","latitude":33.05943,"longitude":35.338267,"coord_type":"general town","source_1":"https://t.me/mmirleb/16663","source_2":"https://t.me/mmirleb/16907","sources":""}},{"type":"Feature","geometry":{"type":"Point","coordinates":[35.139444,33.091513]},"properties":{"event_id":202402,"data_org":"Green","post_date":"2026-05-27T00:00:00.000Z","pub_date":"2026-05-27T00:00:00.000Z","strikedate":"2026-05-27T00:00:00.000Z","event_type":"Drone Attack","actor":"Hezbollah","site_type":"military","siteStype":"military : border protection","city":"Shlomi","province":"","country":"Israel","latitude":33.091513,"longitude":35.139444,"coord_type":"exact","source_1":"https://t.me/mmirleb/16737","source_2":"https://t.me/mmirleb/16919","sources":""}},{"type":"Feature","geometry":{"type":"Point","coordinates":[35.595578,33.251589999999986]},"properties":{"event_id":202406,"data_org":"Green","post_date":"2026-05-27T00:00:00.000Z","pub_date":"2026-05-28T00:00:00.000Z","strikedate":"2026-05-27T00:00:00.000Z","event_type":"Drone Attack","actor":"Hezbollah","site_type":"","siteStype":"","city":"Kfar Yuval","province":"","country":"Israel","latitude":33.25159,"longitude":35.595578,"coord_type":"general neighborhood","source_1":"https://t.me/mmirleb/16754","source_2":"","sources":""}},{"type":"Feature","geometry":{"type":"Point","coordinates":[35.508438,33.09861999999999]},"properties":{"event_id":202414,"data_org":"Green","post_date":"2026-05-28T00:00:00.000Z","pub_date":"2026-05-29T00:00:00.000Z","strikedate":"2026-05-28T00:00:00.000Z","event_type":"Drone Attack","actor":"Hezbollah","site_type":"","siteStype":"","city":"Malikiyah","province":"","country":"Israel","latitude":33.09862,"longitude":35.508438,"coord_type":"general town","source_1":"https://t.me/mmirleb/16790","source_2":"","sources":""}},{"type":"Feature","geometry":{"type":"Point","coordinates":[35.1744,33.091985]},"properties":{"event_id":202415,"data_org":"Green","post_date":"2026-05-29T00:00:00.000Z","pub_date":"2026-05-29T00:00:00.000Z","strikedate":"2026-05-29T00:00:00.000Z","event_type":"Drone Attack","actor":"Hezbollah","site_type":"","siteStype":"","city":"Hanita","province":"","country":"Israel","latitude":33.091985,"longitude":35.1744,"coord_type":"general neighborhood","source_1":"https://t.me/mmirleb/16816","source_2":"","sources":""}},{"type":"Feature","geometry":{"type":"Point","coordinates":[35.413586,32.99833]},"properties":{"event_id":202422,"data_org":"Green","post_date":"2026-05-29T00:00:00.000Z","pub_date":"2026-05-30T00:00:00.000Z","strikedate":"2026-05-29T00:00:00.000Z","event_type":"Rocket Attack","actor":"Hezbollah","site_type":"","siteStype":"","city":"Meron","province":"","country":"Israel","latitude":32.99833,"longitude":35.413586,"coord_type":"general town","source_1":"https://t.me/moriahdoron/31145","source_2":"","sources":""}},{"type":"Feature","geometry":{"type":"Point","coordinates":[35.595578,33.251589999999986]},"properties":{"event_id":202423,"data_org":"Green","post_date":"2026-05-29T00:00:00.000Z","pub_date":"2026-05-30T00:00:00.000Z","strikedate":"2026-05-29T00:00:00.000Z","event_type":"unknown","actor":"Hezbollah","site_type":"","siteStype":"","city":"Kfar Yuval","province":"","country":"Israel","latitude":33.25159,"longitude":35.595578,"coord_type":"general neighborhood","source_1":"https://t.me/mmirleb/16828","source_2":"","sources":""}},{"type":"Feature","geometry":{"type":"Point","coordinates":[35.508438,33.09861999999999]},"properties":{"event_id":202424,"data_org":"Green","post_date":"2026-05-29T00:00:00.000Z","pub_date":"2026-05-30T00:00:00.000Z","strikedate":"2026-05-29T00:00:00.000Z","event_type":"Drone Attack","actor":"Hezbollah","site_type":"","siteStype":"","city":"Malikiyah","province":"","country":"Israel","latitude":33.09862,"longitude":35.508438,"coord_type":"general town","source_1":"https://t.me/mmirleb/16832","source_2":"","sources":""}},{"type":"Feature","geometry":{"type":"Point","coordinates":[35.55454331,33.143316569999996]},"properties":{"event_id":202425,"data_org":"Green","post_date":"2026-05-29T00:00:00.000Z","pub_date":"2026-05-30T00:00:00.000Z","strikedate":"2026-05-29T00:00:00.000Z","event_type":"Drone Attack","actor":"Hezbollah","site_type":"military","siteStype":"","city":"Yiftah","province":"","country":"Israel","latitude":33.14331657,"longitude":35.55454331,"coord_type":"exact","source_1":"https://t.me/mmirleb/16833","source_2":"","sources":""}},{"type":"Feature","geometry":{"type":"Point","coordinates":[35.25804,33.082818799999984]},"properties":{"event_id":202427,"data_org":"Green","post_date":"2026-05-29T00:00:00.000Z","pub_date":"2026-05-30T00:00:00.000Z","strikedate":"2026-05-29T00:00:00.000Z","event_type":"Drone Attack","actor":"Hezbollah","site_type":"military","siteStype":"","city":"Khirbet Maar","province":"","country":"Israel","latitude":33.0828188,"longitude":35.25804,"coord_type":"exact","source_1":"https://t.me/mmirleb/16835","source_2":"","sources":""}},{"type":"Feature","geometry":{"type":"Point","coordinates":[35.569564,33.20763]},"properties":{"event_id":202428,"data_org":"Green","post_date":"2026-05-30T00:00:00.000Z","pub_date":"2026-05-30T00:00:00.000Z","strikedate":"2026-05-30T00:00:00.000Z","event_type":"Rocket Attack","actor":"Hezbollah","site_type":"","siteStype":"","city":"Kiryat Shmona","province":"","country":"Israel","latitude":33.20763,"longitude":35.569564,"coord_type":"general town","source_1":"https://t.me/mmirleb/16843","source_2":"","sources":""}},{"type":"Feature","geometry":{"type":"Point","coordinates":[35.569564,33.20763]},"properties":{"event_id":202429,"data_org":"Green","post_date":"2026-05-30T00:00:00.000Z","pub_date":"2026-05-30T00:00:00.000Z","strikedate":"2026-05-30T00:00:00.000Z","event_type":"Rocket Attack","actor":"Hezbollah","site_type":"","siteStype":"","city":"Kiryat Shmona","province":"","country":"Israel","latitude":33.20763,"longitude":35.569564,"coord_type":"general town","source_1":"https://t.me/mmirleb/16844","source_2":"https://t.me/mmirleb/17045","sources":""}},{"type":"Feature","geometry":{"type":"Point","coordinates":[35.415513,32.99629]},"properties":{"event_id":202430,"data_org":"Green","post_date":"2026-05-30T00:00:00.000Z","pub_date":"2026-05-30T00:00:00.000Z","strikedate":"2026-05-30T00:00:00.000Z","event_type":"Rocket Attack","actor":"Hezbollah","site_type":"military","siteStype":"military : base","city":"Mount Meron","province":"","country":"Israel","latitude":32.99629,"longitude":35.415513,"coord_type":"exact","source_1":"https://t.me/mmirleb/16847","source_2":"","sources":""}},{"type":"Feature","geometry":{"type":"Point","coordinates":[35.281681,33.082377]},"properties":{"event_id":202420,"data_org":"Green","post_date":"2026-05-30T00:00:00.000Z","pub_date":"2026-05-30T00:00:00.000Z","strikedate":"2026-05-30T00:00:00.000Z","event_type":"Drone Attack","actor":"Hezbollah","site_type":"","siteStype":"","city":"Shomera","province":"","country":"Israel","latitude":33.082377,"longitude":35.281681,"coord_type":"general town","source_1":"https://t.me/manniefabian/58315","source_2":"https://t.me/moriahdoron/31148","sources":""}},{"type":"Feature","geometry":{"type":"Point","coordinates":[35.484992,32.99484799999999]},"properties":{"event_id":202431,"data_org":"Green","post_date":"2026-05-30T00:00:00.000Z","pub_date":"2026-05-30T00:00:00.000Z","strikedate":"2026-05-30T00:00:00.000Z","event_type":"Rocket Attack","actor":"Hezbollah","site_type":"","siteStype":"","city":"Safed","province":"","country":"Israel","latitude":32.994848,"longitude":35.484992,"coord_type":"general town","source_1":"https://t.me/mmirleb/16854","source_2":"https://t.me/manniefabian/58317","sources":"https://t.me/moriahdoron/31152"}},{"type":"Feature","geometry":{"type":"Point","coordinates":[35.11441,33.065808]},"properties":{"event_id":202432,"data_org":"Green","post_date":"2026-05-30T00:00:00.000Z","pub_date":"2026-05-30T00:00:00.000Z","strikedate":"2026-05-30T00:00:00.000Z","event_type":"Drone Attack","actor":"Hezbollah","site_type":"military","siteStype":"military : base","city":"Liman","province":"","country":"Israel","latitude":33.065808,"longitude":35.11441,"coord_type":"exact","source_1":"https://t.me/mmirleb/16858","source_2":"","sources":""}},{"type":"Feature","geometry":{"type":"Point","coordinates":[35.286832,33.08555900000001]},"properties":{"event_id":202433,"data_org":"Green","post_date":"2026-05-30T00:00:00.000Z","pub_date":"2026-05-30T00:00:00.000Z","strikedate":"2026-05-30T00:00:00.000Z","event_type":"Drone Attack","actor":"Hezbollah","site_type":"military","siteStype":"military : hq","city":"Shomira","province":"","country":"Israel","latitude":33.085559,"longitude":35.286832,"coord_type":"exact","source_1":"https://t.me/mmirleb/16859","source_2":"","sources":""}},{"type":"Feature","geometry":{"type":"Point","coordinates":[35.085603,33.005083]},"properties":{"event_id":202435,"data_org":"Green","post_date":"2026-05-30T00:00:00.000Z","pub_date":"2026-05-30T00:00:00.000Z","strikedate":"2026-05-30T00:00:00.000Z","event_type":"Rocket Attack","actor":"Hezbollah","site_type":"","siteStype":"","city":"Nahariyya","province":"","country":"Israel","latitude":33.005083,"longitude":35.085603,"coord_type":"exact","source_1":"https://x.com/Z29HX/status/2060742956710039974","source_2":"https://x.com/bonzerbarry/status/2060733368241697119","sources":"https://t.me/moriahdoron/31160"}},{"type":"Feature","geometry":{"type":"Point","coordinates":[35.184795,33.067499]},"properties":{"event_id":202438,"data_org":"Green","post_date":"2026-05-30T00:00:00.000Z","pub_date":"2026-05-30T00:00:00.000Z","strikedate":"2026-05-30T00:00:00.000Z","event_type":"Drone Attack","actor":"Hezbollah","site_type":"","siteStype":"","city":"","province":"","country":"Israel","latitude":33.067499,"longitude":35.184795,"coord_type":"exact","source_1":"https://t.me/mmirleb/16867","source_2":"","sources":""}},{"type":"Feature","geometry":{"type":"Point","coordinates":[35.09557472,33.009747999999995]},"properties":{"event_id":202439,"data_org":"Green","post_date":"2026-05-30T00:00:00.000Z","pub_date":"2026-05-30T00:00:00.000Z","strikedate":"2026-05-30T00:00:00.000Z","event_type":"Rocket Attack","actor":"Hezbollah","site_type":"","siteStype":"","city":"Nahariyya","province":"","country":"Israel","latitude":33.009748,"longitude":35.09557472,"coord_type":"general town","source_1":"https://t.me/mmirleb/16869","source_2":"https://t.me/mmirleb/16981","sources":""}},{"type":"Feature","geometry":{"type":"Point","coordinates":[35.2935,32.908409]},"properties":{"event_id":202455,"data_org":"Green","post_date":"2026-05-30T00:00:00.000Z","pub_date":"2026-05-31T00:00:00.000Z","strikedate":"2026-05-30T00:00:00.000Z","event_type":"Rocket Attack","actor":"Hezbollah","site_type":"military","siteStype":"military : unknown","city":"Karmiel","province":"","country":"Israel","latitude":32.908409,"longitude":35.2935,"coord_type":"general town","source_1":"https://t.me/mmirleb/16875","source_2":"https://t.me/mmirleb/16981","sources":""}},{"type":"Feature","geometry":{"type":"Point","coordinates":[35.09791,33.008978]},"properties":{"event_id":202445,"data_org":"Green","post_date":"2026-05-31T00:00:00.000Z","pub_date":"2026-05-31T00:00:00.000Z","strikedate":"2026-05-31T00:00:00.000Z","event_type":"Rocket Attack","actor":"Hezbollah","site_type":"","siteStype":"","city":"Nahariyya","province":"","country":"Israel","latitude":33.008978,"longitude":35.09791,"coord_type":"general town","source_1":"https://x.com/idfonline/status/2061009199585271970?s=20","source_2":"https://t.me/moriahdoron/31186","sources":"https://t.me/mmirleb/16884"}},{"type":"Feature","geometry":{"type":"Point","coordinates":[35.144892,33.07077099999999]},"properties":{"event_id":202456,"data_org":"Green","post_date":"2026-05-31T00:00:00.000Z","pub_date":"2026-05-31T00:00:00.000Z","strikedate":"2026-05-31T00:00:00.000Z","event_type":"Drone Attack","actor":"Hezbollah","site_type":"military","siteStype":"","city":"Shlomi","province":"","country":"Israel","latitude":33.070771,"longitude":35.144892,"coord_type":"general town","source_1":"https://t.me/mmirleb/16883","source_2":"","sources":""}},{"type":"Feature","geometry":{"type":"Point","coordinates":[35.070976,32.841455]},"properties":{"event_id":202457,"data_org":"Green","post_date":"2026-05-31T00:00:00.000Z","pub_date":"2026-05-31T00:00:00.000Z","strikedate":"2026-05-31T00:00:00.000Z","event_type":"Rocket Attack","actor":"Hezbollah","site_type":"military","siteStype":"military : unknown","city":"Krayot","province":"","country":"Israel","latitude":32.841455,"longitude":35.070976,"coord_type":"general town","source_1":"https://t.me/mmirleb/16885","source_2":"","sources":""}},{"type":"Feature","geometry":{"type":"Point","coordinates":[35.579979,33.279315999999994]},"properties":{"event_id":202458,"data_org":"Green","post_date":"2026-05-31T00:00:00.000Z","pub_date":"2026-05-31T00:00:00.000Z","strikedate":"2026-05-31T00:00:00.000Z","event_type":"Mortar Attack","actor":"Hezbollah","site_type":"military","siteStype":"","city":"Metula","province":"","country":"Israel","latitude":33.279316,"longitude":35.579979,"coord_type":"general town","source_1":"https://t.me/mmirleb/16893","source_2":"","sources":""}},{"type":"Feature","geometry":{"type":"Point","coordinates":[35.606143,33.208211]},"properties":{"event_id":202460,"data_org":"Green","post_date":"2026-05-31T00:00:00.000Z","pub_date":"2026-05-31T00:00:00.000Z","strikedate":"2026-05-31T00:00:00.000Z","event_type":"Drone Attack","actor":"Hezbollah","site_type":"","siteStype":"","city":"Beit Hillel","province":"","country":"Israel","latitude":33.208211,"longitude":35.606143,"coord_type":"general town","source_1":"https://x.com/N12News/status/2061112089318424829","source_2":"https://x.com/manniefabian/status/2061188368940036337?s=20","sources":""}},{"type":"Feature","geometry":{"type":"Point","coordinates":[35.569564,33.20763]},"properties":{"event_id":202473,"data_org":"Green","post_date":"2026-06-01T00:00:00.000Z","pub_date":"2026-06-01T00:00:00.000Z","strikedate":"2026-06-01T00:00:00.000Z","event_type":"Air Defense Activity","actor":"Hezbollah","site_type":"","siteStype":"","city":"Kiryat Shmona","province":"","country":"Israel","latitude":33.20763,"longitude":35.569564,"coord_type":"general town","source_1":"https://x.com/idfonline/status/2061423721651245506?s=20","source_2":"https://x.com/manniefabian/status/2061424440206848439?s=20","sources":""}},{"type":"Feature","geometry":{"type":"Point","coordinates":[35.524071,32.786741]},"properties":{"event_id":202474,"data_org":"Green","post_date":"2026-05-31T00:00:00.000Z","pub_date":"2026-06-01T00:00:00.000Z","strikedate":"2026-05-31T00:00:00.000Z","event_type":"Rocket Attack","actor":"Hezbollah","site_type":"","siteStype":"","city":"Tiberias","province":"","country":"Israel","latitude":32.786741,"longitude":35.524071,"coord_type":"general town","source_1":"https://x.com/manniefabian/status/2061199489650848116?s=20","source_2":"https://t.me/mmirleb/16917","sources":""}},{"type":"Feature","geometry":{"type":"Point","coordinates":[35.579979,33.279315999999994]},"properties":{"event_id":202476,"data_org":"Green","post_date":"2026-06-01T00:00:00.000Z","pub_date":"2026-06-01T00:00:00.000Z","strikedate":"2026-06-01T00:00:00.000Z","event_type":"Drone Attack","actor":"Hezbollah","site_type":"","siteStype":"","city":"Metula","province":"","country":"Israel","latitude":33.279316,"longitude":35.579979,"coord_type":"general town","source_1":"https://x.com/manniefabian/status/2061441349023408184?s=20","source_2":"https://x.com/idfonline/status/2061440965684891906","sources":""}},{"type":"Feature","geometry":{"type":"Point","coordinates":[35.493053,32.966153000000006]},"properties":{"event_id":202478,"data_org":"Green","post_date":"2026-05-31T00:00:00.000Z","pub_date":"2026-06-01T00:00:00.000Z","strikedate":"2026-05-31T00:00:00.000Z","event_type":"Rocket Attack","actor":"Hezbollah","site_type":"military","siteStype":"military : unknown","city":"Safed","province":"","country":"Israel","latitude":32.966153,"longitude":35.493053,"coord_type":"general town","source_1":"https://t.me/mmirleb/16910","source_2":"","sources":""}},{"type":"Feature","geometry":{"type":"Point","coordinates":[35.177078,33.091981999999994]},"properties":{"event_id":202479,"data_org":"Green","post_date":"2026-05-31T00:00:00.000Z","pub_date":"2026-06-01T00:00:00.000Z","strikedate":"2026-05-31T00:00:00.000Z","event_type":"Drone Attack","actor":"Hezbollah","site_type":"military","siteStype":"military : border protection","city":"Hanita","province":"","country":"Israel","latitude":33.091982,"longitude":35.177078,"coord_type":"exact","source_1":"https://t.me/mmirleb/16911","source_2":"","sources":""}},{"type":"Feature","geometry":{"type":"Point","coordinates":[35.569564,33.20763]},"properties":{"event_id":202482,"data_org":"Green","post_date":"2026-05-31T00:00:00.000Z","pub_date":"2026-06-01T00:00:00.000Z","strikedate":"2026-06-01T00:00:00.000Z","event_type":"Rocket Attack","actor":"Hezbollah","site_type":"military","siteStype":"","city":"Kiryat Shmona","province":"","country":"Israel","latitude":33.20763,"longitude":35.569564,"coord_type":"general town","source_1":"https://t.me/mmirleb/16932","source_2":"","sources":""}},{"type":"Feature","geometry":{"type":"Point","coordinates":[35.569564,33.20763]},"properties":{"event_id":202483,"data_org":"Green","post_date":"2026-05-31T00:00:00.000Z","pub_date":"2026-06-01T00:00:00.000Z","strikedate":"2026-06-01T00:00:00.000Z","event_type":"Mortar Attack","actor":"Hezbollah","site_type":"military","siteStype":"","city":"Kiryat Shmona","province":"","country":"Israel","latitude":33.20763,"longitude":35.569564,"coord_type":"general town","source_1":"https://t.me/mmirleb/16932","source_2":"","sources":""}},{"type":"Feature","geometry":{"type":"Point","coordinates":[35.538111,33.209267999999994]},"properties":{"event_id":202484,"data_org":"Green","post_date":"2026-06-01T00:00:00.000Z","pub_date":"2026-06-01T00:00:00.000Z","strikedate":"2026-06-01T00:00:00.000Z","event_type":"Drone Attack","actor":"Hezbollah","site_type":"military","siteStype":"military : border protection","city":"Margaliot","province":"","country":"Israel","latitude":33.209268,"longitude":35.538111,"coord_type":"exact","source_1":"https://t.me/mmirleb/16935","source_2":"","sources":""}},{"type":"Feature","geometry":{"type":"Point","coordinates":[35.116488,33.08673699999999]},"properties":{"event_id":202488,"data_org":"Green","post_date":"2026-06-01T00:00:00.000Z","pub_date":"2026-06-01T00:00:00.000Z","strikedate":"2026-06-01T00:00:00.000Z","event_type":"Drone Attack","actor":"Hezbollah","site_type":"","siteStype":"","city":"Rosh Hanikra","province":"","country":"Israel","latitude":33.086737,"longitude":35.116488,"coord_type":"general town","source_1":"https://x.com/idfonline/status/2061463451025760419","source_2":"https://x.com/manniefabian/status/2061463666742985071","sources":""}},{"type":"Feature","geometry":{"type":"Point","coordinates":[35.569564,33.20763]},"properties":{"event_id":202489,"data_org":"Green","post_date":"2026-06-01T00:00:00.000Z","pub_date":"2026-06-01T00:00:00.000Z","strikedate":"2026-06-01T00:00:00.000Z","event_type":"Rocket Attack","actor":"Hezbollah","site_type":"military","siteStype":"","city":"Kiryat Shmona","province":"","country":"Israel","latitude":33.20763,"longitude":35.569564,"coord_type":"general town","source_1":"https://t.me/mmirleb/16945","source_2":"","sources":""}},{"type":"Feature","geometry":{"type":"Point","coordinates":[35.185381,33.068356]},"properties":{"event_id":202490,"data_org":"Green","post_date":"2026-06-01T00:00:00.000Z","pub_date":"2026-06-01T00:00:00.000Z","strikedate":"2026-06-01T00:00:00.000Z","event_type":"Drone Attack","actor":"Hezbollah","site_type":"military","siteStype":"military : base","city":"Yaara","province":"","country":"Israel","latitude":33.068356,"longitude":35.185381,"coord_type":"general town","source_1":"https://t.me/mmirleb/16950","source_2":"","sources":""}},{"type":"Feature","geometry":{"type":"Point","coordinates":[35.579979,33.279315999999994]},"properties":{"event_id":202491,"data_org":"Green","post_date":"2026-06-01T00:00:00.000Z","pub_date":"2026-06-01T00:00:00.000Z","strikedate":"2026-06-01T00:00:00.000Z","event_type":"Drone Attack","actor":"Hezbollah","site_type":"military","siteStype":"military : air defense system","city":"Metula","province":"","country":"Israel","latitude":33.279316,"longitude":35.579979,"coord_type":"general town","source_1":"https://t.me/mmirleb/16953","source_2":"","sources":""}},{"type":"Feature","geometry":{"type":"Point","coordinates":[35.569564,33.20763]},"properties":{"event_id":202492,"data_org":"Green","post_date":"2026-06-01T00:00:00.000Z","pub_date":"2026-06-01T00:00:00.000Z","strikedate":"2026-06-01T00:00:00.000Z","event_type":"Rocket Attack","actor":"Hezbollah","site_type":"military","siteStype":"","city":"Kiryat Shmona","province":"","country":"Israel","latitude":33.20763,"longitude":35.569564,"coord_type":"general town","source_1":"https://t.me/mmirleb/16954","source_2":"","sources":""}},{"type":"Feature","geometry":{"type":"Point","coordinates":[35.281113,33.100348999999994]},"properties":{"event_id":202493,"data_org":"Green","post_date":"2026-06-01T00:00:00.000Z","pub_date":"2026-06-01T00:00:00.000Z","strikedate":"2026-06-01T00:00:00.000Z","event_type":"Missile Attack","actor":"Hezbollah","site_type":"military","siteStype":"military : base","city":"Zarit","province":"","country":"Israel","latitude":33.100349,"longitude":35.281113,"coord_type":"exact","source_1":"https://t.me/mmirleb/16956","source_2":"https://t.me/mmirleb/17142","sources":""}},{"type":"Feature","geometry":{"type":"Point","coordinates":[35.413574,32.997585999999984]},"properties":{"event_id":202494,"data_org":"Green","post_date":"2026-06-01T00:00:00.000Z","pub_date":"2026-06-01T00:00:00.000Z","strikedate":"2026-06-01T00:00:00.000Z","event_type":"Missile Attack","actor":"Hezbollah","site_type":"military","siteStype":"military : base","city":"Mount Meron","province":"","country":"Israel","latitude":32.997586,"longitude":35.413574,"coord_type":"exact","source_1":"https://t.me/mmirleb/16957","source_2":"","sources":""}},{"type":"Feature","geometry":{"type":"Point","coordinates":[35.1744,33.091985]},"properties":{"event_id":202495,"data_org":"Green","post_date":"2026-06-01T00:00:00.000Z","pub_date":"2026-06-01T00:00:00.000Z","strikedate":"2026-06-01T00:00:00.000Z","event_type":"Missile Attack","actor":"Hezbollah","site_type":"military","siteStype":"military : border protection","city":"Hanita","province":"","country":"Israel","latitude":33.091985,"longitude":35.1744,"coord_type":"general neighborhood","source_1":"https://t.me/mmirleb/16958","source_2":"","sources":""}},{"type":"Feature","geometry":{"type":"Point","coordinates":[35.281681,33.082377]},"properties":{"event_id":202496,"data_org":"Green","post_date":"2026-06-01T00:00:00.000Z","pub_date":"2026-06-01T00:00:00.000Z","strikedate":"2026-06-01T00:00:00.000Z","event_type":"Missile Attack","actor":"Hezbollah","site_type":"military","siteStype":"military : border protection","city":"Shomera","province":"","country":"Israel","latitude":33.082377,"longitude":35.281681,"coord_type":"general town","source_1":"https://t.me/mmirleb/16959","source_2":"","sources":""}},{"type":"Feature","geometry":{"type":"Point","coordinates":[35.532569,33.140301]},"properties":{"event_id":202497,"data_org":"Green","post_date":"2026-06-01T00:00:00.000Z","pub_date":"2026-06-01T00:00:00.000Z","strikedate":"2026-06-01T00:00:00.000Z","event_type":"Missile Attack","actor":"Hezbollah","site_type":"military","siteStype":"military : border protection","city":"Yiftach","province":"","country":"Israel","latitude":33.140301,"longitude":35.532569,"coord_type":"exact","source_1":"https://t.me/mmirleb/16959","source_2":"","sources":""}},{"type":"Feature","geometry":{"type":"Point","coordinates":[35.466553,33.091703]},"properties":{"event_id":202498,"data_org":"Green","post_date":"2026-06-01T00:00:00.000Z","pub_date":"2026-06-01T00:00:00.000Z","strikedate":"2026-06-01T00:00:00.000Z","event_type":"Missile Attack","actor":"Hezbollah","site_type":"military","siteStype":"","city":"Avivim","province":"","country":"Israel","latitude":33.091703,"longitude":35.466553,"coord_type":"general town","source_1":"https://t.me/mmirleb/16959","source_2":"","sources":""}},{"type":"Feature","geometry":{"type":"Point","coordinates":[35.454758,33.076825]},"properties":{"event_id":202499,"data_org":"Green","post_date":"2026-06-01T00:00:00.000Z","pub_date":"2026-06-01T00:00:00.000Z","strikedate":"2026-06-01T00:00:00.000Z","event_type":"Missile Attack","actor":"Hezbollah","site_type":"military","siteStype":"","city":"Yiron","province":"","country":"Israel","latitude":33.076825,"longitude":35.454758,"coord_type":"general town","source_1":"https://t.me/mmirleb/16959","source_2":"","sources":""}},{"type":"Feature","geometry":{"type":"Point","coordinates":[35.569564,33.20763]},"properties":{"event_id":202500,"data_org":"Green","post_date":"2026-06-01T00:00:00.000Z","pub_date":"2026-06-01T00:00:00.000Z","strikedate":"2026-06-01T00:00:00.000Z","event_type":"Missile Attack","actor":"Hezbollah","site_type":"military","siteStype":"","city":"Kiryat Shmona","province":"","country":"Israel","latitude":33.20763,"longitude":35.569564,"coord_type":"general town","source_1":"https://t.me/mmirleb/16959","source_2":"","sources":""}},{"type":"Feature","geometry":{"type":"Point","coordinates":[35.495346,32.964726999999996]},"properties":{"event_id":202503,"data_org":"Green","post_date":"2026-06-01T00:00:00.000Z","pub_date":"2026-06-02T00:00:00.000Z","strikedate":"2026-06-01T00:00:00.000Z","event_type":"Rocket Attack","actor":"Hezbollah","site_type":"","siteStype":"","city":"Safed","province":"","country":"Israel","latitude":32.964727,"longitude":35.495346,"coord_type":"general town","source_1":"https://x.com/manniefabian/status/2061588616003092935","source_2":"https://t.me/moriahdoron/31268","sources":""}},{"type":"Feature","geometry":{"type":"Point","coordinates":[35.276142,33.014507]},"properties":{"event_id":202505,"data_org":"Green","post_date":"2026-06-01T00:00:00.000Z","pub_date":"2026-06-02T00:00:00.000Z","strikedate":"2026-06-01T00:00:00.000Z","event_type":"Rocket Attack","actor":"Hezbollah","site_type":"military","siteStype":"","city":"Maalot","province":"","country":"Israel","latitude":33.014507,"longitude":35.276142,"coord_type":"general town","source_1":"https://t.me/mmirleb/16970","source_2":"","sources":""}},{"type":"Feature","geometry":{"type":"Point","coordinates":[35.54988,33.225652]},"properties":{"event_id":202510,"data_org":"Green","post_date":"2026-06-03T00:00:00.000Z","pub_date":"2026-06-03T00:00:00.000Z","strikedate":"2026-06-03T00:00:00.000Z","event_type":"Rocket Attack","actor":"Hezbollah","site_type":"military","siteStype":"military : border protection","city":"Misgav Am","province":"","country":"Israel","latitude":33.225652,"longitude":35.54988,"coord_type":"exact","source_1":"https://t.me/mmirleb/17024","source_2":"","sources":""}},{"type":"Feature","geometry":{"type":"Point","coordinates":[35.1744,33.091985]},"properties":{"event_id":202512,"data_org":"Green","post_date":"2026-06-04T00:00:00.000Z","pub_date":"2026-06-04T00:00:00.000Z","strikedate":"2026-06-04T00:00:00.000Z","event_type":"Drone Attack","actor":"Hezbollah","site_type":"military","siteStype":"military : border protection","city":"Hanita","province":"","country":"Israel","latitude":33.091985,"longitude":35.1744,"coord_type":"general neighborhood","source_1":"https://t.me/mmirleb/17080","source_2":"","sources":""}},{"type":"Feature","geometry":{"type":"Point","coordinates":[35.532569,33.140301]},"properties":{"event_id":202514,"data_org":"Green","post_date":"2026-06-06T00:00:00.000Z","pub_date":"2026-06-06T00:00:00.000Z","strikedate":"2026-06-06T00:00:00.000Z","event_type":"Drone Attack","actor":"Hezbollah","site_type":"military","siteStype":"military : border protection","city":"Yiftach","province":"","country":"Israel","latitude":33.140301,"longitude":35.532569,"coord_type":"exact","source_1":"https://t.me/mmirleb/17166","source_2":"","sources":""}},{"type":"Feature","geometry":{"type":"Point","coordinates":[35.54444,33.232563]},"properties":{"event_id":202517,"data_org":"Green","post_date":"2026-06-07T00:00:00.000Z","pub_date":"2026-06-08T00:00:00.000Z","strikedate":"2026-06-07T00:00:00.000Z","event_type":"Drone Attack","actor":"Hezbollah","site_type":"military","siteStype":"","city":"Marj","province":"","country":"Israel","latitude":33.232563,"longitude":35.54444,"coord_type":"exact","source_1":"https://t.me/mmirleb/17222","source_2":"","sources":""}},{"type":"Feature","geometry":{"type":"Point","coordinates":[35.40088500000001,33.05797799999999]},"properties":{"event_id":202518,"data_org":"Green","post_date":"2026-06-07T00:00:00.000Z","pub_date":"2026-06-08T00:00:00.000Z","strikedate":"2026-06-07T00:00:00.000Z","event_type":"Drone Attack","actor":"Hezbollah","site_type":"military","siteStype":"","city":"Dovev","province":"","country":"Israel","latitude":33.057978,"longitude":35.400885,"coord_type":"exact","source_1":"https://t.me/mmirleb/17224","source_2":"","sources":""}},{"type":"Feature","geometry":{"type":"Point","coordinates":[35.54988,33.225652]},"properties":{"event_id":202519,"data_org":"Green","post_date":"2026-06-07T00:00:00.000Z","pub_date":"2026-06-08T00:00:00.000Z","strikedate":"2026-06-07T00:00:00.000Z","event_type":"Rocket Attack","actor":"Hezbollah","site_type":"military","siteStype":"military : border protection","city":"Misgav Am","province":"","country":"Israel","latitude":33.225652,"longitude":35.54988,"coord_type":"exact","source_1":"https://t.me/mmirleb/17225","source_2":"","sources":""}},{"type":"Feature","geometry":{"type":"Point","coordinates":[35.554543,33.143316999999996]},"properties":{"event_id":202520,"data_org":"Green","post_date":"2026-06-07T00:00:00.000Z","pub_date":"2026-06-08T00:00:00.000Z","strikedate":"2026-06-07T00:00:00.000Z","event_type":"Rocket Attack","actor":"Hezbollah","site_type":"military","siteStype":"","city":"Yiftah","province":"","country":"Israel","latitude":33.143317,"longitude":35.554543,"coord_type":"exact","source_1":"https://t.me/mmirleb/17225","source_2":"","sources":""}},{"type":"Feature","geometry":{"type":"Point","coordinates":[35.537649,33.230647]},"properties":{"event_id":202531,"data_org":"Green","post_date":"2026-06-08T00:00:00.000Z","pub_date":"2026-06-08T00:00:00.000Z","strikedate":"2026-06-08T00:00:00.000Z","event_type":"Direct Engagement","actor":"Hezbollah","site_type":"","siteStype":"","city":"IVO Margaliot","province":"","country":"Israel","latitude":33.230647,"longitude":35.537649,"coord_type":"exact","source_1":"https://x.com/idfonline/status/2064321936511946879","source_2":"https://x.com/GLZRadio/status/2064335293893718313?s=20","sources":"DNGTS: https://www.ynetnews.com/article/skyvqobzfl"}},{"type":"Feature","geometry":{"type":"Point","coordinates":[35.178345,33.09268899999999]},"properties":{"event_id":202533,"data_org":"Green","post_date":"2026-06-10T00:00:00.000Z","pub_date":"2026-06-10T00:00:00.000Z","strikedate":"2026-06-10T00:00:00.000Z","event_type":"Drone Attack","actor":"Hezbollah","site_type":"military","siteStype":"military : border protection","city":"","province":"","country":"Israel","latitude":33.092689,"longitude":35.178345,"coord_type":"exact","source_1":"https://t.me/mmirleb/17304","source_2":"DNGTS: https://today.lorientlejour dot com/section/977-lebanon","sources":""}},{"type":"Feature","geometry":{"type":"Point","coordinates":[35.489748,33.092176999999985]},"properties":{"event_id":202536,"data_org":"Green","post_date":"2026-06-12T00:00:00.000Z","pub_date":"2026-06-13T00:00:00.000Z","strikedate":"2026-06-12T00:00:00.000Z","event_type":"Drone Attack","actor":"Hezbollah","site_type":"military","siteStype":"military : border protection","city":"Jal al Deir","province":"","country":"Israel","latitude":33.092177,"longitude":35.489748,"coord_type":"exact","source_1":"https://t.me/mmirleb/17366","source_2":"","sources":""}},{"type":"Feature","geometry":{"type":"Point","coordinates":[35.219564,33.081745]},"properties":{"event_id":202534,"data_org":"Green","post_date":"2026-06-12T00:00:00.000Z","pub_date":"2026-06-13T00:00:00.000Z","strikedate":"2026-06-12T00:00:00.000Z","event_type":"Drone Attack","actor":"Hezbollah","site_type":"","siteStype":"","city":"Aramshe/Adamit","province":"","country":"Israel","latitude":33.081745,"longitude":35.219564,"coord_type":"general town","source_1":"https://x.com/idfonline/status/2065521759906881616","source_2":"https://x.com/manniefabian/status/2065522799209537921","sources":""}},{"type":"Feature","geometry":{"type":"Point","coordinates":[35.558779,33.264351]},"properties":{"event_id":202535,"data_org":"Green","post_date":"2026-06-13T00:00:00.000Z","pub_date":"2026-06-13T00:00:00.000Z","strikedate":"2026-06-13T00:00:00.000Z","event_type":"Drone Attack","actor":"Hezbollah","site_type":"","siteStype":"","city":"Metulla/Misgav Am","province":"","country":"Israel","latitude":33.264351,"longitude":35.558779,"coord_type":"general town","source_1":"https://x.com/idfonline/status/2065677896874693058","source_2":"https://x.com/manniefabian/status/2065760214641467629","sources":""}},{"type":"Feature","geometry":{"type":"Point","coordinates":[35.14532434,33.073495]},"properties":{"event_id":202540,"data_org":"Green","post_date":"2026-06-14T00:00:00.000Z","pub_date":"2026-06-14T00:00:00.000Z","strikedate":"2026-06-14T00:00:00.000Z","event_type":"Drone Attack","actor":"Hezbollah","site_type":"","siteStype":"","city":"Shlomi","province":"","country":"Israel","latitude":33.073495,"longitude":35.14532434,"coord_type":"general town","source_1":"https://t.me/moriahdoron/31738","source_2":"https://x.com/AvichayAdraee/status/2066099633042944172","sources":""}},{"type":"Feature","geometry":{"type":"Point","coordinates":[35.28439389,33.08338299999999]},"properties":{"event_id":202537,"data_org":"Green","post_date":"2026-06-14T00:00:00.000Z","pub_date":"2026-06-14T00:00:00.000Z","strikedate":"2026-06-14T00:00:00.000Z","event_type":"Drone Attack","actor":"Hezbollah","site_type":"","siteStype":"","city":"Shomera","province":"","country":"Israel","latitude":33.083383,"longitude":35.28439389,"coord_type":"general town","source_1":"https://x.com/idfonline/status/2066029495623045552","source_2":"https://x.com/manniefabian/status/2066032456306765981","sources":"https://x.com/AvichayAdraee/status/2066099633042944172"}},{"type":"Feature","geometry":{"type":"Point","coordinates":[35.59655413,33.16013]},"properties":{"event_id":202539,"data_org":"Green","post_date":"2026-06-14T00:00:00.000Z","pub_date":"2026-06-14T00:00:00.000Z","strikedate":"2026-06-14T00:00:00.000Z","event_type":"Rocket Attack","actor":"Hezbollah","site_type":"","siteStype":"","city":"Neot Mordechai","province":"","country":"Israel","latitude":33.16013,"longitude":35.59655413,"coord_type":"general town","source_1":"https://x.com/idfonline/status/2066200659968262184","source_2":"https://x.com/manniefabian/status/2066201476142084590","sources":"https://x.com/IDF/status/2066202939044086250"}},{"type":"Feature","geometry":{"type":"Point","coordinates":[35.28868167,33.09982099999999]},"properties":{"event_id":202542,"data_org":"Green","post_date":"2026-06-19T00:00:00.000Z","pub_date":"2026-06-19T00:00:00.000Z","strikedate":"2026-06-19T00:00:00.000Z","event_type":"unknown","actor":"Hezbollah","site_type":"","siteStype":"","city":"Zar'it","province":"","country":"Israel","latitude":33.099821,"longitude":35.28868167,"coord_type":"","source_1":"https://t.me/moriahdoron/31878","source_2":"https://x.com/MarioLeb79/status/2067971166342443129","sources":"https://x.com/idfonline/status/2067968774838362178"}}],"fileName":"Iran and Axis Response Evening of July 05, 2026"}