{"type":"FeatureCollection","features":[{"type":"Feature","geometry":{"type":"Point","coordinates":[35.44328299998303,33.377714000068984]},"properties":{"event_id":1,"data_org":"Green","post_date":"2026-03-01T00:00:00.000Z","pub_date":"2026-03-01T00:00:00.000Z","strikedate":"2026-03-01T00:00:00.000Z","time":"1899-12-30T00:00:00.000Z","event_type":"Reported Airstrike","actor":"Israel","site_type":"","siteStype":"","city":"Harouf","province":"Nabatieh","country":"Lebanon","latitude":33.377714,"longitude":35.443283,"source_1":"https://x.com/ariel_oseran/status/2028278434963616039","source_2":"","sources":""}},{"type":"Feature","geometry":{"type":"Point","coordinates":[35.484831999776695,33.377920999656304]},"properties":{"event_id":2,"data_org":"Green","post_date":"2026-03-02T00:00:00.000Z","pub_date":"2026-03-02T00:00:00.000Z","strikedate":"2026-03-02T00:00:00.000Z","time":"1899-12-30T00:00:00.000Z","event_type":"Reported Airstrike","actor":"Israel","site_type":"","siteStype":"","city":"Nabatieh","province":"Nabatieh","country":"Lebanon","latitude":33.377921,"longitude":35.484832,"source_1":"https://t.me/alichoeib1970/15372","source_2":"","sources":""}},{"type":"Feature","geometry":{"type":"Point","coordinates":[35.480945000322095,33.27637800007426]},"properties":{"event_id":3,"data_org":"Green","post_date":"2026-03-02T00:00:00.000Z","pub_date":"2026-03-02T00:00:00.000Z","strikedate":"2026-03-02T00:00:00.000Z","time":"1899-12-30T00:00:00.000Z","event_type":"Reported Airstrike","actor":"Israel","site_type":"","siteStype":"","city":"Aadchit El Qoussair","province":"Nabatieh","country":"Lebanon","latitude":33.276378,"longitude":35.480945,"source_1":"https://t.me/alichoeib1970/15372","source_2":"","sources":""}},{"type":"Feature","geometry":{"type":"Point","coordinates":[35.478454999711914,33.35017099989022]},"properties":{"event_id":4,"data_org":"Green","post_date":"2026-03-02T00:00:00.000Z","pub_date":"2026-03-02T00:00:00.000Z","strikedate":"2026-03-02T00:00:00.000Z","time":"1899-12-30T00:00:00.000Z","event_type":"Reported Airstrike","actor":"Israel","site_type":"","siteStype":"","city":"Maifadoun","province":"Nabatieh","country":"Lebanon","latitude":33.350171,"longitude":35.478455,"source_1":"https://t.me/alichoeib1970/15372","source_2":"","sources":""}},{"type":"Feature","geometry":{"type":"Point","coordinates":[35.44328299998303,33.377714000068984]},"properties":{"event_id":5,"data_org":"Green","post_date":"2026-03-02T00:00:00.000Z","pub_date":"2026-03-02T00:00:00.000Z","strikedate":"2026-03-02T00:00:00.000Z","time":"1899-12-30T00:00:00.000Z","event_type":"Reported Airstrike","actor":"Israel","site_type":"","siteStype":"","city":"Harouf","province":"Nabatieh","country":"Lebanon","latitude":33.377714,"longitude":35.443283,"source_1":"https://t.me/alichoeib1970/15372","source_2":"","sources":""}},{"type":"Feature","geometry":{"type":"Point","coordinates":[35.445621000257255,33.38946599998313]},"properties":{"event_id":6,"data_org":"Green","post_date":"2026-03-02T00:00:00.000Z","pub_date":"2026-03-02T00:00:00.000Z","strikedate":"2026-03-02T00:00:00.000Z","time":"1899-12-30T00:00:00.000Z","event_type":"Reported Airstrike","actor":"Israel","site_type":"","siteStype":"","city":"Toul","province":"Nabatieh","country":"Lebanon","latitude":33.389466,"longitude":35.445621,"source_1":"https://t.me/alichoeib1970/15372","source_2":"","sources":""}},{"type":"Feature","geometry":{"type":"Point","coordinates":[35.45179400010753,33.398324000341]},"properties":{"event_id":7,"data_org":"Green","post_date":"2026-03-02T00:00:00.000Z","pub_date":"2026-03-02T00:00:00.000Z","strikedate":"2026-03-02T00:00:00.000Z","time":"1899-12-30T00:00:00.000Z","event_type":"Reported Airstrike","actor":"Israel","site_type":"","siteStype":"","city":"Kfour","province":"Nabatieh","country":"Lebanon","latitude":33.398324,"longitude":35.451794,"source_1":"https://t.me/alichoeib1970/15372","source_2":"","sources":""}},{"type":"Feature","geometry":{"type":"Point","coordinates":[35.24598900013187,33.2227139997567]},"properties":{"event_id":8,"data_org":"Green","post_date":"2026-03-02T00:00:00.000Z","pub_date":"2026-03-02T00:00:00.000Z","strikedate":"2026-03-02T00:00:00.000Z","time":"1899-12-30T00:00:00.000Z","event_type":"Reported Airstrike","actor":"Israel","site_type":"","siteStype":"","city":"Deir Qanoun El Ain","province":"Tyre","country":"Lebanon","latitude":33.222714,"longitude":35.245989,"source_1":"https://t.me/alichoeib1970/15372","source_2":"","sources":""}},{"type":"Feature","geometry":{"type":"Point","coordinates":[35.22187400031584,33.18662399969505]},"properties":{"event_id":9,"data_org":"Green","post_date":"2026-03-02T00:00:00.000Z","pub_date":"2026-03-02T00:00:00.000Z","strikedate":"2026-03-02T00:00:00.000Z","time":"1899-12-30T00:00:00.000Z","event_type":"Reported Airstrike","actor":"Israel","site_type":"","siteStype":"","city":"Hanniyeh","province":"Tyre","country":"Lebanon","latitude":33.186624,"longitude":35.221874,"source_1":"https://t.me/alichoeib1970/15372","source_2":"","sources":""}},{"type":"Feature","geometry":{"type":"Point","coordinates":[35.35066999999056,33.27402000010957]},"properties":{"event_id":10,"data_org":"Green","post_date":"2026-03-02T00:00:00.000Z","pub_date":"2026-03-02T00:00:00.000Z","strikedate":"2026-03-02T00:00:00.000Z","time":"1899-12-30T00:00:00.000Z","event_type":"Reported Airstrike","actor":"Israel","site_type":"","siteStype":"","city":"Barish","province":"Tyre","country":"Lebanon","latitude":33.27402,"longitude":35.35067,"source_1":"https://t.me/alichoeib1970/15372","source_2":"","sources":""}},{"type":"Feature","geometry":{"type":"Point","coordinates":[35.312062999820384,33.189804999834024]},"properties":{"event_id":11,"data_org":"Green","post_date":"2026-03-02T00:00:00.000Z","pub_date":"2026-03-02T00:00:00.000Z","strikedate":"2026-03-02T00:00:00.000Z","time":"1899-12-30T00:00:00.000Z","event_type":"Reported Airstrike","actor":"Israel","site_type":"","siteStype":"","city":"Seddiqine","province":"Tyre","country":"Lebanon","latitude":33.189805,"longitude":35.312063,"source_1":"https://t.me/alichoeib1970/15372","source_2":"","sources":""}},{"type":"Feature","geometry":{"type":"Point","coordinates":[35.35995600006686,33.22923600029278]},"properties":{"event_id":12,"data_org":"Green","post_date":"2026-03-02T00:00:00.000Z","pub_date":"2026-03-02T00:00:00.000Z","strikedate":"2026-03-02T00:00:00.000Z","time":"1899-12-30T00:00:00.000Z","event_type":"Reported Airstrike","actor":"Israel","site_type":"","siteStype":"","city":"Majadel","province":"Tyre","country":"Lebanon","latitude":33.229236,"longitude":35.359956,"source_1":"https://t.me/alichoeib1970/15372","source_2":"","sources":""}},{"type":"Feature","geometry":{"type":"Point","coordinates":[35.34261699962546,33.21865599978582]},"properties":{"event_id":13,"data_org":"Green","post_date":"2026-03-02T00:00:00.000Z","pub_date":"2026-03-02T00:00:00.000Z","strikedate":"2026-03-02T00:00:00.000Z","time":"1899-12-30T00:00:00.000Z","event_type":"Reported Airstrike","actor":"Israel","site_type":"","siteStype":"","city":"Mahrouna","province":"Tyre","country":"Lebanon","latitude":33.218656,"longitude":35.342617,"source_1":"https://t.me/alichoeib1970/15372","source_2":"","sources":""}},{"type":"Feature","geometry":{"type":"Point","coordinates":[35.51862199983145,33.2765850002122]},"properties":{"event_id":14,"data_org":"Green","post_date":"2026-03-02T00:00:00.000Z","pub_date":"2026-03-02T00:00:00.000Z","strikedate":"2026-03-02T00:00:00.000Z","time":"1899-12-30T00:00:00.000Z","event_type":"Reported Airstrike","actor":"Israel","site_type":"","siteStype":"","city":"Taybeh","province":"Marjaayoun","country":"Lebanon","latitude":33.276585,"longitude":35.518622,"source_1":"https://t.me/alichoeib1970/15372","source_2":"","sources":""}},{"type":"Feature","geometry":{"type":"Point","coordinates":[35.206313000282016,33.17859599993663]},"properties":{"event_id":15,"data_org":"Green","post_date":"2026-03-02T00:00:00.000Z","pub_date":"2026-03-02T00:00:00.000Z","strikedate":"2026-03-02T00:00:00.000Z","time":"1899-12-30T00:00:00.000Z","event_type":"Reported Airstrike","actor":"Israel","site_type":"","siteStype":"","city":"Mansouri","province":"Tyre","country":"Lebanon","latitude":33.178596,"longitude":35.206313,"source_1":"https://t.me/alichoeib1970/15372","source_2":"","sources":""}},{"type":"Feature","geometry":{"type":"Point","coordinates":[35.191661999919205,33.16749900035915]},"properties":{"event_id":16,"data_org":"Green","post_date":"2026-03-02T00:00:00.000Z","pub_date":"2026-03-02T00:00:00.000Z","strikedate":"2026-03-02T00:00:00.000Z","time":"1899-12-30T00:00:00.000Z","event_type":"Reported Airstrike","actor":"Israel","site_type":"","siteStype":"","city":"Byout El Saiyad","province":"Tyre","country":"Lebanon","latitude":33.167499,"longitude":35.191662,"source_1":"https://t.me/alichoeib1970/15372","source_2":"","sources":""}},{"type":"Feature","geometry":{"type":"Point","coordinates":[35.29410999998398,33.178312000194886]},"properties":{"event_id":17,"data_org":"Green","post_date":"2026-03-02T00:00:00.000Z","pub_date":"2026-03-02T00:00:00.000Z","strikedate":"2026-03-02T00:00:00.000Z","time":"1899-12-30T00:00:00.000Z","event_type":"Reported Airstrike","actor":"Israel","site_type":"","siteStype":"","city":"Jabal al Batm","province":"Tyre","country":"Lebanon","latitude":33.178312,"longitude":35.29411,"source_1":"https://t.me/alichoeib1970/15372","source_2":"","sources":""}},{"type":"Feature","geometry":{"type":"Point","coordinates":[35.397060000189086,33.28226400032506]},"properties":{"event_id":18,"data_org":"Green","post_date":"2026-03-02T00:00:00.000Z","pub_date":"2026-03-02T00:00:00.000Z","strikedate":"2026-03-02T00:00:00.000Z","time":"1899-12-30T00:00:00.000Z","event_type":"Reported Airstrike","actor":"Israel","site_type":"","siteStype":"","city":"Srifa","province":"Tyre","country":"Lebanon","latitude":33.282264,"longitude":35.39706,"source_1":"https://t.me/alichoeib1970/15372","source_2":"","sources":""}},{"type":"Feature","geometry":{"type":"Point","coordinates":[35.43917200022245,33.20740200021932]},"properties":{"event_id":19,"data_org":"Green","post_date":"2026-03-02T00:00:00.000Z","pub_date":"2026-03-02T00:00:00.000Z","strikedate":"2026-03-02T00:00:00.000Z","time":"1899-12-30T00:00:00.000Z","event_type":"Reported Airstrike","actor":"Israel","site_type":"","siteStype":"","city":"Jmaijmeh","province":"Bint Jbeil","country":"Lebanon","latitude":33.207402,"longitude":35.439172,"source_1":"https://t.me/alichoeib1970/15372","source_2":"","sources":""}},{"type":"Feature","geometry":{"type":"Point","coordinates":[35.25531000036827,33.225102000140254]},"properties":{"event_id":20,"data_org":"Green","post_date":"2026-03-02T00:00:00.000Z","pub_date":"2026-03-02T00:00:00.000Z","strikedate":"2026-03-02T00:00:00.000Z","time":"1899-12-30T00:00:00.000Z","event_type":"Reported Airstrike","actor":"Israel","site_type":"","siteStype":"","city":"Batouliyeh","province":"Tyre","country":"Lebanon","latitude":33.225102,"longitude":35.25531,"source_1":"https://t.me/alichoeib1970/15372","source_2":"","sources":""}},{"type":"Feature","geometry":{"type":"Point","coordinates":[35.271543000421744,33.25407399980616]},"properties":{"event_id":21,"data_org":"Green","post_date":"2026-03-02T00:00:00.000Z","pub_date":"2026-03-02T00:00:00.000Z","strikedate":"2026-03-02T00:00:00.000Z","time":"1899-12-30T00:00:00.000Z","event_type":"Reported Airstrike","actor":"Israel","site_type":"","siteStype":"","city":"Bazouriyah","province":"Tyre","country":"Lebanon","latitude":33.254074,"longitude":35.271543,"source_1":"https://t.me/alichoeib1970/15372","source_2":"","sources":""}},{"type":"Feature","geometry":{"type":"Point","coordinates":[35.33952199984111,33.30931200036083]},"properties":{"event_id":22,"data_org":"Green","post_date":"2026-03-02T00:00:00.000Z","pub_date":"2026-03-02T00:00:00.000Z","strikedate":"2026-03-02T00:00:00.000Z","time":"1899-12-30T00:00:00.000Z","event_type":"Reported Airstrike","actor":"Israel","site_type":"","siteStype":"","city":"Tayr Falsay","province":"Tyre","country":"Lebanon","latitude":33.309312,"longitude":35.339522,"source_1":"https://t.me/alichoeib1970/15372","source_2":"","sources":""}},{"type":"Feature","geometry":{"type":"Point","coordinates":[35.325851000367834,33.307140000146184]},"properties":{"event_id":23,"data_org":"Green","post_date":"2026-03-02T00:00:00.000Z","pub_date":"2026-03-02T00:00:00.000Z","strikedate":"2026-03-02T00:00:00.000Z","time":"1899-12-30T00:00:00.000Z","event_type":"Reported Airstrike","actor":"Israel","site_type":"","siteStype":"","city":"Hallousiyyeh","province":"Tyre","country":"Lebanon","latitude":33.30714,"longitude":35.325851,"source_1":"https://t.me/alichoeib1970/15372","source_2":"","sources":""}},{"type":"Feature","geometry":{"type":"Point","coordinates":[35.28099299963125,33.274932000017564]},"properties":{"event_id":24,"data_org":"Green","post_date":"2026-03-02T00:00:00.000Z","pub_date":"2026-03-02T00:00:00.000Z","strikedate":"2026-03-02T00:00:00.000Z","time":"1899-12-30T00:00:00.000Z","event_type":"Reported Airstrike","actor":"Israel","site_type":"","siteStype":"","city":"Tayr Dibba","province":"Tyre","country":"Lebanon","latitude":33.274932,"longitude":35.280993,"source_1":"https://t.me/alichoeib1970/15372","source_2":"","sources":""}},{"type":"Feature","geometry":{"type":"Point","coordinates":[35.234816999692974,33.22076600007543]},"properties":{"event_id":25,"data_org":"Green","post_date":"2026-03-02T00:00:00.000Z","pub_date":"2026-03-02T00:00:00.000Z","strikedate":"2026-03-02T00:00:00.000Z","time":"1899-12-30T00:00:00.000Z","event_type":"Reported Airstrike","actor":"Israel","site_type":"","siteStype":"","city":"Sammaaiyeh","province":"Tyre","country":"Lebanon","latitude":33.220766,"longitude":35.234817,"source_1":"https://t.me/alichoeib1970/15372","source_2":"","sources":""}},{"type":"Feature","geometry":{"type":"Point","coordinates":[35.30254099974253,33.2083129997492]},"properties":{"event_id":26,"data_org":"Green","post_date":"2026-03-02T00:00:00.000Z","pub_date":"2026-03-02T00:00:00.000Z","strikedate":"2026-03-02T00:00:00.000Z","time":"1899-12-30T00:00:00.000Z","event_type":"Reported Airstrike","actor":"Israel","site_type":"","siteStype":"","city":"Qana","province":"Tyre","country":"Lebanon","latitude":33.208313,"longitude":35.302541,"source_1":"https://t.me/alichoeib1970/15372","source_2":"","sources":""}},{"type":"Feature","geometry":{"type":"Point","coordinates":[35.27013699955986,33.235650000009144]},"properties":{"event_id":27,"data_org":"Green","post_date":"2026-03-02T00:00:00.000Z","pub_date":"2026-03-02T00:00:00.000Z","strikedate":"2026-03-02T00:00:00.000Z","time":"1899-12-30T00:00:00.000Z","event_type":"Reported Airstrike","actor":"Israel","site_type":"","siteStype":"","city":"Ain Baal","province":"Tyre","country":"Lebanon","latitude":33.23565,"longitude":35.270137,"source_1":"https://t.me/alichoeib1970/15372","source_2":"","sources":""}},{"type":"Feature","geometry":{"type":"Point","coordinates":[35.22915500020386,33.19777900033949]},"properties":{"event_id":28,"data_org":"Green","post_date":"2026-03-02T00:00:00.000Z","pub_date":"2026-03-02T00:00:00.000Z","strikedate":"2026-03-02T00:00:00.000Z","time":"1899-12-30T00:00:00.000Z","event_type":"Reported Airstrike","actor":"Israel","site_type":"","siteStype":"","city":"Qalila","province":"Tyre","country":"Lebanon","latitude":33.197779,"longitude":35.229155,"source_1":"https://t.me/alichoeib1970/15372","source_2":"","sources":""}},{"type":"Feature","geometry":{"type":"Point","coordinates":[35.38351900041215,33.24242699982462]},"properties":{"event_id":29,"data_org":"Green","post_date":"2026-03-02T00:00:00.000Z","pub_date":"2026-03-02T00:00:00.000Z","strikedate":"2026-03-02T00:00:00.000Z","time":"1899-12-30T00:00:00.000Z","event_type":"Reported Airstrike","actor":"Israel","site_type":"","siteStype":"","city":"Shahabiya","province":"Tyre","country":"Lebanon","latitude":33.242427,"longitude":35.383519,"source_1":"https://t.me/alichoeib1970/15372","source_2":"","sources":""}},{"type":"Feature","geometry":{"type":"Point","coordinates":[35.38351900041215,33.24242699982462]},"properties":{"event_id":30,"data_org":"Green","post_date":"2026-03-02T00:00:00.000Z","pub_date":"2026-03-02T00:00:00.000Z","strikedate":"2026-03-02T00:00:00.000Z","time":"1899-12-30T00:00:00.000Z","event_type":"Reported Airstrike","actor":"Israel","site_type":"","siteStype":"","city":"Burj Qallawiyah","province":"Bint Jbeil","country":"Lebanon","latitude":33.242427,"longitude":35.383519,"source_1":"https://t.me/alichoeib1970/15372","source_2":"","sources":""}},{"type":"Feature","geometry":{"type":"Point","coordinates":[35.20394400004566,33.27108299989723]},"properties":{"event_id":34,"data_org":"Green","post_date":"2026-03-02T00:00:00.000Z","pub_date":"2026-03-02T00:00:00.000Z","strikedate":"2026-03-02T00:00:00.000Z","time":"1899-12-30T00:00:00.000Z","event_type":"Reported Airstrike","actor":"Israel","site_type":"","siteStype":"","city":"Tyre","province":"Tyre","country":"Lebanon","latitude":33.271083,"longitude":35.203944,"source_1":"https://x.com/ariel_oseran/status/2028475889793593365","source_2":"https://x.com/ariel_oseran/status/2028479128710828258","sources":""}},{"type":"Feature","geometry":{"type":"Point","coordinates":[36.353646000009654,34.19659499979489]},"properties":{"event_id":35,"data_org":"Green","post_date":"2026-03-02T00:00:00.000Z","pub_date":"2026-03-02T00:00:00.000Z","strikedate":"2026-03-02T00:00:00.000Z","time":"1899-12-30T00:00:00.000Z","event_type":"Reported Airstrike","actor":"Israel","site_type":"","siteStype":"","city":"Labweh","province":"Baalbek","country":"Lebanon","latitude":34.196595,"longitude":36.353646,"source_1":"https://x.com/mayadeenlebanon/status/2028498516763419043?s=20","source_2":"","sources":""}},{"type":"Feature","geometry":{"type":"Point","coordinates":[35.487437999839514,33.8591309996486]},"properties":{"event_id":38,"data_org":"Green","post_date":"2026-03-02T00:00:00.000Z","pub_date":"2026-03-02T00:00:00.000Z","strikedate":"2026-03-02T00:00:00.000Z","time":"1899-12-30T00:00:00.000Z","event_type":"Reported Airstrike","actor":"Israel","site_type":"","siteStype":"","city":"Jnah","province":"Beirut","country":"Lebanon","latitude":33.859131,"longitude":35.487438,"source_1":"https://x.com/ariel_oseran/status/2028521827299934571","source_2":"https://x.com/AlHadath/status/2028527902208245870","sources":"https://x.com/andynovy/status/2028511583274774747"}},{"type":"Feature","geometry":{"type":"Point","coordinates":[36.385133999775206,34.39694200006417]},"properties":{"event_id":40,"data_org":"Green","post_date":"2026-03-02T00:00:00.000Z","pub_date":"2026-03-02T00:00:00.000Z","strikedate":"2026-03-02T00:00:00.000Z","time":"1899-12-30T00:00:00.000Z","event_type":"Reported Airstrike","actor":"Israel","site_type":"","siteStype":"","city":"Hermel","province":"Hermel","country":"Lebanon","latitude":34.396942,"longitude":36.385134,"source_1":"https://x.com/AlHadath/status/2028527976585871416","source_2":"https://x.com/alaraby_ar/status/2028503053905666401","sources":""}},{"type":"Feature","geometry":{"type":"Point","coordinates":[35.458288000348176,33.4310059999581]},"properties":{"event_id":41,"data_org":"Green","post_date":"2026-03-02T00:00:00.000Z","pub_date":"2026-03-02T00:00:00.000Z","strikedate":"2026-03-02T00:00:00.000Z","time":"1899-12-30T00:00:00.000Z","event_type":"Reported Airstrike","actor":"Israel","site_type":"","siteStype":"","city":"Deir El Zahrani","province":"Nabatieh","country":"Lebanon","latitude":33.431006,"longitude":35.458288,"source_1":"https://x.com/AJArabic/status/2028549955606958526","source_2":"","sources":""}},{"type":"Feature","geometry":{"type":"Point","coordinates":[35.50088900010307,33.774611000135145]},"properties":{"event_id":88,"data_org":"Green","post_date":"2026-03-03T00:00:00.000Z","pub_date":"2026-03-04T00:00:00.000Z","strikedate":"2026-03-03T00:00:00.000Z","time":"1899-12-30T00:00:00.000Z","event_type":"Reported Airstrike","actor":"Israel","site_type":"","siteStype":"","city":"Aaramoun","province":"Aley","country":"Lebanon","latitude":33.774611,"longitude":35.500889,"source_1":"https://x.com/ariel_oseran/status/2028982439180226853","source_2":"https://x.com/MarioLeb79/status/2028965335991247101","sources":"https://x.com/MarioLeb79/status/2028966075648385270; https://x.com/no_itsmyturn/status/2028972547077779876"}},{"type":"Feature","geometry":{"type":"Point","coordinates":[35.43938899995742,33.689306000232186]},"properties":{"event_id":89,"data_org":"Green","post_date":"2026-03-03T00:00:00.000Z","pub_date":"2026-03-04T00:00:00.000Z","strikedate":"2026-03-03T00:00:00.000Z","time":"1899-12-30T00:00:00.000Z","event_type":"Reported Airstrike","actor":"Israel","site_type":"","siteStype":"","city":"Saadiyat","province":"Chouf","country":"Lebanon","latitude":33.689306,"longitude":35.439389,"source_1":"https://x.com/ariel_oseran/status/2028983661782245569","source_2":"https://x.com/MarioLeb79/status/2028981854049624308","sources":""}},{"type":"Feature","geometry":{"type":"Point","coordinates":[36.21584000044316,34.007797000058844]},"properties":{"event_id":90,"data_org":"Green","post_date":"2026-03-03T00:00:00.000Z","pub_date":"2026-03-04T00:00:00.000Z","strikedate":"2026-03-03T00:00:00.000Z","time":"1899-12-30T00:00:00.000Z","event_type":"Reported Airstrike","actor":"Israel","site_type":"","siteStype":"","city":"Baalbek","province":"Baalbek","country":"Lebanon","latitude":34.007797,"longitude":36.21584,"source_1":"https://x.com/MarioLeb79/status/2029001491105611920","source_2":"https://x.com/no_itsmyturn/status/2029012790577389832","sources":"https://t.me/QudsN/669071"}},{"type":"Feature","geometry":{"type":"Point","coordinates":[35.541166999652376,33.84936100026077]},"properties":{"event_id":91,"data_org":"Green","post_date":"2026-03-03T00:00:00.000Z","pub_date":"2026-03-04T00:00:00.000Z","strikedate":"2026-03-03T00:00:00.000Z","time":"1899-12-30T00:00:00.000Z","event_type":"Reported Airstrike","actor":"Israel","site_type":"","siteStype":"","city":"Hazmieh","province":"Beirut","country":"Lebanon","latitude":33.849361,"longitude":35.541167,"source_1":"https://x.com/MarioLeb79/status/2029017418001989740","source_2":"https://x.com/MarioLeb79/status/2029015726548271564","sources":"https://x.com/MarioLeb79/status/2029024356790108296; https://x.com/no_itsmyturn/status/2029019749200371713"}},{"type":"Feature","geometry":{"type":"Point","coordinates":[35.52703699969647,33.83951900001396]},"properties":{"event_id":93,"data_org":"Green","post_date":"2026-03-04T00:00:00.000Z","pub_date":"2026-03-04T00:00:00.000Z","strikedate":"2026-03-04T00:00:00.000Z","time":"1899-12-30T00:00:00.000Z","event_type":"Reported Airstrike","actor":"Israel","site_type":"","siteStype":"","city":"Hadath","province":"Beirut","country":"Lebanon","latitude":33.839519,"longitude":35.527037,"source_1":"https://t.me/QudsN/669212","source_2":"https://t.me/QudsN/669213","sources":""}},{"type":"Feature","geometry":{"type":"Point","coordinates":[35.40445599970483,33.13575299994291]},"properties":{"event_id":94,"data_org":"Green","post_date":"2026-03-04T00:00:00.000Z","pub_date":"2026-03-04T00:00:00.000Z","strikedate":"2026-03-04T00:00:00.000Z","time":"1899-12-30T00:00:00.000Z","event_type":"Reported Airstrike","actor":"Israel","site_type":"","siteStype":"","city":"Tayri","province":"Bint Jbeil","country":"Lebanon","latitude":33.135753,"longitude":35.404456,"source_1":"https://t.me/alichoeib1970/15420","source_2":"","sources":""}},{"type":"Feature","geometry":{"type":"Point","coordinates":[35.43917200022245,33.20740200021932]},"properties":{"event_id":95,"data_org":"Green","post_date":"2026-03-04T00:00:00.000Z","pub_date":"2026-03-04T00:00:00.000Z","strikedate":"2026-03-04T00:00:00.000Z","time":"1899-12-30T00:00:00.000Z","event_type":"Reported Airstrike","actor":"Israel","site_type":"","siteStype":"","city":"Jmaijmeh","province":"Bint Jbeil","country":"Lebanon","latitude":33.207402,"longitude":35.439172,"source_1":"https://t.me/alichoeib1970/15420","source_2":"","sources":""}},{"type":"Feature","geometry":{"type":"Point","coordinates":[35.43917200022245,33.20740200021932]},"properties":{"event_id":96,"data_org":"Green","post_date":"2026-03-04T00:00:00.000Z","pub_date":"2026-03-04T00:00:00.000Z","strikedate":"2026-03-04T00:00:00.000Z","time":"1899-12-30T00:00:00.000Z","event_type":"Reported Airstrike","actor":"Israel","site_type":"","siteStype":"","city":"Chaqra","province":"Bint Jbeil","country":"Lebanon","latitude":33.207402,"longitude":35.439172,"source_1":"https://t.me/alichoeib1970/15420","source_2":"","sources":""}},{"type":"Feature","geometry":{"type":"Point","coordinates":[35.43267600033198,33.19997400017547]},"properties":{"event_id":97,"data_org":"Green","post_date":"2026-03-04T00:00:00.000Z","pub_date":"2026-03-04T00:00:00.000Z","strikedate":"2026-03-04T00:00:00.000Z","time":"1899-12-30T00:00:00.000Z","event_type":"Reported Airstrike","actor":"Israel","site_type":"","siteStype":"","city":"Safad El Battikh","province":"Bint Jbeil","country":"Lebanon","latitude":33.199974,"longitude":35.432676,"source_1":"https://t.me/alichoeib1970/15420","source_2":"","sources":""}},{"type":"Feature","geometry":{"type":"Point","coordinates":[35.397060000189086,33.28226400032506]},"properties":{"event_id":98,"data_org":"Green","post_date":"2026-03-04T00:00:00.000Z","pub_date":"2026-03-04T00:00:00.000Z","strikedate":"2026-03-04T00:00:00.000Z","time":"1899-12-30T00:00:00.000Z","event_type":"Reported Airstrike","actor":"Israel","site_type":"","siteStype":"","city":"Srifa","province":"Tyre","country":"Lebanon","latitude":33.282264,"longitude":35.39706,"source_1":"https://t.me/alichoeib1970/15420","source_2":"","sources":""}},{"type":"Feature","geometry":{"type":"Point","coordinates":[35.51290400026584,33.50097500007255]},"properties":{"event_id":99,"data_org":"Green","post_date":"2026-03-04T00:00:00.000Z","pub_date":"2026-03-04T00:00:00.000Z","strikedate":"2026-03-04T00:00:00.000Z","time":"1899-12-30T00:00:00.000Z","event_type":"Reported Airstrike","actor":"Israel","site_type":"","siteStype":"","city":"Bouslaiya","province":"Jezzine","country":"Lebanon","latitude":33.500975,"longitude":35.512904,"source_1":"https://t.me/alichoeib1970/15420","source_2":"","sources":""}},{"type":"Feature","geometry":{"type":"Point","coordinates":[35.33952199984111,33.30931200036083]},"properties":{"event_id":102,"data_org":"Green","post_date":"2026-03-04T00:00:00.000Z","pub_date":"2026-03-04T00:00:00.000Z","strikedate":"2026-03-04T00:00:00.000Z","time":"1899-12-30T00:00:00.000Z","event_type":"Reported Airstrike","actor":"Israel","site_type":"","siteStype":"","city":"Tayr Falsay","province":"Tyre","country":"Lebanon","latitude":33.309312,"longitude":35.339522,"source_1":"https://t.me/alichoeib1970/15423","source_2":"","sources":""}},{"type":"Feature","geometry":{"type":"Point","coordinates":[35.33247600012973,33.13393399972447]},"properties":{"event_id":103,"data_org":"Green","post_date":"2026-03-04T00:00:00.000Z","pub_date":"2026-03-04T00:00:00.000Z","strikedate":"2026-03-04T00:00:00.000Z","time":"1899-12-30T00:00:00.000Z","event_type":"Reported Airstrike","actor":"Israel","site_type":"","siteStype":"","city":"Beit Lif","province":"Bint Jbeil","country":"Lebanon","latitude":33.133934,"longitude":35.332476,"source_1":"https://t.me/alichoeib1970/15424","source_2":"","sources":""}},{"type":"Feature","geometry":{"type":"Point","coordinates":[35.50542800038415,33.85314100027319]},"properties":{"event_id":104,"data_org":"Green","post_date":"2026-03-04T00:00:00.000Z","pub_date":"2026-03-04T00:00:00.000Z","strikedate":"2026-03-04T00:00:00.000Z","time":"1899-12-30T00:00:00.000Z","event_type":"Confirmed Airstrike","actor":"Israel","site_type":"","siteStype":"","city":"Beirut","province":"Beirut","country":"Lebanon","latitude":33.853141,"longitude":35.505428,"source_1":"https://x.com/WillUnderhill23/status/2029118214261571975","source_2":"https://x.com/EndlessWint_r/status/2029121112940957740","sources":""}},{"type":"Feature","geometry":{"type":"Point","coordinates":[35.51080000034335,33.85219999994081]},"properties":{"event_id":105,"data_org":"Green","post_date":"2026-03-04T00:00:00.000Z","pub_date":"2026-03-04T00:00:00.000Z","strikedate":"2026-03-04T00:00:00.000Z","time":"1899-12-30T00:00:00.000Z","event_type":"Reported Airstrike","actor":"Israel","site_type":"","siteStype":"","city":"Beirut","province":"Beirut","country":"Lebanon","latitude":33.8522,"longitude":35.5108,"source_1":"https://x.com/ariel_oseran/status/2029119864288186569","source_2":"","sources":""}},{"type":"Feature","geometry":{"type":"Point","coordinates":[35.61480599980935,33.33020100011496]},"properties":{"event_id":107,"data_org":"Green","post_date":"2026-03-04T00:00:00.000Z","pub_date":"2026-03-04T00:00:00.000Z","strikedate":"2026-03-04T00:00:00.000Z","time":"1899-12-30T00:00:00.000Z","event_type":"Reported Airstrike","actor":"Israel","site_type":"","siteStype":"","city":"Khiam","province":"Marjaayoun","country":"Lebanon","latitude":33.330201,"longitude":35.614806,"source_1":"https://t.me/alichoeib1970/15434","source_2":"","sources":""}},{"type":"Feature","geometry":{"type":"Point","coordinates":[35.464487999962635,33.22159400019104]},"properties":{"event_id":109,"data_org":"Green","post_date":"2026-03-04T00:00:00.000Z","pub_date":"2026-03-04T00:00:00.000Z","strikedate":"2026-03-04T00:00:00.000Z","time":"1899-12-30T00:00:00.000Z","event_type":"Reported Airstrike","actor":"Israel","site_type":"","siteStype":"","city":"Majdal Salam","province":"Bint Jbeil","country":"Lebanon","latitude":33.221594,"longitude":35.464488,"source_1":"https://t.me/alichoeib1970/15440","source_2":"","sources":""}},{"type":"Feature","geometry":{"type":"Point","coordinates":[35.51937000001908,33.31107100013384]},"properties":{"event_id":110,"data_org":"Green","post_date":"2026-03-04T00:00:00.000Z","pub_date":"2026-03-04T00:00:00.000Z","strikedate":"2026-03-04T00:00:00.000Z","time":"1899-12-30T00:00:00.000Z","event_type":"Reported Airstrike","actor":"Israel","site_type":"","siteStype":"","city":"Yohmor","province":"Nabatieh","country":"Lebanon","latitude":33.311071,"longitude":35.51937,"source_1":"https://t.me/alichoeib1970/15440","source_2":"","sources":""}},{"type":"Feature","geometry":{"type":"Point","coordinates":[35.513478000376196,33.35350999988613]},"properties":{"event_id":111,"data_org":"Green","post_date":"2026-03-04T00:00:00.000Z","pub_date":"2026-03-04T00:00:00.000Z","strikedate":"2026-03-04T00:00:00.000Z","time":"1899-12-30T00:00:00.000Z","event_type":"Reported Airstrike","actor":"Israel","site_type":"","siteStype":"","city":"Kfar Tebnit","province":"Tyre","country":"Lebanon","latitude":33.35351,"longitude":35.513478,"source_1":"https://t.me/alichoeib1970/15440","source_2":"","sources":""}},{"type":"Feature","geometry":{"type":"Point","coordinates":[35.442754999903435,33.37805699971854]},"properties":{"event_id":112,"data_org":"Green","post_date":"2026-03-04T00:00:00.000Z","pub_date":"2026-03-04T00:00:00.000Z","strikedate":"2026-03-04T00:00:00.000Z","time":"1899-12-30T00:00:00.000Z","event_type":"Reported Airstrike","actor":"Israel","site_type":"","siteStype":"","city":"Harouf","province":"Nabatieh","country":"Lebanon","latitude":33.378057,"longitude":35.442755,"source_1":"https://t.me/alichoeib1970/15442","source_2":"","sources":""}},{"type":"Feature","geometry":{"type":"Point","coordinates":[35.52649699992131,33.329703999903344]},"properties":{"event_id":113,"data_org":"Green","post_date":"2026-03-04T00:00:00.000Z","pub_date":"2026-03-04T00:00:00.000Z","strikedate":"2026-03-04T00:00:00.000Z","time":"1899-12-30T00:00:00.000Z","event_type":"Reported Airstrike","actor":"Israel","site_type":"","siteStype":"","city":"Arnoun","province":"Nabatieh","country":"Lebanon","latitude":33.329704,"longitude":35.526497,"source_1":"https://t.me/alichoeib1970/15443","source_2":"","sources":""}},{"type":"Feature","geometry":{"type":"Point","coordinates":[36.08168199995667,34.186752999894324]},"properties":{"event_id":114,"data_org":"Green","post_date":"2026-03-04T00:00:00.000Z","pub_date":"2026-03-04T00:00:00.000Z","strikedate":"2026-03-04T00:00:00.000Z","time":"1899-12-30T00:00:00.000Z","event_type":"Reported Airstrike","actor":"Israel","site_type":"","siteStype":"","city":"Ainatha","province":"Bint Jbeil","country":"Lebanon","latitude":34.186753,"longitude":36.081682,"source_1":"https://t.me/alichoeib1970/15444","source_2":"","sources":""}},{"type":"Feature","geometry":{"type":"Point","coordinates":[35.46840899975242,33.11550300004197]},"properties":{"event_id":115,"data_org":"Green","post_date":"2026-03-04T00:00:00.000Z","pub_date":"2026-03-04T00:00:00.000Z","strikedate":"2026-03-04T00:00:00.000Z","time":"1899-12-30T00:00:00.000Z","event_type":"Reported Airstrike","actor":"Israel","site_type":"","siteStype":"","city":"Aitaroun","province":"Bint Jbeil","country":"Lebanon","latitude":33.115503,"longitude":35.468409,"source_1":"https://t.me/alichoeib1970/15444","source_2":"","sources":""}},{"type":"Feature","geometry":{"type":"Point","coordinates":[35.35700799969728,33.29008500025189]},"properties":{"event_id":116,"data_org":"Green","post_date":"2026-03-04T00:00:00.000Z","pub_date":"2026-03-04T00:00:00.000Z","strikedate":"2026-03-04T00:00:00.000Z","time":"1899-12-30T00:00:00.000Z","event_type":"Reported Airstrike","actor":"Israel","site_type":"","siteStype":"","city":"Bastiyat","province":"Tyre","country":"Lebanon","latitude":33.290085,"longitude":35.357008,"source_1":"https://t.me/alichoeib1970/15447","source_2":"","sources":""}},{"type":"Feature","geometry":{"type":"Point","coordinates":[35.499729000186804,33.29202099966303]},"properties":{"event_id":117,"data_org":"Green","post_date":"2026-03-04T00:00:00.000Z","pub_date":"2026-03-04T00:00:00.000Z","strikedate":"2026-03-04T00:00:00.000Z","time":"1899-12-30T00:00:00.000Z","event_type":"Reported Airstrike","actor":"Israel","site_type":"","siteStype":"","city":"Deir Seryan","province":"Marjaayoun","country":"Lebanon","latitude":33.292021,"longitude":35.499729,"source_1":"https://t.me/MTVLebanoNews/54646","source_2":"","sources":""}},{"type":"Feature","geometry":{"type":"Point","coordinates":[35.22537800035411,33.105186999926914]},"properties":{"event_id":118,"data_org":"Green","post_date":"2026-03-04T00:00:00.000Z","pub_date":"2026-03-04T00:00:00.000Z","strikedate":"2026-03-04T00:00:00.000Z","time":"1899-12-30T00:00:00.000Z","event_type":"Reported Airstrike","actor":"Israel","site_type":"","siteStype":"","city":"Dhayra","province":"Tyre","country":"Lebanon","latitude":33.105187,"longitude":35.225378,"source_1":"https://t.me/alichoeib1970/15449","source_2":"","sources":""}},{"type":"Feature","geometry":{"type":"Point","coordinates":[35.484831999776695,33.377920999656304]},"properties":{"event_id":120,"data_org":"Green","post_date":"2026-03-04T00:00:00.000Z","pub_date":"2026-03-04T00:00:00.000Z","strikedate":"2026-03-04T00:00:00.000Z","time":"1899-12-30T00:00:00.000Z","event_type":"Reported Airstrike","actor":"Israel","site_type":"","siteStype":"","city":"Nabatieh","province":"Nabatieh","country":"Lebanon","latitude":33.377921,"longitude":35.484832,"source_1":"https://t.me/MTVLebanoNews/54658","source_2":"https://x.com/MarioLeb79/status/2029223769202397387","sources":""}},{"type":"Feature","geometry":{"type":"Point","coordinates":[36.06380500028825,34.061349000167844]},"properties":{"event_id":121,"data_org":"Green","post_date":"2026-03-04T00:00:00.000Z","pub_date":"2026-03-04T00:00:00.000Z","strikedate":"2026-03-04T00:00:00.000Z","time":"1899-12-30T00:00:00.000Z","event_type":"Reported Airstrike","actor":"Israel","site_type":"","siteStype":"","city":"Boudai","province":"Baalbek","country":"Lebanon","latitude":34.061349,"longitude":36.063805,"source_1":"https://t.me/MTVLebanoNews/54668","source_2":"","sources":""}},{"type":"Feature","geometry":{"type":"Point","coordinates":[35.20150000036455,33.27001800018503]},"properties":{"event_id":122,"data_org":"Green","post_date":"2026-03-04T00:00:00.000Z","pub_date":"2026-03-04T00:00:00.000Z","strikedate":"2026-03-04T00:00:00.000Z","time":"1899-12-30T00:00:00.000Z","event_type":"Reported Airstrike","actor":"Israel","site_type":"","siteStype":"","city":"Tyre","province":"Tyre","country":"Lebanon","latitude":33.270018,"longitude":35.2015,"source_1":"https://x.com/ariel_oseran/status/2029233558204666202","source_2":"https://x.com/MarioLeb79/status/2029223968796815702","sources":"https://x.com/MarioLeb79/status/2029228354604261785; https://x.com/ADRevell/status/2029226771908858327"}},{"type":"Feature","geometry":{"type":"Point","coordinates":[36.21584000044316,34.007797000058844]},"properties":{"event_id":123,"data_org":"Green","post_date":"2026-03-04T00:00:00.000Z","pub_date":"2026-03-04T00:00:00.000Z","strikedate":"2026-03-04T00:00:00.000Z","time":"1899-12-30T00:00:00.000Z","event_type":"Reported Airstrike","actor":"Israel","site_type":"","siteStype":"","city":"Baalbek","province":"Baalbek","country":"Lebanon","latitude":34.007797,"longitude":36.21584,"source_1":"https://x.com/ariel_oseran/status/2029233558204666202","source_2":"","sources":""}},{"type":"Feature","geometry":{"type":"Point","coordinates":[35.599198999744765,33.3718390001643]},"properties":{"event_id":124,"data_org":"Green","post_date":"2026-03-04T00:00:00.000Z","pub_date":"2026-03-04T00:00:00.000Z","strikedate":"2026-03-04T00:00:00.000Z","time":"1899-12-30T00:00:00.000Z","event_type":"Reported Airstrike","actor":"Israel","site_type":"","siteStype":"","city":"Dibbine","province":"Marjaayoun","country":"Lebanon","latitude":33.371839,"longitude":35.599199,"source_1":"https://t.me/alichoeib1970/15458","source_2":"","sources":""}},{"type":"Feature","geometry":{"type":"Point","coordinates":[35.49377100042168,33.84829299982706]},"properties":{"event_id":125,"data_org":"Green","post_date":"2026-03-04T00:00:00.000Z","pub_date":"2026-03-04T00:00:00.000Z","strikedate":"2026-03-04T00:00:00.000Z","time":"1899-12-30T00:00:00.000Z","event_type":"Confirmed Airstrike","actor":"Israel","site_type":"","siteStype":"","city":"Beirut","province":"Beirut","country":"Lebanon","latitude":33.848293,"longitude":35.493771,"source_1":"https://x.com/MarioLeb79/status/2029293065408507931","source_2":"","sources":""}},{"type":"Feature","geometry":{"type":"Point","coordinates":[35.49321999987754,33.85039999972353]},"properties":{"event_id":127,"data_org":"Green","post_date":"2026-03-04T00:00:00.000Z","pub_date":"2026-03-04T00:00:00.000Z","strikedate":"2026-03-04T00:00:00.000Z","time":"1899-12-30T00:00:00.000Z","event_type":"Reported Airstrike","actor":"Israel","site_type":"","siteStype":"","city":"Beirut","province":"Burj el Barajneh","country":"Lebanon","latitude":33.8504,"longitude":35.49322,"source_1":"https://x.com/zarGEOINT/status/2029293486965445113","source_2":"https://t.me/RoaaWarStudies/106067","sources":"https://x.com/N12News/status/2029292306579304930"}},{"type":"Feature","geometry":{"type":"Point","coordinates":[35.510228999707735,33.85901400015477]},"properties":{"event_id":131,"data_org":"Green","post_date":"2026-03-04T00:00:00.000Z","pub_date":"2026-03-05T00:00:00.000Z","strikedate":"2026-03-04T00:00:00.000Z","time":"1899-12-30T00:00:00.000Z","event_type":"Evac Notice","actor":"Israel","site_type":"","siteStype":"","city":"Beirut","province":"Beirut","country":"Lebanon","latitude":33.859014,"longitude":35.510229,"source_1":"https://x.com/GLZRadio/status/2029324311912190075/photo/1","source_2":"","sources":""}},{"type":"Feature","geometry":{"type":"Point","coordinates":[35.510230000430965,33.8590899996402]},"properties":{"event_id":134,"data_org":"Green","post_date":"2026-03-04T00:00:00.000Z","pub_date":"2026-03-05T00:00:00.000Z","strikedate":"2026-03-04T00:00:00.000Z","time":"1899-12-30T00:00:00.000Z","event_type":"Report of Explosion with Footage","actor":"Israel","site_type":"","siteStype":"","city":"Beirut","province":"Beirut","country":"Lebanon","latitude":33.85909,"longitude":35.51023,"source_1":"https://x.com/sentdefender/status/2029344859400593871","source_2":"https://x.com/zarGEOINT/status/2029353087157084370?s=20","sources":"https://t.me/khabarfuri/73566"}},{"type":"Feature","geometry":{"type":"Point","coordinates":[35.86863000042818,34.44373199966641]},"properties":{"event_id":135,"data_org":"Green","post_date":"2026-03-04T00:00:00.000Z","pub_date":"2026-03-05T00:00:00.000Z","strikedate":"2026-03-04T00:00:00.000Z","time":"1899-12-30T00:00:00.000Z","event_type":"Reported Airstrike","actor":"Israel","site_type":"","siteStype":"","city":"Wadi al Nahleh","province":"Tripoli","country":"Lebanon","latitude":34.443732,"longitude":35.86863,"source_1":"https://x.com/no_itsmyturn/status/2029358028533723355","source_2":"https://www.timesofisrael.com/liveblog_entry/senior-hamas-official-killed-in-israeli-strike-overnight-lebanese-state-media/","sources":"https://x.com/manniefabian/status/2029571910959267913; https://x.com/IDF/status/2029574965977120895"}},{"type":"Feature","geometry":{"type":"Point","coordinates":[35.22915500020386,33.19777900033949]},"properties":{"event_id":136,"data_org":"Green","post_date":"2026-03-04T00:00:00.000Z","pub_date":"2026-03-05T00:00:00.000Z","strikedate":"2026-03-04T00:00:00.000Z","time":"1899-12-30T00:00:00.000Z","event_type":"Reported Airstrike","actor":"Israel","site_type":"","siteStype":"","city":"Qalila","province":"Tyre","country":"Lebanon","latitude":33.197779,"longitude":35.229155,"source_1":"https://x.com/no_itsmyturn/status/2029359042703855849","source_2":"","sources":""}},{"type":"Feature","geometry":{"type":"Point","coordinates":[35.4023069995765,33.36153999992742]},"properties":{"event_id":137,"data_org":"Green","post_date":"2026-03-04T00:00:00.000Z","pub_date":"2026-03-05T00:00:00.000Z","strikedate":"2026-03-04T00:00:00.000Z","time":"1899-12-30T00:00:00.000Z","event_type":"Reported Airstrike","actor":"Israel","site_type":"","siteStype":"","city":"Abba","province":"Nabatieh","country":"Lebanon","latitude":33.36154,"longitude":35.402307,"source_1":"https://t.me/alichoeib1970/15470","source_2":"","sources":""}},{"type":"Feature","geometry":{"type":"Point","coordinates":[35.445621000257255,33.38946599998313]},"properties":{"event_id":138,"data_org":"Green","post_date":"2026-03-04T00:00:00.000Z","pub_date":"2026-03-05T00:00:00.000Z","strikedate":"2026-03-04T00:00:00.000Z","time":"1899-12-30T00:00:00.000Z","event_type":"Reported Airstrike","actor":"Israel","site_type":"","siteStype":"","city":"Toul","province":"Nabatieh","country":"Lebanon","latitude":33.389466,"longitude":35.445621,"source_1":"https://t.me/alichoeib1970/15470","source_2":"","sources":""}},{"type":"Feature","geometry":{"type":"Point","coordinates":[35.67837800009043,33.34318800022149]},"properties":{"event_id":139,"data_org":"Green","post_date":"2026-03-04T00:00:00.000Z","pub_date":"2026-03-05T00:00:00.000Z","strikedate":"2026-03-04T00:00:00.000Z","time":"1899-12-30T00:00:00.000Z","event_type":"Reported Airstrike","actor":"Israel","site_type":"","siteStype":"","city":"Kfarhamam","province":"Hasbaya","country":"Lebanon","latitude":33.343188,"longitude":35.678378,"source_1":"https://t.me/alichoeib1970/15470","source_2":"","sources":""}},{"type":"Feature","geometry":{"type":"Point","coordinates":[35.38351900041215,33.24242699982462]},"properties":{"event_id":140,"data_org":"Green","post_date":"2026-03-04T00:00:00.000Z","pub_date":"2026-03-05T00:00:00.000Z","strikedate":"2026-03-04T00:00:00.000Z","time":"1899-12-30T00:00:00.000Z","event_type":"Reported Airstrike","actor":"Israel","site_type":"","siteStype":"","city":"Shahabiya","province":"Tyre","country":"Lebanon","latitude":33.242427,"longitude":35.383519,"source_1":"https://t.me/alichoeib1970/15470","source_2":"","sources":""}},{"type":"Feature","geometry":{"type":"Point","coordinates":[35.513478000376196,33.35350999988613]},"properties":{"event_id":141,"data_org":"Green","post_date":"2026-03-04T00:00:00.000Z","pub_date":"2026-03-05T00:00:00.000Z","strikedate":"2026-03-04T00:00:00.000Z","time":"1899-12-30T00:00:00.000Z","event_type":"Reported Airstrike","actor":"Israel","site_type":"","siteStype":"","city":"Kfar Tebnit","province":"Tyre","country":"Lebanon","latitude":33.35351,"longitude":35.513478,"source_1":"https://t.me/alichoeib1970/15470","source_2":"","sources":""}},{"type":"Feature","geometry":{"type":"Point","coordinates":[35.43267600033198,33.19997400017547]},"properties":{"event_id":143,"data_org":"Green","post_date":"2026-03-05T00:00:00.000Z","pub_date":"2026-03-05T00:00:00.000Z","strikedate":"2026-03-05T00:00:00.000Z","time":"1899-12-30T00:00:00.000Z","event_type":"Reported Airstrike","actor":"Israel","site_type":"","siteStype":"","city":"Safad al Batikh","province":"Bint Jbeil","country":"Lebanon","latitude":33.199974,"longitude":35.432676,"source_1":"https://t.me/alichoeib1970/15471","source_2":"","sources":""}},{"type":"Feature","geometry":{"type":"Point","coordinates":[35.54340399964425,33.2553260002512]},"properties":{"event_id":144,"data_org":"Green","post_date":"2026-03-05T00:00:00.000Z","pub_date":"2026-03-05T00:00:00.000Z","strikedate":"2026-03-05T00:00:00.000Z","time":"1899-12-30T00:00:00.000Z","event_type":"Reported Airstrike","actor":"Israel","site_type":"","siteStype":"","city":"Oddaiseh","province":"Marjaayoun","country":"Lebanon","latitude":33.255326,"longitude":35.543404,"source_1":"https://t.me/alichoeib1970/15471","source_2":"","sources":""}},{"type":"Feature","geometry":{"type":"Point","coordinates":[35.51862199983145,33.2765850002122]},"properties":{"event_id":145,"data_org":"Green","post_date":"2026-03-05T00:00:00.000Z","pub_date":"2026-03-05T00:00:00.000Z","strikedate":"2026-03-05T00:00:00.000Z","time":"1899-12-30T00:00:00.000Z","event_type":"Reported Airstrike","actor":"Israel","site_type":"","siteStype":"","city":"Taybeh","province":"Marjaayoun","country":"Lebanon","latitude":33.276585,"longitude":35.518622,"source_1":"https://t.me/alichoeib1970/15471","source_2":"","sources":""}},{"type":"Feature","geometry":{"type":"Point","coordinates":[35.499729000186804,33.29202099966303]},"properties":{"event_id":146,"data_org":"Green","post_date":"2026-03-05T00:00:00.000Z","pub_date":"2026-03-05T00:00:00.000Z","strikedate":"2026-03-05T00:00:00.000Z","time":"1899-12-30T00:00:00.000Z","event_type":"Reported Airstrike","actor":"Israel","site_type":"","siteStype":"","city":"Deir Seryan","province":"Marjaayoun","country":"Lebanon","latitude":33.292021,"longitude":35.499729,"source_1":"https://t.me/alichoeib1970/15471","source_2":"","sources":""}},{"type":"Feature","geometry":{"type":"Point","coordinates":[35.48528500041154,33.2366360003518]},"properties":{"event_id":147,"data_org":"Green","post_date":"2026-03-05T00:00:00.000Z","pub_date":"2026-03-05T00:00:00.000Z","strikedate":"2026-03-05T00:00:00.000Z","time":"1899-12-30T00:00:00.000Z","event_type":"Reported Airstrike","actor":"Israel","site_type":"","siteStype":"","city":"Tallouseh","province":"Marjaayoun","country":"Lebanon","latitude":33.236636,"longitude":35.485285,"source_1":"https://t.me/alichoeib1970/15471","source_2":"","sources":""}},{"type":"Feature","geometry":{"type":"Point","coordinates":[35.44891699988306,33.24668099993754]},"properties":{"event_id":148,"data_org":"Green","post_date":"2026-03-05T00:00:00.000Z","pub_date":"2026-03-05T00:00:00.000Z","strikedate":"2026-03-05T00:00:00.000Z","time":"1899-12-30T00:00:00.000Z","event_type":"Reported Airstrike","actor":"Israel","site_type":"","siteStype":"","city":"Touline","province":"Marjaayoun","country":"Lebanon","latitude":33.246681,"longitude":35.448917,"source_1":"https://t.me/alichoeib1970/15471","source_2":"","sources":""}},{"type":"Feature","geometry":{"type":"Point","coordinates":[35.26763500015243,33.16538500020996]},"properties":{"event_id":149,"data_org":"Green","post_date":"2026-03-05T00:00:00.000Z","pub_date":"2026-03-05T00:00:00.000Z","strikedate":"2026-03-05T00:00:00.000Z","time":"1899-12-30T00:00:00.000Z","event_type":"Reported Airstrike","actor":"Israel","site_type":"","siteStype":"","city":"Zebqine","province":"Tyre","country":"Lebanon","latitude":33.165385,"longitude":35.267635,"source_1":"https://t.me/alichoeib1970/15471","source_2":"","sources":""}},{"type":"Feature","geometry":{"type":"Point","coordinates":[35.399438999572865,33.258828999992204]},"properties":{"event_id":150,"data_org":"Green","post_date":"2026-03-05T00:00:00.000Z","pub_date":"2026-03-05T00:00:00.000Z","strikedate":"2026-03-05T00:00:00.000Z","time":"1899-12-30T00:00:00.000Z","event_type":"Reported Airstrike","actor":"Israel","site_type":"","siteStype":"","city":"Deir Kifa","province":"Tyre","country":"Lebanon","latitude":33.258829,"longitude":35.399439,"source_1":"https://t.me/alichoeib1970/15471","source_2":"","sources":""}},{"type":"Feature","geometry":{"type":"Point","coordinates":[35.49651999970131,33.38613900013118]},"properties":{"event_id":151,"data_org":"Green","post_date":"2026-03-05T00:00:00.000Z","pub_date":"2026-03-05T00:00:00.000Z","strikedate":"2026-03-05T00:00:00.000Z","time":"1899-12-30T00:00:00.000Z","event_type":"Reported Airstrike","actor":"Israel","site_type":"","siteStype":"","city":"Kfar Roummane","province":"Nabatieh","country":"Lebanon","latitude":33.386139,"longitude":35.49652,"source_1":"https://t.me/alichoeib1970/15471","source_2":"","sources":""}},{"type":"Feature","geometry":{"type":"Point","coordinates":[35.440722000126065,33.36863400009993]},"properties":{"event_id":152,"data_org":"Green","post_date":"2026-03-05T00:00:00.000Z","pub_date":"2026-03-05T00:00:00.000Z","strikedate":"2026-03-05T00:00:00.000Z","time":"1899-12-30T00:00:00.000Z","event_type":"Reported Airstrike","actor":"Israel","site_type":"","siteStype":"","city":"Jebchit","province":"Nabatieh","country":"Lebanon","latitude":33.368634,"longitude":35.440722,"source_1":"https://t.me/alichoeib1970/15471","source_2":"","sources":""}},{"type":"Feature","geometry":{"type":"Point","coordinates":[35.45179400010753,33.398324000341]},"properties":{"event_id":153,"data_org":"Green","post_date":"2026-03-05T00:00:00.000Z","pub_date":"2026-03-05T00:00:00.000Z","strikedate":"2026-03-05T00:00:00.000Z","time":"1899-12-30T00:00:00.000Z","event_type":"Reported Airstrike","actor":"Israel","site_type":"","siteStype":"","city":"Kfour","province":"Nabatieh","country":"Lebanon","latitude":33.398324,"longitude":35.451794,"source_1":"https://t.me/alichoeib1970/15471","source_2":"","sources":""}},{"type":"Feature","geometry":{"type":"Point","coordinates":[35.47726999968128,33.326331000243286]},"properties":{"event_id":154,"data_org":"Green","post_date":"2026-03-05T00:00:00.000Z","pub_date":"2026-03-05T00:00:00.000Z","strikedate":"2026-03-05T00:00:00.000Z","time":"1899-12-30T00:00:00.000Z","event_type":"Reported Airstrike","actor":"Israel","site_type":"","siteStype":"","city":"Zawtar","province":"Nabatieh","country":"Lebanon","latitude":33.326331,"longitude":35.47727,"source_1":"https://t.me/alichoeib1970/15471","source_2":"","sources":""}},{"type":"Feature","geometry":{"type":"Point","coordinates":[35.459678000418215,33.32259899969788]},"properties":{"event_id":155,"data_org":"Green","post_date":"2026-03-05T00:00:00.000Z","pub_date":"2026-03-05T00:00:00.000Z","strikedate":"2026-03-05T00:00:00.000Z","time":"1899-12-30T00:00:00.000Z","event_type":"Reported Airstrike","actor":"Israel","site_type":"","siteStype":"","city":"Zawtar el Gharbiyeh","province":"Nabatieh","country":"Lebanon","latitude":33.322599,"longitude":35.459678,"source_1":"https://t.me/alichoeib1970/15471","source_2":"","sources":""}},{"type":"Feature","geometry":{"type":"Point","coordinates":[35.441512999971394,33.463189000070685]},"properties":{"event_id":156,"data_org":"Green","post_date":"2026-03-05T00:00:00.000Z","pub_date":"2026-03-05T00:00:00.000Z","strikedate":"2026-03-05T00:00:00.000Z","time":"1899-12-30T00:00:00.000Z","event_type":"Reported Airstrike","actor":"Israel","site_type":"","siteStype":"","city":"Roumine","province":"Nabatieh","country":"Lebanon","latitude":33.463189,"longitude":35.441513,"source_1":"https://t.me/alichoeib1970/15471","source_2":"","sources":""}},{"type":"Feature","geometry":{"type":"Point","coordinates":[35.43556199987896,33.2712179996419]},"properties":{"event_id":157,"data_org":"Green","post_date":"2026-03-05T00:00:00.000Z","pub_date":"2026-03-05T00:00:00.000Z","strikedate":"2026-03-05T00:00:00.000Z","time":"1899-12-30T00:00:00.000Z","event_type":"Reported Airstrike","actor":"Israel","site_type":"","siteStype":"","city":"Ghandouriyeh","province":"Bint Jbeil","country":"Lebanon","latitude":33.271218,"longitude":35.435562,"source_1":"","source_2":"","sources":""}},{"type":"Feature","geometry":{"type":"Point","coordinates":[35.478454999711914,33.35017099989022]},"properties":{"event_id":158,"data_org":"Green","post_date":"2026-03-05T00:00:00.000Z","pub_date":"2026-03-05T00:00:00.000Z","strikedate":"2026-03-05T00:00:00.000Z","time":"1899-12-30T00:00:00.000Z","event_type":"Reported Airstrike","actor":"Israel","site_type":"","siteStype":"","city":"Maifadoun","province":"Nabatieh","country":"Lebanon","latitude":33.350171,"longitude":35.478455,"source_1":"","source_2":"","sources":""}},{"type":"Feature","geometry":{"type":"Point","coordinates":[35.536091999794095,33.461270999874806]},"properties":{"event_id":159,"data_org":"Green","post_date":"2026-03-05T00:00:00.000Z","pub_date":"2026-03-05T00:00:00.000Z","strikedate":"2026-03-05T00:00:00.000Z","time":"1899-12-30T00:00:00.000Z","event_type":"Reported Airstrike","actor":"Israel","site_type":"","siteStype":"","city":"Lwaiza","province":"Jezzine","country":"Lebanon","latitude":33.461271,"longitude":35.536092,"source_1":"","source_2":"","sources":""}},{"type":"Feature","geometry":{"type":"Point","coordinates":[35.381694000148926,33.340821000328646]},"properties":{"event_id":160,"data_org":"Green","post_date":"2026-03-05T00:00:00.000Z","pub_date":"2026-03-05T00:00:00.000Z","strikedate":"2026-03-05T00:00:00.000Z","time":"1899-12-30T00:00:00.000Z","event_type":"Reported Airstrike","actor":"Israel","site_type":"","siteStype":"","city":"Braiqah","province":"Nabatieh","country":"Lebanon","latitude":33.340821,"longitude":35.381694,"source_1":"","source_2":"","sources":""}},{"type":"Feature","geometry":{"type":"Point","coordinates":[35.445621000257255,33.38946599998313]},"properties":{"event_id":161,"data_org":"Green","post_date":"2026-03-05T00:00:00.000Z","pub_date":"2026-03-05T00:00:00.000Z","strikedate":"2026-03-05T00:00:00.000Z","time":"1899-12-30T00:00:00.000Z","event_type":"Reported Airstrike","actor":"Israel","site_type":"","siteStype":"","city":"Toul","province":"Nabatieh","country":"Lebanon","latitude":33.389466,"longitude":35.445621,"source_1":"","source_2":"","sources":""}},{"type":"Feature","geometry":{"type":"Point","coordinates":[35.44587700035029,33.224177999854106]},"properties":{"event_id":163,"data_org":"Green","post_date":"2026-03-05T00:00:00.000Z","pub_date":"2026-03-05T00:00:00.000Z","strikedate":"2026-03-05T00:00:00.000Z","time":"1899-12-30T00:00:00.000Z","event_type":"Reported Airstrike","actor":"Israel","site_type":"","siteStype":"","city":"Between Majdal Selem and Khirbet Selem","province":"Bint Jbeil","country":"Lebanon","latitude":33.224178,"longitude":35.445877,"source_1":"https://x.com/ariel_oseran/status/2029499322471989322","source_2":"","sources":""}},{"type":"Feature","geometry":{"type":"Point","coordinates":[35.490968999641964,33.389589000185495]},"properties":{"event_id":164,"data_org":"Green","post_date":"2026-03-05T00:00:00.000Z","pub_date":"2026-03-05T00:00:00.000Z","strikedate":"2026-03-05T00:00:00.000Z","time":"1899-12-30T00:00:00.000Z","event_type":"Report of Explosion with Footage","actor":"Israel","site_type":"","siteStype":"","city":"Kfar Roummane","province":"Nabatieh","country":"Lebanon","latitude":33.389589,"longitude":35.490969,"source_1":"https://x.com/acceladealer/status/2029523089957040469?s=20","source_2":"https://x.com/Zeldamices/status/2029548805796859964?s=20","sources":"https://t.me/New_security8200/173738"}},{"type":"Feature","geometry":{"type":"Point","coordinates":[35.312062999820384,33.189804999834024]},"properties":{"event_id":166,"data_org":"Green","post_date":"2026-03-05T00:00:00.000Z","pub_date":"2026-03-05T00:00:00.000Z","strikedate":"2026-03-05T00:00:00.000Z","time":"1899-12-30T00:00:00.000Z","event_type":"Reported Airstrike","actor":"Israel","site_type":"","siteStype":"","city":"Seddiqine","province":"Tyre","country":"Lebanon","latitude":33.189805,"longitude":35.312063,"source_1":"https://t.me/MTVLebanoNews/54947","source_2":"","sources":""}},{"type":"Feature","geometry":{"type":"Point","coordinates":[35.397060000189086,33.28226400032506]},"properties":{"event_id":167,"data_org":"Green","post_date":"2026-03-05T00:00:00.000Z","pub_date":"2026-03-05T00:00:00.000Z","strikedate":"2026-03-05T00:00:00.000Z","time":"1899-12-30T00:00:00.000Z","event_type":"Reported Airstrike","actor":"Israel","site_type":"","siteStype":"","city":"Srifa","province":"Tyre","country":"Lebanon","latitude":33.282264,"longitude":35.39706,"source_1":"https://t.me/MTVLebanoNews/54947","source_2":"","sources":""}},{"type":"Feature","geometry":{"type":"Point","coordinates":[35.51937000001908,33.31107100013384]},"properties":{"event_id":168,"data_org":"Green","post_date":"2026-03-05T00:00:00.000Z","pub_date":"2026-03-05T00:00:00.000Z","strikedate":"2026-03-05T00:00:00.000Z","time":"1899-12-30T00:00:00.000Z","event_type":"Reported Airstrike","actor":"Israel","site_type":"","siteStype":"","city":"Yohmor","province":"Nabatieh","country":"Lebanon","latitude":33.311071,"longitude":35.51937,"source_1":"https://t.me/MTVLebanoNews/54948","source_2":"","sources":""}},{"type":"Feature","geometry":{"type":"Point","coordinates":[35.508600999986314,33.84109199964925]},"properties":{"event_id":169,"data_org":"Green","post_date":"2026-03-05T00:00:00.000Z","pub_date":"2026-03-05T00:00:00.000Z","strikedate":"2026-03-05T00:00:00.000Z","time":"1899-12-30T00:00:00.000Z","event_type":"Evac Notice","actor":"Israel","site_type":"","siteStype":"","city":"Beirut","province":"Beirut","country":"Lebanon","latitude":33.841092,"longitude":35.508601,"source_1":"https://x.com/JoeTruzman/status/2029574005179740435","source_2":"","sources":""}},{"type":"Feature","geometry":{"type":"Point","coordinates":[35.55053999976732,33.84366200001141]},"properties":{"event_id":170,"data_org":"Green","post_date":"2026-03-05T00:00:00.000Z","pub_date":"2026-03-05T00:00:00.000Z","strikedate":"2026-03-05T00:00:00.000Z","time":"1899-12-30T00:00:00.000Z","event_type":"Evac Notice","actor":"Israel","site_type":"","siteStype":"","city":"Beirut","province":"Beirut","country":"Lebanon","latitude":33.843662,"longitude":35.55054,"source_1":"https://x.com/JoeTruzman/status/2029574005179740435","source_2":"","sources":""}},{"type":"Feature","geometry":{"type":"Point","coordinates":[35.51429400033589,33.852525000030354]},"properties":{"event_id":171,"data_org":"Green","post_date":"2026-03-05T00:00:00.000Z","pub_date":"2026-03-05T00:00:00.000Z","strikedate":"2026-03-05T00:00:00.000Z","time":"1899-12-30T00:00:00.000Z","event_type":"Evac Notice","actor":"Israel","site_type":"","siteStype":"","city":"Beirut","province":"Beirut","country":"Lebanon","latitude":33.852525,"longitude":35.514294,"source_1":"https://x.com/JoeTruzman/status/2029574005179740435","source_2":"","sources":""}},{"type":"Feature","geometry":{"type":"Point","coordinates":[35.517146000446,33.8662900003465]},"properties":{"event_id":172,"data_org":"Green","post_date":"2026-03-05T00:00:00.000Z","pub_date":"2026-03-05T00:00:00.000Z","strikedate":"2026-03-05T00:00:00.000Z","time":"1899-12-30T00:00:00.000Z","event_type":"Evac Notice","actor":"Israel","site_type":"","siteStype":"","city":"Beirut","province":"Beirut","country":"Lebanon","latitude":33.86629,"longitude":35.517146,"source_1":"https://x.com/JoeTruzman/status/2029574005179740435","source_2":"","sources":""}},{"type":"Feature","geometry":{"type":"Point","coordinates":[36.1733839995549,33.99163499994831]},"properties":{"event_id":173,"data_org":"Green","post_date":"2026-03-05T00:00:00.000Z","pub_date":"2026-03-05T00:00:00.000Z","strikedate":"2026-03-05T00:00:00.000Z","time":"1899-12-30T00:00:00.000Z","event_type":"Evac Notice","actor":"Israel","site_type":"","siteStype":"","city":"Douris","province":"Baalbek","country":"Lebanon","latitude":33.991635,"longitude":36.173384,"source_1":"https://x.com/manniefabian/status/2029619941813485943","source_2":"","sources":""}},{"type":"Feature","geometry":{"type":"Point","coordinates":[36.15082899968823,33.93610799991706]},"properties":{"event_id":174,"data_org":"Green","post_date":"2026-03-05T00:00:00.000Z","pub_date":"2026-03-05T00:00:00.000Z","strikedate":"2026-03-05T00:00:00.000Z","time":"1899-12-30T00:00:00.000Z","event_type":"Evac Notice","actor":"Israel","site_type":"","siteStype":"","city":"Brital","province":"Baalbek","country":"Lebanon","latitude":33.936108,"longitude":36.150829,"source_1":"https://x.com/manniefabian/status/2029619941813485943","source_2":"","sources":""}},{"type":"Feature","geometry":{"type":"Point","coordinates":[36.13471500035876,33.98879999999305]},"properties":{"event_id":175,"data_org":"Green","post_date":"2026-03-05T00:00:00.000Z","pub_date":"2026-03-05T00:00:00.000Z","strikedate":"2026-03-05T00:00:00.000Z","time":"1899-12-30T00:00:00.000Z","event_type":"Evac Notice","actor":"Israel","site_type":"","siteStype":"","city":"Majdaloun","province":"Baalbek","country":"Lebanon","latitude":33.9888,"longitude":36.134715,"source_1":"https://x.com/manniefabian/status/2029619941813485943","source_2":"","sources":""}},{"type":"Feature","geometry":{"type":"Point","coordinates":[35.50651999963005,33.841228999732415]},"properties":{"event_id":179,"data_org":"Green","post_date":"2026-03-05T00:00:00.000Z","pub_date":"2026-03-06T00:00:00.000Z","strikedate":"2026-03-05T00:00:00.000Z","time":"1899-12-30T00:00:00.000Z","event_type":"Report of Explosion with Footage","actor":"Israel","site_type":"","siteStype":"","city":"Beirut","province":"Beirut","country":"Lebanon","latitude":33.841229,"longitude":35.50652,"source_1":"https://x.com/MarioLeb79/status/2029673669367042443","source_2":"","sources":""}},{"type":"Feature","geometry":{"type":"Point","coordinates":[35.51999000016019,33.84504900021836]},"properties":{"event_id":181,"data_org":"Green","post_date":"2026-03-05T00:00:00.000Z","pub_date":"2026-03-06T00:00:00.000Z","strikedate":"2026-03-05T00:00:00.000Z","time":"1899-12-30T00:00:00.000Z","event_type":"Report of Explosion with Footage","actor":"Israel","site_type":"","siteStype":"","city":"Beirut","province":"Beirut","country":"Lebanon","latitude":33.845049,"longitude":35.51999,"source_1":"https://x.com/MarioLeb79/status/2029698103691952224","source_2":"","sources":""}},{"type":"Feature","geometry":{"type":"Point","coordinates":[35.50651999963005,33.841228999732415]},"properties":{"event_id":192,"data_org":"Green","post_date":"2026-03-06T00:00:00.000Z","pub_date":"2026-03-06T00:00:00.000Z","strikedate":"2026-03-05T00:00:00.000Z","time":"1899-12-30T00:00:00.000Z","event_type":"Confirmed Airstrike","actor":"Israel","site_type":"","siteStype":"","city":"Beirut","province":"Beirut","country":"Lebanon","latitude":33.841229,"longitude":35.50652,"source_1":"https://x.com/idfonline/status/2029799831024119963","source_2":"","sources":""}},{"type":"Feature","geometry":{"type":"Point","coordinates":[35.37700000005715,33.56800000020975]},"properties":{"event_id":199,"data_org":"Green","post_date":"2026-03-06T00:00:00.000Z","pub_date":"2026-03-06T00:00:00.000Z","strikedate":"2026-03-06T00:00:00.000Z","time":"1899-12-30T00:00:00.000Z","event_type":"Reported Airstrike","actor":"Israel","site_type":"","siteStype":"","city":"Sidon","province":"Sidon","country":"Lebanon","latitude":33.568,"longitude":35.377,"source_1":"https://x.com/BenDoBrown/status/2029878935962456343?s=20","source_2":"https://x.com/BenDoBrown/status/2029878938520998026?s=20","sources":"https://x.com/manniefabian/status/2029856108299571356; https://x.com/MarioLeb79/status/2029853369754354145"}},{"type":"Feature","geometry":{"type":"Point","coordinates":[35.20364500029492,33.27002099998455]},"properties":{"event_id":200,"data_org":"Green","post_date":"2026-03-06T00:00:00.000Z","pub_date":"2026-03-06T00:00:00.000Z","strikedate":"2026-03-06T00:00:00.000Z","time":"1899-12-30T00:00:00.000Z","event_type":"Reported Airstrike","actor":"Israel","site_type":"","siteStype":"","city":"Tyre","province":"Tyre","country":"Lebanon","latitude":33.270021,"longitude":35.203645,"source_1":"https://t.me/alichoeib1970/1551","source_2":"","sources":""}},{"type":"Feature","geometry":{"type":"Point","coordinates":[35.437245999676875,33.12195800007302]},"properties":{"event_id":201,"data_org":"Green","post_date":"2026-03-06T00:00:00.000Z","pub_date":"2026-03-06T00:00:00.000Z","strikedate":"2026-03-06T00:00:00.000Z","time":"1899-12-30T00:00:00.000Z","event_type":"Reported Airstrike","actor":"Israel","site_type":"","siteStype":"","city":"Bint Jbeil","province":"Bint Jbeil","country":"Lebanon","latitude":33.121958,"longitude":35.437246,"source_1":"https://t.me/alichoeib1970/15508","source_2":"","sources":""}},{"type":"Feature","geometry":{"type":"Point","coordinates":[35.407357000218745,33.20559599972622]},"properties":{"event_id":202,"data_org":"Green","post_date":"2026-03-06T00:00:00.000Z","pub_date":"2026-03-06T00:00:00.000Z","strikedate":"2026-03-06T00:00:00.000Z","time":"1899-12-30T00:00:00.000Z","event_type":"Reported Airstrike","actor":"Israel","site_type":"","siteStype":"","city":"Sultaniyeh","province":"Bint Jbeil","country":"Lebanon","latitude":33.205596,"longitude":35.407357,"source_1":"https://t.me/alichoeib1970/15511","source_2":"","sources":""}},{"type":"Feature","geometry":{"type":"Point","coordinates":[35.488114000057124,33.85552800009733]},"properties":{"event_id":203,"data_org":"Green","post_date":"2026-03-06T00:00:00.000Z","pub_date":"2026-03-06T00:00:00.000Z","strikedate":"2026-03-06T00:00:00.000Z","time":"1899-12-30T00:00:00.000Z","event_type":"Reported Airstrike","actor":"Israel","site_type":"","siteStype":"","city":"Beirut","province":"","country":"Lebanon","latitude":33.855528,"longitude":35.488114,"source_1":"https://x.com/JoeTruzman/status/2029929988766716003","source_2":"","sources":""}},{"type":"Feature","geometry":{"type":"Point","coordinates":[35.27516499956248,33.13182500028925]},"properties":{"event_id":205,"data_org":"Green","post_date":"2026-03-06T00:00:00.000Z","pub_date":"2026-03-06T00:00:00.000Z","strikedate":"2026-03-06T00:00:00.000Z","time":"1899-12-30T00:00:00.000Z","event_type":"Reported Airstrike","actor":"Israel","site_type":"","siteStype":"","city":"","province":"Bent Jbeil","country":"Lebanon","latitude":33.131825,"longitude":35.275165,"source_1":"https://t.me/QudsN/670924","source_2":"","sources":""}},{"type":"Feature","geometry":{"type":"Point","coordinates":[35.520610000301296,33.84235199967228]},"properties":{"event_id":206,"data_org":"Green","post_date":"2026-03-06T00:00:00.000Z","pub_date":"2026-03-06T00:00:00.000Z","strikedate":"2026-03-06T00:00:00.000Z","time":"1899-12-30T00:00:00.000Z","event_type":"Report of Explosion with Footage","actor":"Israel","site_type":"","siteStype":"","city":"Beirut","province":"Beirut","country":"Lebanon","latitude":33.842352,"longitude":35.52061,"source_1":"https://x.com/Wolltigerhueter/status/2029963161517052082","source_2":"https://x.com/FaytuksNetwork/status/2029951121280614804","sources":"https://www.bbc.com/news/live/ceqvwrydzpqt?post=asset%3A31f60d41-ba7e-4c19-8ffc-6191dab1cf0b#post"}},{"type":"Feature","geometry":{"type":"Point","coordinates":[35.35428199998386,33.37875999988139]},"properties":{"event_id":207,"data_org":"Green","post_date":"2026-03-06T00:00:00.000Z","pub_date":"2026-03-06T00:00:00.000Z","strikedate":"2026-03-06T00:00:00.000Z","time":"1899-12-30T00:00:00.000Z","event_type":"Reported Airstrike","actor":"Israel","site_type":"","siteStype":"","city":"Insar","province":"Nabatieh","country":"Lebanon","latitude":33.37876,"longitude":35.354282,"source_1":"https://t.me/alichoeib1970/15516","source_2":"","sources":""}},{"type":"Feature","geometry":{"type":"Point","coordinates":[35.335688999914865,33.09739400018264]},"properties":{"event_id":208,"data_org":"Green","post_date":"2026-03-06T00:00:00.000Z","pub_date":"2026-03-06T00:00:00.000Z","strikedate":"2026-03-06T00:00:00.000Z","time":"1899-12-30T00:00:00.000Z","event_type":"Reported Airstrike","actor":"Israel","site_type":"","siteStype":"","city":"Aita al Shaab","province":"Bint Jbeil","country":"Lebanon","latitude":33.097394,"longitude":35.335689,"source_1":"https://t.me/alichoeib1970/15517","source_2":"","sources":""}},{"type":"Feature","geometry":{"type":"Point","coordinates":[35.43917200022245,33.20740200021932]},"properties":{"event_id":209,"data_org":"Green","post_date":"2026-03-06T00:00:00.000Z","pub_date":"2026-03-06T00:00:00.000Z","strikedate":"2026-03-06T00:00:00.000Z","time":"1899-12-30T00:00:00.000Z","event_type":"Reported Airstrike","actor":"Israel","site_type":"","siteStype":"","city":"Chaqra","province":"Bint Jbeil","country":"Lebanon","latitude":33.207402,"longitude":35.439172,"source_1":"https://t.me/alichoeib1970/15519","source_2":"","sources":""}},{"type":"Feature","geometry":{"type":"Point","coordinates":[35.32830199972164,33.15379999976207]},"properties":{"event_id":210,"data_org":"Green","post_date":"2026-03-06T00:00:00.000Z","pub_date":"2026-03-06T00:00:00.000Z","strikedate":"2026-03-06T00:00:00.000Z","time":"1899-12-30T00:00:00.000Z","event_type":"Reported Airstrike","actor":"Israel","site_type":"","siteStype":"","city":"Yater","province":"Bint Jbeil","country":"Lebanon","latitude":33.1538,"longitude":35.328302,"source_1":"https://t.me/alichoeib1970/15518","source_2":"","sources":""}},{"type":"Feature","geometry":{"type":"Point","coordinates":[35.50651999963005,33.841228999732415]},"properties":{"event_id":213,"data_org":"Green","post_date":"2026-03-06T00:00:00.000Z","pub_date":"2026-03-06T00:00:00.000Z","strikedate":"2026-03-06T00:00:00.000Z","time":"1899-12-30T00:00:00.000Z","event_type":"Confirmed Airstrike","actor":"Israel","site_type":"","siteStype":"","city":"Beirut","province":"Beirut","country":"Lebanon","latitude":33.841229,"longitude":35.50652,"source_1":"https://x.com/manniefabian/status/2029979385877381221?s=20","source_2":"https://x.com/idfonline/status/2029979311411744788?s=20","sources":""}},{"type":"Feature","geometry":{"type":"Point","coordinates":[35.50651999963005,33.841228999732415]},"properties":{"event_id":214,"data_org":"Green","post_date":"2026-03-06T00:00:00.000Z","pub_date":"2026-03-06T00:00:00.000Z","strikedate":"2026-03-06T00:00:00.000Z","time":"1899-12-30T00:00:00.000Z","event_type":"Confirmed Airstrike","actor":"Israel","site_type":"","siteStype":"","city":"Beirut","province":"Beirut","country":"Lebanon","latitude":33.841229,"longitude":35.50652,"source_1":"https://x.com/manniefabian/status/2029979385877381221?s=20","source_2":"https://x.com/idfonline/status/2029979311411744788?s=20","sources":""}},{"type":"Feature","geometry":{"type":"Point","coordinates":[35.50651999963005,33.841228999732415]},"properties":{"event_id":215,"data_org":"Green","post_date":"2026-03-06T00:00:00.000Z","pub_date":"2026-03-06T00:00:00.000Z","strikedate":"2026-03-06T00:00:00.000Z","time":"1899-12-30T00:00:00.000Z","event_type":"Confirmed Airstrike","actor":"Israel","site_type":"","siteStype":"","city":"Beirut","province":"Beirut","country":"Lebanon","latitude":33.841229,"longitude":35.50652,"source_1":"https://x.com/manniefabian/status/2029979385877381221?s=20","source_2":"https://x.com/idfonline/status/2029979311411744788?s=20","sources":""}},{"type":"Feature","geometry":{"type":"Point","coordinates":[35.50651999963005,33.841228999732415]},"properties":{"event_id":216,"data_org":"Green","post_date":"2026-03-06T00:00:00.000Z","pub_date":"2026-03-06T00:00:00.000Z","strikedate":"2026-03-06T00:00:00.000Z","time":"1899-12-30T00:00:00.000Z","event_type":"Confirmed Airstrike","actor":"Israel","site_type":"","siteStype":"","city":"Beirut","province":"Beirut","country":"Lebanon","latitude":33.841229,"longitude":35.50652,"source_1":"https://x.com/manniefabian/status/2029979385877381221?s=20","source_2":"https://x.com/idfonline/status/2029979311411744788?s=20","sources":""}},{"type":"Feature","geometry":{"type":"Point","coordinates":[35.51593200010304,33.485880000113596]},"properties":{"event_id":219,"data_org":"Green","post_date":"2026-03-06T00:00:00.000Z","pub_date":"2026-03-07T00:00:00.000Z","strikedate":"2026-03-06T00:00:00.000Z","time":"1899-12-30T00:00:00.000Z","event_type":"Reported Airstrike","actor":"Israel","site_type":"","siteStype":"","city":"Jbaa","province":"Nabatieh","country":"Lebanon","latitude":33.48588,"longitude":35.515932,"source_1":"https://t.me/alichoeib1970/15520","source_2":"","sources":""}},{"type":"Feature","geometry":{"type":"Point","coordinates":[35.397060000189086,33.28226400032506]},"properties":{"event_id":220,"data_org":"Green","post_date":"2026-03-06T00:00:00.000Z","pub_date":"2026-03-07T00:00:00.000Z","strikedate":"2026-03-06T00:00:00.000Z","time":"1899-12-30T00:00:00.000Z","event_type":"Reported Airstrike","actor":"Israel","site_type":"","siteStype":"","city":"Srifa","province":"Tyre","country":"Lebanon","latitude":33.282264,"longitude":35.39706,"source_1":"https://t.me/alichoeib1970/15521","source_2":"","sources":""}},{"type":"Feature","geometry":{"type":"Point","coordinates":[35.56755100014564,33.44439299979838]},"properties":{"event_id":221,"data_org":"Green","post_date":"2026-03-06T00:00:00.000Z","pub_date":"2026-03-07T00:00:00.000Z","strikedate":"2026-03-06T00:00:00.000Z","time":"1899-12-30T00:00:00.000Z","event_type":"Reported Airstrike","actor":"Israel","site_type":"","siteStype":"","city":"Rihan","province":"Jezzine","country":"Lebanon","latitude":33.444393,"longitude":35.567551,"source_1":"https://t.me/alichoeib1970/15536","source_2":"","sources":""}},{"type":"Feature","geometry":{"type":"Point","coordinates":[35.40445599970483,33.13575299994291]},"properties":{"event_id":222,"data_org":"Green","post_date":"2026-03-06T00:00:00.000Z","pub_date":"2026-03-07T00:00:00.000Z","strikedate":"2026-03-06T00:00:00.000Z","time":"1899-12-30T00:00:00.000Z","event_type":"Reported Airstrike","actor":"Israel","site_type":"","siteStype":"","city":"Tayri","province":"Bint Jbeil","country":"Lebanon","latitude":33.135753,"longitude":35.404456,"source_1":"https://t.me/alichoeib1970/15539","source_2":"","sources":""}},{"type":"Feature","geometry":{"type":"Point","coordinates":[35.28586199962522,33.29717199988752]},"properties":{"event_id":223,"data_org":"Green","post_date":"2026-03-07T00:00:00.000Z","pub_date":"2026-03-07T00:00:00.000Z","strikedate":"2026-03-07T00:00:00.000Z","time":"1899-12-30T00:00:00.000Z","event_type":"Reported Airstrike","actor":"Israel","site_type":"","siteStype":"","city":"Abbassiye","province":"Tyre","country":"Lebanon","latitude":33.297172,"longitude":35.285862,"source_1":"https://t.me/alichoeib1970/15542","source_2":"","sources":""}},{"type":"Feature","geometry":{"type":"Point","coordinates":[36.16288300020906,33.87308800033758]},"properties":{"event_id":225,"data_org":"Green","post_date":"2026-03-06T00:00:00.000Z","pub_date":"2026-03-07T00:00:00.000Z","strikedate":"2026-03-06T00:00:00.000Z","time":"1899-12-30T00:00:00.000Z","event_type":"Reported Airstrike","actor":"Israel","site_type":"","siteStype":"","city":"Khraibeh","province":"Baalbek","country":"Lebanon","latitude":33.873088,"longitude":36.162883,"source_1":"https://x.com/LebarmyOfficial/status/2030242823027454463","source_2":"","sources":""}},{"type":"Feature","geometry":{"type":"Point","coordinates":[35.51862199983145,33.2765850002122]},"properties":{"event_id":226,"data_org":"Green","post_date":"2026-03-06T00:00:00.000Z","pub_date":"2026-03-07T00:00:00.000Z","strikedate":"2026-03-06T00:00:00.000Z","time":"1899-12-30T00:00:00.000Z","event_type":"Reported Airstrike","actor":"Israel","site_type":"","siteStype":"","city":"Taybeh","province":"Marjaayoun","country":"Lebanon","latitude":33.276585,"longitude":35.518622,"source_1":"https://t.me/alichoeib1970/15539","source_2":"https://t.me/QudsN/671509","sources":""}},{"type":"Feature","geometry":{"type":"Point","coordinates":[35.437245999676875,33.12195800007302]},"properties":{"event_id":229,"data_org":"Green","post_date":"2026-03-07T00:00:00.000Z","pub_date":"2026-03-07T00:00:00.000Z","strikedate":"2026-03-07T00:00:00.000Z","time":"1899-12-30T00:00:00.000Z","event_type":"Reported Airstrike","actor":"Israel","site_type":"","siteStype":"","city":"Bint Jbeil","province":"Bint Jbeil","country":"Lebanon","latitude":33.121958,"longitude":35.437246,"source_1":"https://t.me/alichoeib1970/15546","source_2":"","sources":";  ;"}},{"type":"Feature","geometry":{"type":"Point","coordinates":[35.47726999968128,33.326331000243286]},"properties":{"event_id":230,"data_org":"Green","post_date":"2026-03-07T00:00:00.000Z","pub_date":"2026-03-07T00:00:00.000Z","strikedate":"2026-03-07T00:00:00.000Z","time":"1899-12-30T00:00:00.000Z","event_type":"Reported Airstrike","actor":"Israel","site_type":"","siteStype":"","city":"Zawtar El Charqiyeh","province":"Nabatieh","country":"Lebanon","latitude":33.326331,"longitude":35.47727,"source_1":"https://apnews.com/article/lebanon-israel-hezbollah-ron-arad-nabi-chit-9054b777cb2d853e9a58cd65a71adb12","source_2":"","sources":""}},{"type":"Feature","geometry":{"type":"Point","coordinates":[35.51733100039392,33.42936199988808]},"properties":{"event_id":231,"data_org":"Green","post_date":"2026-03-07T00:00:00.000Z","pub_date":"2026-03-07T00:00:00.000Z","strikedate":"2026-03-07T00:00:00.000Z","time":"1899-12-30T00:00:00.000Z","event_type":"Reported Airstrike","actor":"Israel","site_type":"","siteStype":"","city":"Arab Salim","province":"Tyre","country":"Lebanon","latitude":33.429362,"longitude":35.517331,"source_1":"https://apnews.com/article/lebanon-israel-hezbollah-ron-arad-nabi-chit-9054b777cb2d853e9a58cd65a71adb12","source_2":"","sources":""}},{"type":"Feature","geometry":{"type":"Point","coordinates":[35.440722000126065,33.36863400009993]},"properties":{"event_id":232,"data_org":"Green","post_date":"2026-03-07T00:00:00.000Z","pub_date":"2026-03-07T00:00:00.000Z","strikedate":"2026-03-07T00:00:00.000Z","time":"1899-12-30T00:00:00.000Z","event_type":"Reported Airstrike","actor":"Israel","site_type":"","siteStype":"","city":"Jibchit","province":"Nabatieh","country":"Lebanon","latitude":33.368634,"longitude":35.440722,"source_1":"https://apnews.com/article/lebanon-israel-hezbollah-ron-arad-nabi-chit-9054b777cb2d853e9a58cd65a71adb12","source_2":"https://t.me/QudsN/671544","sources":""}},{"type":"Feature","geometry":{"type":"Point","coordinates":[35.2219200003466,33.27617999971163]},"properties":{"event_id":233,"data_org":"Green","post_date":"2026-03-07T00:00:00.000Z","pub_date":"2026-03-07T00:00:00.000Z","strikedate":"2026-03-07T00:00:00.000Z","time":"1899-12-30T00:00:00.000Z","event_type":"Reported Airstrike","actor":"Israel","site_type":"","siteStype":"","city":"Tyre","province":"Tyre","country":"Lebanon","latitude":33.27618,"longitude":35.22192,"source_1":"https://x.com/manniefabian/status/2030278665074811029","source_2":"","sources":""}},{"type":"Feature","geometry":{"type":"Point","coordinates":[35.61480599980935,33.33020100011496]},"properties":{"event_id":235,"data_org":"Green","post_date":"2026-03-07T00:00:00.000Z","pub_date":"2026-03-07T00:00:00.000Z","strikedate":"2026-03-07T00:00:00.000Z","time":"1899-12-30T00:00:00.000Z","event_type":"Reported Airstrike","actor":"Israel","site_type":"","siteStype":"","city":"Khiam","province":"Marjaayoun","country":"Lebanon","latitude":33.330201,"longitude":35.614806,"source_1":"https://t.me/alichoeib1970/15548","source_2":"","sources":""}},{"type":"Feature","geometry":{"type":"Point","coordinates":[35.32830199972164,33.15379999976207]},"properties":{"event_id":236,"data_org":"Green","post_date":"2026-03-07T00:00:00.000Z","pub_date":"2026-03-07T00:00:00.000Z","strikedate":"2026-03-07T00:00:00.000Z","time":"1899-12-30T00:00:00.000Z","event_type":"Reported Airstrike","actor":"Israel","site_type":"","siteStype":"","city":"Yater","province":"Bint Jbeil","country":"Lebanon","latitude":33.1538,"longitude":35.328302,"source_1":"https://t.me/alichoeib1970/15548","source_2":"","sources":""}},{"type":"Feature","geometry":{"type":"Point","coordinates":[35.45886800030631,33.378256999644336]},"properties":{"event_id":237,"data_org":"Green","post_date":"2026-03-07T00:00:00.000Z","pub_date":"2026-03-07T00:00:00.000Z","strikedate":"2026-03-07T00:00:00.000Z","time":"1899-12-30T00:00:00.000Z","event_type":"Reported Airstrike","actor":"Israel","site_type":"","siteStype":"","city":"Zebdine","province":"Bint Jbeil","country":"Lebanon","latitude":33.378257,"longitude":35.458868,"source_1":"https://t.me/alichoeib1970/15549","source_2":"","sources":""}},{"type":"Feature","geometry":{"type":"Point","coordinates":[35.499729000186804,33.29202099966303]},"properties":{"event_id":238,"data_org":"Green","post_date":"2026-03-07T00:00:00.000Z","pub_date":"2026-03-07T00:00:00.000Z","strikedate":"2026-03-07T00:00:00.000Z","time":"1899-12-30T00:00:00.000Z","event_type":"Reported Airstrike","actor":"Israel","site_type":"","siteStype":"","city":"Deir Seryan","province":"Marjaayoun","country":"Lebanon","latitude":33.292021,"longitude":35.499729,"source_1":"https://t.me/alichoeib1970/15550","source_2":"","sources":""}},{"type":"Feature","geometry":{"type":"Point","coordinates":[35.52649699992131,33.329703999903344]},"properties":{"event_id":239,"data_org":"Green","post_date":"2026-03-07T00:00:00.000Z","pub_date":"2026-03-07T00:00:00.000Z","strikedate":"2026-03-07T00:00:00.000Z","time":"1899-12-30T00:00:00.000Z","event_type":"Reported Airstrike","actor":"Israel","site_type":"","siteStype":"","city":"Arnoun","province":"Nabatieh","country":"Lebanon","latitude":33.329704,"longitude":35.526497,"source_1":"https://t.me/alichoeib1970/15550","source_2":"","sources":""}},{"type":"Feature","geometry":{"type":"Point","coordinates":[35.42552400031539,33.2299569998727]},"properties":{"event_id":240,"data_org":"Green","post_date":"2026-03-07T00:00:00.000Z","pub_date":"2026-03-07T00:00:00.000Z","strikedate":"2026-03-07T00:00:00.000Z","time":"1899-12-30T00:00:00.000Z","event_type":"Reported Airstrike","actor":"Israel","site_type":"","siteStype":"","city":"Kherbet Selem","province":"Bint Jbeil","country":"Lebanon","latitude":33.229957,"longitude":35.425524,"source_1":"https://t.me/alichoeib1970/15550","source_2":"","sources":""}},{"type":"Feature","geometry":{"type":"Point","coordinates":[35.35428199998386,33.37875999988139]},"properties":{"event_id":241,"data_org":"Green","post_date":"2026-03-07T00:00:00.000Z","pub_date":"2026-03-07T00:00:00.000Z","strikedate":"2026-03-07T00:00:00.000Z","time":"1899-12-30T00:00:00.000Z","event_type":"Reported Airstrike","actor":"Israel","site_type":"","siteStype":"","city":"Insar","province":"Nabatieh","country":"Lebanon","latitude":33.37876,"longitude":35.354282,"source_1":"https://t.me/alichoeib1970/15553","source_2":"","sources":""}},{"type":"Feature","geometry":{"type":"Point","coordinates":[35.44034700020734,33.234305000024676]},"properties":{"event_id":242,"data_org":"Green","post_date":"2026-03-07T00:00:00.000Z","pub_date":"2026-03-07T00:00:00.000Z","strikedate":"2026-03-07T00:00:00.000Z","time":"1899-12-30T00:00:00.000Z","event_type":"Reported Airstrike","actor":"Israel","site_type":"","siteStype":"","city":"Souaneh","province":"Bint Jbeil","country":"Lebanon","latitude":33.234305,"longitude":35.440347,"source_1":"https://t.me/alichoeib1970/15554","source_2":"","sources":""}},{"type":"Feature","geometry":{"type":"Point","coordinates":[35.40716200022508,33.386272999641655]},"properties":{"event_id":244,"data_org":"Green","post_date":"2026-03-07T00:00:00.000Z","pub_date":"2026-03-07T00:00:00.000Z","strikedate":"2026-03-07T00:00:00.000Z","time":"1899-12-30T00:00:00.000Z","event_type":"Reported Airstrike","actor":"Israel","site_type":"","siteStype":"","city":"Doueir","province":"Nabatieh","country":"Lebanon","latitude":33.386273,"longitude":35.407162,"source_1":"https://t.me/alichoeib1970/15557","source_2":"","sources":""}},{"type":"Feature","geometry":{"type":"Point","coordinates":[35.367544999926444,33.382116999996946]},"properties":{"event_id":245,"data_org":"Green","post_date":"2026-03-07T00:00:00.000Z","pub_date":"2026-03-07T00:00:00.000Z","strikedate":"2026-03-07T00:00:00.000Z","time":"1899-12-30T00:00:00.000Z","event_type":"Reported Airstrike","actor":"Israel","site_type":"","siteStype":"","city":"Sinai","province":"Nabatieh","country":"Lebanon","latitude":33.382117,"longitude":35.367545,"source_1":"https://t.me/alichoeib1970/15557","source_2":"","sources":";  ;"}},{"type":"Feature","geometry":{"type":"Point","coordinates":[35.441102999892564,33.20670899977752]},"properties":{"event_id":246,"data_org":"Green","post_date":"2026-03-07T00:00:00.000Z","pub_date":"2026-03-08T00:00:00.000Z","strikedate":"2026-03-07T00:00:00.000Z","time":"1899-12-30T00:00:00.000Z","event_type":"Reported Airstrike","actor":"Israel","site_type":"","siteStype":"","city":"Jmeijmeh","province":"Bint Jbeil","country":"Lebanon","latitude":33.206709,"longitude":35.441103,"source_1":"https://t.me/alichoeib1970/15565","source_2":"","sources":""}},{"type":"Feature","geometry":{"type":"Point","coordinates":[35.468496999615965,33.11578600008428]},"properties":{"event_id":247,"data_org":"Green","post_date":"2026-03-07T00:00:00.000Z","pub_date":"2026-03-08T00:00:00.000Z","strikedate":"2026-03-07T00:00:00.000Z","time":"1899-12-30T00:00:00.000Z","event_type":"Reported Airstrike","actor":"Israel","site_type":"","siteStype":"","city":"Aitaroun","province":"Nabatieh","country":"Lebanon","latitude":33.115786,"longitude":35.468497,"source_1":"https://t.me/alichoeib1970/15569","source_2":"","sources":""}},{"type":"Feature","geometry":{"type":"Point","coordinates":[36.582596999680774,34.50778300035358]},"properties":{"event_id":248,"data_org":"Green","post_date":"2026-03-07T00:00:00.000Z","pub_date":"2026-03-08T00:00:00.000Z","strikedate":"2026-03-07T00:00:00.000Z","time":"1899-12-30T00:00:00.000Z","event_type":"Reported Airstrike","actor":"Israel","site_type":"","siteStype":"","city":"Al Qusayr","province":"Homs","country":"Syria","latitude":34.507783,"longitude":36.582597,"source_1":"https://t.me/alichoeib1970/15573","source_2":"","sources":""}},{"type":"Feature","geometry":{"type":"Point","coordinates":[35.47781500037763,33.410828999830564]},"properties":{"event_id":249,"data_org":"Green","post_date":"2026-03-07T00:00:00.000Z","pub_date":"2026-03-08T00:00:00.000Z","strikedate":"2026-03-07T00:00:00.000Z","time":"1899-12-30T00:00:00.000Z","event_type":"Reported Airstrike","actor":"Israel","site_type":"","siteStype":"","city":"Haboush","province":"Nabatieh","country":"Lebanon","latitude":33.410829,"longitude":35.477815,"source_1":"https://t.me/alichoeib1970/15579","source_2":"","sources":""}},{"type":"Feature","geometry":{"type":"Point","coordinates":[35.49192400041714,33.371403000344685]},"properties":{"event_id":250,"data_org":"Green","post_date":"2026-03-07T00:00:00.000Z","pub_date":"2026-03-08T00:00:00.000Z","strikedate":"2026-03-07T00:00:00.000Z","time":"1899-12-30T00:00:00.000Z","event_type":"Reported Airstrike","actor":"Israel","site_type":"","siteStype":"","city":"Road between Nabatieh and Nabatieh al Fawqa","province":"Nabatieh","country":"Lebanon","latitude":33.371403,"longitude":35.491924,"source_1":"https://t.me/alichoeib1970/15583","source_2":"https://t.me/alichoeib1970/15580","sources":""}},{"type":"Feature","geometry":{"type":"Point","coordinates":[35.37094799968238,33.43243300001998]},"properties":{"event_id":251,"data_org":"Green","post_date":"2026-03-07T00:00:00.000Z","pub_date":"2026-03-08T00:00:00.000Z","strikedate":"2026-03-07T00:00:00.000Z","time":"1899-12-30T00:00:00.000Z","event_type":"Reported Airstrike","actor":"Israel","site_type":"","siteStype":"","city":"Tefahta","province":"Sidon","country":"Lebanon","latitude":33.432433,"longitude":35.370948,"source_1":"https://t.me/alichoeib1970/15584","source_2":"","sources":""}},{"type":"Feature","geometry":{"type":"Point","coordinates":[35.43556199987896,33.3662830001292]},"properties":{"event_id":252,"data_org":"Green","post_date":"2026-03-07T00:00:00.000Z","pub_date":"2026-03-08T00:00:00.000Z","strikedate":"2026-03-07T00:00:00.000Z","time":"1899-12-30T00:00:00.000Z","event_type":"Reported Airstrike","actor":"Israel","site_type":"","siteStype":"","city":"Jebchit","province":"Nabatieh","country":"Lebanon","latitude":33.366283,"longitude":35.435562,"source_1":"https://t.me/alichoeib1970/15586","source_2":"","sources":""}},{"type":"Feature","geometry":{"type":"Point","coordinates":[35.47781500037763,33.410828999830564]},"properties":{"event_id":253,"data_org":"Green","post_date":"2026-03-07T00:00:00.000Z","pub_date":"2026-03-08T00:00:00.000Z","strikedate":"2026-03-07T00:00:00.000Z","time":"1899-12-30T00:00:00.000Z","event_type":"Reported Airstrike","actor":"Israel","site_type":"","siteStype":"","city":"Haboush","province":"Nabatieh","country":"Lebanon","latitude":33.410829,"longitude":35.477815,"source_1":"https://t.me/alichoeib1970/15586","source_2":"","sources":""}},{"type":"Feature","geometry":{"type":"Point","coordinates":[35.50088900010307,33.388398000038556]},"properties":{"event_id":254,"data_org":"Green","post_date":"2026-03-07T00:00:00.000Z","pub_date":"2026-03-08T00:00:00.000Z","strikedate":"2026-03-07T00:00:00.000Z","time":"1899-12-30T00:00:00.000Z","event_type":"Reported Airstrike","actor":"Israel","site_type":"","siteStype":"","city":"Kfar Reman","province":"Nabatieh","country":"Lebanon","latitude":33.388398,"longitude":35.500889,"source_1":"https://t.me/alichoeib1970/15589","source_2":"https://t.me/alichoeib1970/15590","sources":""}},{"type":"Feature","geometry":{"type":"Point","coordinates":[35.47291000039866,33.89166299972419]},"properties":{"event_id":255,"data_org":"Green","post_date":"2026-03-07T00:00:00.000Z","pub_date":"2026-03-08T00:00:00.000Z","strikedate":"2026-03-07T00:00:00.000Z","time":"1899-12-30T00:00:00.000Z","event_type":"Confirmed Airstrike","actor":"Israel","site_type":"","siteStype":"","city":"Beirut","province":"Beirut","country":"Lebanon","latitude":33.891663,"longitude":35.47291,"source_1":"https://www.timesofisrael.com/liveblog_entry/idf-says-it-hit-key-commanders-of-irans-revolutionary-guards-in-beirut/","source_2":"https://x.com/MarioLeb79/status/2030428618103374018","sources":"https://x.com/ariel_oseran/status/2030430383557275748; https://maps.app.goo.gl/dVtEbU4brsP94hG18; https://x.com/will_christou/status/2030430761539477988"}},{"type":"Feature","geometry":{"type":"Point","coordinates":[35.36504699981867,33.32161200019243]},"properties":{"event_id":256,"data_org":"Green","post_date":"2026-03-08T00:00:00.000Z","pub_date":"2026-03-08T00:00:00.000Z","strikedate":"2026-03-08T00:00:00.000Z","time":"1899-12-30T00:00:00.000Z","event_type":"Reported Airstrike","actor":"Israel","site_type":"","siteStype":"","city":"Seer al Gharbiya","province":"Nabatiyeh","country":"Lebanon","latitude":33.321612,"longitude":35.365047,"source_1":"https://x.com/FaytuksNetwork/status/2030549436573659196","source_2":"https://x.com/MayadeenEnglish/status/2030573766556696827","sources":""}},{"type":"Feature","geometry":{"type":"Point","coordinates":[35.520016999924366,33.27651400025284]},"properties":{"event_id":257,"data_org":"Green","post_date":"2026-03-08T00:00:00.000Z","pub_date":"2026-03-08T00:00:00.000Z","strikedate":"2026-03-08T00:00:00.000Z","time":"1899-12-30T00:00:00.000Z","event_type":"Reported Airstrike","actor":"Israel","site_type":"","siteStype":"","city":"Taybeh","province":"Marjaayoun","country":"Lebanon","latitude":33.276514,"longitude":35.520017,"source_1":"https://t.me/alichoeib1970/15591","source_2":"","sources":""}},{"type":"Feature","geometry":{"type":"Point","coordinates":[35.465133000218096,33.252578999812805]},"properties":{"event_id":259,"data_org":"Green","post_date":"2026-03-08T00:00:00.000Z","pub_date":"2026-03-08T00:00:00.000Z","strikedate":"2026-03-08T00:00:00.000Z","time":"1899-12-30T00:00:00.000Z","event_type":"Reported Airstrike","actor":"Israel","site_type":"","siteStype":"","city":"Qabrikha","province":"Marjaayoun","country":"Lebanon","latitude":33.252579,"longitude":35.465133,"source_1":"https://t.me/alichoeib1970/15592","source_2":"","sources":""}},{"type":"Feature","geometry":{"type":"Point","coordinates":[35.46601199992698,33.22242000028174]},"properties":{"event_id":260,"data_org":"Green","post_date":"2026-03-08T00:00:00.000Z","pub_date":"2026-03-08T00:00:00.000Z","strikedate":"2026-03-08T00:00:00.000Z","time":"1899-12-30T00:00:00.000Z","event_type":"Reported Airstrike","actor":"Israel","site_type":"","siteStype":"","city":"Majdel Selm","province":"Bint Jbeil","country":"Lebanon","latitude":33.22242,"longitude":35.466012,"source_1":"https://t.me/alichoeib1970/15592","source_2":"","sources":";  ;"}},{"type":"Feature","geometry":{"type":"Point","coordinates":[35.37803399957673,33.54385300008483]},"properties":{"event_id":263,"data_org":"Green","post_date":"2026-03-08T00:00:00.000Z","pub_date":"2026-03-08T00:00:00.000Z","strikedate":"2026-03-08T00:00:00.000Z","time":"1899-12-30T00:00:00.000Z","event_type":"Reported Airstrike","actor":"Israel","site_type":"","siteStype":"","city":"Ain al Hilweh","province":"","country":"Lebanon","latitude":33.543853,"longitude":35.378034,"source_1":"https://t.me/alichoeib1970/15593","source_2":"","sources":""}},{"type":"Feature","geometry":{"type":"Point","coordinates":[35.40716200022508,33.386272999641655]},"properties":{"event_id":264,"data_org":"Green","post_date":"2026-03-08T00:00:00.000Z","pub_date":"2026-03-08T00:00:00.000Z","strikedate":"2026-03-08T00:00:00.000Z","time":"1899-12-30T00:00:00.000Z","event_type":"Reported Airstrike","actor":"Israel","site_type":"","siteStype":"","city":"Duwayr","province":"","country":"Lebanon","latitude":33.386273,"longitude":35.407162,"source_1":"https://t.me/alichoeib1970/15594","source_2":"","sources":""}},{"type":"Feature","geometry":{"type":"Point","coordinates":[35.18102900032888,33.103842999888116]},"properties":{"event_id":265,"data_org":"Green","post_date":"2026-03-08T00:00:00.000Z","pub_date":"2026-03-08T00:00:00.000Z","strikedate":"2026-03-08T00:00:00.000Z","time":"1899-12-30T00:00:00.000Z","event_type":"Reported Airstrike","actor":"Israel","site_type":"","siteStype":"","city":"Alma al Shaab","province":"","country":"Lebanon","latitude":33.103843,"longitude":35.181029,"source_1":"https://t.me/alichoeib1970/15595","source_2":"","sources":""}},{"type":"Feature","geometry":{"type":"Point","coordinates":[35.445621000257255,33.38946599998313]},"properties":{"event_id":266,"data_org":"Green","post_date":"2026-03-08T00:00:00.000Z","pub_date":"2026-03-08T00:00:00.000Z","strikedate":"2026-03-08T00:00:00.000Z","time":"1899-12-30T00:00:00.000Z","event_type":"Reported Airstrike","actor":"Israel","site_type":"","siteStype":"","city":"Toul","province":"","country":"Lebanon","latitude":33.389466,"longitude":35.445621,"source_1":"https://t.me/alichoeib1970/15596","source_2":"","sources":""}},{"type":"Feature","geometry":{"type":"Point","coordinates":[35.513478000376196,33.35350999988613]},"properties":{"event_id":267,"data_org":"Green","post_date":"2026-03-08T00:00:00.000Z","pub_date":"2026-03-08T00:00:00.000Z","strikedate":"2026-03-08T00:00:00.000Z","time":"1899-12-30T00:00:00.000Z","event_type":"Reported Airstrike","actor":"Israel","site_type":"","siteStype":"","city":"Kfar Tebnit","province":"","country":"Lebanon","latitude":33.35351,"longitude":35.513478,"source_1":"https://t.me/alichoeib1970/15596","source_2":"","sources":""}},{"type":"Feature","geometry":{"type":"Point","coordinates":[35.33247600012973,33.13393399972447]},"properties":{"event_id":268,"data_org":"Green","post_date":"2026-03-08T00:00:00.000Z","pub_date":"2026-03-08T00:00:00.000Z","strikedate":"2026-03-08T00:00:00.000Z","time":"1899-12-30T00:00:00.000Z","event_type":"Reported Airstrike","actor":"Israel","site_type":"","siteStype":"","city":"Beit Leef","province":"","country":"Lebanon","latitude":33.133934,"longitude":35.332476,"source_1":"https://t.me/alichoeib1970/15597","source_2":"","sources":""}},{"type":"Feature","geometry":{"type":"Point","coordinates":[35.61480599980935,33.33020100011496]},"properties":{"event_id":271,"data_org":"Green","post_date":"2026-03-08T00:00:00.000Z","pub_date":"2026-03-08T00:00:00.000Z","strikedate":"2026-03-08T00:00:00.000Z","time":"1899-12-30T00:00:00.000Z","event_type":"Reported Airstrike","actor":"Israel","site_type":"","siteStype":"","city":"Khiam","province":"","country":"Lebanon","latitude":33.330201,"longitude":35.614806,"source_1":"https://t.me/alichoeib1970/15598","source_2":"","sources":""}},{"type":"Feature","geometry":{"type":"Point","coordinates":[35.470800999554996,33.192898999992664]},"properties":{"event_id":272,"data_org":"Green","post_date":"2026-03-08T00:00:00.000Z","pub_date":"2026-03-08T00:00:00.000Z","strikedate":"2026-03-08T00:00:00.000Z","time":"1899-12-30T00:00:00.000Z","event_type":"Reported Airstrike","actor":"Israel","site_type":"","siteStype":"","city":"Chaqra","province":"","country":"Lebanon","latitude":33.192899,"longitude":35.470801,"source_1":"https://t.me/alichoeib1970/15598","source_2":"","sources":""}},{"type":"Feature","geometry":{"type":"Point","coordinates":[35.478454999711914,33.35017099989022]},"properties":{"event_id":273,"data_org":"Green","post_date":"2026-03-08T00:00:00.000Z","pub_date":"2026-03-08T00:00:00.000Z","strikedate":"2026-03-08T00:00:00.000Z","time":"1899-12-30T00:00:00.000Z","event_type":"Reported Airstrike","actor":"Israel","site_type":"","siteStype":"","city":"Maifadoun","province":"","country":"Lebanon","latitude":33.350171,"longitude":35.478455,"source_1":"https://t.me/alichoeib1970/15598","source_2":"","sources":""}},{"type":"Feature","geometry":{"type":"Point","coordinates":[35.46400400026396,33.25201499969977]},"properties":{"event_id":274,"data_org":"Green","post_date":"2026-03-08T00:00:00.000Z","pub_date":"2026-03-08T00:00:00.000Z","strikedate":"2026-03-08T00:00:00.000Z","time":"1899-12-30T00:00:00.000Z","event_type":"Reported Airstrike","actor":"Israel","site_type":"","siteStype":"","city":"Qabrikha","province":"","country":"Lebanon","latitude":33.252015,"longitude":35.464004,"source_1":"https://t.me/alichoeib1970/15599","source_2":"","sources":";  ;"}},{"type":"Feature","geometry":{"type":"Point","coordinates":[35.599198999744765,33.3718390001643]},"properties":{"event_id":275,"data_org":"Green","post_date":"2026-03-08T00:00:00.000Z","pub_date":"2026-03-09T00:00:00.000Z","strikedate":"2026-03-08T00:00:00.000Z","time":"1899-12-30T00:00:00.000Z","event_type":"Reported Airstrike","actor":"Israel","site_type":"","siteStype":"","city":"Dibbine","province":"Marjaayoun","country":"Lebanon","latitude":33.371839,"longitude":35.599199,"source_1":"https://t.me/alichoeib1970/15602","source_2":"","sources":"https://t.me/mehrnews/357458"}},{"type":"Feature","geometry":{"type":"Point","coordinates":[35.39683699970801,33.44835499972329]},"properties":{"event_id":276,"data_org":"Green","post_date":"2026-03-08T00:00:00.000Z","pub_date":"2026-03-09T00:00:00.000Z","strikedate":"2026-03-08T00:00:00.000Z","time":"1899-12-30T00:00:00.000Z","event_type":"Reported Airstrike","actor":"Israel","site_type":"","siteStype":"","city":"Zefta","province":"Nabatieh","country":"Lebanon","latitude":33.448355,"longitude":35.396837,"source_1":"https://t.me/alichoeib1970/15605","source_2":"","sources":""}},{"type":"Feature","geometry":{"type":"Point","coordinates":[35.478454999711914,33.35017099989022]},"properties":{"event_id":277,"data_org":"Green","post_date":"2026-03-08T00:00:00.000Z","pub_date":"2026-03-09T00:00:00.000Z","strikedate":"2026-03-08T00:00:00.000Z","time":"1899-12-30T00:00:00.000Z","event_type":"Reported Airstrike","actor":"Israel","site_type":"","siteStype":"","city":"Maifadoun","province":"Nabatieh","country":"Lebanon","latitude":33.350171,"longitude":35.478455,"source_1":"https://t.me/alichoeib1970/15608","source_2":"","sources":""}},{"type":"Feature","geometry":{"type":"Point","coordinates":[35.338207999939044,33.238665000124236]},"properties":{"event_id":278,"data_org":"Green","post_date":"2026-03-08T00:00:00.000Z","pub_date":"2026-03-09T00:00:00.000Z","strikedate":"2026-03-08T00:00:00.000Z","time":"1899-12-30T00:00:00.000Z","event_type":"Reported Airstrike","actor":"Israel","site_type":"","siteStype":"","city":"Jouaiyya","province":"Tyre","country":"Lebanon","latitude":33.238665,"longitude":35.338208,"source_1":"https://t.me/alichoeib1970/15609","source_2":"","sources":""}},{"type":"Feature","geometry":{"type":"Point","coordinates":[35.44328299998303,33.377714000068984]},"properties":{"event_id":279,"data_org":"Green","post_date":"2026-03-08T00:00:00.000Z","pub_date":"2026-03-09T00:00:00.000Z","strikedate":"2026-03-08T00:00:00.000Z","time":"1899-12-30T00:00:00.000Z","event_type":"Reported Airstrike","actor":"Israel","site_type":"","siteStype":"","city":"Harouf","province":"Nabatieh","country":"Lebanon","latitude":33.377714,"longitude":35.443283,"source_1":"https://t.me/alichoeib1970/15610","source_2":"","sources":""}},{"type":"Feature","geometry":{"type":"Point","coordinates":[35.28099299963125,33.274932000017564]},"properties":{"event_id":280,"data_org":"Green","post_date":"2026-03-08T00:00:00.000Z","pub_date":"2026-03-09T00:00:00.000Z","strikedate":"2026-03-08T00:00:00.000Z","time":"1899-12-30T00:00:00.000Z","event_type":"Reported Airstrike","actor":"Israel","site_type":"","siteStype":"","city":"Tayr Debba","province":"Tyre","country":"Lebanon","latitude":33.274932,"longitude":35.280993,"source_1":"https://t.me/alichoeib1970/15622","source_2":"https://t.me/alichoeib1970/15628","sources":""}},{"type":"Feature","geometry":{"type":"Point","coordinates":[35.41759300014904,33.25505999966909]},"properties":{"event_id":281,"data_org":"Green","post_date":"2026-03-08T00:00:00.000Z","pub_date":"2026-03-09T00:00:00.000Z","strikedate":"2026-03-08T00:00:00.000Z","time":"1899-12-30T00:00:00.000Z","event_type":"Reported Airstrike","actor":"Israel","site_type":"","siteStype":"","city":"Qalaouiye","province":"Bint Jbeil","country":"Lebanon","latitude":33.25506,"longitude":35.417593,"source_1":"https://t.me/alichoeib1970/15626","source_2":"","sources":""}},{"type":"Feature","geometry":{"type":"Point","coordinates":[35.338207999939044,33.238665000124236]},"properties":{"event_id":282,"data_org":"Green","post_date":"2026-03-08T00:00:00.000Z","pub_date":"2026-03-09T00:00:00.000Z","strikedate":"2026-03-08T00:00:00.000Z","time":"1899-12-30T00:00:00.000Z","event_type":"Reported Airstrike","actor":"Israel","site_type":"","siteStype":"","city":"Jouaiyya","province":"Tyre","country":"Lebanon","latitude":33.238665,"longitude":35.338208,"source_1":"https://t.me/alichoeib1970/15626","source_2":"https://t.me/alichoeib1970/15628","sources":""}},{"type":"Feature","geometry":{"type":"Point","coordinates":[35.428794000001936,33.29500999989284]},"properties":{"event_id":283,"data_org":"Green","post_date":"2026-03-08T00:00:00.000Z","pub_date":"2026-03-09T00:00:00.000Z","strikedate":"2026-03-08T00:00:00.000Z","time":"1899-12-30T00:00:00.000Z","event_type":"Reported Airstrike","actor":"Israel","site_type":"","siteStype":"","city":"Froun","province":"Bint Jbeil","country":"Lebanon","latitude":33.29501,"longitude":35.428794,"source_1":"https://t.me/alichoeib1970/15630","source_2":"","sources":""}},{"type":"Feature","geometry":{"type":"Point","coordinates":[35.36869999981985,33.11975000027921]},"properties":{"event_id":284,"data_org":"Green","post_date":"2026-03-08T00:00:00.000Z","pub_date":"2026-03-09T00:00:00.000Z","strikedate":"2026-03-08T00:00:00.000Z","time":"1899-12-30T00:00:00.000Z","event_type":"Reported Airstrike","actor":"Israel","site_type":"","siteStype":"","city":"Dabaal","province":"Bint Jbeil","country":"Lebanon","latitude":33.11975,"longitude":35.3687,"source_1":"https://t.me/alichoeib1970/15631","source_2":"","sources":""}},{"type":"Feature","geometry":{"type":"Point","coordinates":[35.52024399970509,33.85652299976361]},"properties":{"event_id":286,"data_org":"Green","post_date":"2026-03-09T00:00:00.000Z","pub_date":"2026-03-09T00:00:00.000Z","strikedate":"2026-03-09T00:00:00.000Z","time":"1899-12-30T00:00:00.000Z","event_type":"Reported Airstrike","actor":"Israel","site_type":"","siteStype":"","city":"Haret Hreik","province":"Beirut","country":"Lebanon","latitude":33.856523,"longitude":35.520244,"source_1":"https://x.com/manniefabian/status/2030927023808393570?s=20","source_2":"https://x.com/EndlessWint_r/status/2030934371381756281?s=20","sources":"https://x.com/EndlessWint_r/status/2030934104267493469?s=20; https://x.com/Osint613/status/2030929776769208651?s=20; https://x.com/Osint613/status/2030902140491768018?s=20; https://x.com/idfonline/status/2030926924113957212?s=20; https://x.com/JoeTruzman"}},{"type":"Feature","geometry":{"type":"Point","coordinates":[35.438071999682315,33.149954999760496]},"properties":{"event_id":287,"data_org":"Green","post_date":"2026-03-09T00:00:00.000Z","pub_date":"2026-03-09T00:00:00.000Z","strikedate":"2026-03-09T00:00:00.000Z","time":"1899-12-30T00:00:00.000Z","event_type":"Reported Airstrike","actor":"Israel","site_type":"","siteStype":"","city":"Kounine","province":"Bint Jbeil","country":"Lebanon","latitude":33.149955,"longitude":35.438072,"source_1":"https://t.me/alichoeib1970/15634","source_2":"","sources":""}},{"type":"Feature","geometry":{"type":"Point","coordinates":[35.46400400026396,33.25201499969977]},"properties":{"event_id":288,"data_org":"Green","post_date":"2026-03-09T00:00:00.000Z","pub_date":"2026-03-09T00:00:00.000Z","strikedate":"2026-03-09T00:00:00.000Z","time":"1899-12-30T00:00:00.000Z","event_type":"Reported Airstrike","actor":"Israel","site_type":"","siteStype":"","city":"Qabrikha","province":"Marjaayoun","country":"Lebanon","latitude":33.252015,"longitude":35.464004,"source_1":"https://t.me/alichoeib1970/15636","source_2":"","sources":""}},{"type":"Feature","geometry":{"type":"Point","coordinates":[35.499729000186804,33.29202099966303]},"properties":{"event_id":289,"data_org":"Green","post_date":"2026-03-09T00:00:00.000Z","pub_date":"2026-03-09T00:00:00.000Z","strikedate":"2026-03-09T00:00:00.000Z","time":"1899-12-30T00:00:00.000Z","event_type":"Reported Airstrike","actor":"Israel","site_type":"","siteStype":"","city":"Deir Seryan","province":"Marjaayoun","country":"Lebanon","latitude":33.292021,"longitude":35.499729,"source_1":"https://t.me/alichoeib1970/15636","source_2":"","sources":""}},{"type":"Feature","geometry":{"type":"Point","coordinates":[35.279711000414565,33.27510400020725]},"properties":{"event_id":290,"data_org":"Green","post_date":"2026-03-09T00:00:00.000Z","pub_date":"2026-03-09T00:00:00.000Z","strikedate":"2026-03-09T00:00:00.000Z","time":"1899-12-30T00:00:00.000Z","event_type":"Reported Airstrike","actor":"Israel","site_type":"","siteStype":"","city":"Tayr Debba","province":"Tyre","country":"Lebanon","latitude":33.275104,"longitude":35.279711,"source_1":"https://x.com/Osint613/status/2030961840738488718?s=20","source_2":"https://x.com/EndlessWint_r/status/2030967022993985927?s=20","sources":"https://x.com/EndlessWint_r/status/2030966532155548023?s=20"}},{"type":"Feature","geometry":{"type":"Point","coordinates":[35.33872000012512,33.12185400001193]},"properties":{"event_id":291,"data_org":"Green","post_date":"2026-03-09T00:00:00.000Z","pub_date":"2026-03-09T00:00:00.000Z","strikedate":"2026-03-09T00:00:00.000Z","time":"1899-12-30T00:00:00.000Z","event_type":"Confirmed Airstrike","actor":"Israel","site_type":"","siteStype":"","city":"Qouzeh","province":"Bint Jbeil","country":"Lebanon","latitude":33.121854,"longitude":35.33872,"source_1":"https://x.com/Me1Ray/status/2030978496525381699","source_2":"","sources":""}},{"type":"Feature","geometry":{"type":"Point","coordinates":[35.48074100010759,33.38341000005236]},"properties":{"event_id":292,"data_org":"Green","post_date":"2026-03-09T00:00:00.000Z","pub_date":"2026-03-09T00:00:00.000Z","strikedate":"2026-03-09T00:00:00.000Z","time":"1899-12-30T00:00:00.000Z","event_type":"Report of Explosion with Footage","actor":"Israel","site_type":"","siteStype":"","city":"Nabatieh","province":"Nabatieh","country":"Lebanon","latitude":33.38341,"longitude":35.480741,"source_1":"https://x.com/Zeldamices/status/2030963523438694401?s=20","source_2":"https://x.com/Zeldamices/status/2030963972833214698?s=20","sources":""}},{"type":"Feature","geometry":{"type":"Point","coordinates":[35.33247600012973,33.13393399972447]},"properties":{"event_id":294,"data_org":"Green","post_date":"2026-03-09T00:00:00.000Z","pub_date":"2026-03-09T00:00:00.000Z","strikedate":"2026-03-09T00:00:00.000Z","time":"1899-12-30T00:00:00.000Z","event_type":"Reported Airstrike","actor":"Israel","site_type":"","siteStype":"","city":"Beit Leef","province":"Bint Jbeil","country":"Lebanon","latitude":33.133934,"longitude":35.332476,"source_1":"https://t.me/alichoeib1970/15637","source_2":"","sources":""}},{"type":"Feature","geometry":{"type":"Point","coordinates":[35.520016999924366,33.27651400025284]},"properties":{"event_id":296,"data_org":"Green","post_date":"2026-03-09T00:00:00.000Z","pub_date":"2026-03-09T00:00:00.000Z","strikedate":"2026-03-09T00:00:00.000Z","time":"1899-12-30T00:00:00.000Z","event_type":"Ground Activity","actor":"Israel","site_type":"","siteStype":"","city":"Taybeh","province":"Marjaayoun","country":"Lebanon","latitude":33.276514,"longitude":35.520017,"source_1":"https://t.me/alichoeib1970/15640","source_2":"","sources":""}},{"type":"Feature","geometry":{"type":"Point","coordinates":[35.40660499983316,33.185523000220286]},"properties":{"event_id":297,"data_org":"Green","post_date":"2026-03-09T00:00:00.000Z","pub_date":"2026-03-09T00:00:00.000Z","strikedate":"2026-03-09T00:00:00.000Z","time":"1899-12-30T00:00:00.000Z","event_type":"Reported Airstrike","actor":"Israel","site_type":"","siteStype":"","city":"Beit Yahoun-Tibnine Road","province":"Bint Jbeil","country":"Lebanon","latitude":33.185523,"longitude":35.406605,"source_1":"https://t.me/alichoeib1970/15641","source_2":"","sources":""}},{"type":"Feature","geometry":{"type":"Point","coordinates":[35.39242499964854,33.184289000307295]},"properties":{"event_id":299,"data_org":"Green","post_date":"2026-03-09T00:00:00.000Z","pub_date":"2026-03-09T00:00:00.000Z","strikedate":"2026-03-09T00:00:00.000Z","time":"1899-12-30T00:00:00.000Z","event_type":"Reported Airstrike","actor":"Israel","site_type":"","siteStype":"","city":"Between Tibnine and Haris","province":"Bint Jbeil","country":"Lebanon","latitude":33.184289,"longitude":35.392425,"source_1":"https://t.me/alichoeib1970/15642","source_2":"","sources":""}},{"type":"Feature","geometry":{"type":"Point","coordinates":[35.338207999939044,33.238665000124236]},"properties":{"event_id":300,"data_org":"Green","post_date":"2026-03-09T00:00:00.000Z","pub_date":"2026-03-09T00:00:00.000Z","strikedate":"2026-03-09T00:00:00.000Z","time":"1899-12-30T00:00:00.000Z","event_type":"Reported Airstrike","actor":"Israel","site_type":"","siteStype":"","city":"Jouaiyya","province":"Tyre","country":"Lebanon","latitude":33.238665,"longitude":35.338208,"source_1":"https://t.me/alichoeib1970/15643","source_2":"","sources":""}},{"type":"Feature","geometry":{"type":"Point","coordinates":[36.38717099975054,34.39687400023913]},"properties":{"event_id":301,"data_org":"Green","post_date":"2026-03-09T00:00:00.000Z","pub_date":"2026-03-09T00:00:00.000Z","strikedate":"2026-03-09T00:00:00.000Z","time":"1899-12-30T00:00:00.000Z","event_type":"Report of Explosion with Footage","actor":"Israel","site_type":"","siteStype":"","city":"Hermel","province":"Hermel","country":"Lebanon","latitude":34.396874,"longitude":36.387171,"source_1":"https://x.com/Osint613/status/2031019646392889637","source_2":"https://x.com/JoeTruzman/status/2031002098452816317?s=20","sources":"https://x.com/manniefabian/status/2031003228171604430?s=20"}},{"type":"Feature","geometry":{"type":"Point","coordinates":[35.27919000000765,33.41273499974175]},"properties":{"event_id":302,"data_org":"Green","post_date":"2026-03-09T00:00:00.000Z","pub_date":"2026-03-09T00:00:00.000Z","strikedate":"2026-03-09T00:00:00.000Z","time":"1899-12-30T00:00:00.000Z","event_type":"Reported Airstrike","actor":"Israel","site_type":"","siteStype":"","city":"Ansariyeh","province":"Sidon","country":"Lebanon","latitude":33.412735,"longitude":35.27919,"source_1":"https://t.me/QudsN/672959","source_2":"https://x.com/manniefabian/status/2031069907278877150","sources":""}},{"type":"Feature","geometry":{"type":"Point","coordinates":[35.397060000189086,33.28226400032506]},"properties":{"event_id":303,"data_org":"Green","post_date":"2026-03-09T00:00:00.000Z","pub_date":"2026-03-09T00:00:00.000Z","strikedate":"2026-03-09T00:00:00.000Z","time":"1899-12-30T00:00:00.000Z","event_type":"Reported Airstrike","actor":"Israel","site_type":"","siteStype":"","city":"Srifa","province":"Tyre","country":"Lebanon","latitude":33.282264,"longitude":35.39706,"source_1":"https://t.me/QudsN/672959","source_2":"","sources":""}},{"type":"Feature","geometry":{"type":"Point","coordinates":[35.47726999968128,33.326331000243286]},"properties":{"event_id":304,"data_org":"Green","post_date":"2026-03-09T00:00:00.000Z","pub_date":"2026-03-09T00:00:00.000Z","strikedate":"2026-03-09T00:00:00.000Z","time":"1899-12-30T00:00:00.000Z","event_type":"Reported Airstrike","actor":"Israel","site_type":"","siteStype":"","city":"Zawtar al Charqiyah","province":"Nabatieh","country":"Lebanon","latitude":33.326331,"longitude":35.47727,"source_1":"https://t.me/QudsN/672959","source_2":"","sources":""}},{"type":"Feature","geometry":{"type":"Point","coordinates":[35.38351900041215,33.24242699982462]},"properties":{"event_id":305,"data_org":"Green","post_date":"2026-03-09T00:00:00.000Z","pub_date":"2026-03-09T00:00:00.000Z","strikedate":"2026-03-09T00:00:00.000Z","time":"1899-12-30T00:00:00.000Z","event_type":"Reported Airstrike","actor":"Israel","site_type":"","siteStype":"","city":"Shahabiya","province":"Tyre","country":"Lebanon","latitude":33.242427,"longitude":35.383519,"source_1":"https://t.me/QudsN/672967","source_2":"","sources":""}},{"type":"Feature","geometry":{"type":"Point","coordinates":[35.438071999682315,33.149954999760496]},"properties":{"event_id":308,"data_org":"Green","post_date":"2026-03-09T00:00:00.000Z","pub_date":"2026-03-09T00:00:00.000Z","strikedate":"2026-03-09T00:00:00.000Z","time":"1899-12-30T00:00:00.000Z","event_type":"Reported Airstrike","actor":"Israel","site_type":"","siteStype":"","city":"Kounine","province":"Bint Jbeil","country":"Lebanon","latitude":33.149955,"longitude":35.438072,"source_1":"","source_2":"","sources":""}},{"type":"Feature","geometry":{"type":"Point","coordinates":[35.27883500018042,33.412976999668146]},"properties":{"event_id":311,"data_org":"Green","post_date":"2026-03-09T00:00:00.000Z","pub_date":"2026-03-10T00:00:00.000Z","strikedate":"2026-03-09T00:00:00.000Z","time":"1899-12-30T00:00:00.000Z","event_type":"Reported Airstrike","actor":"Israel","site_type":"","siteStype":"","city":"Ansariya","province":"Tyre","country":"Lebanon","latitude":33.412977,"longitude":35.278835,"source_1":"https://t.me/alichoeib1970/15651","source_2":"","sources":""}},{"type":"Feature","geometry":{"type":"Point","coordinates":[35.44328299998303,33.377714000068984]},"properties":{"event_id":312,"data_org":"Green","post_date":"2026-03-09T00:00:00.000Z","pub_date":"2026-03-10T00:00:00.000Z","strikedate":"2026-03-09T00:00:00.000Z","time":"1899-12-30T00:00:00.000Z","event_type":"Reported Airstrike","actor":"Israel","site_type":"","siteStype":"","city":"Harouf","province":"Nabatieh","country":"Lebanon","latitude":33.377714,"longitude":35.443283,"source_1":"https://t.me/alichoeib1970/15651","source_2":"","sources":""}},{"type":"Feature","geometry":{"type":"Point","coordinates":[35.35995600006686,33.22923600029278]},"properties":{"event_id":313,"data_org":"Green","post_date":"2026-03-09T00:00:00.000Z","pub_date":"2026-03-10T00:00:00.000Z","strikedate":"2026-03-09T00:00:00.000Z","time":"1899-12-30T00:00:00.000Z","event_type":"Reported Airstrike","actor":"Israel","site_type":"","siteStype":"","city":"Majadel","province":"Tyre","country":"Lebanon","latitude":33.229236,"longitude":35.359956,"source_1":"https://t.me/alichoeib1970/15656","source_2":"","sources":""}},{"type":"Feature","geometry":{"type":"Point","coordinates":[35.40079699985586,33.325050999901]},"properties":{"event_id":314,"data_org":"Green","post_date":"2026-03-09T00:00:00.000Z","pub_date":"2026-03-10T00:00:00.000Z","strikedate":"2026-03-09T00:00:00.000Z","time":"1899-12-30T00:00:00.000Z","event_type":"Reported Airstrike","actor":"Israel","site_type":"","siteStype":"","city":"Kfar Sir","province":"Nabatieh","country":"Lebanon","latitude":33.325051,"longitude":35.400797,"source_1":"https://t.me/alichoeib1970/15658","source_2":"","sources":""}},{"type":"Feature","geometry":{"type":"Point","coordinates":[35.61480599980935,33.33020100011496]},"properties":{"event_id":315,"data_org":"Green","post_date":"2026-03-09T00:00:00.000Z","pub_date":"2026-03-10T00:00:00.000Z","strikedate":"2026-03-09T00:00:00.000Z","time":"1899-12-30T00:00:00.000Z","event_type":"Reported Airstrike","actor":"Israel","site_type":"","siteStype":"","city":"Khiam","province":"Marjaayoun","country":"Lebanon","latitude":33.330201,"longitude":35.614806,"source_1":"https://t.me/alichoeib1970/15662","source_2":"","sources":""}},{"type":"Feature","geometry":{"type":"Point","coordinates":[35.56755100014564,33.44439299979838]},"properties":{"event_id":316,"data_org":"Green","post_date":"2026-03-09T00:00:00.000Z","pub_date":"2026-03-10T00:00:00.000Z","strikedate":"2026-03-09T00:00:00.000Z","time":"1899-12-30T00:00:00.000Z","event_type":"Reported Airstrike","actor":"Israel","site_type":"","siteStype":"","city":"Rayhan","province":"Jezzine","country":"Lebanon","latitude":33.444393,"longitude":35.567551,"source_1":"https://t.me/alichoeib1970/15664","source_2":"","sources":""}},{"type":"Feature","geometry":{"type":"Point","coordinates":[35.5060300000836,33.84010000027683]},"properties":{"event_id":317,"data_org":"Green","post_date":"2026-03-10T00:00:00.000Z","pub_date":"2026-03-10T00:00:00.000Z","strikedate":"2026-03-10T00:00:00.000Z","time":"1899-12-30T00:00:00.000Z","event_type":"Confirmed Airstrike","actor":"Israel","site_type":"","siteStype":"","city":"Beirut","province":"Beirut","country":"Lebanon","latitude":33.8401,"longitude":35.50603,"source_1":"https://x.com/idfonline/status/2031251052729712988?s=20","source_2":"","sources":""}},{"type":"Feature","geometry":{"type":"Point","coordinates":[35.50626000023737,33.860279999683684]},"properties":{"event_id":318,"data_org":"Green","post_date":"2026-03-10T00:00:00.000Z","pub_date":"2026-03-10T00:00:00.000Z","strikedate":"2026-03-10T00:00:00.000Z","time":"1899-12-30T00:00:00.000Z","event_type":"Confirmed Airstrike","actor":"Israel","site_type":"","siteStype":"","city":"Beirut","province":"Beirut","country":"Lebanon","latitude":33.86028,"longitude":35.50626,"source_1":"https://x.com/idfonline/status/2031251052729712988?s=20","source_2":"","sources":""}},{"type":"Feature","geometry":{"type":"Point","coordinates":[35.520279999690096,33.85578999985918]},"properties":{"event_id":319,"data_org":"Green","post_date":"2026-03-10T00:00:00.000Z","pub_date":"2026-03-10T00:00:00.000Z","strikedate":"2026-03-10T00:00:00.000Z","time":"1899-12-30T00:00:00.000Z","event_type":"Confirmed Airstrike","actor":"Israel","site_type":"","siteStype":"","city":"Beirut","province":"Beirut","country":"Lebanon","latitude":33.85579,"longitude":35.52028,"source_1":"https://x.com/idfonline/status/2031251052729712988?s=20","source_2":"","sources":""}},{"type":"Feature","geometry":{"type":"Point","coordinates":[35.35308600008258,33.379839000364576]},"properties":{"event_id":322,"data_org":"Green","post_date":"2026-03-10T00:00:00.000Z","pub_date":"2026-03-10T00:00:00.000Z","strikedate":"2026-03-10T00:00:00.000Z","time":"1899-12-30T00:00:00.000Z","event_type":"Confirmed Airstrike","actor":"Israel","site_type":"","siteStype":"","city":"Ansar","province":"Nabatieh","country":"Lebanon","latitude":33.379839,"longitude":35.353086,"source_1":"https://x.com/idfonline/status/2031286819090755869?s=20","source_2":"","sources":""}},{"type":"Feature","geometry":{"type":"Point","coordinates":[35.520016999924366,33.27651400025284]},"properties":{"event_id":330,"data_org":"Green","post_date":"2026-03-10T00:00:00.000Z","pub_date":"2026-03-10T00:00:00.000Z","strikedate":"2026-03-10T00:00:00.000Z","time":"1899-12-30T00:00:00.000Z","event_type":"Reported Airstrike","actor":"Israel","site_type":"","siteStype":"","city":"Taybeh","province":"Marjaayoun","country":"Lebanon","latitude":33.276514,"longitude":35.520017,"source_1":"https://t.me/alichoeib1970/15668","source_2":"","sources":";  ;"}},{"type":"Feature","geometry":{"type":"Point","coordinates":[35.46567999966596,33.27092700006586]},"properties":{"event_id":333,"data_org":"Green","post_date":"2026-03-10T00:00:00.000Z","pub_date":"2026-03-10T00:00:00.000Z","strikedate":"2026-03-10T00:00:00.000Z","time":"1899-12-30T00:00:00.000Z","event_type":"Reported Airstrike","actor":"Israel","site_type":"","siteStype":"","city":"Al-Qantara","province":"Marjayoun","country":"Lebanon","latitude":33.270927,"longitude":35.46568,"source_1":"https://t.me/QudsN/673493","source_2":"https://t.me/alichoeib1970/15671","sources":""}},{"type":"Feature","geometry":{"type":"Point","coordinates":[35.480945000322095,33.27637800007426]},"properties":{"event_id":336,"data_org":"Green","post_date":"2026-03-10T00:00:00.000Z","pub_date":"2026-03-10T00:00:00.000Z","strikedate":"2026-03-10T00:00:00.000Z","time":"1899-12-30T00:00:00.000Z","event_type":"Reported Airstrike","actor":"Israel","site_type":"","siteStype":"","city":"Aadchit El Qoussair","province":"Marjaayoun","country":"Lebanon","latitude":33.276378,"longitude":35.480945,"source_1":"https://t.me/alichoeib1970/15671","source_2":"","sources":""}},{"type":"Feature","geometry":{"type":"Point","coordinates":[35.47454700034091,33.39737999989033]},"properties":{"event_id":337,"data_org":"Green","post_date":"2026-03-10T00:00:00.000Z","pub_date":"2026-03-10T00:00:00.000Z","strikedate":"2026-03-10T00:00:00.000Z","time":"1899-12-30T00:00:00.000Z","event_type":"Reported Airstrike","actor":"Israel","site_type":"","siteStype":"","city":"Kfar Jouz","province":"Nabatieh","country":"Lebanon","latitude":33.39738,"longitude":35.474547,"source_1":"https://t.me/alichoeib1970/15671","source_2":"","sources":""}},{"type":"Feature","geometry":{"type":"Point","coordinates":[35.43746099976204,33.36705800006164]},"properties":{"event_id":338,"data_org":"Green","post_date":"2026-03-10T00:00:00.000Z","pub_date":"2026-03-10T00:00:00.000Z","strikedate":"2026-03-10T00:00:00.000Z","time":"1899-12-30T00:00:00.000Z","event_type":"Reported Airstrike","actor":"Israel","site_type":"","siteStype":"","city":"Jabshit","province":"Nabatieh","country":"Lebanon","latitude":33.367058,"longitude":35.437461,"source_1":"https://t.me/alichoeib1970/15671","source_2":"","sources":""}},{"type":"Feature","geometry":{"type":"Point","coordinates":[35.464487999962635,33.22159400019104]},"properties":{"event_id":339,"data_org":"Green","post_date":"2026-03-10T00:00:00.000Z","pub_date":"2026-03-10T00:00:00.000Z","strikedate":"2026-03-10T00:00:00.000Z","time":"1899-12-30T00:00:00.000Z","event_type":"Reported Airstrike","actor":"Israel","site_type":"","siteStype":"","city":"Majdal Salam","province":"Bint Jbeil","country":"Lebanon","latitude":33.221594,"longitude":35.464488,"source_1":"https://t.me/alichoeib1970/15671","source_2":"","sources":""}},{"type":"Feature","geometry":{"type":"Point","coordinates":[35.273393999725926,33.40381700024636]},"properties":{"event_id":340,"data_org":"Green","post_date":"2026-03-10T00:00:00.000Z","pub_date":"2026-03-10T00:00:00.000Z","strikedate":"2026-03-10T00:00:00.000Z","time":"1899-12-30T00:00:00.000Z","event_type":"Reported Airstrike","actor":"Israel","site_type":"","siteStype":"","city":"Adloun","province":"Sidon","country":"Lebanon","latitude":33.403817,"longitude":35.273394,"source_1":"https://t.me/alichoeib1970/15671","source_2":"","sources":""}},{"type":"Feature","geometry":{"type":"Point","coordinates":[35.40716200022508,33.386272999641655]},"properties":{"event_id":341,"data_org":"Green","post_date":"2026-03-10T00:00:00.000Z","pub_date":"2026-03-10T00:00:00.000Z","strikedate":"2026-03-10T00:00:00.000Z","time":"1899-12-30T00:00:00.000Z","event_type":"Reported Airstrike","actor":"Israel","site_type":"","siteStype":"","city":"Doueir","province":"Nabatieh","country":"Lebanon","latitude":33.386273,"longitude":35.407162,"source_1":"https://t.me/alichoeib1970/15671","source_2":"","sources":""}},{"type":"Feature","geometry":{"type":"Point","coordinates":[35.42034399997681,33.399720999954056]},"properties":{"event_id":342,"data_org":"Green","post_date":"2026-03-10T00:00:00.000Z","pub_date":"2026-03-10T00:00:00.000Z","strikedate":"2026-03-10T00:00:00.000Z","time":"1899-12-30T00:00:00.000Z","event_type":"Reported Airstrike","actor":"Israel","site_type":"","siteStype":"","city":"Charqiyeh","province":"","country":"Lebanon","latitude":33.399721,"longitude":35.420344,"source_1":"https://t.me/alichoeib1970/15671","source_2":"","sources":""}},{"type":"Feature","geometry":{"type":"Point","coordinates":[35.49640000005071,33.38621500006921]},"properties":{"event_id":344,"data_org":"Green","post_date":"2026-03-10T00:00:00.000Z","pub_date":"2026-03-10T00:00:00.000Z","strikedate":"2026-03-10T00:00:00.000Z","time":"1899-12-30T00:00:00.000Z","event_type":"Reported Airstrike","actor":"Israel","site_type":"","siteStype":"","city":"Kfar Roumane","province":"Nabatieh","country":"Lebanon","latitude":33.386215,"longitude":35.4964,"source_1":"https://t.me/alichoeib1970/15676","source_2":"","sources":""}},{"type":"Feature","geometry":{"type":"Point","coordinates":[35.48749999976379,33.36388900029647]},"properties":{"event_id":346,"data_org":"Green","post_date":"2026-03-10T00:00:00.000Z","pub_date":"2026-03-11T00:00:00.000Z","strikedate":"2026-03-10T00:00:00.000Z","time":"1899-12-30T00:00:00.000Z","event_type":"Reported Airstrike","actor":"Israel","site_type":"","siteStype":"","city":"Nabatieh","province":"Nabatieh","country":"Lebanon","latitude":33.363889,"longitude":35.4875,"source_1":"http://x.com/Osint613/status/2031450012320735582","source_2":"","sources":""}},{"type":"Feature","geometry":{"type":"Point","coordinates":[35.20370100037142,33.27055500020994]},"properties":{"event_id":353,"data_org":"Green","post_date":"2026-03-11T00:00:00.000Z","pub_date":"2026-03-11T00:00:00.000Z","strikedate":"2026-03-10T00:00:00.000Z","time":"1899-12-30T00:00:00.000Z","event_type":"Confirmed Airstrike","actor":"Israel","site_type":"","siteStype":"","city":"Tyre","province":"Tyre","country":"Lebanon","latitude":33.270555,"longitude":35.203701,"source_1":"https://x.com/manniefabian/status/2031627108179443857","source_2":"","sources":""}},{"type":"Feature","geometry":{"type":"Point","coordinates":[35.48458999992736,33.88794100026425]},"properties":{"event_id":354,"data_org":"Green","post_date":"2026-03-11T00:00:00.000Z","pub_date":"2026-03-11T00:00:00.000Z","strikedate":"2026-03-11T00:00:00.000Z","time":"1899-12-30T00:00:00.000Z","event_type":"Reported Airstrike","actor":"Israel","site_type":"","siteStype":"","city":"Beirut","province":"Beirut","country":"Lebanon","latitude":33.887941,"longitude":35.48459,"source_1":"https://x.com/JoeTruzman/status/2031583776187482617?s=20","source_2":"","sources":""}},{"type":"Feature","geometry":{"type":"Point","coordinates":[35.524469999991716,33.83649999974208]},"properties":{"event_id":367,"data_org":"Green","post_date":"2026-03-11T00:00:00.000Z","pub_date":"2026-03-11T00:00:00.000Z","strikedate":"2026-03-11T00:00:00.000Z","time":"1899-12-30T00:00:00.000Z","event_type":"Report of Explosion with Footage","actor":"Israel","site_type":"","siteStype":"","city":"Beirut","province":"Beirut","country":"Lebanon","latitude":33.8365,"longitude":35.52447,"source_1":"https://x.com/EndlessWint_r/status/2031648729925607800","source_2":"https://x.com/Osint613/status/2031497036902678669","sources":""}},{"type":"Feature","geometry":{"type":"Point","coordinates":[35.493280000152,33.849131999786884]},"properties":{"event_id":384,"data_org":"Green","post_date":"2026-03-11T00:00:00.000Z","pub_date":"2026-03-12T00:00:00.000Z","strikedate":"2026-03-11T00:00:00.000Z","time":"1899-12-30T00:00:00.000Z","event_type":"Reported Airstrike","actor":"Israel","site_type":"","siteStype":"","city":"Burj el Brajneh","province":"Beirut","country":"Lebanon","latitude":33.849132,"longitude":35.49328,"source_1":"https://x.com/osint613/status/2031841492826771470?s=46","source_2":"","sources":""}},{"type":"Feature","geometry":{"type":"Point","coordinates":[35.52035400020826,33.76069499983499]},"properties":{"event_id":386,"data_org":"Green","post_date":"2026-03-11T00:00:00.000Z","pub_date":"2026-03-12T00:00:00.000Z","strikedate":"2026-03-11T00:00:00.000Z","time":"1899-12-30T00:00:00.000Z","event_type":"Reported Airstrike","actor":"Israel","site_type":"","siteStype":"","city":"Aarmoun","province":"Beirut","country":"Lebanon","latitude":33.760695,"longitude":35.520354,"source_1":"https://x.com/kaisos1987/status/2031922924869882315?s=46","source_2":"","sources":""}},{"type":"Feature","geometry":{"type":"Point","coordinates":[35.479742999674706,33.88156999969455]},"properties":{"event_id":387,"data_org":"Green","post_date":"2026-03-11T00:00:00.000Z","pub_date":"2026-03-12T00:00:00.000Z","strikedate":"2026-03-11T00:00:00.000Z","time":"1899-12-30T00:00:00.000Z","event_type":"Reported Airstrike","actor":"Israel","site_type":"","siteStype":"","city":"Beirut","province":"","country":"Lebanon","latitude":33.88157,"longitude":35.479743,"source_1":"https://x.com/JoeTruzman/status/2031934562893472220","source_2":"https://x.com/kaisos1987/status/2031922924869882315?s=46","sources":"https://x.com/WarMonitors/status/2031876117594861904?s=20"}},{"type":"Feature","geometry":{"type":"Point","coordinates":[35.51862199983145,33.2765850002122]},"properties":{"event_id":398,"data_org":"Green","post_date":"2026-03-12T00:00:00.000Z","pub_date":"2026-03-12T00:00:00.000Z","strikedate":"2026-03-12T00:00:00.000Z","time":"1899-12-30T00:00:00.000Z","event_type":"Reported Airstrike","actor":"Israel","site_type":"","siteStype":"","city":"Taybeh","province":"Nabatieh","country":"Lebanon","latitude":33.276585,"longitude":35.518622,"source_1":"https://t.me/alichoeib1970/15741","source_2":"","sources":""}},{"type":"Feature","geometry":{"type":"Point","coordinates":[35.46840899975242,33.11550300004197]},"properties":{"event_id":399,"data_org":"Green","post_date":"2026-03-12T00:00:00.000Z","pub_date":"2026-03-12T00:00:00.000Z","strikedate":"2026-03-12T00:00:00.000Z","time":"1899-12-30T00:00:00.000Z","event_type":"Reported Airstrike","actor":"Israel","site_type":"","siteStype":"","city":"Aitaroun","province":"Nabatieh","country":"Lebanon","latitude":33.115503,"longitude":35.468409,"source_1":"https://t.me/alichoeib1970/15741","source_2":"","sources":""}},{"type":"Feature","geometry":{"type":"Point","coordinates":[35.266537999985346,33.164381000030644]},"properties":{"event_id":400,"data_org":"Green","post_date":"2026-03-12T00:00:00.000Z","pub_date":"2026-03-12T00:00:00.000Z","strikedate":"2026-03-12T00:00:00.000Z","time":"1899-12-30T00:00:00.000Z","event_type":"Reported Airstrike","actor":"Israel","site_type":"","siteStype":"","city":"Zebqine","province":"South governorate","country":"Lebanon","latitude":33.164381,"longitude":35.266538,"source_1":"https://t.me/alichoeib1970/15738","source_2":"","sources":""}},{"type":"Feature","geometry":{"type":"Point","coordinates":[35.52232599988626,33.828831000078715]},"properties":{"event_id":402,"data_org":"Green","post_date":"2026-03-12T00:00:00.000Z","pub_date":"2026-03-12T00:00:00.000Z","strikedate":"2026-03-12T00:00:00.000Z","time":"1899-12-30T00:00:00.000Z","event_type":"Reported Airstrike","actor":"Israel","site_type":"","siteStype":"","city":"Beirut","province":"Beirut","country":"Lebanon","latitude":33.828831,"longitude":35.522326,"source_1":"https://x.com/MarioLeb79/status/2032097966232588511/photo/1","source_2":"","sources":""}},{"type":"Feature","geometry":{"type":"Point","coordinates":[35.505738999830456,33.8869459998763]},"properties":{"event_id":406,"data_org":"Green","post_date":"2026-03-12T00:00:00.000Z","pub_date":"2026-03-12T00:00:00.000Z","strikedate":"2026-03-12T00:00:00.000Z","time":"1899-12-30T00:00:00.000Z","event_type":"Confirmed Airstrike","actor":"Israel","site_type":"","siteStype":"","city":"Beirut","province":"Beirut","country":"Lebanon","latitude":33.886946,"longitude":35.505739,"source_1":"https://x.com/MarioLeb79/status/2032113864230281429","source_2":"https://x.com/MarioLeb79/status/2032116028579180891","sources":"https://x.com/ariel_oseran/status/2032120896370942451; https://x.com/Osint613/status/2032123393840222562; https://x.com/AvichayAdraee/status/2032139114103861551/photo/3"}},{"type":"Feature","geometry":{"type":"Point","coordinates":[35.48391899973262,33.84997799989964]},"properties":{"event_id":408,"data_org":"Green","post_date":"2026-03-12T00:00:00.000Z","pub_date":"2026-03-12T00:00:00.000Z","strikedate":"2026-03-12T00:00:00.000Z","time":"1899-12-30T00:00:00.000Z","event_type":"Reported Airstrike","actor":"Israel","site_type":"","siteStype":"","city":"Beirut","province":"Beirut","country":"Lebanon","latitude":33.849978,"longitude":35.483919,"source_1":"http://x.com/Osint613/status/2032124156796404165","source_2":"https://x.com/lobnanlyawm/status/2032123750833954963?s=20","sources":""}},{"type":"Feature","geometry":{"type":"Point","coordinates":[35.20394400004566,33.27108299989723]},"properties":{"event_id":409,"data_org":"Green","post_date":"2026-03-12T00:00:00.000Z","pub_date":"2026-03-12T00:00:00.000Z","strikedate":"2026-03-12T00:00:00.000Z","time":"1899-12-30T00:00:00.000Z","event_type":"Reported Airstrike","actor":"Israel","site_type":"","siteStype":"","city":"Tyre","province":"South Governorate","country":"Lebanon","latitude":33.271083,"longitude":35.203944,"source_1":"https://t.me/QudsN/674905","source_2":"https://x.com/UltraSawt/status/2032173910171525325?s=20","sources":""}},{"type":"Feature","geometry":{"type":"Point","coordinates":[35.4986589997839,33.36187999993867]},"properties":{"event_id":411,"data_org":"Green","post_date":"2026-03-13T00:00:00.000Z","pub_date":"2026-03-13T00:00:00.000Z","strikedate":"2026-03-12T00:00:00.000Z","time":"1899-12-30T00:00:00.000Z","event_type":"Reported Airstrike","actor":"Israel","site_type":"","siteStype":"","city":"Nabatieh al Fawqa","province":"Nabatieh","country":"Lebanon","latitude":33.36188,"longitude":35.498659,"source_1":"https://t.me/alichoeib1970/15746","source_2":"","sources":""}},{"type":"Feature","geometry":{"type":"Point","coordinates":[35.412955000133756,33.341598999941226]},"properties":{"event_id":412,"data_org":"Green","post_date":"2026-03-13T00:00:00.000Z","pub_date":"2026-03-13T00:00:00.000Z","strikedate":"2026-03-12T00:00:00.000Z","time":"1899-12-30T00:00:00.000Z","event_type":"Reported Airstrike","actor":"Israel","site_type":"","siteStype":"","city":"Between Adchit and Qusaybah","province":"","country":"Lebanon","latitude":33.341599,"longitude":35.412955,"source_1":"https://t.me/alichoeib1970/15748","source_2":"","sources":""}},{"type":"Feature","geometry":{"type":"Point","coordinates":[35.438071999682315,33.149954999760496]},"properties":{"event_id":413,"data_org":"Green","post_date":"2026-03-13T00:00:00.000Z","pub_date":"2026-03-13T00:00:00.000Z","strikedate":"2026-03-12T00:00:00.000Z","time":"1899-12-30T00:00:00.000Z","event_type":"Reported Airstrike","actor":"Israel","site_type":"","siteStype":"","city":"Kounine","province":"Bint Jbeil","country":"Lebanon","latitude":33.149955,"longitude":35.438072,"source_1":"https://t.me/alichoeib1970/15749","source_2":"","sources":""}},{"type":"Feature","geometry":{"type":"Point","coordinates":[35.48749999976379,33.36388900029647]},"properties":{"event_id":414,"data_org":"Green","post_date":"2026-03-13T00:00:00.000Z","pub_date":"2026-03-13T00:00:00.000Z","strikedate":"2026-03-12T00:00:00.000Z","time":"1899-12-30T00:00:00.000Z","event_type":"Report of Explosion with Footage","actor":"Israel","site_type":"","siteStype":"","city":"Nabatieh","province":"Nabatieh","country":"Lebanon","latitude":33.363889,"longitude":35.4875,"source_1":"https://x.com/MarioLeb79/status/2032206347740053969","source_2":"","sources":""}},{"type":"Feature","geometry":{"type":"Point","coordinates":[35.40716200022508,33.386272999641655]},"properties":{"event_id":415,"data_org":"Green","post_date":"2026-03-13T00:00:00.000Z","pub_date":"2026-03-13T00:00:00.000Z","strikedate":"2026-03-12T00:00:00.000Z","time":"1899-12-30T00:00:00.000Z","event_type":"Reported Airstrike","actor":"Israel","site_type":"","siteStype":"","city":"Doueir","province":"Nabatieh","country":"Lebanon","latitude":33.386273,"longitude":35.407162,"source_1":"https://t.me/alichoeib1970/15760","source_2":"","sources":""}},{"type":"Feature","geometry":{"type":"Point","coordinates":[35.35308600008258,33.379839000364576]},"properties":{"event_id":416,"data_org":"Green","post_date":"2026-03-13T00:00:00.000Z","pub_date":"2026-03-13T00:00:00.000Z","strikedate":"2026-03-12T00:00:00.000Z","time":"1899-12-30T00:00:00.000Z","event_type":"Reported Airstrike","actor":"Israel","site_type":"","siteStype":"","city":"Ansar","province":"Nabatieh","country":"Lebanon","latitude":33.379839,"longitude":35.353086,"source_1":"https://t.me/alichoeib1970/15760","source_2":"","sources":""}},{"type":"Feature","geometry":{"type":"Point","coordinates":[35.29977999986901,33.34503499996062]},"properties":{"event_id":417,"data_org":"Green","post_date":"2026-03-13T00:00:00.000Z","pub_date":"2026-03-13T00:00:00.000Z","strikedate":"2026-03-12T00:00:00.000Z","time":"1899-12-30T00:00:00.000Z","event_type":"Reported Airstrike","actor":"Israel","site_type":"","siteStype":"","city":"Kharayeb","province":"Sidon","country":"Lebanon","latitude":33.345035,"longitude":35.29978,"source_1":"https://t.me/alichoeib1970/15760","source_2":"","sources":""}},{"type":"Feature","geometry":{"type":"Point","coordinates":[35.4023069995765,33.36153999992742]},"properties":{"event_id":418,"data_org":"Green","post_date":"2026-03-13T00:00:00.000Z","pub_date":"2026-03-13T00:00:00.000Z","strikedate":"2026-03-12T00:00:00.000Z","time":"1899-12-30T00:00:00.000Z","event_type":"Reported Airstrike","actor":"Israel","site_type":"","siteStype":"","city":"Abba","province":"Nabatieh","country":"Lebanon","latitude":33.36154,"longitude":35.402307,"source_1":"https://t.me/alichoeib1970/15761","source_2":"","sources":""}},{"type":"Feature","geometry":{"type":"Point","coordinates":[35.22941499959654,33.196409000357406]},"properties":{"event_id":419,"data_org":"Green","post_date":"2026-03-13T00:00:00.000Z","pub_date":"2026-03-13T00:00:00.000Z","strikedate":"2026-03-12T00:00:00.000Z","time":"1899-12-30T00:00:00.000Z","event_type":"Reported Airstrike","actor":"Israel","site_type":"","siteStype":"","city":"Qlaileh","province":"Tyre","country":"Lebanon","latitude":33.196409,"longitude":35.229415,"source_1":"https://t.me/alichoeib1970/15761","source_2":"","sources":""}},{"type":"Feature","geometry":{"type":"Point","coordinates":[35.22941499959654,33.196409000357406]},"properties":{"event_id":420,"data_org":"Green","post_date":"2026-03-13T00:00:00.000Z","pub_date":"2026-03-13T00:00:00.000Z","strikedate":"2026-03-12T00:00:00.000Z","time":"1899-12-30T00:00:00.000Z","event_type":"Reported Airstrike","actor":"Israel","site_type":"","siteStype":"","city":"Qlaileh","province":"Tyre","country":"Lebanon","latitude":33.196409,"longitude":35.229415,"source_1":"https://t.me/alichoeib1970/15764","source_2":"","sources":""}},{"type":"Feature","geometry":{"type":"Point","coordinates":[35.4873669996944,33.86734199999446]},"properties":{"event_id":421,"data_org":"Green","post_date":"2026-03-13T00:00:00.000Z","pub_date":"2026-03-13T00:00:00.000Z","strikedate":"2026-03-12T00:00:00.000Z","time":"1899-12-30T00:00:00.000Z","event_type":"Report of Explosion with Footage","actor":"Israel","site_type":"","siteStype":"","city":"Beirut","province":"Beirut","country":"Lebanon","latitude":33.867342,"longitude":35.487367,"source_1":"https://x.com/EndlessWint_r/status/2032245651212284258?s=20","source_2":"https://x.com/qudsn/status/2032238870452977959?s=20","sources":"https://x.com/zarGEOINT/status/2032243576403263662?s=20; https://x.com/MarioLeb79/status/2032238595415695833"}},{"type":"Feature","geometry":{"type":"Point","coordinates":[35.5383520002505,33.88799399992862]},"properties":{"event_id":423,"data_org":"Green","post_date":"2026-03-13T00:00:00.000Z","pub_date":"2026-03-13T00:00:00.000Z","strikedate":"2026-03-12T00:00:00.000Z","time":"1899-12-30T00:00:00.000Z","event_type":"Reported Airstrike","actor":"Israel","site_type":"","siteStype":"","city":"Nabaa-Burj Hammoud area","province":"Beirut","country":"Lebanon","latitude":33.887994,"longitude":35.538352,"source_1":"https://x.com/no_itsmyturn/status/2032298021929550187?s=20","source_2":"","sources":""}},{"type":"Feature","geometry":{"type":"Point","coordinates":[35.34304000012308,33.3265579999226]},"properties":{"event_id":424,"data_org":"Green","post_date":"2026-03-13T00:00:00.000Z","pub_date":"2026-03-13T00:00:00.000Z","strikedate":"2026-03-13T00:00:00.000Z","time":"1899-12-30T00:00:00.000Z","event_type":"Confirmed Airstrike","actor":"Israel","site_type":"","siteStype":"","city":"Tayr Filsay","province":"South","country":"Lebanon","latitude":33.326558,"longitude":35.34304,"source_1":"https://x.com/Stinky915846091/status/2032348387199070386","source_2":"https://x.com/manniefabian/status/2032341850514756013","sources":""}},{"type":"Feature","geometry":{"type":"Point","coordinates":[35.746626999846534,33.346158999724295]},"properties":{"event_id":432,"data_org":"Green","post_date":"2026-03-13T00:00:00.000Z","pub_date":"2026-03-13T00:00:00.000Z","strikedate":"2026-03-13T00:00:00.000Z","time":"1899-12-30T00:00:00.000Z","event_type":"Reported Airstrike","actor":"Israel","site_type":"","siteStype":"","city":"Chebaa","province":"Hasbaya","country":"46118","latitude":33.346159,"longitude":35.746627,"source_1":"https://t.me/alichoeib1970/15769","source_2":"","sources":""}},{"type":"Feature","geometry":{"type":"Point","coordinates":[35.26484199959355,33.19627000023262]},"properties":{"event_id":433,"data_org":"Green","post_date":"2026-03-13T00:00:00.000Z","pub_date":"2026-03-13T00:00:00.000Z","strikedate":"2026-03-13T00:00:00.000Z","time":"1899-12-30T00:00:00.000Z","event_type":"Reported Airstrike","actor":"Israel","site_type":"","siteStype":"","city":"Shaaitiyeh","province":"Tyre","country":"Lebanon","latitude":33.19627,"longitude":35.264842,"source_1":"https://t.me/alichoeib1970/15769","source_2":"","sources":""}},{"type":"Feature","geometry":{"type":"Point","coordinates":[35.30254099974253,33.2083129997492]},"properties":{"event_id":434,"data_org":"Green","post_date":"2026-03-13T00:00:00.000Z","pub_date":"2026-03-13T00:00:00.000Z","strikedate":"2026-03-13T00:00:00.000Z","time":"1899-12-30T00:00:00.000Z","event_type":"Reported Airstrike","actor":"Israel","site_type":"","siteStype":"","city":"Qana","province":"Tyre","country":"Lebanon","latitude":33.208313,"longitude":35.302541,"source_1":"https://t.me/alichoeib1970/15769","source_2":"","sources":""}},{"type":"Feature","geometry":{"type":"Point","coordinates":[35.37308599994005,33.556943000302645]},"properties":{"event_id":435,"data_org":"Green","post_date":"2026-03-13T00:00:00.000Z","pub_date":"2026-03-13T00:00:00.000Z","strikedate":"2026-03-13T00:00:00.000Z","time":"1899-12-30T00:00:00.000Z","event_type":"Reported Airstrike","actor":"Israel","site_type":"","siteStype":"","city":"Sidon","province":"Sidon","country":"Lebanon","latitude":33.556943,"longitude":35.373086,"source_1":"https://t.me/alichoeib1970/15769","source_2":"","sources":""}},{"type":"Feature","geometry":{"type":"Point","coordinates":[35.746626999846534,33.346158999724295]},"properties":{"event_id":436,"data_org":"Green","post_date":"2026-03-13T00:00:00.000Z","pub_date":"2026-03-13T00:00:00.000Z","strikedate":"2026-03-13T00:00:00.000Z","time":"1899-12-30T00:00:00.000Z","event_type":"Reported Airstrike","actor":"Israel","site_type":"","siteStype":"","city":"Chebaa","province":"Hasbaya","country":"Lebanon","latitude":33.346159,"longitude":35.746627,"source_1":"https://t.me/alichoeib1970/15769","source_2":"","sources":""}},{"type":"Feature","geometry":{"type":"Point","coordinates":[35.35995600006686,33.22923600029278]},"properties":{"event_id":437,"data_org":"Green","post_date":"2026-03-13T00:00:00.000Z","pub_date":"2026-03-13T00:00:00.000Z","strikedate":"2026-03-13T00:00:00.000Z","time":"1899-12-30T00:00:00.000Z","event_type":"Reported Airstrike","actor":"Israel","site_type":"","siteStype":"","city":"Majadel","province":"Tyre","country":"Lebanon","latitude":33.229236,"longitude":35.359956,"source_1":"https://t.me/alichoeib1970/15770","source_2":"","sources":""}},{"type":"Feature","geometry":{"type":"Point","coordinates":[35.46567999966596,33.27092700006586]},"properties":{"event_id":438,"data_org":"Green","post_date":"2026-03-13T00:00:00.000Z","pub_date":"2026-03-13T00:00:00.000Z","strikedate":"2026-03-13T00:00:00.000Z","time":"1899-12-30T00:00:00.000Z","event_type":"Reported Airstrike","actor":"Israel","site_type":"","siteStype":"","city":"Qantara","province":"Marjayoun","country":"Lebanon","latitude":33.270927,"longitude":35.46568,"source_1":"https://t.me/alichoeib1970/15777","source_2":"","sources":""}},{"type":"Feature","geometry":{"type":"Point","coordinates":[35.305239999691764,33.22582199979444]},"properties":{"event_id":439,"data_org":"Green","post_date":"2026-03-13T00:00:00.000Z","pub_date":"2026-03-13T00:00:00.000Z","strikedate":"2026-03-13T00:00:00.000Z","time":"1899-12-30T00:00:00.000Z","event_type":"Reported Airstrike","actor":"Israel","site_type":"","siteStype":"","city":"Aytit","province":"Tyre","country":"Lebanon","latitude":33.225822,"longitude":35.30524,"source_1":"https://t.me/alichoeib1970/15777","source_2":"","sources":""}},{"type":"Feature","geometry":{"type":"Point","coordinates":[35.513478000376196,33.35350999988613]},"properties":{"event_id":440,"data_org":"Green","post_date":"2026-03-13T00:00:00.000Z","pub_date":"2026-03-13T00:00:00.000Z","strikedate":"2026-03-13T00:00:00.000Z","time":"1899-12-30T00:00:00.000Z","event_type":"Reported Airstrike","actor":"Israel","site_type":"","siteStype":"","city":"Kfar Tebnit","province":"Nabatieh","country":"Lebanon","latitude":33.35351,"longitude":35.513478,"source_1":"https://t.me/alichoeib1970/15777","source_2":"","sources":""}},{"type":"Feature","geometry":{"type":"Point","coordinates":[35.89593000044025,34.39719999981349]},"properties":{"event_id":442,"data_org":"Green","post_date":"2026-03-13T00:00:00.000Z","pub_date":"2026-03-13T00:00:00.000Z","strikedate":"2026-03-13T00:00:00.000Z","time":"1899-12-30T00:00:00.000Z","event_type":"Report of Explosion with Footage","actor":"Israel","site_type":"","siteStype":"","city":"Zgharta","province":"","country":"Lebanon","latitude":34.3972,"longitude":35.89593,"source_1":"https://x.com/MarioLeb79/status/2032425002163748952","source_2":"","sources":""}},{"type":"Feature","geometry":{"type":"Point","coordinates":[35.51679800029145,33.35442199998536]},"properties":{"event_id":443,"data_org":"Green","post_date":"2026-03-13T00:00:00.000Z","pub_date":"2026-03-13T00:00:00.000Z","strikedate":"2026-03-13T00:00:00.000Z","time":"1899-12-30T00:00:00.000Z","event_type":"Reported Airstrike","actor":"Israel","site_type":"","siteStype":"","city":"Kfar Tebnit","province":"Nabatieh","country":"Lebanon","latitude":33.354422,"longitude":35.516798,"source_1":"https://x.com/ariel_oseran/status/2032428976396750977","source_2":"","sources":""}},{"type":"Feature","geometry":{"type":"Point","coordinates":[35.51733100039392,33.42936199988808]},"properties":{"event_id":444,"data_org":"Green","post_date":"2026-03-13T00:00:00.000Z","pub_date":"2026-03-13T00:00:00.000Z","strikedate":"2026-03-13T00:00:00.000Z","time":"1899-12-30T00:00:00.000Z","event_type":"Reported Airstrike","actor":"Israel","site_type":"","siteStype":"","city":"Arab Salim","province":"Tyre","country":"Lebanon","latitude":33.429362,"longitude":35.517331,"source_1":"https://t.me/alichoeib1970/15781","source_2":"","sources":""}},{"type":"Feature","geometry":{"type":"Point","coordinates":[35.43656899963436,33.23611100006128]},"properties":{"event_id":445,"data_org":"Green","post_date":"2026-03-13T00:00:00.000Z","pub_date":"2026-03-13T00:00:00.000Z","strikedate":"2026-03-13T00:00:00.000Z","time":"1899-12-30T00:00:00.000Z","event_type":"Reported Airstrike","actor":"Israel","site_type":"","siteStype":"","city":"Sounah","province":"Nabatieh","country":"Lebanon","latitude":33.236111,"longitude":35.436569,"source_1":"https://t.me/alichoeib1970/15781","source_2":"","sources":""}},{"type":"Feature","geometry":{"type":"Point","coordinates":[35.462922000165484,33.19244600007066]},"properties":{"event_id":446,"data_org":"Green","post_date":"2026-03-13T00:00:00.000Z","pub_date":"2026-03-13T00:00:00.000Z","strikedate":"2026-03-13T00:00:00.000Z","time":"1899-12-30T00:00:00.000Z","event_type":"Reported Airstrike","actor":"Israel","site_type":"","siteStype":"","city":"Chaqra","province":"Bint Jbeil","country":"Lebanon","latitude":33.192446,"longitude":35.462922,"source_1":"https://t.me/alichoeib1970/15782","source_2":"","sources":""}},{"type":"Feature","geometry":{"type":"Point","coordinates":[35.266746260010926,33.16484280034763]},"properties":{"event_id":1658,"data_org":"Green","post_date":"2026-04-25T00:00:00.000Z","pub_date":"2026-04-26T00:00:00.000Z","strikedate":"2026-04-25T00:00:00.000Z","time":"1899-12-30T00:00:00.000Z","event_type":"Reported Airstrike","actor":"Israel","site_type":"","siteStype":"","city":"Zibqin","province":"South","country":"Lebanon","latitude":33.1648428,"longitude":35.26674626,"source_1":"https://t.me/sameralhajali/1491","source_2":"","sources":""}},{"type":"Feature","geometry":{"type":"Point","coordinates":[35.40551131983936,33.20475199995947]},"properties":{"event_id":1659,"data_org":"Green","post_date":"2026-04-25T00:00:00.000Z","pub_date":"2026-04-26T00:00:00.000Z","strikedate":"2026-04-25T00:00:00.000Z","time":"1899-12-30T00:00:00.000Z","event_type":"Reported Airstrike","actor":"Israel","site_type":"","siteStype":"","city":"Sultaniyeh","province":"Nabatieh","country":"Lebanon","latitude":33.204752,"longitude":35.40551132,"source_1":"https://t.me/sameralhajali/1492","source_2":"","sources":""}},{"type":"Feature","geometry":{"type":"Point","coordinates":[35.23156559962439,33.182629000222335]},"properties":{"event_id":1660,"data_org":"Green","post_date":"2026-04-25T00:00:00.000Z","pub_date":"2026-04-26T00:00:00.000Z","strikedate":"2026-04-25T00:00:00.000Z","time":"1899-12-30T00:00:00.000Z","event_type":"Reported Airstrike","actor":"Israel","site_type":"","siteStype":"","city":"Aaziyyeh","province":"South","country":"Lebanon","latitude":33.182629,"longitude":35.2315656,"source_1":"https://t.me/sameralhajali/1496","source_2":"","sources":""}},{"type":"Feature","geometry":{"type":"Point","coordinates":[35.5217938702513,33.169091000090425]},"properties":{"event_id":1661,"data_org":"Green","post_date":"2026-04-25T00:00:00.000Z","pub_date":"2026-04-26T00:00:00.000Z","strikedate":"2026-04-25T00:00:00.000Z","time":"1899-12-30T00:00:00.000Z","event_type":"Reported Airstrike","actor":"Israel","site_type":"","siteStype":"","city":"Meiss El Jabal","province":"Nabatieh","country":"Lebanon","latitude":33.169091,"longitude":35.52179387,"source_1":"https://t.me/sameralhajali/1497","source_2":"","sources":""}},{"type":"Feature","geometry":{"type":"Point","coordinates":[35.5195847099484,33.27498499973662]},"properties":{"event_id":1662,"data_org":"Green","post_date":"2026-04-25T00:00:00.000Z","pub_date":"2026-04-26T00:00:00.000Z","strikedate":"2026-04-25T00:00:00.000Z","time":"1899-12-30T00:00:00.000Z","event_type":"Reported Airstrike","actor":"Israel","site_type":"","siteStype":"","city":"Taybeh","province":"Nabatieh","country":"Lebanon","latitude":33.274985,"longitude":35.51958471,"source_1":"https://t.me/sameralhajali/1500","source_2":"","sources":""}},{"type":"Feature","geometry":{"type":"Point","coordinates":[35.47156051973782,33.32009799969261]},"properties":{"event_id":1663,"data_org":"Green","post_date":"2026-04-26T00:00:00.000Z","pub_date":"2026-04-26T00:00:00.000Z","strikedate":"2026-04-26T00:00:00.000Z","time":"1899-12-30T00:00:00.000Z","event_type":"Reported Airstrike","actor":"Israel","site_type":"","siteStype":"","city":"Zawtar El Charqiyeh","province":"Nabatieh","country":"Lebanon","latitude":33.320098,"longitude":35.47156052,"source_1":"https://t.me/sameralhajali/1501","source_2":"","sources":""}},{"type":"Feature","geometry":{"type":"Point","coordinates":[35.5195847099484,33.27498499973662]},"properties":{"event_id":1664,"data_org":"Green","post_date":"2026-04-26T00:00:00.000Z","pub_date":"2026-04-26T00:00:00.000Z","strikedate":"2026-04-26T00:00:00.000Z","time":"1899-12-30T00:00:00.000Z","event_type":"Reported Airstrike","actor":"Israel","site_type":"","siteStype":"","city":"Taybeh","province":"Nabatieh","country":"Lebanon","latitude":33.274985,"longitude":35.51958471,"source_1":"https://t.me/sameralhajali/1503","source_2":"","sources":""}},{"type":"Feature","geometry":{"type":"Point","coordinates":[35.47021139031826,33.11532300028775]},"properties":{"event_id":1665,"data_org":"Green","post_date":"2026-04-26T00:00:00.000Z","pub_date":"2026-04-26T00:00:00.000Z","strikedate":"2026-04-26T00:00:00.000Z","time":"1899-12-30T00:00:00.000Z","event_type":"Reported Airstrike","actor":"Israel","site_type":"","siteStype":"","city":"Aitaroun","province":"Nabatieh","country":"Lebanon","latitude":33.115323,"longitude":35.47021139,"source_1":"https://t.me/sameralhajali/1504","source_2":"","sources":""}},{"type":"Feature","geometry":{"type":"Point","coordinates":[35.47156051973782,33.32009799969261]},"properties":{"event_id":1666,"data_org":"Green","post_date":"2026-04-26T00:00:00.000Z","pub_date":"2026-04-26T00:00:00.000Z","strikedate":"2026-04-26T00:00:00.000Z","time":"1899-12-30T00:00:00.000Z","event_type":"Reported Airstrike","actor":"Israel","site_type":"","siteStype":"","city":"Zawtar El Charqiyeh","province":"Nabatieh","country":"Lebanon","latitude":33.320098,"longitude":35.47156052,"source_1":"https://t.me/sameralhajali/1505","source_2":"","sources":""}},{"type":"Feature","geometry":{"type":"Point","coordinates":[35.41926423039519,33.26046400002327]},"properties":{"event_id":1667,"data_org":"Green","post_date":"2026-04-26T00:00:00.000Z","pub_date":"2026-04-26T00:00:00.000Z","strikedate":"2026-04-26T00:00:00.000Z","time":"1899-12-30T00:00:00.000Z","event_type":"Reported Airstrike","actor":"Israel","site_type":"","siteStype":"","city":"Borj Qalaouiye","province":"Nabatieh","country":"Lebanon","latitude":33.260464,"longitude":35.41926423,"source_1":"https://t.me/sameralhajali/1516","source_2":"","sources":""}},{"type":"Feature","geometry":{"type":"Point","coordinates":[35.51346108959097,33.352885000042306]},"properties":{"event_id":1668,"data_org":"Green","post_date":"2026-04-26T00:00:00.000Z","pub_date":"2026-04-26T00:00:00.000Z","strikedate":"2026-04-26T00:00:00.000Z","time":"1899-12-30T00:00:00.000Z","event_type":"Reported Airstrike","actor":"Israel","site_type":"","siteStype":"","city":"Kfar Tebnit","province":"South","country":"Lebanon","latitude":33.352885,"longitude":35.51346109,"source_1":"https://t.me/sameralhajali/1517","source_2":"","sources":""}},{"type":"Feature","geometry":{"type":"Point","coordinates":[35.44891699988306,33.24668099993754]},"properties":{"event_id":1669,"data_org":"Green","post_date":"2026-04-26T00:00:00.000Z","pub_date":"2026-04-26T00:00:00.000Z","strikedate":"2026-04-26T00:00:00.000Z","time":"1899-12-30T00:00:00.000Z","event_type":"Reported Airstrike","actor":"Israel","site_type":"","siteStype":"","city":"Touline","province":"Nabatieh","country":"Lebanon","latitude":33.246681,"longitude":35.448917,"source_1":"https://t.me/sameralhajali/1518","source_2":"","sources":""}},{"type":"Feature","geometry":{"type":"Point","coordinates":[35.42074307025357,33.07976400028939]},"properties":{"event_id":1670,"data_org":"Green","post_date":"2026-04-26T00:00:00.000Z","pub_date":"2026-04-26T00:00:00.000Z","strikedate":"2026-04-26T00:00:00.000Z","time":"1899-12-30T00:00:00.000Z","event_type":"Reported Airstrike","actor":"Israel","site_type":"","siteStype":"","city":"Yaroun","province":"Nabatieh","country":"Lebanon","latitude":33.079764,"longitude":35.42074307,"source_1":"https://t.me/sameralhajali/1519","source_2":"","sources":""}},{"type":"Feature","geometry":{"type":"Point","coordinates":[35.37548634958319,33.21593899994438]},"properties":{"event_id":1671,"data_org":"Green","post_date":"2026-04-26T00:00:00.000Z","pub_date":"2026-04-26T00:00:00.000Z","strikedate":"2026-04-26T00:00:00.000Z","time":"1899-12-30T00:00:00.000Z","event_type":"Reported Airstrike","actor":"Israel","site_type":"","siteStype":"","city":"Deir Intar","province":"Nabatieh","country":"Lebanon","latitude":33.215939,"longitude":35.37548635,"source_1":"https://t.me/sameralhajali/1520","source_2":"","sources":""}},{"type":"Feature","geometry":{"type":"Point","coordinates":[35.433300050078394,33.20005000009]},"properties":{"event_id":1672,"data_org":"Green","post_date":"2026-04-26T00:00:00.000Z","pub_date":"2026-04-26T00:00:00.000Z","strikedate":"2026-04-26T00:00:00.000Z","time":"1899-12-30T00:00:00.000Z","event_type":"Reported Airstrike","actor":"Israel","site_type":"","siteStype":"","city":"Safad El Battikh","province":"Nabatieh","country":"Lebanon","latitude":33.20005,"longitude":35.43330005,"source_1":"https://t.me/sameralhajali/1522","source_2":"","sources":""}},{"type":"Feature","geometry":{"type":"Point","coordinates":[35.43822332987508,33.14904900034463]},"properties":{"event_id":1673,"data_org":"Green","post_date":"2026-04-26T00:00:00.000Z","pub_date":"2026-04-26T00:00:00.000Z","strikedate":"2026-04-26T00:00:00.000Z","time":"1899-12-30T00:00:00.000Z","event_type":"Reported Airstrike","actor":"Israel","site_type":"","siteStype":"","city":"Kounine","province":"Nabatieh","country":"Lebanon","latitude":33.149049,"longitude":35.43822333,"source_1":"https://t.me/sameralhajali/1522","source_2":"","sources":""}},{"type":"Feature","geometry":{"type":"Point","coordinates":[35.422656959712484,33.1595990000344]},"properties":{"event_id":1674,"data_org":"Green","post_date":"2026-04-26T00:00:00.000Z","pub_date":"2026-04-26T00:00:00.000Z","strikedate":"2026-04-26T00:00:00.000Z","time":"1899-12-30T00:00:00.000Z","event_type":"Reported Airstrike","actor":"Israel","site_type":"","siteStype":"","city":"Beit Yahoun","province":"Nabatieh","country":"Lebanon","latitude":33.159599,"longitude":35.42265696,"source_1":"https://t.me/sameralhajali/1524","source_2":"","sources":""}},{"type":"Feature","geometry":{"type":"Point","coordinates":[35.47156051973782,33.32009799969261]},"properties":{"event_id":1675,"data_org":"Green","post_date":"2026-04-26T00:00:00.000Z","pub_date":"2026-04-26T00:00:00.000Z","strikedate":"2026-04-26T00:00:00.000Z","time":"1899-12-30T00:00:00.000Z","event_type":"Reported Airstrike","actor":"Israel","site_type":"","siteStype":"","city":"Zawtar El Charqiyeh","province":"Nabatieh","country":"Lebanon","latitude":33.320098,"longitude":35.47156052,"source_1":"https://t.me/sameralhajali/1525","source_2":"","sources":""}},{"type":"Feature","geometry":{"type":"Point","coordinates":[35.47021139031826,33.11532300028775]},"properties":{"event_id":1676,"data_org":"Green","post_date":"2026-04-26T00:00:00.000Z","pub_date":"2026-04-26T00:00:00.000Z","strikedate":"2026-04-26T00:00:00.000Z","time":"1899-12-30T00:00:00.000Z","event_type":"Reported Airstrike","actor":"Israel","site_type":"","siteStype":"","city":"Aitaroun","province":"Nabatieh","country":"Lebanon","latitude":33.115323,"longitude":35.47021139,"source_1":"https://t.me/sameralhajali/1528","source_2":"","sources":""}},{"type":"Feature","geometry":{"type":"Point","coordinates":[35.42245670996429,33.228237000083325]},"properties":{"event_id":1677,"data_org":"Green","post_date":"2026-04-26T00:00:00.000Z","pub_date":"2026-04-26T00:00:00.000Z","strikedate":"2026-04-26T00:00:00.000Z","time":"1899-12-30T00:00:00.000Z","event_type":"Reported Airstrike","actor":"Israel","site_type":"","siteStype":"","city":"Khirbet Selm","province":"Nabatieh","country":"Lebanon","latitude":33.228237,"longitude":35.42245671,"source_1":"https://t.me/sameralhajali/1529","source_2":"","sources":""}},{"type":"Feature","geometry":{"type":"Point","coordinates":[35.38963328008725,33.16519700019142]},"properties":{"event_id":1678,"data_org":"Green","post_date":"2026-04-25T00:00:00.000Z","pub_date":"2026-04-26T00:00:00.000Z","strikedate":"2026-04-25T00:00:00.000Z","time":"1899-12-30T00:00:00.000Z","event_type":"Reported Airstrike","actor":"Israel","site_type":"","siteStype":"","city":"Haddatha","province":"Nabatieh","country":"Lebanon","latitude":33.165197,"longitude":35.38963328,"source_1":"https://t.me/MTVLebanoNews/66529","source_2":"","sources":""}},{"type":"Feature","geometry":null,"properties":{"event_id":1679,"data_org":"Green","post_date":"2026-04-26T00:00:00.000Z","pub_date":"2026-04-26T00:00:00.000Z","strikedate":"2026-04-26T00:00:00.000Z","time":"1899-12-30T00:00:00.000Z","event_type":"Reported Airstrike","actor":"Israel","site_type":"","siteStype":"","city":"Bint Jbeil","province":"Nabatieh","country":"Lebanon","latitude":0,"longitude":35.43244057,"source_1":"https://t.me/sameralhajali/1531","source_2":"","sources":""}},{"type":"Feature","geometry":{"type":"Point","coordinates":[35.3406528898506,33.16805500016691]},"properties":{"event_id":1680,"data_org":"Green","post_date":"2026-04-26T00:00:00.000Z","pub_date":"2026-04-26T00:00:00.000Z","strikedate":"2026-04-26T00:00:00.000Z","time":"1899-12-30T00:00:00.000Z","event_type":"Reported Airstrike","actor":"Israel","site_type":"","siteStype":"","city":"Kafra","province":"Nabatieh","country":"Lebanon","latitude":33.168055,"longitude":35.34065289,"source_1":"https://t.me/sameralhajali/1539","source_2":"","sources":""}},{"type":"Feature","geometry":null,"properties":{"event_id":1681,"data_org":"Green","post_date":"2026-04-26T00:00:00.000Z","pub_date":"2026-04-26T00:00:00.000Z","strikedate":"2026-04-26T00:00:00.000Z","time":"1899-12-30T00:00:00.000Z","event_type":"Reported Airstrike","actor":"Israel","site_type":"","siteStype":"","city":"Yater","province":"Nabatieh","country":"Lebanon","latitude":0,"longitude":35.33110493,"source_1":"https://t.me/sameralhajali/1539","source_2":"","sources":""}},{"type":"Feature","geometry":{"type":"Point","coordinates":[35.422141979814604,33.158664999777045]},"properties":{"event_id":1682,"data_org":"Green","post_date":"2026-04-26T00:00:00.000Z","pub_date":"2026-04-26T00:00:00.000Z","strikedate":"2026-04-26T00:00:00.000Z","time":"1899-12-30T00:00:00.000Z","event_type":"Reported Airstrike","actor":"Israel","site_type":"","siteStype":"","city":"Beit Yahoun","province":"Nabatieh","country":"Lebanon","latitude":33.158665,"longitude":35.42214198,"source_1":"https://t.me/sameralhajali/1541","source_2":"","sources":""}},{"type":"Feature","geometry":{"type":"Point","coordinates":[35.42245670996429,33.228237000083325]},"properties":{"event_id":1683,"data_org":"Green","post_date":"2026-04-26T00:00:00.000Z","pub_date":"2026-04-26T00:00:00.000Z","strikedate":"2026-04-26T00:00:00.000Z","time":"1899-12-30T00:00:00.000Z","event_type":"Reported Airstrike","actor":"Israel","site_type":"","siteStype":"","city":"Khirbet Selm","province":"Nabatieh","country":"Lebanon","latitude":33.228237,"longitude":35.42245671,"source_1":"https://t.me/sameralhajali/1541","source_2":"","sources":""}},{"type":"Feature","geometry":{"type":"Point","coordinates":[35.41032619993072,33.192317999941956]},"properties":{"event_id":1686,"data_org":"Green","post_date":"2026-04-27T00:00:00.000Z","pub_date":"2026-04-27T00:00:00.000Z","strikedate":"2026-04-27T00:00:00.000Z","time":"1899-12-30T00:00:00.000Z","event_type":"Reported Airstrike","actor":"Israel","site_type":"","siteStype":"","city":"Tebnin","province":"Nabatieh","country":"Lebanon","latitude":33.192318,"longitude":35.4103262,"source_1":"https://x.com/MarioLeb79/status/2048725042368811111","source_2":"","sources":""}},{"type":"Feature","geometry":{"type":"Point","coordinates":[35.3305899503598,33.153571999791666]},"properties":{"event_id":1687,"data_org":"Green","post_date":"2026-04-27T00:00:00.000Z","pub_date":"2026-04-27T00:00:00.000Z","strikedate":"2026-04-27T00:00:00.000Z","time":"1899-12-30T00:00:00.000Z","event_type":"Reported Airstrike","actor":"Israel","site_type":"","siteStype":"","city":"Yater","province":"Nabatieh","country":"Lebanon","latitude":33.153572,"longitude":35.33058995,"source_1":"https://x.com/MarioLeb79/status/2048725416790179905","source_2":"","sources":""}},{"type":"Feature","geometry":{"type":"Point","coordinates":[35.519245000345606,33.363719999989456]},"properties":{"event_id":1688,"data_org":"Green","post_date":"2026-04-26T00:00:00.000Z","pub_date":"2026-04-27T00:00:00.000Z","strikedate":"2026-04-26T00:00:00.000Z","time":"1899-12-30T00:00:00.000Z","event_type":"Reported Airstrike","actor":"Israel","site_type":"","siteStype":"","city":"Mazraat Maqsam Ali al Taher","province":"Nabatieh","country":"Lebanon","latitude":33.36372,"longitude":35.519245,"source_1":"https://t.me/sameralhajali/1543","source_2":"","sources":""}},{"type":"Feature","geometry":{"type":"Point","coordinates":[35.29410999998398,33.178312000194886]},"properties":{"event_id":1689,"data_org":"Green","post_date":"2026-04-26T00:00:00.000Z","pub_date":"2026-04-27T00:00:00.000Z","strikedate":"2026-04-26T00:00:00.000Z","time":"1899-12-30T00:00:00.000Z","event_type":"Reported Airstrike","actor":"Israel","site_type":"","siteStype":"","city":"Jabal al Batm","province":"South","country":"Lebanon","latitude":33.178312,"longitude":35.29411,"source_1":"https://t.me/sameralhajali/1544","source_2":"","sources":""}},{"type":"Feature","geometry":{"type":"Point","coordinates":[35.35077668032044,33.17459445006687]},"properties":{"event_id":1690,"data_org":"Green","post_date":"2026-04-26T00:00:00.000Z","pub_date":"2026-04-27T00:00:00.000Z","strikedate":"2026-04-26T00:00:00.000Z","time":"1899-12-30T00:00:00.000Z","event_type":"Reported Airstrike","actor":"Israel","site_type":"","siteStype":"","city":"Kafra","province":"Nabatieh","country":"Lebanon","latitude":33.17459445,"longitude":35.35077668,"source_1":"https://t.me/sameralhajali/1545","source_2":"","sources":""}},{"type":"Feature","geometry":{"type":"Point","coordinates":[35.335688999914865,33.09739400018264]},"properties":{"event_id":1691,"data_org":"Green","post_date":"2026-04-27T00:00:00.000Z","pub_date":"2026-04-27T00:00:00.000Z","strikedate":"2026-04-27T00:00:00.000Z","time":"1899-12-30T00:00:00.000Z","event_type":"Reported Airstrike","actor":"Israel","site_type":"","siteStype":"","city":"Aita al Chaab","province":"Nabatieh","country":"Lebanon","latitude":33.097394,"longitude":35.335689,"source_1":"https://t.me/sameralhajali/1551","source_2":"","sources":""}},{"type":"Feature","geometry":{"type":"Point","coordinates":[35.494652999605286,33.36221799986889]},"properties":{"event_id":1692,"data_org":"Green","post_date":"2026-04-26T00:00:00.000Z","pub_date":"2026-04-27T00:00:00.000Z","strikedate":"2026-04-26T00:00:00.000Z","time":"1899-12-30T00:00:00.000Z","event_type":"Reported Airstrike","actor":"Israel","site_type":"","siteStype":"","city":"Nabatieh al Fawqa","province":"Nabatieh","country":"Lebanon","latitude":33.362218,"longitude":35.494653,"source_1":"https://t.me/MTVLebanoNews/66668","source_2":"","sources":""}},{"type":"Feature","geometry":{"type":"Point","coordinates":[35.31029199998383,33.19412600029959]},"properties":{"event_id":1693,"data_org":"Green","post_date":"2026-04-26T00:00:00.000Z","pub_date":"2026-04-27T00:00:00.000Z","strikedate":"2026-04-26T00:00:00.000Z","time":"1899-12-30T00:00:00.000Z","event_type":"Reported Airstrike","actor":"Israel","site_type":"","siteStype":"","city":"Seddiqine","province":"South","country":"Lebanon","latitude":33.194126,"longitude":35.310292,"source_1":"https://t.me/MTVLebanoNews/66668","source_2":"","sources":""}},{"type":"Feature","geometry":{"type":"Point","coordinates":[35.22915511967979,33.19777928974292]},"properties":{"event_id":1694,"data_org":"Green","post_date":"2026-04-27T00:00:00.000Z","pub_date":"2026-04-27T00:00:00.000Z","strikedate":"2026-04-27T00:00:00.000Z","time":"1899-12-30T00:00:00.000Z","event_type":"Reported Airstrike","actor":"Israel","site_type":"","siteStype":"","city":"Qalila","province":"South","country":"Lebanon","latitude":33.19777929,"longitude":35.22915512,"source_1":"https://t.me/sameralhajali/1556","source_2":"","sources":""}},{"type":"Feature","geometry":{"type":"Point","coordinates":[35.35077668032044,33.17459445006687]},"properties":{"event_id":1695,"data_org":"Green","post_date":"2026-04-27T00:00:00.000Z","pub_date":"2026-04-27T00:00:00.000Z","strikedate":"2026-04-27T00:00:00.000Z","time":"1899-12-30T00:00:00.000Z","event_type":"Reported Airstrike","actor":"Israel","site_type":"","siteStype":"","city":"Kafra","province":"Nabatieh","country":"Lebanon","latitude":33.17459445,"longitude":35.35077668,"source_1":"https://t.me/MTVLebanoNews/66685","source_2":"","sources":""}},{"type":"Feature","geometry":{"type":"Point","coordinates":[35.23481729973028,33.22076550032803]},"properties":{"event_id":1696,"data_org":"Green","post_date":"2026-04-27T00:00:00.000Z","pub_date":"2026-04-27T00:00:00.000Z","strikedate":"2026-04-27T00:00:00.000Z","time":"1899-12-30T00:00:00.000Z","event_type":"Reported Airstrike","actor":"Israel","site_type":"","siteStype":"","city":"Sammaaiyeh","province":"South","country":"Lebanon","latitude":33.2207655,"longitude":35.2348173,"source_1":"https://t.me/sameralhajali/1562","source_2":"","sources":""}},{"type":"Feature","geometry":{"type":"Point","coordinates":[35.5195847099484,33.27498499973662]},"properties":{"event_id":1697,"data_org":"Green","post_date":"2026-04-27T00:00:00.000Z","pub_date":"2026-04-27T00:00:00.000Z","strikedate":"2026-04-27T00:00:00.000Z","time":"1899-12-30T00:00:00.000Z","event_type":"Reported Airstrike","actor":"Israel","site_type":"","siteStype":"","city":"Taybeh","province":"Nabatieh","country":"Lebanon","latitude":33.274985,"longitude":35.51958471,"source_1":"https://t.me/MTVLebanoNews/66732","source_2":"","sources":""}},{"type":"Feature","geometry":{"type":"Point","coordinates":[35.20636500016055,33.1793840002667]},"properties":{"event_id":1698,"data_org":"Green","post_date":"2026-04-27T00:00:00.000Z","pub_date":"2026-04-27T00:00:00.000Z","strikedate":"2026-04-27T00:00:00.000Z","time":"1899-12-30T00:00:00.000Z","event_type":"Reported Airstrike","actor":"Israel","site_type":"","siteStype":"","city":"Mansouri","province":"South","country":"Lebanon","latitude":33.179384,"longitude":35.206365,"source_1":"https://t.me/MTVLebanoNews/66739","source_2":"https://t.me/sameralhajali/1567","sources":""}},{"type":"Feature","geometry":{"type":"Point","coordinates":[35.41032619993072,33.192317999941956]},"properties":{"event_id":1699,"data_org":"Green","post_date":"2026-04-27T00:00:00.000Z","pub_date":"2026-04-27T00:00:00.000Z","strikedate":"2026-04-27T00:00:00.000Z","time":"1899-12-30T00:00:00.000Z","event_type":"Reported Airstrike","actor":"Israel","site_type":"","siteStype":"","city":"Tebnin","province":"Nabatieh","country":"Lebanon","latitude":33.192318,"longitude":35.4103262,"source_1":"https://t.me/MTVLebanoNews/66739","source_2":"https://t.me/sameralhajali/1568","sources":""}},{"type":"Feature","geometry":{"type":"Point","coordinates":[35.35077668032044,33.17459445006687]},"properties":{"event_id":1700,"data_org":"Green","post_date":"2026-04-27T00:00:00.000Z","pub_date":"2026-04-27T00:00:00.000Z","strikedate":"2026-04-27T00:00:00.000Z","time":"1899-12-30T00:00:00.000Z","event_type":"Reported Airstrike","actor":"Israel","site_type":"","siteStype":"","city":"Kafra","province":"Nabatieh","country":"Lebanon","latitude":33.17459445,"longitude":35.35077668,"source_1":"https://t.me/MTVLebanoNews/66739","source_2":"","sources":""}},{"type":"Feature","geometry":{"type":"Point","coordinates":[35.3305899503598,33.153571999791666]},"properties":{"event_id":1701,"data_org":"Green","post_date":"2026-04-27T00:00:00.000Z","pub_date":"2026-04-27T00:00:00.000Z","strikedate":"2026-04-27T00:00:00.000Z","time":"1899-12-30T00:00:00.000Z","event_type":"Reported Airstrike","actor":"Israel","site_type":"","siteStype":"","city":"Yater","province":"Nabatieh","country":"Lebanon","latitude":33.153572,"longitude":35.33058995,"source_1":"https://t.me/sameralhajali/1569","source_2":"","sources":""}},{"type":"Feature","geometry":{"type":"Point","coordinates":[35.46476099977411,33.22469100023244]},"properties":{"event_id":1702,"data_org":"Green","post_date":"2026-04-27T00:00:00.000Z","pub_date":"2026-04-27T00:00:00.000Z","strikedate":"2026-04-27T00:00:00.000Z","time":"1899-12-30T00:00:00.000Z","event_type":"Reported Airstrike","actor":"Israel","site_type":"","siteStype":"","city":"Majdal Salam","province":"Nabatieh","country":"Lebanon","latitude":33.224691,"longitude":35.464761,"source_1":"https://t.me/MTVLebanoNews/66741","source_2":"https://t.me/MTVLebanoNews/66742","sources":""}},{"type":"Feature","geometry":{"type":"Point","coordinates":[35.2651129997552,33.198677000317254]},"properties":{"event_id":1703,"data_org":"Green","post_date":"2026-04-27T00:00:00.000Z","pub_date":"2026-04-27T00:00:00.000Z","strikedate":"2026-04-27T00:00:00.000Z","time":"1899-12-30T00:00:00.000Z","event_type":"Reported Airstrike","actor":"Israel","site_type":"","siteStype":"","city":"Chaatiyeh","province":"South","country":"Lebanon","latitude":33.198677,"longitude":35.265113,"source_1":"https://t.me/MTVLebanoNews/66748","source_2":"","sources":""}},{"type":"Feature","geometry":{"type":"Point","coordinates":[35.440346639982906,33.234305050367375]},"properties":{"event_id":1704,"data_org":"Green","post_date":"2026-04-27T00:00:00.000Z","pub_date":"2026-04-27T00:00:00.000Z","strikedate":"2026-04-27T00:00:00.000Z","time":"1899-12-30T00:00:00.000Z","event_type":"Reported Airstrike","actor":"Israel","site_type":"","siteStype":"","city":"Souaneh","province":"Nabatieh","country":"Lebanon","latitude":33.23430505,"longitude":35.44034664,"source_1":"https://t.me/sameralhajali/1571","source_2":"","sources":""}},{"type":"Feature","geometry":{"type":"Point","coordinates":[36.11280861017837,33.872287709912655]},"properties":{"event_id":1705,"data_org":"Green","post_date":"2026-04-27T00:00:00.000Z","pub_date":"2026-04-27T00:00:00.000Z","strikedate":"2026-04-27T00:00:00.000Z","time":"1899-12-30T00:00:00.000Z","event_type":"Reported Airstrike","actor":"Israel","site_type":"","siteStype":"","city":"Nabi Chit","province":"Baalbek-Hermel","country":"Lebanon","latitude":33.87228771,"longitude":36.11280861,"source_1":"https://t.me/sameralhajali/1573","source_2":"DNGTS: https://www.ynet dot co.il/news/article/sy7hma2tbg#google_vignette","sources":""}},{"type":"Feature","geometry":{"type":"Point","coordinates":[35.443852999895434,33.24118800032334]},"properties":{"event_id":1706,"data_org":"Green","post_date":"2026-04-27T00:00:00.000Z","pub_date":"2026-04-27T00:00:00.000Z","strikedate":"2026-04-27T00:00:00.000Z","time":"1899-12-30T00:00:00.000Z","event_type":"Reported Airstrike","actor":"Israel","site_type":"","siteStype":"","city":"IVO Touline and Souaneh","province":"Nabatieh","country":"Lebanon","latitude":33.241188,"longitude":35.443853,"source_1":"https://t.me/sameralhajali/1574","source_2":"","sources":""}},{"type":"Feature","geometry":{"type":"Point","coordinates":[35.4465094197002,33.1750541897803]},"properties":{"event_id":1707,"data_org":"Green","post_date":"2026-04-27T00:00:00.000Z","pub_date":"2026-04-27T00:00:00.000Z","strikedate":"2026-04-27T00:00:00.000Z","time":"1899-12-30T00:00:00.000Z","event_type":"Reported Airstrike","actor":"Israel","site_type":"","siteStype":"","city":"Baraachit","province":"Nabatieh","country":"Lebanon","latitude":33.17505419,"longitude":35.44650942,"source_1":"https://t.me/sameralhajali/1585","source_2":"","sources":""}},{"type":"Feature","geometry":{"type":"Point","coordinates":[35.477269810136754,33.32633082985894]},"properties":{"event_id":1708,"data_org":"Green","post_date":"2026-04-27T00:00:00.000Z","pub_date":"2026-04-27T00:00:00.000Z","strikedate":"2026-04-27T00:00:00.000Z","time":"1899-12-30T00:00:00.000Z","event_type":"Reported Airstrike","actor":"Israel","site_type":"","siteStype":"","city":"Zawtar el Charqiyeh","province":"Nabatieh","country":"Lebanon","latitude":33.32633083,"longitude":35.47726981,"source_1":"https://t.me/sameralhajali/1588","source_2":"","sources":""}},{"type":"Feature","geometry":{"type":"Point","coordinates":[35.51937000001908,33.31107100013384]},"properties":{"event_id":1709,"data_org":"Green","post_date":"2026-04-27T00:00:00.000Z","pub_date":"2026-04-27T00:00:00.000Z","strikedate":"2026-04-27T00:00:00.000Z","time":"1899-12-30T00:00:00.000Z","event_type":"Reported Airstrike","actor":"Israel","site_type":"","siteStype":"","city":"Yohmor","province":"Nabatieh","country":"Lebanon","latitude":33.311071,"longitude":35.51937,"source_1":"https://t.me/sameralhajali/1588","source_2":"","sources":""}},{"type":"Feature","geometry":{"type":"Point","coordinates":[35.438071999682315,33.149954999760496]},"properties":{"event_id":1710,"data_org":"Green","post_date":"2026-04-27T00:00:00.000Z","pub_date":"2026-04-27T00:00:00.000Z","strikedate":"2026-04-27T00:00:00.000Z","time":"1899-12-30T00:00:00.000Z","event_type":"Reported Airstrike","actor":"Israel","site_type":"","siteStype":"","city":"Kounine","province":"Nabatieh","country":"Lebanon","latitude":33.149955,"longitude":35.438072,"source_1":"https://t.me/sameralhajali/1588","source_2":"","sources":""}},{"type":"Feature","geometry":{"type":"Point","coordinates":[35.43724582001382,33.12195800007302]},"properties":{"event_id":1711,"data_org":"Green","post_date":"2026-04-27T00:00:00.000Z","pub_date":"2026-04-27T00:00:00.000Z","strikedate":"2026-04-27T00:00:00.000Z","time":"1899-12-30T00:00:00.000Z","event_type":"Reported Airstrike","actor":"Israel","site_type":"","siteStype":"","city":"Bint Jbeil","province":"Nabatieh","country":"Lebanon","latitude":33.121958,"longitude":35.43724582,"source_1":"https://t.me/sameralhajali/1588","source_2":"","sources":""}},{"type":"Feature","geometry":{"type":"Point","coordinates":[35.38872005995594,33.16492579030912]},"properties":{"event_id":1712,"data_org":"Green","post_date":"2026-04-27T00:00:00.000Z","pub_date":"2026-04-27T00:00:00.000Z","strikedate":"2026-04-27T00:00:00.000Z","time":"1899-12-30T00:00:00.000Z","event_type":"Reported Airstrike","actor":"Israel","site_type":"","siteStype":"","city":"Haddatha","province":"Nabatieh","country":"Lebanon","latitude":33.16492579,"longitude":35.38872006,"source_1":"https://t.me/MTVLebanoNews/66796","source_2":"","sources":""}},{"type":"Feature","geometry":{"type":"Point","coordinates":[35.47080144961095,33.19289882032701]},"properties":{"event_id":1713,"data_org":"Green","post_date":"2026-04-27T00:00:00.000Z","pub_date":"2026-04-27T00:00:00.000Z","strikedate":"2026-04-27T00:00:00.000Z","time":"1899-12-30T00:00:00.000Z","event_type":"Reported Airstrike","actor":"Israel","site_type":"","siteStype":"","city":"Chaqra","province":"Nabatieh","country":"Lebanon","latitude":33.19289882,"longitude":35.47080145,"source_1":"https://t.me/MTVLebanoNews/66796","source_2":"","sources":""}},{"type":"Feature","geometry":{"type":"Point","coordinates":[35.41037300036039,33.23073699983046]},"properties":{"event_id":1715,"data_org":"Green","post_date":"2026-04-27T00:00:00.000Z","pub_date":"2026-04-28T00:00:00.000Z","strikedate":"2026-04-27T00:00:00.000Z","time":"1899-12-30T00:00:00.000Z","event_type":"Reported Airstrike","actor":"Israel","site_type":"","siteStype":"","city":"Between Kfar Dounine and Kerbet Selem","province":"Nabatieh","country":"Lebanon","latitude":33.230737,"longitude":35.410373,"source_1":"https://t.me/sameralhajali/1590","source_2":"","sources":""}},{"type":"Feature","geometry":{"type":"Point","coordinates":[35.4465094197002,33.1750541897803]},"properties":{"event_id":1716,"data_org":"Green","post_date":"2026-04-27T00:00:00.000Z","pub_date":"2026-04-28T00:00:00.000Z","strikedate":"2026-04-27T00:00:00.000Z","time":"1899-12-30T00:00:00.000Z","event_type":"Reported Airstrike","actor":"Israel","site_type":"","siteStype":"","city":"Baraachit","province":"Nabatieh","country":"Lebanon","latitude":33.17505419,"longitude":35.44650942,"source_1":"https://t.me/MTVLebanoNews/66817","source_2":"https://t.me/MTVLebanoNews/66821","sources":""}},{"type":"Feature","geometry":{"type":"Point","coordinates":[35.38064700021055,33.1766419996675]},"properties":{"event_id":1717,"data_org":"Green","post_date":"2026-04-27T00:00:00.000Z","pub_date":"2026-04-28T00:00:00.000Z","strikedate":"2026-04-27T00:00:00.000Z","time":"1899-12-30T00:00:00.000Z","event_type":"Reported Airstrike","actor":"Israel","site_type":"","siteStype":"","city":"Haris","province":"Nabatieh","country":"Lebanon","latitude":33.176642,"longitude":35.380647,"source_1":"https://t.me/MTVLebanoNews/66817","source_2":"","sources":""}},{"type":"Feature","geometry":{"type":"Point","coordinates":[35.304823999765155,33.19918900011648]},"properties":{"event_id":1718,"data_org":"Green","post_date":"2026-04-27T00:00:00.000Z","pub_date":"2026-04-28T00:00:00.000Z","strikedate":"2026-04-27T00:00:00.000Z","time":"1899-12-30T00:00:00.000Z","event_type":"Reported Airstrike","actor":"Israel","site_type":"","siteStype":"","city":"IVO Qana and Seddiqine","province":"South","country":"Lebanon","latitude":33.199189,"longitude":35.304824,"source_1":"https://t.me/MTVLebanoNews/66817","source_2":"","sources":""}},{"type":"Feature","geometry":{"type":"Point","coordinates":[35.48483236000112,33.377921349975004]},"properties":{"event_id":1719,"data_org":"Green","post_date":"2026-04-27T00:00:00.000Z","pub_date":"2026-04-28T00:00:00.000Z","strikedate":"2026-04-27T00:00:00.000Z","time":"1899-12-30T00:00:00.000Z","event_type":"Reported Airstrike","actor":"Israel","site_type":"","siteStype":"","city":"Nabatieh","province":"Nabatieh","country":"Lebanon","latitude":33.37792135,"longitude":35.48483236,"source_1":"https://t.me/sameralhajali/1594","source_2":"","sources":""}},{"type":"Feature","geometry":{"type":"Point","coordinates":[35.51290440001614,33.500974899695294]},"properties":{"event_id":1720,"data_org":"Green","post_date":"2026-04-27T00:00:00.000Z","pub_date":"2026-04-28T00:00:00.000Z","strikedate":"2026-04-27T00:00:00.000Z","time":"1899-12-30T00:00:00.000Z","event_type":"Reported Airstrike","actor":"Israel","site_type":"","siteStype":"","city":"Bouslaiya","province":"South","country":"Lebanon","latitude":33.5009749,"longitude":35.5129044,"source_1":"https://t.me/sameralhajali/1596","source_2":"","sources":""}},{"type":"Feature","geometry":{"type":"Point","coordinates":[35.23013866981301,33.153195529789066]},"properties":{"event_id":1721,"data_org":"Green","post_date":"2026-04-28T00:00:00.000Z","pub_date":"2026-04-28T00:00:00.000Z","strikedate":"2026-04-28T00:00:00.000Z","time":"1899-12-30T00:00:00.000Z","event_type":"Reported Airstrike","actor":"Israel","site_type":"","siteStype":"","city":"Majdal Zoun","province":"South","country":"Lebanon","latitude":33.15319553,"longitude":35.23013867,"source_1":"https://t.me/MTVLebanoNews/66853","source_2":"","sources":""}},{"type":"Feature","geometry":{"type":"Point","coordinates":[35.22915500020386,33.19777900033949]},"properties":{"event_id":1722,"data_org":"Green","post_date":"2026-04-27T00:00:00.000Z","pub_date":"2026-04-28T00:00:00.000Z","strikedate":"2026-04-27T00:00:00.000Z","time":"1899-12-30T00:00:00.000Z","event_type":"Reported Airstrike","actor":"Israel","site_type":"","siteStype":"","city":"Qalila","province":"South","country":"Lebanon","latitude":33.197779,"longitude":35.229155,"source_1":"https://t.me/sameralhajali/1602","source_2":"","sources":""}},{"type":"Feature","geometry":{"type":"Point","coordinates":[35.29410999998398,33.178312000194886]},"properties":{"event_id":1723,"data_org":"Green","post_date":"2026-04-28T00:00:00.000Z","pub_date":"2026-04-28T00:00:00.000Z","strikedate":"2026-04-28T00:00:00.000Z","time":"1899-12-30T00:00:00.000Z","event_type":"Reported Airstrike","actor":"Israel","site_type":"","siteStype":"","city":"Jabal al Batm","province":"South","country":"Lebanon","latitude":33.178312,"longitude":35.29411,"source_1":"https://t.me/sameralhajali/1609","source_2":"https://t.me/sameralhajali/1610","sources":"https://t.me/MTVLebanoNews/66858; https://x.com/MarioLeb79/status/2049027217699602530?s=20"}},{"type":"Feature","geometry":{"type":"Point","coordinates":[35.234883999640125,33.2553079999267]},"properties":{"event_id":1725,"data_org":"Green","post_date":"2026-04-28T00:00:00.000Z","pub_date":"2026-04-28T00:00:00.000Z","strikedate":"2026-04-28T00:00:00.000Z","time":"1899-12-30T00:00:00.000Z","event_type":"Reported Airstrike","actor":"Israel","site_type":"","siteStype":"","city":"IVO Borj el Chmali and Hosh","province":"South","country":"Lebanon","latitude":33.255308,"longitude":35.234884,"source_1":"https://t.me/MTVLebanoNews/66861","source_2":"https://t.me/sameralhajali/1612","sources":""}},{"type":"Feature","geometry":{"type":"Point","coordinates":[35.4465094197002,33.1750541897803]},"properties":{"event_id":1727,"data_org":"Green","post_date":"2026-04-28T00:00:00.000Z","pub_date":"2026-04-28T00:00:00.000Z","strikedate":"2026-04-28T00:00:00.000Z","time":"1899-12-30T00:00:00.000Z","event_type":"Reported Airstrike","actor":"Israel","site_type":"","siteStype":"","city":"Baraachit","province":"Nabatieh","country":"Lebanon","latitude":33.17505419,"longitude":35.44650942,"source_1":"https://t.me/sameralhajali/1616","source_2":"","sources":""}},{"type":"Feature","geometry":{"type":"Point","coordinates":[35.206313000282016,33.17859599993663]},"properties":{"event_id":1728,"data_org":"Green","post_date":"2026-04-28T00:00:00.000Z","pub_date":"2026-04-28T00:00:00.000Z","strikedate":"2026-04-28T00:00:00.000Z","time":"1899-12-30T00:00:00.000Z","event_type":"Reported Airstrike","actor":"Israel","site_type":"","siteStype":"","city":"Mansouri","province":"South","country":"Lebanon","latitude":33.178596,"longitude":35.206313,"source_1":"https://t.me/MTVLebanoNews/66875","source_2":"https://t.me/sameralhajali/1618","sources":""}},{"type":"Feature","geometry":{"type":"Point","coordinates":[35.191661999919205,33.16749900035915]},"properties":{"event_id":1729,"data_org":"Green","post_date":"2026-04-28T00:00:00.000Z","pub_date":"2026-04-28T00:00:00.000Z","strikedate":"2026-04-28T00:00:00.000Z","time":"1899-12-30T00:00:00.000Z","event_type":"Reported Airstrike","actor":"Israel","site_type":"","siteStype":"","city":"Byout el Saiyad","province":"South","country":"Lebanon","latitude":33.167499,"longitude":35.191662,"source_1":"https://t.me/MTVLebanoNews/66875","source_2":"","sources":""}},{"type":"Feature","geometry":{"type":"Point","coordinates":[35.41413606015355,33.19553357973588]},"properties":{"event_id":1730,"data_org":"Green","post_date":"2026-04-28T00:00:00.000Z","pub_date":"2026-04-28T00:00:00.000Z","strikedate":"2026-04-28T00:00:00.000Z","time":"1899-12-30T00:00:00.000Z","event_type":"Reported Airstrike","actor":"Israel","site_type":"","siteStype":"","city":"Tibnin","province":"Nabatieh","country":"Lebanon","latitude":33.19553358,"longitude":35.41413606,"source_1":"https://t.me/sameralhajali/1621","source_2":"","sources":""}},{"type":"Feature","geometry":{"type":"Point","coordinates":[35.470800999554996,33.192898999992664]},"properties":{"event_id":1731,"data_org":"Green","post_date":"2026-04-28T00:00:00.000Z","pub_date":"2026-04-28T00:00:00.000Z","strikedate":"2026-04-28T00:00:00.000Z","time":"1899-12-30T00:00:00.000Z","event_type":"Reported Airstrike","actor":"Israel","site_type":"","siteStype":"","city":"Chaqra","province":"South","country":"Lebanon","latitude":33.192899,"longitude":35.470801,"source_1":"https://t.me/MTVLebanoNews/66891","source_2":"","sources":""}},{"type":"Feature","geometry":{"type":"Point","coordinates":[35.23013866981301,33.153195529789066]},"properties":{"event_id":1732,"data_org":"Green","post_date":"2026-04-28T00:00:00.000Z","pub_date":"2026-04-28T00:00:00.000Z","strikedate":"2026-04-28T00:00:00.000Z","time":"1899-12-30T00:00:00.000Z","event_type":"Reported Airstrike","actor":"Israel","site_type":"","siteStype":"","city":"Majdal Zoun","province":"South","country":"Lebanon","latitude":33.15319553,"longitude":35.23013867,"source_1":"https://t.me/MTVLebanoNews/66891","source_2":"https://t.me/sameralhajali/1642","sources":""}},{"type":"Feature","geometry":{"type":"Point","coordinates":[35.4465094197002,33.1750541897803]},"properties":{"event_id":1733,"data_org":"Green","post_date":"2026-04-28T00:00:00.000Z","pub_date":"2026-04-28T00:00:00.000Z","strikedate":"2026-04-28T00:00:00.000Z","time":"1899-12-30T00:00:00.000Z","event_type":"Reported Airstrike","actor":"Israel","site_type":"","siteStype":"","city":"Baraachit","province":"Nabatieh","country":"Lebanon","latitude":33.17505419,"longitude":35.44650942,"source_1":"https://t.me/sameralhajali/1622","source_2":"","sources":""}},{"type":"Feature","geometry":{"type":"Point","coordinates":[35.470800999554996,33.192898999992664]},"properties":{"event_id":1734,"data_org":"Green","post_date":"2026-04-28T00:00:00.000Z","pub_date":"2026-04-28T00:00:00.000Z","strikedate":"2026-04-28T00:00:00.000Z","time":"1899-12-30T00:00:00.000Z","event_type":"Reported Airstrike","actor":"Israel","site_type":"","siteStype":"","city":"Chaqra","province":"South","country":"Lebanon","latitude":33.192899,"longitude":35.470801,"source_1":"https://t.me/sameralhajali/1623","source_2":"","sources":""}},{"type":"Feature","geometry":{"type":"Point","coordinates":[35.40473199988936,33.224328000007894]},"properties":{"event_id":1735,"data_org":"Green","post_date":"2026-04-28T00:00:00.000Z","pub_date":"2026-04-28T00:00:00.000Z","strikedate":"2026-04-28T00:00:00.000Z","time":"1899-12-30T00:00:00.000Z","event_type":"Reported Airstrike","actor":"Israel","site_type":"","siteStype":"","city":"Bir al Salasel, Kherbet Selem","province":"Nabatieh","country":"Lebanon","latitude":33.224328,"longitude":35.404732,"source_1":"https://t.me/MTVLebanoNews/66899","source_2":"","sources":""}},{"type":"Feature","geometry":{"type":"Point","coordinates":[35.40473199988936,33.224328000007894]},"properties":{"event_id":1736,"data_org":"Green","post_date":"2026-04-28T00:00:00.000Z","pub_date":"2026-04-28T00:00:00.000Z","strikedate":"2026-04-28T00:00:00.000Z","time":"1899-12-30T00:00:00.000Z","event_type":"Reported Airstrike","actor":"Israel","site_type":"","siteStype":"","city":"Bir al Salasel, Kherbet Selem","province":"Nabatieh","country":"Lebanon","latitude":33.224328,"longitude":35.404732,"source_1":"https://t.me/MTVLebanoNews/66899","source_2":"","sources":""}},{"type":"Feature","geometry":{"type":"Point","coordinates":[35.448917350226026,33.24668108032418]},"properties":{"event_id":1737,"data_org":"Green","post_date":"2026-04-28T00:00:00.000Z","pub_date":"2026-04-28T00:00:00.000Z","strikedate":"2026-04-28T00:00:00.000Z","time":"1899-12-30T00:00:00.000Z","event_type":"Reported Airstrike","actor":"Israel","site_type":"","siteStype":"","city":"Touline","province":"Nabatieh","country":"Lebanon","latitude":33.24668108,"longitude":35.44891735,"source_1":"https://t.me/sameralhajali/1625","source_2":"","sources":""}},{"type":"Feature","geometry":{"type":"Point","coordinates":[35.42552366973536,33.22995689016525]},"properties":{"event_id":1738,"data_org":"Green","post_date":"2026-04-28T00:00:00.000Z","pub_date":"2026-04-28T00:00:00.000Z","strikedate":"2026-04-28T00:00:00.000Z","time":"1899-12-30T00:00:00.000Z","event_type":"Reported Airstrike","actor":"Israel","site_type":"","siteStype":"","city":"Kherbet Selem","province":"Nabatieh","country":"Lebanon","latitude":33.22995689,"longitude":35.42552367,"source_1":"https://t.me/sameralhajali/1626","source_2":"","sources":""}},{"type":"Feature","geometry":{"type":"Point","coordinates":[35.4465094197002,33.1750541897803]},"properties":{"event_id":1739,"data_org":"Green","post_date":"2026-04-28T00:00:00.000Z","pub_date":"2026-04-28T00:00:00.000Z","strikedate":"2026-04-28T00:00:00.000Z","time":"1899-12-30T00:00:00.000Z","event_type":"Reported Airstrike","actor":"Israel","site_type":"","siteStype":"","city":"Baraachit","province":"Nabatieh","country":"Lebanon","latitude":33.17505419,"longitude":35.44650942,"source_1":"https://t.me/sameralhajali/1629","source_2":"","sources":""}},{"type":"Feature","geometry":{"type":"Point","coordinates":[35.4465094197002,33.1750541897803]},"properties":{"event_id":1740,"data_org":"Green","post_date":"2026-04-28T00:00:00.000Z","pub_date":"2026-04-28T00:00:00.000Z","strikedate":"2026-04-28T00:00:00.000Z","time":"1899-12-30T00:00:00.000Z","event_type":"Reported Airstrike","actor":"Israel","site_type":"","siteStype":"","city":"Baraachit","province":"Nabatieh","country":"Lebanon","latitude":33.17505419,"longitude":35.44650942,"source_1":"https://t.me/sameralhajali/1632","source_2":"","sources":""}},{"type":"Feature","geometry":{"type":"Point","coordinates":[35.470800999554996,33.192898999992664]},"properties":{"event_id":1741,"data_org":"Green","post_date":"2026-04-28T00:00:00.000Z","pub_date":"2026-04-28T00:00:00.000Z","strikedate":"2026-04-28T00:00:00.000Z","time":"1899-12-30T00:00:00.000Z","event_type":"Reported Airstrike","actor":"Israel","site_type":"","siteStype":"","city":"Chaqra","province":"South","country":"Lebanon","latitude":33.192899,"longitude":35.470801,"source_1":"https://t.me/sameralhajali/1634","source_2":"","sources":""}},{"type":"Feature","geometry":{"type":"Point","coordinates":[35.4465094197002,33.1750541897803]},"properties":{"event_id":1742,"data_org":"Green","post_date":"2026-04-28T00:00:00.000Z","pub_date":"2026-04-28T00:00:00.000Z","strikedate":"2026-04-28T00:00:00.000Z","time":"1899-12-30T00:00:00.000Z","event_type":"Reported Airstrike","actor":"Israel","site_type":"","siteStype":"","city":"Baraachit","province":"Nabatieh","country":"Lebanon","latitude":33.17505419,"longitude":35.44650942,"source_1":"https://t.me/sameralhajali/1635","source_2":"","sources":""}},{"type":"Feature","geometry":{"type":"Point","coordinates":[35.438071999682315,33.149954999760496]},"properties":{"event_id":1743,"data_org":"Green","post_date":"2026-04-28T00:00:00.000Z","pub_date":"2026-04-28T00:00:00.000Z","strikedate":"2026-04-28T00:00:00.000Z","time":"1899-12-30T00:00:00.000Z","event_type":"Reported Airstrike","actor":"Israel","site_type":"","siteStype":"","city":"Kounine","province":"Nabatieh","country":"Lebanon","latitude":33.149955,"longitude":35.438072,"source_1":"https://t.me/sameralhajali/1643","source_2":"https://t.me/MTVLebanoNews/66920","sources":""}},{"type":"Feature","geometry":{"type":"Point","coordinates":[35.271543000421744,33.25407399980616]},"properties":{"event_id":1744,"data_org":"Green","post_date":"2026-04-28T00:00:00.000Z","pub_date":"2026-04-28T00:00:00.000Z","strikedate":"2026-04-28T00:00:00.000Z","time":"1899-12-30T00:00:00.000Z","event_type":"Reported Airstrike","actor":"Israel","site_type":"","siteStype":"","city":"Bazouriyah","province":"South","country":"Lebanon","latitude":33.254074,"longitude":35.271543,"source_1":"https://t.me/sameralhajali/1647","source_2":"","sources":""}},{"type":"Feature","geometry":{"type":"Point","coordinates":[35.43556199987896,33.2712179996419]},"properties":{"event_id":1745,"data_org":"Green","post_date":"2026-04-28T00:00:00.000Z","pub_date":"2026-04-28T00:00:00.000Z","strikedate":"2026-04-28T00:00:00.000Z","time":"1899-12-30T00:00:00.000Z","event_type":"Reported Airstrike","actor":"Israel","site_type":"","siteStype":"","city":"Ghandouriyeh","province":"Nabatieh","country":"Lebanon","latitude":33.271218,"longitude":35.435562,"source_1":"https://t.me/MTVLebanoNews/66920","source_2":"","sources":""}},{"type":"Feature","geometry":{"type":"Point","coordinates":[35.44891699988306,33.24668099993754]},"properties":{"event_id":1746,"data_org":"Green","post_date":"2026-04-28T00:00:00.000Z","pub_date":"2026-04-28T00:00:00.000Z","strikedate":"2026-04-28T00:00:00.000Z","time":"1899-12-30T00:00:00.000Z","event_type":"Reported Airstrike","actor":"Israel","site_type":"","siteStype":"","city":"Touline","province":"Nabatieh","country":"Lebanon","latitude":33.246681,"longitude":35.448917,"source_1":"https://t.me/MTVLebanoNews/66920","source_2":"","sources":""}},{"type":"Feature","geometry":{"type":"Point","coordinates":[35.440346639982906,33.234305050367375]},"properties":{"event_id":1747,"data_org":"Green","post_date":"2026-04-28T00:00:00.000Z","pub_date":"2026-04-28T00:00:00.000Z","strikedate":"2026-04-28T00:00:00.000Z","time":"1899-12-30T00:00:00.000Z","event_type":"Reported Airstrike","actor":"Israel","site_type":"","siteStype":"","city":"Souaneh","province":"Nabatieh","country":"Lebanon","latitude":33.23430505,"longitude":35.44034664,"source_1":"https://t.me/MTVLebanoNews/66920","source_2":"","sources":""}},{"type":"Feature","geometry":{"type":"Point","coordinates":[35.464003790058186,33.252015189761295]},"properties":{"event_id":1748,"data_org":"Green","post_date":"2026-04-28T00:00:00.000Z","pub_date":"2026-04-28T00:00:00.000Z","strikedate":"2026-04-28T00:00:00.000Z","time":"1899-12-30T00:00:00.000Z","event_type":"Reported Airstrike","actor":"Israel","site_type":"","siteStype":"","city":"Qabrikha","province":"Nabatieh","country":"Lebanon","latitude":33.25201519,"longitude":35.46400379,"source_1":"https://t.me/MTVLebanoNews/66920","source_2":"","sources":""}},{"type":"Feature","geometry":{"type":"Point","coordinates":[35.30485200025256,33.2437770002482]},"properties":{"event_id":1749,"data_org":"Green","post_date":"2026-04-28T00:00:00.000Z","pub_date":"2026-04-28T00:00:00.000Z","strikedate":"2026-04-28T00:00:00.000Z","time":"1899-12-30T00:00:00.000Z","event_type":"Reported Airstrike","actor":"Israel","site_type":"","siteStype":"","city":"Wadi Jilo","province":"South","country":"Lebanon","latitude":33.243777,"longitude":35.304852,"source_1":"https://t.me/sameralhajali/1648","source_2":"https://t.me/MTVLebanoNews/66936","sources":""}},{"type":"Feature","geometry":{"type":"Point","coordinates":[35.33820800982051,33.23866461994314]},"properties":{"event_id":1750,"data_org":"Green","post_date":"2026-04-28T00:00:00.000Z","pub_date":"2026-04-28T00:00:00.000Z","strikedate":"2026-04-28T00:00:00.000Z","time":"1899-12-30T00:00:00.000Z","event_type":"Reported Airstrike","actor":"Israel","site_type":"","siteStype":"","city":"Jouaiyya","province":"Nabatieh","country":"Lebanon","latitude":33.23866462,"longitude":35.33820801,"source_1":"https://t.me/sameralhajali/1658","source_2":"https://t.me/sameralhajali/1660","sources":"https://t.me/MTVLebanoNews/66950"}},{"type":"Feature","geometry":{"type":"Point","coordinates":[35.40445644976079,33.13575263962509]},"properties":{"event_id":1751,"data_org":"Green","post_date":"2026-04-28T00:00:00.000Z","pub_date":"2026-04-28T00:00:00.000Z","strikedate":"2026-04-28T00:00:00.000Z","time":"1899-12-30T00:00:00.000Z","event_type":"Reported Airstrike","actor":"Israel","site_type":"","siteStype":"","city":"Tayri","province":"Nabatieh","country":"Lebanon","latitude":33.13575264,"longitude":35.40445645,"source_1":"https://t.me/sameralhajali/1659","source_2":"https://t.me/MTVLebanoNews/66953","sources":""}},{"type":"Feature","geometry":{"type":"Point","coordinates":[35.38351900041215,33.242643999997284]},"properties":{"event_id":1752,"data_org":"Green","post_date":"2026-04-28T00:00:00.000Z","pub_date":"2026-04-28T00:00:00.000Z","strikedate":"2026-04-28T00:00:00.000Z","time":"1899-12-30T00:00:00.000Z","event_type":"Reported Airstrike","actor":"Israel","site_type":"","siteStype":"","city":"Chehabiyeh","province":"South","country":"Lebanon","latitude":33.242644,"longitude":35.383519,"source_1":"https://t.me/sameralhajali/1661","source_2":"https://t.me/MTVLebanoNews/66950","sources":""}},{"type":"Feature","geometry":{"type":"Point","coordinates":[35.22187422040309,33.18662352982444]},"properties":{"event_id":1753,"data_org":"Green","post_date":"2026-04-28T00:00:00.000Z","pub_date":"2026-04-28T00:00:00.000Z","strikedate":"2026-04-28T00:00:00.000Z","time":"1899-12-30T00:00:00.000Z","event_type":"Reported Airstrike","actor":"Israel","site_type":"","siteStype":"","city":"Hanniyeh","province":"South","country":"Lebanon","latitude":33.18662353,"longitude":35.22187422,"source_1":"https://t.me/sameralhajali/1663","source_2":"","sources":""}},{"type":"Feature","geometry":{"type":"Point","coordinates":[35.42879422997065,33.29501028972537]},"properties":{"event_id":1754,"data_org":"Green","post_date":"2026-04-28T00:00:00.000Z","pub_date":"2026-04-28T00:00:00.000Z","strikedate":"2026-04-28T00:00:00.000Z","time":"1899-12-30T00:00:00.000Z","event_type":"Reported Airstrike","actor":"Israel","site_type":"","siteStype":"","city":"Froun","province":"Nabatieh","country":"Lebanon","latitude":33.29501029,"longitude":35.42879423,"source_1":"https://t.me/sameralhajali/1666","source_2":"","sources":""}},{"type":"Feature","geometry":{"type":"Point","coordinates":[35.513477870120475,33.35350962020518]},"properties":{"event_id":1755,"data_org":"Green","post_date":"2026-04-28T00:00:00.000Z","pub_date":"2026-04-28T00:00:00.000Z","strikedate":"2026-04-28T00:00:00.000Z","time":"1899-12-30T00:00:00.000Z","event_type":"Reported Airstrike","actor":"Israel","site_type":"","siteStype":"","city":"Kfar Tebnit","province":"Nabatieh","country":"Lebanon","latitude":33.35350962,"longitude":35.51347787,"source_1":"https://t.me/sameralhajali/1666","source_2":"","sources":""}},{"type":"Feature","geometry":{"type":"Point","coordinates":[35.206313000282016,33.17859599993663]},"properties":{"event_id":1756,"data_org":"Green","post_date":"2026-04-28T00:00:00.000Z","pub_date":"2026-04-28T00:00:00.000Z","strikedate":"2026-04-28T00:00:00.000Z","time":"1899-12-30T00:00:00.000Z","event_type":"Reported Airstrike","actor":"Israel","site_type":"","siteStype":"","city":"Mansouri","province":"South","country":"Lebanon","latitude":33.178596,"longitude":35.206313,"source_1":"https://t.me/sameralhajali/1668","source_2":"","sources":""}},{"type":"Feature","geometry":{"type":"Point","coordinates":[35.280993190074106,33.27493226963885]},"properties":{"event_id":1757,"data_org":"Green","post_date":"2026-04-28T00:00:00.000Z","pub_date":"2026-04-28T00:00:00.000Z","strikedate":"2026-04-28T00:00:00.000Z","time":"1899-12-30T00:00:00.000Z","event_type":"Reported Airstrike","actor":"Israel","site_type":"","siteStype":"","city":"Tayr Dibba","province":"South","country":"Lebanon","latitude":33.27493227,"longitude":35.28099319,"source_1":"https://t.me/MTVLebanoNews/66952","source_2":"","sources":""}},{"type":"Feature","geometry":{"type":"Point","coordinates":[35.52649699992131,33.329703999903344]},"properties":{"event_id":1758,"data_org":"Green","post_date":"2026-04-28T00:00:00.000Z","pub_date":"2026-04-28T00:00:00.000Z","strikedate":"2026-04-28T00:00:00.000Z","time":"1899-12-30T00:00:00.000Z","event_type":"Reported Airstrike","actor":"Israel","site_type":"","siteStype":"","city":"Arnoun","province":"Nabatieh","country":"Lebanon","latitude":33.329704,"longitude":35.526497,"source_1":"https://t.me/MTVLebanoNews/66971","source_2":"","sources":""}},{"type":"Feature","geometry":{"type":"Point","coordinates":[35.22915500020386,33.19777900033949]},"properties":{"event_id":1759,"data_org":"Green","post_date":"2026-04-28T00:00:00.000Z","pub_date":"2026-04-28T00:00:00.000Z","strikedate":"2026-04-28T00:00:00.000Z","time":"1899-12-30T00:00:00.000Z","event_type":"Reported Airstrike","actor":"Israel","site_type":"","siteStype":"","city":"Qalila","province":"South","country":"Lebanon","latitude":33.197779,"longitude":35.229155,"source_1":"https://t.me/MTVLebanoNews/66982","source_2":"","sources":""}},{"type":"Feature","geometry":{"type":"Point","coordinates":[35.407357000218745,33.20559599972622]},"properties":{"event_id":1760,"data_org":"Green","post_date":"2026-04-28T00:00:00.000Z","pub_date":"2026-04-28T00:00:00.000Z","strikedate":"2026-04-28T00:00:00.000Z","time":"1899-12-30T00:00:00.000Z","event_type":"Reported Airstrike","actor":"Israel","site_type":"","siteStype":"","city":"Sultaniyeh","province":"Nabatieh","country":"Lebanon","latitude":33.205596,"longitude":35.407357,"source_1":"https://t.me/MTVLebanoNews/66984","source_2":"","sources":""}},{"type":"Feature","geometry":{"type":"Point","coordinates":[35.43556199987896,33.2712179996419]},"properties":{"event_id":1761,"data_org":"Green","post_date":"2026-04-28T00:00:00.000Z","pub_date":"2026-04-28T00:00:00.000Z","strikedate":"2026-04-28T00:00:00.000Z","time":"1899-12-30T00:00:00.000Z","event_type":"Reported Airstrike","actor":"Israel","site_type":"","siteStype":"","city":"IVO Ghandouriyeh (Wadi al Hujayr)","province":"Nabatieh","country":"Lebanon","latitude":33.271218,"longitude":35.435562,"source_1":"https://t.me/MTVLebanoNews/66985","source_2":"","sources":""}},{"type":"Feature","geometry":{"type":"Point","coordinates":[35.219874999975346,33.155468999767486]},"properties":{"event_id":1762,"data_org":"Green","post_date":"2026-04-29T00:00:00.000Z","pub_date":"2026-04-29T00:00:00.000Z","strikedate":"2026-04-29T00:00:00.000Z","time":"1899-12-30T00:00:00.000Z","event_type":"Confirmed Airstrike","actor":"Israel","site_type":"","siteStype":"","city":"Majdal Zoun","province":"South","country":"Lebanon","latitude":33.155469,"longitude":35.219875,"source_1":"https://x.com/manniefabian/status/2049343601369342378?s=20","source_2":"https://x.com/EndlessWint_r/status/2049382556366254128?s=20","sources":""}},{"type":"Feature","geometry":{"type":"Point","coordinates":[35.440722000126065,33.36863400009993]},"properties":{"event_id":1763,"data_org":"Green","post_date":"2026-04-28T00:00:00.000Z","pub_date":"2026-04-29T00:00:00.000Z","strikedate":"2026-04-28T00:00:00.000Z","time":"1899-12-30T00:00:00.000Z","event_type":"Reported Airstrike","actor":"Israel","site_type":"","siteStype":"","city":"Jibchit","province":"Nabatieh","country":"Lebanon","latitude":33.368634,"longitude":35.440722,"source_1":"https://t.me/sameralhajali/1672","source_2":"","sources":""}},{"type":"Feature","geometry":{"type":"Point","coordinates":[35.53220032999833,33.32410789988528]},"properties":{"event_id":1764,"data_org":"Green","post_date":"2026-04-28T00:00:00.000Z","pub_date":"2026-04-29T00:00:00.000Z","strikedate":"2026-04-28T00:00:00.000Z","time":"1899-12-30T00:00:00.000Z","event_type":"Reported Airstrike","actor":"Israel","site_type":"","siteStype":"","city":"Arnoun al Shaqif","province":"Nabatieh","country":"Lebanon","latitude":33.3241079,"longitude":35.53220033,"source_1":"https://t.me/MTVLebanoNews/66992","source_2":"","sources":""}},{"type":"Feature","geometry":{"type":"Point","coordinates":[35.61480599980935,33.33020100011496]},"properties":{"event_id":1765,"data_org":"Green","post_date":"2026-04-28T00:00:00.000Z","pub_date":"2026-04-29T00:00:00.000Z","strikedate":"2026-04-28T00:00:00.000Z","time":"1899-12-30T00:00:00.000Z","event_type":"Reported Airstrike","actor":"Israel","site_type":"","siteStype":"","city":"Khiam","province":"Nabatieh","country":"Lebanon","latitude":33.330201,"longitude":35.614806,"source_1":"https://t.me/sameralhajali/1680","source_2":"","sources":""}},{"type":"Feature","geometry":{"type":"Point","coordinates":[35.381027999977064,33.10997699978166]},"properties":{"event_id":1766,"data_org":"Green","post_date":"2026-04-29T00:00:00.000Z","pub_date":"2026-04-29T00:00:00.000Z","strikedate":"2026-04-29T00:00:00.000Z","time":"1899-12-30T00:00:00.000Z","event_type":"Reported Airstrike","actor":"Israel","site_type":"","siteStype":"","city":"Hanine","province":"Nabatieh","country":"Lebanon","latitude":33.109977,"longitude":35.381028,"source_1":"https://t.me/sameralhajali/1682","source_2":"","sources":""}},{"type":"Feature","geometry":{"type":"Point","coordinates":[35.417722300057775,33.26078665963404]},"properties":{"event_id":1767,"data_org":"Green","post_date":"2026-04-29T00:00:00.000Z","pub_date":"2026-04-29T00:00:00.000Z","strikedate":"2026-04-29T00:00:00.000Z","time":"1899-12-30T00:00:00.000Z","event_type":"Reported Airstrike","actor":"Israel","site_type":"","siteStype":"","city":"Burj Qallawiyah","province":"Nabatieh","country":"Lebanon","latitude":33.26078666,"longitude":35.4177223,"source_1":"https://t.me/MTVLebanoNews/67029","source_2":"https://t.me/sameralhajali/1689","sources":""}},{"type":"Feature","geometry":{"type":"Point","coordinates":[35.35077668032044,33.17459445006687]},"properties":{"event_id":1768,"data_org":"Green","post_date":"2026-04-29T00:00:00.000Z","pub_date":"2026-04-29T00:00:00.000Z","strikedate":"2026-04-29T00:00:00.000Z","time":"1899-12-30T00:00:00.000Z","event_type":"Reported Airstrike","actor":"Israel","site_type":"","siteStype":"","city":"Kafra","province":"Nabatieh","country":"Lebanon","latitude":33.17459445,"longitude":35.35077668,"source_1":"https://t.me/MTVLebanoNews/67046","source_2":"https://t.me/sameralhajali/1691","sources":""}},{"type":"Feature","geometry":{"type":"Point","coordinates":[35.40445644976079,33.13575263962509]},"properties":{"event_id":1769,"data_org":"Green","post_date":"2026-04-29T00:00:00.000Z","pub_date":"2026-04-29T00:00:00.000Z","strikedate":"2026-04-29T00:00:00.000Z","time":"1899-12-30T00:00:00.000Z","event_type":"Reported Airstrike","actor":"Israel","site_type":"","siteStype":"","city":"Tayri","province":"Nabatieh","country":"Lebanon","latitude":33.13575264,"longitude":35.40445645,"source_1":"https://t.me/MTVLebanoNews/67046","source_2":"https://t.me/sameralhajali/1691","sources":""}},{"type":"Feature","geometry":{"type":"Point","coordinates":[35.33820800982051,33.23866461994314]},"properties":{"event_id":1770,"data_org":"Green","post_date":"2026-04-29T00:00:00.000Z","pub_date":"2026-04-29T00:00:00.000Z","strikedate":"2026-04-29T00:00:00.000Z","time":"1899-12-30T00:00:00.000Z","event_type":"Reported Airstrike","actor":"Israel","site_type":"","siteStype":"","city":"Jouaiyya","province":"Nabatieh","country":"Lebanon","latitude":33.23866462,"longitude":35.33820801,"source_1":"https://t.me/MTVLebanoNews/67055","source_2":"","sources":""}},{"type":"Feature","geometry":{"type":"Point","coordinates":[35.4465094197002,33.1750541897803]},"properties":{"event_id":1771,"data_org":"Green","post_date":"2026-04-29T00:00:00.000Z","pub_date":"2026-04-29T00:00:00.000Z","strikedate":"2026-04-29T00:00:00.000Z","time":"1899-12-30T00:00:00.000Z","event_type":"Reported Airstrike","actor":"Israel","site_type":"","siteStype":"","city":"Baraachit","province":"Nabatieh","country":"Lebanon","latitude":33.17505419,"longitude":35.44650942,"source_1":"https://t.me/MTVLebanoNews/67055","source_2":"https://t.me/sameralhajali/1699","sources":""}},{"type":"Feature","geometry":{"type":"Point","coordinates":[35.41759300014904,33.25505999966909]},"properties":{"event_id":1772,"data_org":"Green","post_date":"2026-04-29T00:00:00.000Z","pub_date":"2026-04-29T00:00:00.000Z","strikedate":"2026-04-29T00:00:00.000Z","time":"1899-12-30T00:00:00.000Z","event_type":"Reported Airstrike","actor":"Israel","site_type":"","siteStype":"","city":"Qalaouiyeh","province":"Nabatieh","country":"Lebanon","latitude":33.25506,"longitude":35.417593,"source_1":"https://t.me/sameralhajali/1689","source_2":"","sources":""}},{"type":"Feature","geometry":{"type":"Point","coordinates":[35.22187422040309,33.18662352982444]},"properties":{"event_id":1773,"data_org":"Green","post_date":"2026-04-29T00:00:00.000Z","pub_date":"2026-04-29T00:00:00.000Z","strikedate":"2026-04-29T00:00:00.000Z","time":"1899-12-30T00:00:00.000Z","event_type":"Reported Airstrike","actor":"Israel","site_type":"","siteStype":"","city":"Hanniyeh","province":"South","country":"Lebanon","latitude":33.18662353,"longitude":35.22187422,"source_1":"https://t.me/MTVLebanoNews/67058","source_2":"https://t.me/sameralhajali/1701","sources":""}},{"type":"Feature","geometry":{"type":"Point","coordinates":[35.464003790058186,33.252015189761295]},"properties":{"event_id":1774,"data_org":"Green","post_date":"2026-04-29T00:00:00.000Z","pub_date":"2026-04-29T00:00:00.000Z","strikedate":"2026-04-29T00:00:00.000Z","time":"1899-12-30T00:00:00.000Z","event_type":"Reported Airstrike","actor":"Israel","site_type":"","siteStype":"","city":"Qabrikha","province":"Nabatieh","country":"Lebanon","latitude":33.25201519,"longitude":35.46400379,"source_1":"https://t.me/sameralhajali/1689","source_2":"","sources":""}},{"type":"Feature","geometry":{"type":"Point","coordinates":[35.513477870120475,33.35350962020518]},"properties":{"event_id":1775,"data_org":"Green","post_date":"2026-04-29T00:00:00.000Z","pub_date":"2026-04-29T00:00:00.000Z","strikedate":"2026-04-29T00:00:00.000Z","time":"1899-12-30T00:00:00.000Z","event_type":"Reported Airstrike","actor":"Israel","site_type":"","siteStype":"","city":"Kfar Tebnit","province":"South","country":"Lebanon","latitude":33.35350962,"longitude":35.51347787,"source_1":"https://t.me/MTVLebanoNews/67086","source_2":"","sources":""}},{"type":"Feature","geometry":{"type":"Point","coordinates":[35.4465094197002,33.1750541897803]},"properties":{"event_id":1776,"data_org":"Green","post_date":"2026-04-29T00:00:00.000Z","pub_date":"2026-04-29T00:00:00.000Z","strikedate":"2026-04-29T00:00:00.000Z","time":"1899-12-30T00:00:00.000Z","event_type":"Reported Airstrike","actor":"Israel","site_type":"","siteStype":"","city":"Baraachit","province":"Nabatieh","country":"Lebanon","latitude":33.17505419,"longitude":35.44650942,"source_1":"https://t.me/sameralhajali/1690","source_2":"","sources":""}},{"type":"Feature","geometry":{"type":"Point","coordinates":[35.417722300057775,33.26078665963404]},"properties":{"event_id":1777,"data_org":"Green","post_date":"2026-04-29T00:00:00.000Z","pub_date":"2026-04-29T00:00:00.000Z","strikedate":"2026-04-29T00:00:00.000Z","time":"1899-12-30T00:00:00.000Z","event_type":"Reported Airstrike","actor":"Israel","site_type":"","siteStype":"","city":"Burj Qalaouiyeh","province":"Nabatieh","country":"Lebanon","latitude":33.26078666,"longitude":35.4177223,"source_1":"https://t.me/sameralhajali/1692","source_2":"","sources":""}},{"type":"Feature","geometry":{"type":"Point","coordinates":[35.46448845001859,33.22159407007985]},"properties":{"event_id":1778,"data_org":"Green","post_date":"2026-04-29T00:00:00.000Z","pub_date":"2026-04-29T00:00:00.000Z","strikedate":"2026-04-29T00:00:00.000Z","time":"1899-12-30T00:00:00.000Z","event_type":"Reported Airstrike","actor":"Israel","site_type":"","siteStype":"","city":"Majdal Salam","province":"Nabatieh","country":"Lebanon","latitude":33.22159407,"longitude":35.46448845,"source_1":"https://t.me/sameralhajali/1694","source_2":"","sources":""}},{"type":"Feature","geometry":{"type":"Point","coordinates":[35.38758300031708,33.17388400001275]},"properties":{"event_id":1779,"data_org":"Green","post_date":"2026-04-29T00:00:00.000Z","pub_date":"2026-04-29T00:00:00.000Z","strikedate":"2026-04-29T00:00:00.000Z","time":"1899-12-30T00:00:00.000Z","event_type":"Reported Airstrike","actor":"Israel","site_type":"","siteStype":"","city":"Haris and Haddatha","province":"Nabatieh","country":"Lebanon","latitude":33.173884,"longitude":35.387583,"source_1":"https://t.me/MTVLebanoNews/67102","source_2":"","sources":""}},{"type":"Feature","geometry":{"type":"Point","coordinates":[35.42552400031539,33.2299569998727]},"properties":{"event_id":1780,"data_org":"Green","post_date":"2026-04-29T00:00:00.000Z","pub_date":"2026-04-29T00:00:00.000Z","strikedate":"2026-04-29T00:00:00.000Z","time":"1899-12-30T00:00:00.000Z","event_type":"Reported Airstrike","actor":"Israel","site_type":"","siteStype":"","city":"Kherbet Selem","province":"Nabatieh","country":"Lebanon","latitude":33.229957,"longitude":35.425524,"source_1":"https://t.me/sameralhajali/1696","source_2":"","sources":""}},{"type":"Feature","geometry":{"type":"Point","coordinates":[35.4465094197002,33.1750541897803]},"properties":{"event_id":1781,"data_org":"Green","post_date":"2026-04-29T00:00:00.000Z","pub_date":"2026-04-29T00:00:00.000Z","strikedate":"2026-04-29T00:00:00.000Z","time":"1899-12-30T00:00:00.000Z","event_type":"Reported Airstrike","actor":"Israel","site_type":"","siteStype":"","city":"Baraachit","province":"Nabatieh","country":"Lebanon","latitude":33.17505419,"longitude":35.44650942,"source_1":"https://t.me/sameralhajali/1696","source_2":"","sources":""}},{"type":"Feature","geometry":{"type":"Point","coordinates":[35.206313000282016,33.17859599993663]},"properties":{"event_id":1782,"data_org":"Green","post_date":"2026-04-29T00:00:00.000Z","pub_date":"2026-04-29T00:00:00.000Z","strikedate":"2026-04-29T00:00:00.000Z","time":"1899-12-30T00:00:00.000Z","event_type":"Reported Airstrike","actor":"Israel","site_type":"","siteStype":"","city":"Mansouri","province":"South","country":"Lebanon","latitude":33.178596,"longitude":35.206313,"source_1":"https://t.me/sameralhajali/1696","source_2":"","sources":""}},{"type":"Feature","geometry":{"type":"Point","coordinates":[35.4465094197002,33.1750541897803]},"properties":{"event_id":1783,"data_org":"Green","post_date":"2026-04-29T00:00:00.000Z","pub_date":"2026-04-29T00:00:00.000Z","strikedate":"2026-04-29T00:00:00.000Z","time":"1899-12-30T00:00:00.000Z","event_type":"Reported Airstrike","actor":"Israel","site_type":"","siteStype":"","city":"Baraachit","province":"Nabatieh","country":"Lebanon","latitude":33.17505419,"longitude":35.44650942,"source_1":"https://t.me/sameralhajali/1697","source_2":"","sources":""}},{"type":"Feature","geometry":{"type":"Point","coordinates":[35.348382999769974,33.25213300002988]},"properties":{"event_id":1784,"data_org":"Green","post_date":"2026-04-29T00:00:00.000Z","pub_date":"2026-04-29T00:00:00.000Z","strikedate":"2026-04-29T00:00:00.000Z","time":"1899-12-30T00:00:00.000Z","event_type":"Reported Airstrike","actor":"Israel","site_type":"","siteStype":"","city":"Debaal","province":"South","country":"Lebanon","latitude":33.252133,"longitude":35.348383,"source_1":"https://t.me/sameralhajali/1700","source_2":"","sources":""}},{"type":"Feature","geometry":{"type":"Point","coordinates":[35.38064700021055,33.1766419996675]},"properties":{"event_id":1785,"data_org":"Green","post_date":"2026-04-29T00:00:00.000Z","pub_date":"2026-04-29T00:00:00.000Z","strikedate":"2026-04-29T00:00:00.000Z","time":"1899-12-30T00:00:00.000Z","event_type":"Reported Airstrike","actor":"Israel","site_type":"","siteStype":"","city":"Haris","province":"Nabatieh","country":"Lebanon","latitude":33.176642,"longitude":35.380647,"source_1":"https://t.me/sameralhajali/1707","source_2":"","sources":""}},{"type":"Feature","geometry":{"type":"Point","coordinates":[35.470800999554996,33.192898999992664]},"properties":{"event_id":1786,"data_org":"Green","post_date":"2026-04-29T00:00:00.000Z","pub_date":"2026-04-29T00:00:00.000Z","strikedate":"2026-04-29T00:00:00.000Z","time":"1899-12-30T00:00:00.000Z","event_type":"Reported Airstrike","actor":"Israel","site_type":"","siteStype":"","city":"Chaqra","province":"South","country":"Lebanon","latitude":33.192899,"longitude":35.470801,"source_1":"https://t.me/sameralhajali/1708","source_2":"","sources":""}},{"type":"Feature","geometry":{"type":"Point","coordinates":[35.49865860003359,33.361879699824506]},"properties":{"event_id":1787,"data_org":"Green","post_date":"2026-04-29T00:00:00.000Z","pub_date":"2026-04-29T00:00:00.000Z","strikedate":"2026-04-29T00:00:00.000Z","time":"1899-12-30T00:00:00.000Z","event_type":"Reported Airstrike","actor":"Israel","site_type":"","siteStype":"","city":"Nabatieh al Fawqa","province":"Nabatieh","country":"Lebanon","latitude":33.3618797,"longitude":35.4986586,"source_1":"https://t.me/sameralhajali/1708","source_2":"","sources":""}},{"type":"Feature","geometry":{"type":"Point","coordinates":[35.206313000282016,33.17859599993663]},"properties":{"event_id":1788,"data_org":"Green","post_date":"2026-04-29T00:00:00.000Z","pub_date":"2026-04-29T00:00:00.000Z","strikedate":"2026-04-29T00:00:00.000Z","time":"1899-12-30T00:00:00.000Z","event_type":"Reported Airstrike","actor":"Israel","site_type":"","siteStype":"","city":"Mansouri","province":"South","country":"Lebanon","latitude":33.178596,"longitude":35.206313,"source_1":"https://t.me/sameralhajali/1708","source_2":"","sources":""}},{"type":"Feature","geometry":{"type":"Point","coordinates":[35.24726399967587,33.20991499965075]},"properties":{"event_id":1789,"data_org":"Green","post_date":"2026-04-29T00:00:00.000Z","pub_date":"2026-04-29T00:00:00.000Z","strikedate":"2026-04-29T00:00:00.000Z","time":"1899-12-30T00:00:00.000Z","event_type":"Reported Airstrike","actor":"Israel","site_type":"","siteStype":"","city":"Malikiyah","province":"South","country":"Lebanon","latitude":33.209915,"longitude":35.247264,"source_1":"https://t.me/sameralhajali/1712","source_2":"https://t.me/MTVLebanoNews/67106","sources":""}},{"type":"Feature","geometry":{"type":"Point","coordinates":[35.437245999676875,33.12195800007302]},"properties":{"event_id":1791,"data_org":"Green","post_date":"2026-04-29T00:00:00.000Z","pub_date":"2026-04-29T00:00:00.000Z","strikedate":"2026-04-29T00:00:00.000Z","time":"1899-12-30T00:00:00.000Z","event_type":"Reported Airstrike","actor":"Israel","site_type":"","siteStype":"","city":"Bint Jbeil","province":"Nabatieh","country":"Lebanon","latitude":33.121958,"longitude":35.437246,"source_1":"https://t.me/sameralhajali/1714","source_2":"https://t.me/MTVLebanoNews/67108","sources":""}},{"type":"Feature","geometry":{"type":"Point","coordinates":[35.43267600033198,33.19997400017547]},"properties":{"event_id":1792,"data_org":"Green","post_date":"2026-04-29T00:00:00.000Z","pub_date":"2026-04-29T00:00:00.000Z","strikedate":"2026-04-29T00:00:00.000Z","time":"1899-12-30T00:00:00.000Z","event_type":"Reported Airstrike","actor":"Israel","site_type":"","siteStype":"","city":"Safad al Battikh","province":"Nabatieh","country":"Lebanon","latitude":33.199974,"longitude":35.432676,"source_1":"https://t.me/sameralhajali/1714","source_2":"https://t.me/MTVLebanoNews/67108","sources":""}},{"type":"Feature","geometry":{"type":"Point","coordinates":[35.267634889659654,33.16538547019445]},"properties":{"event_id":1793,"data_org":"Green","post_date":"2026-04-29T00:00:00.000Z","pub_date":"2026-04-29T00:00:00.000Z","strikedate":"2026-04-29T00:00:00.000Z","time":"1899-12-30T00:00:00.000Z","event_type":"Reported Airstrike","actor":"Israel","site_type":"","siteStype":"","city":"Zebqine","province":"South","country":"Lebanon","latitude":33.16538547,"longitude":35.26763489,"source_1":"https://t.me/sameralhajali/1714","source_2":"https://t.me/MTVLebanoNews/67108","sources":""}},{"type":"Feature","geometry":{"type":"Point","coordinates":[35.32830199972164,33.15379999976207]},"properties":{"event_id":1794,"data_org":"Green","post_date":"2026-04-29T00:00:00.000Z","pub_date":"2026-04-29T00:00:00.000Z","strikedate":"2026-04-29T00:00:00.000Z","time":"1899-12-30T00:00:00.000Z","event_type":"Reported Airstrike","actor":"Israel","site_type":"","siteStype":"","city":"Yater","province":"Nabatieh","country":"Lebanon","latitude":33.1538,"longitude":35.328302,"source_1":"https://t.me/sameralhajali/1715","source_2":"","sources":""}},{"type":"Feature","geometry":{"type":"Point","coordinates":[35.464003790058186,33.252015189761295]},"properties":{"event_id":1795,"data_org":"Green","post_date":"2026-04-29T00:00:00.000Z","pub_date":"2026-04-29T00:00:00.000Z","strikedate":"2026-04-29T00:00:00.000Z","time":"1899-12-30T00:00:00.000Z","event_type":"Reported Airstrike","actor":"Israel","site_type":"","siteStype":"","city":"Qabrikha","province":"Nabatieh","country":"Lebanon","latitude":33.25201519,"longitude":35.46400379,"source_1":"https://t.me/sameralhajali/1717","source_2":"","sources":""}},{"type":"Feature","geometry":{"type":"Point","coordinates":[35.42552400031539,33.2299569998727]},"properties":{"event_id":1796,"data_org":"Green","post_date":"2026-04-29T00:00:00.000Z","pub_date":"2026-04-29T00:00:00.000Z","strikedate":"2026-04-29T00:00:00.000Z","time":"1899-12-30T00:00:00.000Z","event_type":"Reported Airstrike","actor":"Israel","site_type":"","siteStype":"","city":"Kherbet Selem","province":"Nabatieh","country":"Lebanon","latitude":33.229957,"longitude":35.425524,"source_1":"https://t.me/sameralhajali/1717","source_2":"","sources":""}},{"type":"Feature","geometry":{"type":"Point","coordinates":[35.43267600033198,33.19997400017547]},"properties":{"event_id":1797,"data_org":"Green","post_date":"2026-04-29T00:00:00.000Z","pub_date":"2026-04-29T00:00:00.000Z","strikedate":"2026-04-29T00:00:00.000Z","time":"1899-12-30T00:00:00.000Z","event_type":"Reported Airstrike","actor":"Israel","site_type":"","siteStype":"","city":"Safad al Battikh","province":"Nabatieh","country":"Lebanon","latitude":33.199974,"longitude":35.432676,"source_1":"https://t.me/MTVLebanoNews/67112","source_2":"","sources":""}},{"type":"Feature","geometry":{"type":"Point","coordinates":[35.48483236000112,33.377921349975004]},"properties":{"event_id":1799,"data_org":"Green","post_date":"2026-04-30T00:00:00.000Z","pub_date":"2026-04-30T00:00:00.000Z","strikedate":"2026-04-30T00:00:00.000Z","time":"1899-12-30T00:00:00.000Z","event_type":"Report of Explosion with Footage","actor":"Israel","site_type":"","siteStype":"","city":"Nabatieh","province":"Nabatieh","country":"Lebanon","latitude":33.37792135,"longitude":35.48483236,"source_1":"https://x.com/MarioLeb79/status/2049801118683725985?s=20","source_2":"","sources":""}},{"type":"Feature","geometry":{"type":"Point","coordinates":[35.22187422040309,33.18662352982444]},"properties":{"event_id":1800,"data_org":"Green","post_date":"2026-04-29T00:00:00.000Z","pub_date":"2026-04-30T00:00:00.000Z","strikedate":"2026-04-29T00:00:00.000Z","time":"1899-12-30T00:00:00.000Z","event_type":"Reported Airstrike","actor":"Israel","site_type":"","siteStype":"","city":"Hanniyeh","province":"South","country":"Lebanon","latitude":33.18662353,"longitude":35.22187422,"source_1":"https://t.me/sameralhajali/1722","source_2":"","sources":""}},{"type":"Feature","geometry":{"type":"Point","coordinates":[35.25530995006261,33.22510237962887]},"properties":{"event_id":1801,"data_org":"Green","post_date":"2026-04-29T00:00:00.000Z","pub_date":"2026-04-30T00:00:00.000Z","strikedate":"2026-04-29T00:00:00.000Z","time":"1899-12-30T00:00:00.000Z","event_type":"Reported Airstrike","actor":"Israel","site_type":"","siteStype":"","city":"Batouliyeh","province":"South","country":"Lebanon","latitude":33.22510238,"longitude":35.25530995,"source_1":"https://t.me/sameralhajali/1722","source_2":"","sources":""}},{"type":"Feature","geometry":{"type":"Point","coordinates":[35.22915500020386,33.19777900033949]},"properties":{"event_id":1802,"data_org":"Green","post_date":"2026-04-29T00:00:00.000Z","pub_date":"2026-04-30T00:00:00.000Z","strikedate":"2026-04-29T00:00:00.000Z","time":"1899-12-30T00:00:00.000Z","event_type":"Reported Airstrike","actor":"Israel","site_type":"","siteStype":"","city":"Qalila","province":"South","country":"Lebanon","latitude":33.197779,"longitude":35.229155,"source_1":"https://t.me/sameralhajali/1725","source_2":"","sources":""}},{"type":"Feature","geometry":{"type":"Point","coordinates":[35.49865860003359,33.361879699824506]},"properties":{"event_id":1803,"data_org":"Green","post_date":"2026-04-30T00:00:00.000Z","pub_date":"2026-04-30T00:00:00.000Z","strikedate":"2026-04-29T00:00:00.000Z","time":"1899-12-30T00:00:00.000Z","event_type":"Reported Airstrike","actor":"Israel","site_type":"","siteStype":"","city":"Nabatieh al Fawqa","province":"Nabatieh","country":"Lebanon","latitude":33.3618797,"longitude":35.4986586,"source_1":"https://t.me/MTVLebanoNews/67136","source_2":"","sources":""}},{"type":"Feature","geometry":{"type":"Point","coordinates":[35.279581779557574,33.200068210233106]},"properties":{"event_id":1804,"data_org":"Green","post_date":"2026-04-30T00:00:00.000Z","pub_date":"2026-04-30T00:00:00.000Z","strikedate":"2026-04-29T00:00:00.000Z","time":"1899-12-30T00:00:00.000Z","event_type":"Reported Airstrike","actor":"Israel","site_type":"","siteStype":"","city":"Ramadi","province":"South","country":"Lebanon","latitude":33.20006821,"longitude":35.27958178,"source_1":"https://t.me/MTVLebanoNews/67147","source_2":"","sources":""}},{"type":"Feature","geometry":{"type":"Point","coordinates":[35.38064700021055,33.1766419996675]},"properties":{"event_id":1805,"data_org":"Green","post_date":"2026-04-30T00:00:00.000Z","pub_date":"2026-04-30T00:00:00.000Z","strikedate":"2026-04-29T00:00:00.000Z","time":"1899-12-30T00:00:00.000Z","event_type":"Reported Airstrike","actor":"Israel","site_type":"","siteStype":"","city":"Haris","province":"Nabatieh","country":"Lebanon","latitude":33.176642,"longitude":35.380647,"source_1":"https://t.me/sameralhajali/1730","source_2":"","sources":""}},{"type":"Feature","geometry":{"type":"Point","coordinates":[35.38064700021055,33.1766419996675]},"properties":{"event_id":1806,"data_org":"Green","post_date":"2026-04-30T00:00:00.000Z","pub_date":"2026-04-30T00:00:00.000Z","strikedate":"2026-04-29T00:00:00.000Z","time":"1899-12-30T00:00:00.000Z","event_type":"Reported Airstrike","actor":"Israel","site_type":"","siteStype":"","city":"Haris","province":"Nabatieh","country":"Lebanon","latitude":33.176642,"longitude":35.380647,"source_1":"https://t.me/sameralhajali/1730","source_2":"","sources":""}},{"type":"Feature","geometry":{"type":"Point","coordinates":[35.38064700021055,33.1766419996675]},"properties":{"event_id":1807,"data_org":"Green","post_date":"2026-04-30T00:00:00.000Z","pub_date":"2026-04-30T00:00:00.000Z","strikedate":"2026-04-29T00:00:00.000Z","time":"1899-12-30T00:00:00.000Z","event_type":"Reported Airstrike","actor":"Israel","site_type":"","siteStype":"","city":"Haris","province":"Nabatieh","country":"Lebanon","latitude":33.176642,"longitude":35.380647,"source_1":"https://t.me/sameralhajali/1730","source_2":"","sources":""}},{"type":"Feature","geometry":{"type":"Point","coordinates":[35.23013866981301,33.153195529789066]},"properties":{"event_id":1808,"data_org":"Green","post_date":"2026-04-30T00:00:00.000Z","pub_date":"2026-04-30T00:00:00.000Z","strikedate":"2026-04-29T00:00:00.000Z","time":"1899-12-30T00:00:00.000Z","event_type":"Reported Airstrike","actor":"Israel","site_type":"","siteStype":"","city":"Majdal Zoun","province":"South","country":"Lebanon","latitude":33.15319553,"longitude":35.23013867,"source_1":"https://t.me/MTVLebanoNews/67153","source_2":"","sources":""}},{"type":"Feature","geometry":{"type":"Point","coordinates":[35.42114645963022,33.158967550338]},"properties":{"event_id":1809,"data_org":"Green","post_date":"2026-04-30T00:00:00.000Z","pub_date":"2026-04-30T00:00:00.000Z","strikedate":"2026-04-30T00:00:00.000Z","time":"1899-12-30T00:00:00.000Z","event_type":"Reported Airstrike","actor":"Israel","site_type":"","siteStype":"","city":"Beit Yahoun","province":"Nabatieh","country":"Lebanon","latitude":33.15896755,"longitude":35.42114646,"source_1":"https://t.me/sameralhajali/1731","source_2":"","sources":""}},{"type":"Feature","geometry":{"type":"Point","coordinates":[35.43917204962979,33.20740224975538]},"properties":{"event_id":1810,"data_org":"Green","post_date":"2026-04-30T00:00:00.000Z","pub_date":"2026-04-30T00:00:00.000Z","strikedate":"2026-04-30T00:00:00.000Z","time":"1899-12-30T00:00:00.000Z","event_type":"Reported Airstrike","actor":"Israel","site_type":"","siteStype":"","city":"Jmaijmeh","province":"Nabatieh","country":"Lebanon","latitude":33.20740225,"longitude":35.43917205,"source_1":"https://t.me/sameralhajali/1731","source_2":"","sources":""}},{"type":"Feature","geometry":{"type":"Point","coordinates":[35.4465094197002,33.1750541897803]},"properties":{"event_id":1811,"data_org":"Green","post_date":"2026-04-30T00:00:00.000Z","pub_date":"2026-04-30T00:00:00.000Z","strikedate":"2026-04-30T00:00:00.000Z","time":"1899-12-30T00:00:00.000Z","event_type":"Reported Airstrike","actor":"Israel","site_type":"","siteStype":"","city":"Baraachit","province":"Nabatieh","country":"Lebanon","latitude":33.17505419,"longitude":35.44650942,"source_1":"https://t.me/sameralhajali/1732","source_2":"","sources":""}},{"type":"Feature","geometry":{"type":"Point","coordinates":[35.440722000126065,33.36863400009993]},"properties":{"event_id":1812,"data_org":"Green","post_date":"2026-04-30T00:00:00.000Z","pub_date":"2026-04-30T00:00:00.000Z","strikedate":"2026-04-30T00:00:00.000Z","time":"1899-12-30T00:00:00.000Z","event_type":"Reported Airstrike","actor":"Israel","site_type":"","siteStype":"","city":"Jibchit","province":"Nabatieh","country":"Lebanon","latitude":33.368634,"longitude":35.440722,"source_1":"https://t.me/sameralhajali/1737","source_2":"https://t.me/MTVLebanoNews/67195","sources":""}},{"type":"Feature","geometry":{"type":"Point","coordinates":[35.41987500034675,33.345952000361095]},"properties":{"event_id":1813,"data_org":"Green","post_date":"2026-04-30T00:00:00.000Z","pub_date":"2026-04-30T00:00:00.000Z","strikedate":"2026-04-30T00:00:00.000Z","time":"1899-12-30T00:00:00.000Z","event_type":"Reported Airstrike","actor":"Israel","site_type":"","siteStype":"","city":"Aadchit al Chaqif","province":"Nabatieh","country":"Lebanon","latitude":33.345952,"longitude":35.419875,"source_1":"https://t.me/sameralhajali/1737","source_2":"https://t.me/MTVLebanoNews/67195","sources":""}},{"type":"Feature","geometry":{"type":"Point","coordinates":[35.44328299998303,33.377714000068984]},"properties":{"event_id":1814,"data_org":"Green","post_date":"2026-04-30T00:00:00.000Z","pub_date":"2026-04-30T00:00:00.000Z","strikedate":"2026-04-30T00:00:00.000Z","time":"1899-12-30T00:00:00.000Z","event_type":"Reported Airstrike","actor":"Israel","site_type":"","siteStype":"","city":"Harouf","province":"Nabatieh","country":"Lebanon","latitude":33.377714,"longitude":35.443283,"source_1":"https://t.me/sameralhajali/1737","source_2":"https://t.me/MTVLebanoNews/67195","sources":""}},{"type":"Feature","geometry":{"type":"Point","coordinates":[35.445621300294555,33.38946599998313]},"properties":{"event_id":1815,"data_org":"Green","post_date":"2026-04-30T00:00:00.000Z","pub_date":"2026-04-30T00:00:00.000Z","strikedate":"2026-04-30T00:00:00.000Z","time":"1899-12-30T00:00:00.000Z","event_type":"Reported Airstrike","actor":"Israel","site_type":"","siteStype":"","city":"Toul","province":"Nabatieh","country":"Lebanon","latitude":33.389466,"longitude":35.4456213,"source_1":"https://t.me/MTVLebanoNews/67198","source_2":"https://t.me/sameralhajali/1739","sources":""}},{"type":"Feature","geometry":{"type":"Point","coordinates":[35.417593469967926,33.25506012962759]},"properties":{"event_id":1816,"data_org":"Green","post_date":"2026-04-30T00:00:00.000Z","pub_date":"2026-04-30T00:00:00.000Z","strikedate":"2026-04-30T00:00:00.000Z","time":"1899-12-30T00:00:00.000Z","event_type":"Reported Airstrike","actor":"Israel","site_type":"","siteStype":"","city":"Qalaouiyeh","province":"Nabatieh","country":"Lebanon","latitude":33.25506013,"longitude":35.41759347,"source_1":"https://t.me/MTVLebanoNews/67199","source_2":"","sources":""}},{"type":"Feature","geometry":{"type":"Point","coordinates":[35.4465094197002,33.1750541897803]},"properties":{"event_id":1817,"data_org":"Green","post_date":"2026-04-30T00:00:00.000Z","pub_date":"2026-04-30T00:00:00.000Z","strikedate":"2026-04-30T00:00:00.000Z","time":"1899-12-30T00:00:00.000Z","event_type":"Reported Airstrike","actor":"Israel","site_type":"","siteStype":"","city":"Baraachit","province":"Nabatieh","country":"Lebanon","latitude":33.17505419,"longitude":35.44650942,"source_1":"https://t.me/sameralhajali/1741","source_2":"","sources":""}},{"type":"Feature","geometry":{"type":"Point","coordinates":[35.397060000189086,33.28226400032506]},"properties":{"event_id":1818,"data_org":"Green","post_date":"2026-04-30T00:00:00.000Z","pub_date":"2026-04-30T00:00:00.000Z","strikedate":"2026-04-30T00:00:00.000Z","time":"1899-12-30T00:00:00.000Z","event_type":"Reported Airstrike","actor":"Israel","site_type":"","siteStype":"","city":"Srifa","province":"South","country":"Lebanon","latitude":33.282264,"longitude":35.39706,"source_1":"https://t.me/sameralhajali/1743","source_2":"https://t.me/MTVLebanoNews/67203","sources":""}},{"type":"Feature","geometry":{"type":"Point","coordinates":[35.407357000218745,33.20559599972622]},"properties":{"event_id":1819,"data_org":"Green","post_date":"2026-04-30T00:00:00.000Z","pub_date":"2026-04-30T00:00:00.000Z","strikedate":"2026-04-30T00:00:00.000Z","time":"1899-12-30T00:00:00.000Z","event_type":"Reported Airstrike","actor":"Israel","site_type":"","siteStype":"","city":"Sultaniyeh","province":"Nabatieh","country":"Lebanon","latitude":33.205596,"longitude":35.407357,"source_1":"https://t.me/sameralhajali/1749","source_2":"","sources":""}},{"type":"Feature","geometry":{"type":"Point","coordinates":[35.23013866981301,33.153195529789066]},"properties":{"event_id":1821,"data_org":"Green","post_date":"2026-04-30T00:00:00.000Z","pub_date":"2026-04-30T00:00:00.000Z","strikedate":"2026-04-30T00:00:00.000Z","time":"1899-12-30T00:00:00.000Z","event_type":"Reported Airstrike","actor":"Israel","site_type":"","siteStype":"","city":"Majdal Zoun","province":"South","country":"Lebanon","latitude":33.15319553,"longitude":35.23013867,"source_1":"https://t.me/MTVLebanoNews/67224","source_2":"https://t.me/sameralhajali/1755","sources":""}},{"type":"Feature","geometry":{"type":"Point","coordinates":[35.35077668032044,33.17459445006687]},"properties":{"event_id":1822,"data_org":"Green","post_date":"2026-04-30T00:00:00.000Z","pub_date":"2026-04-30T00:00:00.000Z","strikedate":"2026-04-30T00:00:00.000Z","time":"1899-12-30T00:00:00.000Z","event_type":"Reported Airstrike","actor":"Israel","site_type":"","siteStype":"","city":"Kafra","province":"Nabatieh","country":"Lebanon","latitude":33.17459445,"longitude":35.35077668,"source_1":"https://t.me/MTVLebanoNews/67228","source_2":"https://t.me/sameralhajali/1752","sources":""}},{"type":"Feature","geometry":{"type":"Point","coordinates":[35.52488099989545,33.40462300019842]},"properties":{"event_id":1823,"data_org":"Green","post_date":"2026-04-30T00:00:00.000Z","pub_date":"2026-04-30T00:00:00.000Z","strikedate":"2026-04-30T00:00:00.000Z","time":"1899-12-30T00:00:00.000Z","event_type":"Reported Airstrike","actor":"Israel","site_type":"","siteStype":"","city":"Kfar Roummane","province":"Nabatieh","country":"Lebanon","latitude":33.404623,"longitude":35.524881,"source_1":"https://t.me/MTVLebanoNews/67231","source_2":"https://t.me/sameralhajali/1753","sources":""}},{"type":"Feature","geometry":{"type":"Point","coordinates":[35.38351915043081,33.24242731988426]},"properties":{"event_id":1825,"data_org":"Green","post_date":"2026-04-30T00:00:00.000Z","pub_date":"2026-04-30T00:00:00.000Z","strikedate":"2026-04-30T00:00:00.000Z","time":"1899-12-30T00:00:00.000Z","event_type":"Reported Airstrike","actor":"Israel","site_type":"","siteStype":"","city":"Shahabiya","province":"South","country":"Lebanon","latitude":33.24242732,"longitude":35.38351915,"source_1":"https://t.me/MTVLebanoNews/67247 ; https://t.me/MTVLebanoNews/67250","source_2":"https://t.me/sameralhajali/1765","sources":""}},{"type":"Feature","geometry":{"type":"Point","coordinates":[35.42552400031539,33.2299569998727]},"properties":{"event_id":1826,"data_org":"Green","post_date":"2026-04-30T00:00:00.000Z","pub_date":"2026-04-30T00:00:00.000Z","strikedate":"2026-04-30T00:00:00.000Z","time":"1899-12-30T00:00:00.000Z","event_type":"Reported Airstrike","actor":"Israel","site_type":"","siteStype":"","city":"Kherbet Selem","province":"Nabatieh","country":"Lebanon","latitude":33.229957,"longitude":35.425524,"source_1":"https://t.me/sameralhajali/1751","source_2":"","sources":""}},{"type":"Feature","geometry":{"type":"Point","coordinates":[35.38064700021055,33.1766419996675]},"properties":{"event_id":1827,"data_org":"Green","post_date":"2026-04-30T00:00:00.000Z","pub_date":"2026-04-30T00:00:00.000Z","strikedate":"2026-04-30T00:00:00.000Z","time":"1899-12-30T00:00:00.000Z","event_type":"Reported Airstrike","actor":"Israel","site_type":"","siteStype":"","city":"Haris","province":"Nabatieh","country":"Lebanon","latitude":33.176642,"longitude":35.380647,"source_1":"https://t.me/sameralhajali/1751","source_2":"https://t.me/sameralhajali/1762","sources":""}},{"type":"Feature","geometry":{"type":"Point","coordinates":[35.234816999692974,33.22076600007543]},"properties":{"event_id":1828,"data_org":"Green","post_date":"2026-04-30T00:00:00.000Z","pub_date":"2026-04-30T00:00:00.000Z","strikedate":"2026-04-30T00:00:00.000Z","time":"1899-12-30T00:00:00.000Z","event_type":"Reported Airstrike","actor":"Israel","site_type":"","siteStype":"","city":"Sammaaiyeh","province":"South","country":"Lebanon","latitude":33.220766,"longitude":35.234817,"source_1":"https://t.me/sameralhajali/1753","source_2":"","sources":""}},{"type":"Feature","geometry":{"type":"Point","coordinates":[35.24726399967587,33.20991499965075]},"properties":{"event_id":1829,"data_org":"Green","post_date":"2026-04-30T00:00:00.000Z","pub_date":"2026-04-30T00:00:00.000Z","strikedate":"2026-04-30T00:00:00.000Z","time":"1899-12-30T00:00:00.000Z","event_type":"Reported Airstrike","actor":"Israel","site_type":"","siteStype":"","city":"Malikiyah","province":"South","country":"Lebanon","latitude":33.209915,"longitude":35.247264,"source_1":"https://t.me/sameralhajali/1757","source_2":"","sources":""}},{"type":"Feature","geometry":{"type":"Point","coordinates":[35.30485200025256,33.2437770002482]},"properties":{"event_id":1830,"data_org":"Green","post_date":"2026-04-30T00:00:00.000Z","pub_date":"2026-04-30T00:00:00.000Z","strikedate":"2026-04-30T00:00:00.000Z","time":"1899-12-30T00:00:00.000Z","event_type":"Reported Airstrike","actor":"Israel","site_type":"","siteStype":"","city":"Wadi Jilo","province":"South","country":"Lebanon","latitude":33.243777,"longitude":35.304852,"source_1":"https://t.me/sameralhajali/1757","source_2":"","sources":""}},{"type":"Feature","geometry":{"type":"Point","coordinates":[35.22915500020386,33.19777900033949]},"properties":{"event_id":1831,"data_org":"Green","post_date":"2026-04-30T00:00:00.000Z","pub_date":"2026-04-30T00:00:00.000Z","strikedate":"2026-04-30T00:00:00.000Z","time":"1899-12-30T00:00:00.000Z","event_type":"Reported Airstrike","actor":"Israel","site_type":"","siteStype":"","city":"Qalila","province":"South","country":"Lebanon","latitude":33.197779,"longitude":35.229155,"source_1":"https://t.me/sameralhajali/1757","source_2":"","sources":""}},{"type":"Feature","geometry":{"type":"Point","coordinates":[35.38064700021055,33.1766419996675]},"properties":{"event_id":1832,"data_org":"Green","post_date":"2026-04-30T00:00:00.000Z","pub_date":"2026-04-30T00:00:00.000Z","strikedate":"2026-04-30T00:00:00.000Z","time":"1899-12-30T00:00:00.000Z","event_type":"Reported Airstrike","actor":"Israel","site_type":"","siteStype":"","city":"Haris","province":"Nabatieh","country":"Lebanon","latitude":33.176642,"longitude":35.380647,"source_1":"https://t.me/sameralhajali/1751","source_2":"https://t.me/sameralhajali/1762","sources":""}},{"type":"Feature","geometry":{"type":"Point","coordinates":[35.48483236000112,33.377921349975004]},"properties":{"event_id":1833,"data_org":"Green","post_date":"2026-04-30T00:00:00.000Z","pub_date":"2026-04-30T00:00:00.000Z","strikedate":"2026-04-30T00:00:00.000Z","time":"1899-12-30T00:00:00.000Z","event_type":"Reported Airstrike","actor":"Israel","site_type":"","siteStype":"","city":"Nabatieh","province":"Nabatieh","country":"Lebanon","latitude":33.37792135,"longitude":35.48483236,"source_1":"https://t.me/sameralhajali/1768","source_2":"","sources":""}},{"type":"Feature","geometry":{"type":"Point","coordinates":[35.438071999682315,33.149954999760496]},"properties":{"event_id":1834,"data_org":"Green","post_date":"2026-04-30T00:00:00.000Z","pub_date":"2026-04-30T00:00:00.000Z","strikedate":"2026-04-30T00:00:00.000Z","time":"1899-12-30T00:00:00.000Z","event_type":"Reported Airstrike","actor":"Israel","site_type":"","siteStype":"","city":"Kounine","province":"Nabatieh","country":"Lebanon","latitude":33.149955,"longitude":35.438072,"source_1":"https://t.me/sameralhajali/1771","source_2":"","sources":""}},{"type":"Feature","geometry":{"type":"Point","coordinates":[35.47726999968128,33.326331000243286]},"properties":{"event_id":1835,"data_org":"Green","post_date":"2026-04-30T00:00:00.000Z","pub_date":"2026-04-30T00:00:00.000Z","strikedate":"2026-04-30T00:00:00.000Z","time":"1899-12-30T00:00:00.000Z","event_type":"Reported Airstrike","actor":"Israel","site_type":"","siteStype":"","city":"Zawtar el Charqiyeh","province":"Nabatieh","country":"Lebanon","latitude":33.326331,"longitude":35.47727,"source_1":"https://t.me/sameralhajali/1773","source_2":"","sources":""}},{"type":"Feature","geometry":{"type":"Point","coordinates":[35.38351915043081,33.24242731988426]},"properties":{"event_id":1836,"data_org":"Green","post_date":"2026-04-30T00:00:00.000Z","pub_date":"2026-04-30T00:00:00.000Z","strikedate":"2026-04-30T00:00:00.000Z","time":"1899-12-30T00:00:00.000Z","event_type":"Reported Airstrike","actor":"Israel","site_type":"","siteStype":"","city":"Chehabiyeh","province":"South","country":"Lebanon","latitude":33.24242732,"longitude":35.38351915,"source_1":"https://t.me/sameralhajali/1777","source_2":"","sources":""}},{"type":"Feature","geometry":{"type":"Point","coordinates":[35.234816999692974,33.22076600007543]},"properties":{"event_id":1837,"data_org":"Green","post_date":"2026-04-30T00:00:00.000Z","pub_date":"2026-04-30T00:00:00.000Z","strikedate":"2026-04-30T00:00:00.000Z","time":"1899-12-30T00:00:00.000Z","event_type":"Reported Airstrike","actor":"Israel","site_type":"","siteStype":"","city":"Sammaaiyeh","province":"South","country":"Lebanon","latitude":33.220766,"longitude":35.234817,"source_1":"https://t.me/sameralhajali/1777","source_2":"","sources":""}},{"type":"Feature","geometry":{"type":"Point","coordinates":[35.38872005995594,33.16492579030912]},"properties":{"event_id":1838,"data_org":"Green","post_date":"2026-04-30T00:00:00.000Z","pub_date":"2026-04-30T00:00:00.000Z","strikedate":"2026-04-30T00:00:00.000Z","time":"1899-12-30T00:00:00.000Z","event_type":"Reported Airstrike","actor":"Israel","site_type":"","siteStype":"","city":"Haddatha","province":"Nabatieh","country":"Lebanon","latitude":33.16492579,"longitude":35.38872006,"source_1":"https://t.me/sameralhajali/1778","source_2":"","sources":""}},{"type":"Feature","geometry":{"type":"Point","coordinates":[35.34987999997014,33.296657999876814]},"properties":{"event_id":1839,"data_org":"Green","post_date":"2026-04-30T00:00:00.000Z","pub_date":"2026-04-30T00:00:00.000Z","strikedate":"2026-04-30T00:00:00.000Z","time":"1899-12-30T00:00:00.000Z","event_type":"Reported Airstrike","actor":"Israel","site_type":"","siteStype":"","city":"Houmayri","province":"South","country":"Lebanon","latitude":33.296658,"longitude":35.34988,"source_1":"https://t.me/sameralhajali/1781","source_2":"","sources":""}},{"type":"Feature","geometry":{"type":"Point","coordinates":[35.35066999999056,33.27402000010957]},"properties":{"event_id":1840,"data_org":"Green","post_date":"2026-04-30T00:00:00.000Z","pub_date":"2026-04-30T00:00:00.000Z","strikedate":"2026-04-30T00:00:00.000Z","time":"1899-12-30T00:00:00.000Z","event_type":"Reported Airstrike","actor":"Israel","site_type":"","siteStype":"","city":"Barish","province":"South","country":"Lebanon","latitude":33.27402,"longitude":35.35067,"source_1":"https://t.me/sameralhajali/1781","source_2":"","sources":""}},{"type":"Feature","geometry":{"type":"Point","coordinates":[35.47454700034091,33.39737999989033]},"properties":{"event_id":1841,"data_org":"Green","post_date":"2026-04-30T00:00:00.000Z","pub_date":"2026-04-30T00:00:00.000Z","strikedate":"2026-04-30T00:00:00.000Z","time":"1899-12-30T00:00:00.000Z","event_type":"Reported Airstrike","actor":"Israel","site_type":"","siteStype":"","city":"Kfar Jouz","province":"Nabatieh","country":"Lebanon","latitude":33.39738,"longitude":35.474547,"source_1":"https://t.me/sameralhajali/1782","source_2":"https://t.me/sameralhajali/1783","sources":""}},{"type":"Feature","geometry":{"type":"Point","coordinates":[35.206313000282016,33.17859599993663]},"properties":{"event_id":1842,"data_org":"Green","post_date":"2026-04-30T00:00:00.000Z","pub_date":"2026-04-30T00:00:00.000Z","strikedate":"2026-04-30T00:00:00.000Z","time":"1899-12-30T00:00:00.000Z","event_type":"Reported Airstrike","actor":"Israel","site_type":"","siteStype":"","city":"Aamriyeh/Mansouri","province":"South","country":"Lebanon","latitude":33.178596,"longitude":35.206313,"source_1":"https://t.me/sameralhajali/1784","source_2":"","sources":""}},{"type":"Feature","geometry":{"type":"Point","coordinates":[35.206313000282016,33.17859599993663]},"properties":{"event_id":1843,"data_org":"Green","post_date":"2026-04-30T00:00:00.000Z","pub_date":"2026-04-30T00:00:00.000Z","strikedate":"2026-04-30T00:00:00.000Z","time":"1899-12-30T00:00:00.000Z","event_type":"Reported Airstrike","actor":"Israel","site_type":"","siteStype":"","city":"Aamriyeh/Mansouri","province":"South","country":"Lebanon","latitude":33.178596,"longitude":35.206313,"source_1":"https://t.me/sameralhajali/1784","source_2":"","sources":""}},{"type":"Feature","geometry":{"type":"Point","coordinates":[35.38064700021055,33.1766419996675]},"properties":{"event_id":1844,"data_org":"Green","post_date":"2026-04-30T00:00:00.000Z","pub_date":"2026-04-30T00:00:00.000Z","strikedate":"2026-04-30T00:00:00.000Z","time":"1899-12-30T00:00:00.000Z","event_type":"Reported Airstrike","actor":"Israel","site_type":"","siteStype":"","city":"Haris","province":"Nabatieh","country":"Lebanon","latitude":33.176642,"longitude":35.380647,"source_1":"https://t.me/sameralhajali/1788","source_2":"https://t.me/sameralhajali/1793","sources":"https://t.me/sameralhajali/1794"}},{"type":"Feature","geometry":{"type":"Point","coordinates":[35.271543000421744,33.25407399980616]},"properties":{"event_id":1845,"data_org":"Green","post_date":"2026-04-30T00:00:00.000Z","pub_date":"2026-04-30T00:00:00.000Z","strikedate":"2026-04-30T00:00:00.000Z","time":"1899-12-30T00:00:00.000Z","event_type":"Reported Airstrike","actor":"Israel","site_type":"","siteStype":"","city":"Bazouriyeh","province":"South","country":"Lebanon","latitude":33.254074,"longitude":35.271543,"source_1":"https://t.me/sameralhajali/1788","source_2":"https://t.me/sameralhajali/1793","sources":"https://t.me/sameralhajali/1794 ; https://t.me/MTVLebanoNews/67274"}},{"type":"Feature","geometry":{"type":"Point","coordinates":[35.346731999584016,33.28582199987404]},"properties":{"event_id":1846,"data_org":"Green","post_date":"2026-04-30T00:00:00.000Z","pub_date":"2026-04-30T00:00:00.000Z","strikedate":"2026-04-30T00:00:00.000Z","time":"1899-12-30T00:00:00.000Z","event_type":"Reported Airstrike","actor":"Israel","site_type":"","siteStype":"","city":"Maaroub","province":"South","country":"Lebanon","latitude":33.285822,"longitude":35.346732,"source_1":"https://t.me/sameralhajali/1790","source_2":"","sources":""}},{"type":"Feature","geometry":{"type":"Point","coordinates":[35.271543000421744,33.25407399980616]},"properties":{"event_id":1847,"data_org":"Green","post_date":"2026-04-30T00:00:00.000Z","pub_date":"2026-04-30T00:00:00.000Z","strikedate":"2026-04-30T00:00:00.000Z","time":"1899-12-30T00:00:00.000Z","event_type":"Reported Airstrike","actor":"Israel","site_type":"","siteStype":"","city":"Bazouriyeh","province":"South","country":"Lebanon","latitude":33.254074,"longitude":35.271543,"source_1":"https://t.me/sameralhajali/1794","source_2":"","sources":""}},{"type":"Feature","geometry":{"type":"Point","coordinates":[35.23872099976433,33.262338999637336]},"properties":{"event_id":1848,"data_org":"Green","post_date":"2026-04-30T00:00:00.000Z","pub_date":"2026-04-30T00:00:00.000Z","strikedate":"2026-04-30T00:00:00.000Z","time":"1899-12-30T00:00:00.000Z","event_type":"Reported Airstrike","actor":"Israel","site_type":"","siteStype":"","city":"Borj el Chmali","province":"South","country":"Lebanon","latitude":33.262339,"longitude":35.238721,"source_1":"https://t.me/sameralhajali/1794","source_2":"","sources":""}},{"type":"Feature","geometry":{"type":"Point","coordinates":[35.47454700034091,33.39737999989033]},"properties":{"event_id":1849,"data_org":"Green","post_date":"2026-04-30T00:00:00.000Z","pub_date":"2026-04-30T00:00:00.000Z","strikedate":"2026-04-30T00:00:00.000Z","time":"1899-12-30T00:00:00.000Z","event_type":"Reported Airstrike","actor":"Israel","site_type":"","siteStype":"","city":"Kfar Jouz","province":"Nabatieh","country":"Lebanon","latitude":33.39738,"longitude":35.474547,"source_1":"https://t.me/sameralhajali/1796","source_2":"","sources":""}},{"type":"Feature","geometry":{"type":"Point","coordinates":[35.38064700021055,33.1766419996675]},"properties":{"event_id":1850,"data_org":"Green","post_date":"2026-04-30T00:00:00.000Z","pub_date":"2026-04-30T00:00:00.000Z","strikedate":"2026-04-30T00:00:00.000Z","time":"1899-12-30T00:00:00.000Z","event_type":"Reported Airstrike","actor":"Israel","site_type":"","siteStype":"","city":"Haris","province":"Nabatieh","country":"Lebanon","latitude":33.176642,"longitude":35.380647,"source_1":"https://t.me/sameralhajali/1800","source_2":"","sources":""}},{"type":"Feature","geometry":{"type":"Point","coordinates":[35.38351915043081,33.24242731988426]},"properties":{"event_id":1851,"data_org":"Green","post_date":"2026-04-30T00:00:00.000Z","pub_date":"2026-04-30T00:00:00.000Z","strikedate":"2026-04-30T00:00:00.000Z","time":"1899-12-30T00:00:00.000Z","event_type":"Reported Airstrike","actor":"Israel","site_type":"","siteStype":"","city":"Chehabiyeh","province":"South","country":"Lebanon","latitude":33.24242732,"longitude":35.38351915,"source_1":"https://t.me/sameralhajali/1801","source_2":"","sources":""}},{"type":"Feature","geometry":{"type":"Point","coordinates":[35.396932999967476,33.24030599965675]},"properties":{"event_id":1852,"data_org":"Green","post_date":"2026-04-30T00:00:00.000Z","pub_date":"2026-04-30T00:00:00.000Z","strikedate":"2026-04-30T00:00:00.000Z","time":"1899-12-30T00:00:00.000Z","event_type":"Reported Airstrike","actor":"Israel","site_type":"","siteStype":"","city":"Kfar Dounine","province":"Nabatieh","country":"Lebanon","latitude":33.240306,"longitude":35.396933,"source_1":"https://t.me/sameralhajali/1801","source_2":"","sources":""}},{"type":"Feature","geometry":{"type":"Point","coordinates":[35.30254099974253,33.2083129997492]},"properties":{"event_id":1853,"data_org":"Green","post_date":"2026-04-30T00:00:00.000Z","pub_date":"2026-04-30T00:00:00.000Z","strikedate":"2026-04-30T00:00:00.000Z","time":"1899-12-30T00:00:00.000Z","event_type":"Reported Airstrike","actor":"Israel","site_type":"","siteStype":"","city":"Qana","province":"South","country":"Lebanon","latitude":33.208313,"longitude":35.302541,"source_1":"https://t.me/sameralhajali/1802","source_2":"","sources":""}},{"type":"Feature","geometry":{"type":"Point","coordinates":[35.41759300014904,33.25505999966909]},"properties":{"event_id":1854,"data_org":"Green","post_date":"2026-04-30T00:00:00.000Z","pub_date":"2026-04-30T00:00:00.000Z","strikedate":"2026-04-30T00:00:00.000Z","time":"1899-12-30T00:00:00.000Z","event_type":"Reported Airstrike","actor":"Israel","site_type":"","siteStype":"","city":"Qalaouiyeh","province":"Nabatieh","country":"Lebanon","latitude":33.25506,"longitude":35.417593,"source_1":"https://t.me/sameralhajali/1807","source_2":"","sources":""}},{"type":"Feature","geometry":{"type":"Point","coordinates":[35.4986589997839,33.36187999993867]},"properties":{"event_id":1855,"data_org":"Green","post_date":"2026-04-30T00:00:00.000Z","pub_date":"2026-04-30T00:00:00.000Z","strikedate":"2026-04-30T00:00:00.000Z","time":"1899-12-30T00:00:00.000Z","event_type":"Reported Airstrike","actor":"Israel","site_type":"","siteStype":"","city":"Nabatieh al Fawqa","province":"Nabatieh","country":"Lebanon","latitude":33.36188,"longitude":35.498659,"source_1":"https://t.me/sameralhajali/1809","source_2":"","sources":""}},{"type":"Feature","geometry":{"type":"Point","coordinates":[35.34987999997014,33.296657999876814]},"properties":{"event_id":1856,"data_org":"Green","post_date":"2026-04-30T00:00:00.000Z","pub_date":"2026-04-30T00:00:00.000Z","strikedate":"2026-04-30T00:00:00.000Z","time":"1899-12-30T00:00:00.000Z","event_type":"Reported Airstrike","actor":"Israel","site_type":"","siteStype":"","city":"Houmayri","province":"South","country":"Lebanon","latitude":33.296658,"longitude":35.34988,"source_1":"https://t.me/sameralhajali/1811","source_2":"","sources":""}},{"type":"Feature","geometry":{"type":"Point","coordinates":[35.4023069995765,33.36153999992742]},"properties":{"event_id":1857,"data_org":"Green","post_date":"2026-04-30T00:00:00.000Z","pub_date":"2026-04-30T00:00:00.000Z","strikedate":"2026-04-30T00:00:00.000Z","time":"1899-12-30T00:00:00.000Z","event_type":"Reported Airstrike","actor":"Israel","site_type":"","siteStype":"","city":"Aba","province":"Nabatieh","country":"Lebanon","latitude":33.36154,"longitude":35.402307,"source_1":"https://t.me/sameralhajali/1812","source_2":"","sources":""}},{"type":"Feature","geometry":{"type":"Point","coordinates":[35.255332000109576,33.26536599982047]},"properties":{"event_id":1858,"data_org":"Green","post_date":"2026-04-30T00:00:00.000Z","pub_date":"2026-04-30T00:00:00.000Z","strikedate":"2026-04-30T00:00:00.000Z","time":"1899-12-30T00:00:00.000Z","event_type":"Reported Airstrike","actor":"Israel","site_type":"","siteStype":"","city":"Bazouriyeh/Borj el Chmali","province":"South","country":"Lebanon","latitude":33.265366,"longitude":35.255332,"source_1":"https://t.me/sameralhajali/1814","source_2":"","sources":""}},{"type":"Feature","geometry":{"type":"Point","coordinates":[35.59919873025018,33.37183943002864]},"properties":{"event_id":1859,"data_org":"Green","post_date":"2026-04-30T00:00:00.000Z","pub_date":"2026-04-30T00:00:00.000Z","strikedate":"2026-04-30T00:00:00.000Z","time":"1899-12-30T00:00:00.000Z","event_type":"Reported Airstrike","actor":"Israel","site_type":"","siteStype":"","city":"Dibbine","province":"Nabatieh","country":"Lebanon","latitude":33.37183943,"longitude":35.59919873,"source_1":"https://t.me/MTVLebanoNews/67285","source_2":"https://t.me/sameralhajali/1816","sources":""}},{"type":"Feature","geometry":{"type":"Point","coordinates":[35.49001499959001,33.37301499978628]},"properties":{"event_id":1860,"data_org":"Green","post_date":"2026-04-30T00:00:00.000Z","pub_date":"2026-04-30T00:00:00.000Z","strikedate":"2026-04-30T00:00:00.000Z","time":"1899-12-30T00:00:00.000Z","event_type":"Reported Airstrike","actor":"Israel","site_type":"","siteStype":"","city":"Nabatieh/Nabatieh al Fawqa","province":"Nabatieh","country":"Lebanon","latitude":33.373015,"longitude":35.490015,"source_1":"https://t.me/sameralhajali/1815","source_2":"","sources":""}},{"type":"Feature","geometry":{"type":"Point","coordinates":[35.51733100039392,33.42936199988808]},"properties":{"event_id":1861,"data_org":"Green","post_date":"2026-04-30T00:00:00.000Z","pub_date":"2026-04-30T00:00:00.000Z","strikedate":"2026-04-30T00:00:00.000Z","time":"1899-12-30T00:00:00.000Z","event_type":"Reported Airstrike","actor":"Israel","site_type":"","siteStype":"","city":"Arabsalim","province":"Nabatieh","country":"Lebanon","latitude":33.429362,"longitude":35.517331,"source_1":"https://t.me/sameralhajali/1817","source_2":"","sources":""}},{"type":"Feature","geometry":{"type":"Point","coordinates":[35.49845200009466,33.44275199983224]},"properties":{"event_id":1862,"data_org":"Green","post_date":"2026-04-30T00:00:00.000Z","pub_date":"2026-04-30T00:00:00.000Z","strikedate":"2026-04-30T00:00:00.000Z","time":"1899-12-30T00:00:00.000Z","event_type":"Reported Airstrike","actor":"Israel","site_type":"","siteStype":"","city":"Houmine el Faouqa","province":"Nabatieh","country":"Lebanon","latitude":33.442752,"longitude":35.498452,"source_1":"https://t.me/sameralhajali/1818","source_2":"","sources":""}},{"type":"Feature","geometry":{"type":"Point","coordinates":[35.48483236000112,33.377921349975004]},"properties":{"event_id":1863,"data_org":"Green","post_date":"2026-04-30T00:00:00.000Z","pub_date":"2026-04-30T00:00:00.000Z","strikedate":"2026-04-30T00:00:00.000Z","time":"1899-12-30T00:00:00.000Z","event_type":"Reported Airstrike","actor":"Israel","site_type":"","siteStype":"","city":"Nabatieh","province":"Nabatieh","country":"Lebanon","latitude":33.37792135,"longitude":35.48483236,"source_1":"https://t.me/sameralhajali/1819","source_2":"","sources":""}},{"type":"Feature","geometry":{"type":"Point","coordinates":[35.480604999665154,33.4081219997784]},"properties":{"event_id":1864,"data_org":"Green","post_date":"2026-04-30T00:00:00.000Z","pub_date":"2026-04-30T00:00:00.000Z","strikedate":"2026-04-30T00:00:00.000Z","time":"1899-12-30T00:00:00.000Z","event_type":"Reported Airstrike","actor":"Israel","site_type":"","siteStype":"","city":"Habbouch","province":"Nabatieh","country":"Lebanon","latitude":33.408122,"longitude":35.480605,"source_1":"https://t.me/sameralhajali/1820","source_2":"","sources":""}},{"type":"Feature","geometry":{"type":"Point","coordinates":[35.271543000421744,33.25407399980616]},"properties":{"event_id":1865,"data_org":"Green","post_date":"2026-04-30T00:00:00.000Z","pub_date":"2026-04-30T00:00:00.000Z","strikedate":"2026-04-30T00:00:00.000Z","time":"1899-12-30T00:00:00.000Z","event_type":"Reported Airstrike","actor":"Israel","site_type":"","siteStype":"","city":"Bazouriyeh","province":"South","country":"Lebanon","latitude":33.254074,"longitude":35.271543,"source_1":"https://t.me/sameralhajali/1821","source_2":"","sources":""}},{"type":"Feature","geometry":{"type":"Point","coordinates":[35.38351915043081,33.24242731988426]},"properties":{"event_id":1866,"data_org":"Green","post_date":"2026-04-30T00:00:00.000Z","pub_date":"2026-04-30T00:00:00.000Z","strikedate":"2026-04-30T00:00:00.000Z","time":"1899-12-30T00:00:00.000Z","event_type":"Reported Airstrike","actor":"Israel","site_type":"","siteStype":"","city":"Chehabiyeh","province":"South","country":"Lebanon","latitude":33.24242732,"longitude":35.38351915,"source_1":"https://t.me/sameralhajali/1822","source_2":"","sources":""}},{"type":"Feature","geometry":{"type":"Point","coordinates":[35.42552400031539,33.2299569998727]},"properties":{"event_id":1867,"data_org":"Green","post_date":"2026-04-30T00:00:00.000Z","pub_date":"2026-04-30T00:00:00.000Z","strikedate":"2026-04-30T00:00:00.000Z","time":"1899-12-30T00:00:00.000Z","event_type":"Reported Airstrike","actor":"Israel","site_type":"","siteStype":"","city":"Kherbet Selem","province":"Nabatieh","country":"Lebanon","latitude":33.229957,"longitude":35.425524,"source_1":"https://t.me/sameralhajali/1828","source_2":"https://t.me/MTVLebanoNews/67297","sources":""}},{"type":"Feature","geometry":{"type":"Point","coordinates":[35.417722300057775,33.26078665963404]},"properties":{"event_id":1868,"data_org":"Green","post_date":"2026-04-30T00:00:00.000Z","pub_date":"2026-04-30T00:00:00.000Z","strikedate":"2026-04-30T00:00:00.000Z","time":"1899-12-30T00:00:00.000Z","event_type":"Reported Airstrike","actor":"Israel","site_type":"","siteStype":"","city":"Borj Qalaouiyeh","province":"Nabatieh","country":"Lebanon","latitude":33.26078666,"longitude":35.4177223,"source_1":"https://t.me/sameralhajali/1828","source_2":"","sources":""}},{"type":"Feature","geometry":{"type":"Point","coordinates":[35.53220000031662,33.324107999716524]},"properties":{"event_id":1869,"data_org":"Green","post_date":"2026-04-30T00:00:00.000Z","pub_date":"2026-04-30T00:00:00.000Z","strikedate":"2026-04-30T00:00:00.000Z","time":"1899-12-30T00:00:00.000Z","event_type":"Reported Airstrike","actor":"Israel","site_type":"","siteStype":"","city":"Arnoun al Chaqif","province":"Nabatieh","country":"Lebanon","latitude":33.324108,"longitude":35.5322,"source_1":"https://t.me/MTVLebanoNews/67295","source_2":"","sources":""}},{"type":"Feature","geometry":{"type":"Point","coordinates":[35.376803990357104,33.28392400028243]},"properties":{"event_id":1870,"data_org":"Green","post_date":"2026-04-30T00:00:00.000Z","pub_date":"2026-04-30T00:00:00.000Z","strikedate":"2026-04-30T00:00:00.000Z","time":"1899-12-30T00:00:00.000Z","event_type":"Reported Airstrike","actor":"Israel","site_type":"","siteStype":"","city":"Arzoun","province":"South","country":"Lebanon","latitude":33.283924,"longitude":35.37680399,"source_1":"https://t.me/MTVLebanoNews/67296","source_2":"","sources":""}},{"type":"Feature","geometry":{"type":"Point","coordinates":[35.61398999984966,33.33342199971416]},"properties":{"event_id":1871,"data_org":"Green","post_date":"2026-04-30T00:00:00.000Z","pub_date":"2026-04-30T00:00:00.000Z","strikedate":"2026-05-01T00:00:00.000Z","time":"1899-12-30T00:00:00.000Z","event_type":"Reported Airstrike","actor":"Israel","site_type":"","siteStype":"","city":"Khiam","province":"Nabatieh","country":"Lebanon","latitude":33.333422,"longitude":35.61399,"source_1":"https://t.me/sameralhajali/1830","source_2":"","sources":""}},{"type":"Feature","geometry":{"type":"Point","coordinates":[35.43793100011532,33.233582000025315]},"properties":{"event_id":1872,"data_org":"Green","post_date":"2026-04-30T00:00:00.000Z","pub_date":"2026-04-30T00:00:00.000Z","strikedate":"2026-05-01T00:00:00.000Z","time":"1899-12-30T00:00:00.000Z","event_type":"Reported Airstrike","actor":"Israel","site_type":"","siteStype":"","city":"Souaneh","province":"Nabatieh","country":"Lebanon","latitude":33.233582,"longitude":35.437931,"source_1":"https://t.me/sameralhajali/1830","source_2":"https://t.me/MTVLebanoNews/67302","sources":""}},{"type":"Feature","geometry":{"type":"Point","coordinates":[35.271543000421744,33.25407399980616]},"properties":{"event_id":1873,"data_org":"Green","post_date":"2026-04-30T00:00:00.000Z","pub_date":"2026-04-30T00:00:00.000Z","strikedate":"2026-05-01T00:00:00.000Z","time":"1899-12-30T00:00:00.000Z","event_type":"Reported Airstrike","actor":"Israel","site_type":"","siteStype":"","city":"Bazouriyeh","province":"South","country":"Lebanon","latitude":33.254074,"longitude":35.271543,"source_1":"https://t.me/sameralhajali/1832","source_2":"","sources":""}},{"type":"Feature","geometry":{"type":"Point","coordinates":[35.512371999988275,33.36583100036379]},"properties":{"event_id":1874,"data_org":"Green","post_date":"2026-04-30T00:00:00.000Z","pub_date":"2026-04-30T00:00:00.000Z","strikedate":"2026-05-01T00:00:00.000Z","time":"1899-12-30T00:00:00.000Z","event_type":"Reported Airstrike","actor":"Israel","site_type":"","siteStype":"","city":"Ali el Taher","province":"Nabatieh","country":"Lebanon","latitude":33.365831,"longitude":35.512372,"source_1":"https://t.me/sameralhajali/1833","source_2":"https://t.me/MTVLebanoNews/67317","sources":""}},{"type":"Feature","geometry":{"type":"Point","coordinates":[35.411800000240355,33.19325799979499]},"properties":{"event_id":1875,"data_org":"Green","post_date":"2026-04-30T00:00:00.000Z","pub_date":"2026-04-30T00:00:00.000Z","strikedate":"2026-05-01T00:00:00.000Z","time":"1899-12-30T00:00:00.000Z","event_type":"Reported Airstrike","actor":"Israel","site_type":"","siteStype":"","city":"Tebnine","province":"Nabatieh","country":"Lebanon","latitude":33.193258,"longitude":35.4118,"source_1":"https://t.me/sameralhajali/1837","source_2":"https://t.me/MTVLebanoNews/67332","sources":""}},{"type":"Feature","geometry":{"type":"Point","coordinates":[35.3919569998434,33.255730999811085]},"properties":{"event_id":1876,"data_org":"Green","post_date":"2026-04-30T00:00:00.000Z","pub_date":"2026-04-30T00:00:00.000Z","strikedate":"2026-05-01T00:00:00.000Z","time":"1899-12-30T00:00:00.000Z","event_type":"Reported Airstrike","actor":"Israel","site_type":"","siteStype":"","city":"Selaa/Deir Kifa","province":"South","country":"Lebanon","latitude":33.255731,"longitude":35.391957,"source_1":"https://t.me/sameralhajali/1838","source_2":"","sources":""}},{"type":"Feature","geometry":{"type":"Point","coordinates":[35.44346899975587,33.24819600031948]},"properties":{"event_id":1878,"data_org":"Green","post_date":"2026-04-30T00:00:00.000Z","pub_date":"2026-04-30T00:00:00.000Z","strikedate":"2026-05-01T00:00:00.000Z","time":"1899-12-30T00:00:00.000Z","event_type":"Reported Airstrike","actor":"Israel","site_type":"","siteStype":"","city":"Touline","province":"Nabatieh","country":"Lebanon","latitude":33.248196,"longitude":35.443469,"source_1":"https://t.me/sameralhajali/1839","source_2":"","sources":""}},{"type":"Feature","geometry":{"type":"Point","coordinates":[35.47726999968128,33.326331000243286]},"properties":{"event_id":1880,"data_org":"Green","post_date":"2026-04-30T00:00:00.000Z","pub_date":"2026-04-30T00:00:00.000Z","strikedate":"2026-05-01T00:00:00.000Z","time":"1899-12-30T00:00:00.000Z","event_type":"Reported Airstrike","actor":"Israel","site_type":"","siteStype":"","city":"Zawtar el Charqiyeh","province":"Nabatieh","country":"Lebanon","latitude":33.326331,"longitude":35.47727,"source_1":"https://t.me/MTVLebanoNews/67328","source_2":"","sources":""}},{"type":"Feature","geometry":{"type":"Point","coordinates":[35.59663500041306,33.375840999916306]},"properties":{"event_id":1881,"data_org":"Green","post_date":"2026-04-30T00:00:00.000Z","pub_date":"2026-04-30T00:00:00.000Z","strikedate":"2026-05-01T00:00:00.000Z","time":"1899-12-30T00:00:00.000Z","event_type":"Confirmed Airstrike","actor":"Israel","site_type":"","siteStype":"","city":"Dibbine/Balat","province":"Nabatieh","country":"Lebanon","latitude":33.375841,"longitude":35.596635,"source_1":"https://t.me/MTVLebanoNews/67332","source_2":"https://t.me/sameralhajali/1857","sources":""}},{"type":"Feature","geometry":{"type":"Point","coordinates":[35.38064695978637,33.17664228011823]},"properties":{"event_id":1882,"data_org":"Green","post_date":"2026-05-01T00:00:00.000Z","pub_date":"2026-05-01T00:00:00.000Z","strikedate":"2026-05-01T00:00:00.000Z","time":"1899-12-30T00:00:00.000Z","event_type":"Reported Airstrike","actor":"Israel","site_type":"","siteStype":"","city":"Haris","province":"Nabatieh","country":"Lebanon","latitude":33.17664228,"longitude":35.38064696,"source_1":"https://t.me/MTVLebanoNews/67347","source_2":"","sources":""}},{"type":"Feature","geometry":{"type":"Point","coordinates":[35.40445644976079,33.13575263962509]},"properties":{"event_id":1883,"data_org":"Green","post_date":"2026-05-01T00:00:00.000Z","pub_date":"2026-05-01T00:00:00.000Z","strikedate":"2026-05-01T00:00:00.000Z","time":"1899-12-30T00:00:00.000Z","event_type":"Reported Airstrike","actor":"Israel","site_type":"","siteStype":"","city":"Tayri","province":"Nabatieh","country":"Lebanon","latitude":33.13575264,"longitude":35.40445645,"source_1":"https://t.me/MTVLebanoNews/67347","source_2":"","sources":""}},{"type":"Feature","geometry":{"type":"Point","coordinates":[35.206313000282016,33.17859599993663]},"properties":{"event_id":1884,"data_org":"Green","post_date":"2026-05-01T00:00:00.000Z","pub_date":"2026-05-01T00:00:00.000Z","strikedate":"2026-05-01T00:00:00.000Z","time":"1899-12-30T00:00:00.000Z","event_type":"Reported Airstrike","actor":"Israel","site_type":"","siteStype":"","city":"Mansouri","province":"South","country":"Lebanon","latitude":33.178596,"longitude":35.206313,"source_1":"https://t.me/MTVLebanoNews/67353","source_2":"","sources":""}},{"type":"Feature","geometry":{"type":"Point","coordinates":[35.32830199972164,33.15379999976207]},"properties":{"event_id":1885,"data_org":"Green","post_date":"2026-05-01T00:00:00.000Z","pub_date":"2026-05-01T00:00:00.000Z","strikedate":"2026-05-01T00:00:00.000Z","time":"1899-12-30T00:00:00.000Z","event_type":"Reported Airstrike","actor":"Israel","site_type":"","siteStype":"","city":"Yater","province":"Nabatieh","country":"Lebanon","latitude":33.1538,"longitude":35.328302,"source_1":"https://t.me/sameralhajali/1862","source_2":"https://t.me/MTVLebanoNews/67363","sources":""}},{"type":"Feature","geometry":{"type":"Point","coordinates":[35.4465094197002,33.1750541897803]},"properties":{"event_id":1886,"data_org":"Green","post_date":"2026-05-01T00:00:00.000Z","pub_date":"2026-05-01T00:00:00.000Z","strikedate":"2026-05-01T00:00:00.000Z","time":"1899-12-30T00:00:00.000Z","event_type":"Reported Airstrike","actor":"Israel","site_type":"","siteStype":"","city":"Baraachit","province":"Nabatieh","country":"Lebanon","latitude":33.17505419,"longitude":35.44650942,"source_1":"https://t.me/MTVLebanoNews/67363","source_2":"https://t.me/sameralhajali/1863","sources":""}},{"type":"Feature","geometry":{"type":"Point","coordinates":[35.20477300042415,33.27241399975862]},"properties":{"event_id":1887,"data_org":"Green","post_date":"2026-05-01T00:00:00.000Z","pub_date":"2026-05-01T00:00:00.000Z","strikedate":"2026-05-01T00:00:00.000Z","time":"1899-12-30T00:00:00.000Z","event_type":"Reported Airstrike","actor":"Israel","site_type":"","siteStype":"","city":"Tyre","province":"South","country":"Lebanon","latitude":33.272414,"longitude":35.204773,"source_1":"https://t.me/sameralhajali/1864","source_2":"https://t.me/MTVLebanoNews/67369","sources":""}},{"type":"Feature","geometry":{"type":"Point","coordinates":[35.22602899955905,33.15032299993422]},"properties":{"event_id":1888,"data_org":"Green","post_date":"2026-05-01T00:00:00.000Z","pub_date":"2026-05-01T00:00:00.000Z","strikedate":"2026-05-01T00:00:00.000Z","time":"1899-12-30T00:00:00.000Z","event_type":"Reported Airstrike","actor":"Israel","site_type":"","siteStype":"","city":"Majdal Zoun","province":"South","country":"Lebanon","latitude":33.150323,"longitude":35.226029,"source_1":"https://t.me/MTVLebanoNews/67368","source_2":"https://t.me/sameralhajali/1867","sources":""}},{"type":"Feature","geometry":{"type":"Point","coordinates":[35.4465094197002,33.1750541897803]},"properties":{"event_id":1889,"data_org":"Green","post_date":"2026-05-01T00:00:00.000Z","pub_date":"2026-05-01T00:00:00.000Z","strikedate":"2026-05-01T00:00:00.000Z","time":"1899-12-30T00:00:00.000Z","event_type":"Reported Airstrike","actor":"Israel","site_type":"","siteStype":"","city":"Baraachit","province":"Nabatieh","country":"Lebanon","latitude":33.17505419,"longitude":35.44650942,"source_1":"https://t.me/sameralhajali/1865","source_2":"","sources":""}},{"type":"Feature","geometry":{"type":"Point","coordinates":[35.309208000235536,33.18869799982653]},"properties":{"event_id":1890,"data_org":"Green","post_date":"2026-05-01T00:00:00.000Z","pub_date":"2026-05-01T00:00:00.000Z","strikedate":"2026-05-01T00:00:00.000Z","time":"1899-12-30T00:00:00.000Z","event_type":"Reported Airstrike","actor":"Israel","site_type":"","siteStype":"","city":"Siddiqine","province":"South","country":"Lebanon","latitude":33.188698,"longitude":35.309208,"source_1":"https://t.me/sameralhajali/1866","source_2":"","sources":""}},{"type":"Feature","geometry":{"type":"Point","coordinates":[35.205158000388614,33.14645600019071]},"properties":{"event_id":1891,"data_org":"Green","post_date":"2026-05-01T00:00:00.000Z","pub_date":"2026-05-01T00:00:00.000Z","strikedate":"2026-05-01T00:00:00.000Z","time":"1899-12-30T00:00:00.000Z","event_type":"Reported Airstrike","actor":"Israel","site_type":"","siteStype":"","city":"Between Chama and al Bayyada","province":"South","country":"Lebanon","latitude":33.146456,"longitude":35.205158,"source_1":"https://t.me/sameralhajali/1872","source_2":"","sources":""}},{"type":"Feature","geometry":{"type":"Point","coordinates":[35.266537999985346,33.164381000030644]},"properties":{"event_id":1892,"data_org":"Green","post_date":"2026-05-01T00:00:00.000Z","pub_date":"2026-05-01T00:00:00.000Z","strikedate":"2026-05-01T00:00:00.000Z","time":"1899-12-30T00:00:00.000Z","event_type":"Reported Airstrike","actor":"Israel","site_type":"","siteStype":"","city":"Zebqine","province":"South","country":"Lebanon","latitude":33.164381,"longitude":35.266538,"source_1":"https://t.me/sameralhajali/1873","source_2":"","sources":""}},{"type":"Feature","geometry":{"type":"Point","coordinates":[35.21848544007979,33.126758840267925]},"properties":{"event_id":1893,"data_org":"Green","post_date":"2026-05-01T00:00:00.000Z","pub_date":"2026-05-01T00:00:00.000Z","strikedate":"2026-05-01T00:00:00.000Z","time":"1899-12-30T00:00:00.000Z","event_type":"Reported Airstrike","actor":"Israel","site_type":"","siteStype":"","city":"Tayr Harfa","province":"South","country":"Lebanon","latitude":33.12675884,"longitude":35.21848544,"source_1":"https://t.me/MTVLebanoNews/67377","source_2":"","sources":""}},{"type":"Feature","geometry":{"type":"Point","coordinates":[35.22602899955905,33.15032299993422]},"properties":{"event_id":1894,"data_org":"Green","post_date":"2026-05-01T00:00:00.000Z","pub_date":"2026-05-01T00:00:00.000Z","strikedate":"2026-05-01T00:00:00.000Z","time":"1899-12-30T00:00:00.000Z","event_type":"Reported Airstrike","actor":"Israel","site_type":"","siteStype":"","city":"Majdal Zoun","province":"South","country":"Lebanon","latitude":33.150323,"longitude":35.226029,"source_1":"https://t.me/sameralhajali/1875","source_2":"","sources":""}},{"type":"Feature","geometry":{"type":"Point","coordinates":[35.22941499959654,33.196409000357406]},"properties":{"event_id":1895,"data_org":"Green","post_date":"2026-05-01T00:00:00.000Z","pub_date":"2026-05-01T00:00:00.000Z","strikedate":"2026-05-01T00:00:00.000Z","time":"1899-12-30T00:00:00.000Z","event_type":"Reported Airstrike","actor":"Israel","site_type":"","siteStype":"","city":"Qlaileh","province":"South","country":"Lebanon","latitude":33.196409,"longitude":35.229415,"source_1":"https://t.me/sameralhajali/1879","source_2":"","sources":""}},{"type":"Feature","geometry":{"type":"Point","coordinates":[35.384290000166004,33.3425600002642]},"properties":{"event_id":1896,"data_org":"Green","post_date":"2026-05-01T00:00:00.000Z","pub_date":"2026-05-01T00:00:00.000Z","strikedate":"2026-05-01T00:00:00.000Z","time":"1899-12-30T00:00:00.000Z","event_type":"Reported Airstrike","actor":"Israel","site_type":"","siteStype":"","city":"Bariqeh","province":"Nabatieh","country":"Lebanon","latitude":33.34256,"longitude":35.38429,"source_1":"https://t.me/MTVLebanoNews/67380","source_2":"https://t.me/sameralhajali/1893","sources":""}},{"type":"Feature","geometry":{"type":"Point","coordinates":[35.33260900019912,33.342066000346634]},"properties":{"event_id":1897,"data_org":"Green","post_date":"2026-05-01T00:00:00.000Z","pub_date":"2026-05-01T00:00:00.000Z","strikedate":"2026-05-01T00:00:00.000Z","time":"1899-12-30T00:00:00.000Z","event_type":"Reported Airstrike","actor":"Israel","site_type":"","siteStype":"","city":"Zrariyeh","province":"Nabatieh","country":"Lebanon","latitude":33.342066,"longitude":35.332609,"source_1":"https://t.me/MTVLebanoNews/67380","source_2":"https://t.me/sameralhajali/1893","sources":""}},{"type":"Feature","geometry":{"type":"Point","coordinates":[35.4465094197002,33.1750541897803]},"properties":{"event_id":1898,"data_org":"Green","post_date":"2026-05-01T00:00:00.000Z","pub_date":"2026-05-01T00:00:00.000Z","strikedate":"2026-05-01T00:00:00.000Z","time":"1899-12-30T00:00:00.000Z","event_type":"Reported Airstrike","actor":"Israel","site_type":"","siteStype":"","city":"Baraachit","province":"Nabatieh","country":"Lebanon","latitude":33.17505419,"longitude":35.44650942,"source_1":"https://t.me/sameralhajali/1879","source_2":"","sources":""}},{"type":"Feature","geometry":{"type":"Point","coordinates":[35.26639700041835,33.23296400006682]},"properties":{"event_id":1899,"data_org":"Green","post_date":"2026-05-01T00:00:00.000Z","pub_date":"2026-05-01T00:00:00.000Z","strikedate":"2026-05-01T00:00:00.000Z","time":"1899-12-30T00:00:00.000Z","event_type":"Reported Airstrike","actor":"Israel","site_type":"","siteStype":"","city":"Ain Baal","province":"South","country":"Lebanon","latitude":33.232964,"longitude":35.266397,"source_1":"https://t.me/sameralhajali/1883","source_2":"https://t.me/sameralhajali/1890","sources":""}},{"type":"Feature","geometry":{"type":"Point","coordinates":[35.51936952031872,33.3110714903561]},"properties":{"event_id":1900,"data_org":"Green","post_date":"2026-05-01T00:00:00.000Z","pub_date":"2026-05-01T00:00:00.000Z","strikedate":"2026-05-01T00:00:00.000Z","time":"1899-12-30T00:00:00.000Z","event_type":"Reported Airstrike","actor":"Israel","site_type":"","siteStype":"","city":"Yohmor","province":"Nabatieh","country":"Lebanon","latitude":33.31107149,"longitude":35.51936952,"source_1":"https://t.me/MTVLebanoNews/67391","source_2":"","sources":""}},{"type":"Feature","geometry":{"type":"Point","coordinates":[35.3454849996291,33.16983299967454]},"properties":{"event_id":1901,"data_org":"Green","post_date":"2026-05-01T00:00:00.000Z","pub_date":"2026-05-01T00:00:00.000Z","strikedate":"2026-05-01T00:00:00.000Z","time":"1899-12-30T00:00:00.000Z","event_type":"Reported Airstrike","actor":"Israel","site_type":"","siteStype":"","city":"Kafra","province":"Nabatieh","country":"Lebanon","latitude":33.169833,"longitude":35.345485,"source_1":"https://t.me/sameralhajali/1887","source_2":"https://t.me/MTVLebanoNews/67394","sources":""}},{"type":"Feature","geometry":{"type":"Point","coordinates":[35.4465094197002,33.1750541897803]},"properties":{"event_id":1902,"data_org":"Green","post_date":"2026-05-01T00:00:00.000Z","pub_date":"2026-05-01T00:00:00.000Z","strikedate":"2026-05-01T00:00:00.000Z","time":"1899-12-30T00:00:00.000Z","event_type":"Reported Airstrike","actor":"Israel","site_type":"","siteStype":"","city":"Baraachit","province":"Nabatieh","country":"Lebanon","latitude":33.17505419,"longitude":35.44650942,"source_1":"https://t.me/sameralhajali/1895","source_2":"","sources":""}},{"type":"Feature","geometry":{"type":"Point","coordinates":[35.44346899975587,33.24819600031948]},"properties":{"event_id":1903,"data_org":"Green","post_date":"2026-05-01T00:00:00.000Z","pub_date":"2026-05-01T00:00:00.000Z","strikedate":"2026-05-01T00:00:00.000Z","time":"1899-12-30T00:00:00.000Z","event_type":"Reported Airstrike","actor":"Israel","site_type":"","siteStype":"","city":"Touline","province":"Nabatieh","country":"Lebanon","latitude":33.248196,"longitude":35.443469,"source_1":"https://t.me/sameralhajali/1897","source_2":"","sources":""}},{"type":"Feature","geometry":{"type":"Point","coordinates":[35.481270999837015,33.40916500013588]},"properties":{"event_id":1904,"data_org":"Green","post_date":"2026-05-01T00:00:00.000Z","pub_date":"2026-05-01T00:00:00.000Z","strikedate":"2026-05-01T00:00:00.000Z","time":"1899-12-30T00:00:00.000Z","event_type":"Reported Airstrike","actor":"Israel","site_type":"","siteStype":"","city":"Habboush","province":"Nabatieh","country":"Lebanon","latitude":33.409165,"longitude":35.481271,"source_1":"https://t.me/sameralhajali/1900","source_2":"","sources":""}},{"type":"Feature","geometry":{"type":"Point","coordinates":[35.417722300057775,33.26078665963404]},"properties":{"event_id":1905,"data_org":"Green","post_date":"2026-05-01T00:00:00.000Z","pub_date":"2026-05-01T00:00:00.000Z","strikedate":"2026-05-01T00:00:00.000Z","time":"1899-12-30T00:00:00.000Z","event_type":"Reported Airstrike","actor":"Israel","site_type":"","siteStype":"","city":"Borj Qalaouiyeh","province":"Nabatieh","country":"Lebanon","latitude":33.26078666,"longitude":35.4177223,"source_1":"https://t.me/sameralhajali/1904","source_2":"https://t.me/MTVLebanoNews/67419","sources":""}},{"type":"Feature","geometry":{"type":"Point","coordinates":[35.24598900013187,33.2227139997567]},"properties":{"event_id":1906,"data_org":"Green","post_date":"2026-05-01T00:00:00.000Z","pub_date":"2026-05-01T00:00:00.000Z","strikedate":"2026-05-01T00:00:00.000Z","time":"1899-12-30T00:00:00.000Z","event_type":"Reported Airstrike","actor":"Israel","site_type":"","siteStype":"","city":"Deir Qanoun el Ain","province":"South","country":"Lebanon","latitude":33.222714,"longitude":35.245989,"source_1":"https://t.me/MTVLebanoNews/67401","source_2":"https://t.me/MTVLebanoNews/67414","sources":""}},{"type":"Feature","geometry":{"type":"Point","coordinates":[35.43556199987896,33.2712179996419]},"properties":{"event_id":1907,"data_org":"Green","post_date":"2026-05-01T00:00:00.000Z","pub_date":"2026-05-01T00:00:00.000Z","strikedate":"2026-05-01T00:00:00.000Z","time":"1899-12-30T00:00:00.000Z","event_type":"Reported Airstrike","actor":"Israel","site_type":"","siteStype":"","city":"Ghandouriyeh","province":"Nabatieh","country":"Lebanon","latitude":33.271218,"longitude":35.435562,"source_1":"https://t.me/MTVLebanoNews/67403","source_2":"","sources":""}},{"type":"Feature","geometry":{"type":"Point","coordinates":[35.417722300057775,33.26078665963404]},"properties":{"event_id":1908,"data_org":"Green","post_date":"2026-05-01T00:00:00.000Z","pub_date":"2026-05-01T00:00:00.000Z","strikedate":"2026-05-01T00:00:00.000Z","time":"1899-12-30T00:00:00.000Z","event_type":"Reported Airstrike","actor":"Israel","site_type":"","siteStype":"","city":"Borj Qalaouiyeh","province":"Nabatieh","country":"Lebanon","latitude":33.26078666,"longitude":35.4177223,"source_1":"https://t.me/MTVLebanoNews/67429","source_2":"https://t.me/sameralhajali/1919","sources":""}},{"type":"Feature","geometry":{"type":"Point","coordinates":[35.481270999837015,33.40916500013588]},"properties":{"event_id":1909,"data_org":"Green","post_date":"2026-05-01T00:00:00.000Z","pub_date":"2026-05-01T00:00:00.000Z","strikedate":"2026-05-01T00:00:00.000Z","time":"1899-12-30T00:00:00.000Z","event_type":"Reported Airstrike","actor":"Israel","site_type":"","siteStype":"","city":"Habboush","province":"Nabatieh","country":"Lebanon","latitude":33.409165,"longitude":35.481271,"source_1":"https://t.me/sameralhajali/1923","source_2":"https://t.me/MTVLebanoNews/67441","sources":""}},{"type":"Feature","geometry":{"type":"Point","coordinates":[35.51936952031872,33.3110714903561]},"properties":{"event_id":1910,"data_org":"Green","post_date":"2026-05-01T00:00:00.000Z","pub_date":"2026-05-01T00:00:00.000Z","strikedate":"2026-05-01T00:00:00.000Z","time":"1899-12-30T00:00:00.000Z","event_type":"Reported Airstrike","actor":"Israel","site_type":"","siteStype":"","city":"Yohmor","province":"Nabatieh","country":"Lebanon","latitude":33.31107149,"longitude":35.51936952,"source_1":"https://t.me/sameralhajali/1925","source_2":"https://t.me/MTVLebanoNews/67440","sources":""}},{"type":"Feature","geometry":{"type":"Point","coordinates":[35.42879422997065,33.29501028972537]},"properties":{"event_id":1911,"data_org":"Green","post_date":"2026-05-01T00:00:00.000Z","pub_date":"2026-05-01T00:00:00.000Z","strikedate":"2026-05-01T00:00:00.000Z","time":"1899-12-30T00:00:00.000Z","event_type":"Reported Airstrike","actor":"Israel","site_type":"","siteStype":"","city":"Froun","province":"Nabatieh","country":"Lebanon","latitude":33.29501029,"longitude":35.42879423,"source_1":"https://t.me/MTVLebanoNews/67444","source_2":"https://t.me/MTVLebanoNews/67455","sources":""}},{"type":"Feature","geometry":{"type":"Point","coordinates":[35.481270999837015,33.40916500013588]},"properties":{"event_id":1912,"data_org":"Green","post_date":"2026-05-01T00:00:00.000Z","pub_date":"2026-05-01T00:00:00.000Z","strikedate":"2026-05-01T00:00:00.000Z","time":"1899-12-30T00:00:00.000Z","event_type":"Reported Airstrike","actor":"Israel","site_type":"","siteStype":"","city":"Habboush","province":"Nabatieh","country":"Lebanon","latitude":33.409165,"longitude":35.481271,"source_1":"https://t.me/sameralhajali/1933","source_2":"","sources":""}},{"type":"Feature","geometry":{"type":"Point","coordinates":[35.322282999857144,33.18934499996989]},"properties":{"event_id":1913,"data_org":"Green","post_date":"2026-05-01T00:00:00.000Z","pub_date":"2026-05-01T00:00:00.000Z","strikedate":"2026-05-01T00:00:00.000Z","time":"1899-12-30T00:00:00.000Z","event_type":"Reported Airstrike","actor":"Israel","site_type":"","siteStype":"","city":"Rashknayieh","province":"South","country":"Lebanon","latitude":33.189345,"longitude":35.322283,"source_1":"https://t.me/sameralhajali/1933","source_2":"https://t.me/MTVLebanoNews/67455","sources":""}},{"type":"Feature","geometry":{"type":"Point","coordinates":[35.44346899975587,33.24819600031948]},"properties":{"event_id":1914,"data_org":"Green","post_date":"2026-05-01T00:00:00.000Z","pub_date":"2026-05-01T00:00:00.000Z","strikedate":"2026-05-01T00:00:00.000Z","time":"1899-12-30T00:00:00.000Z","event_type":"Reported Airstrike","actor":"Israel","site_type":"","siteStype":"","city":"Touline","province":"Nabatieh","country":"Lebanon","latitude":33.248196,"longitude":35.443469,"source_1":"https://t.me/sameralhajali/1934","source_2":"https://t.me/MTVLebanoNews/67463","sources":""}},{"type":"Feature","geometry":{"type":"Point","coordinates":[35.194094999729664,33.16769100035597]},"properties":{"event_id":1915,"data_org":"Green","post_date":"2026-05-01T00:00:00.000Z","pub_date":"2026-05-01T00:00:00.000Z","strikedate":"2026-05-01T00:00:00.000Z","time":"1899-12-30T00:00:00.000Z","event_type":"Reported Airstrike","actor":"Israel","site_type":"","siteStype":"","city":"Bayt al Sayad","province":"South","country":"Lebanon","latitude":33.167691,"longitude":35.194095,"source_1":"https://t.me/sameralhajali/1938","source_2":"https://t.me/MTVLebanoNews/67477","sources":""}},{"type":"Feature","geometry":{"type":"Point","coordinates":[35.30254099974253,33.2083129997492]},"properties":{"event_id":1916,"data_org":"Green","post_date":"2026-05-01T00:00:00.000Z","pub_date":"2026-05-01T00:00:00.000Z","strikedate":"2026-05-01T00:00:00.000Z","time":"1899-12-30T00:00:00.000Z","event_type":"Reported Airstrike","actor":"Israel","site_type":"","siteStype":"","city":"Qana","province":"South","country":"Lebanon","latitude":33.208313,"longitude":35.302541,"source_1":"https://t.me/sameralhajali/1942","source_2":"","sources":""}},{"type":"Feature","geometry":{"type":"Point","coordinates":[35.459678000418215,33.32259899969788]},"properties":{"event_id":1917,"data_org":"Green","post_date":"2026-05-01T00:00:00.000Z","pub_date":"2026-05-01T00:00:00.000Z","strikedate":"2026-05-01T00:00:00.000Z","time":"1899-12-30T00:00:00.000Z","event_type":"Reported Airstrike","actor":"Israel","site_type":"","siteStype":"","city":"Zawtar el Gharbiyeh","province":"Nabatieh","country":"Lebanon","latitude":33.322599,"longitude":35.459678,"source_1":"https://t.me/MTVLebanoNews/67483","source_2":"","sources":""}},{"type":"Feature","geometry":{"type":"Point","coordinates":[35.25210000005787,33.339399999820756]},"properties":{"event_id":1250,"data_org":"Green","post_date":"2026-04-08T00:00:00.000Z","pub_date":"2026-04-09T00:00:00.000Z","strikedate":"2026-04-08T00:00:00.000Z","time":"1899-12-30T00:00:00.000Z","event_type":"Confirmed Airstrike","actor":"Israel","site_type":"internal security","siteStype":"internal security: unknown","city":"Qasmiye","province":"South","country":"Lebanon","latitude":33.3394,"longitude":35.2521,"source_1":"https://x.com/enzoquenes/status/2042172534368481516","source_2":"https://x.com/LebarmyOfficial/status/2042210188384424166","sources":"https://x.com/ariel_oseran/status/2041960013489471962?s=20"}},{"type":"Feature","geometry":{"type":"Point","coordinates":[35.47181800025445,33.8951730001952]},"properties":{"event_id":1251,"data_org":"Green","post_date":"2026-04-08T00:00:00.000Z","pub_date":"2026-04-09T00:00:00.000Z","strikedate":"2026-04-08T00:00:00.000Z","time":"1899-12-30T00:00:00.000Z","event_type":"Reported Airstrike","actor":"Israel","site_type":"civilian","siteStype":"civilian : building","city":"Beirut","province":"Beirut","country":"Lebanon","latitude":33.895173,"longitude":35.471818,"source_1":"https://x.com/Osint613/status/2041984820629123394?s=20","source_2":"https://x.com/WillUnderhill23/status/2042147522118853023?s=20","sources":"https://x.com/WillUnderhill23/status/2042147522118853023?s=20"}},{"type":"Feature","geometry":{"type":"Point","coordinates":[35.51753800008316,33.865916000077945]},"properties":{"event_id":1252,"data_org":"Green","post_date":"2026-04-08T00:00:00.000Z","pub_date":"2026-04-09T00:00:00.000Z","strikedate":"2026-04-08T00:00:00.000Z","time":"1899-12-30T00:00:00.000Z","event_type":"Confirmed Airstrike","actor":"Israel","site_type":"civilian","siteStype":"civilian : building","city":"Chiyah","province":"Mount Lebanon","country":"Lebanon","latitude":33.865916,"longitude":35.517538,"source_1":"https://x.com/ariel_oseran/status/2042011799415832869?s=20","source_2":"https://t.me/MTVLebanoNews/63178","sources":""}},{"type":"Feature","geometry":{"type":"Point","coordinates":[35.4465094197002,33.1750541897803]},"properties":{"event_id":1253,"data_org":"Green","post_date":"2026-04-08T00:00:00.000Z","pub_date":"2026-04-09T00:00:00.000Z","strikedate":"2026-04-08T00:00:00.000Z","time":"1899-12-30T00:00:00.000Z","event_type":"Reported Airstrike","actor":"Israel","site_type":"unknown","siteStype":"","city":"Baraachit","province":"Nabatieh","country":"Lebanon","latitude":33.17505419,"longitude":35.44650942,"source_1":"https://t.me/MTVLebanoNews/63144","source_2":"","sources":""}},{"type":"Feature","geometry":{"type":"Point","coordinates":[35.42114645963022,33.158967550338]},"properties":{"event_id":1254,"data_org":"Green","post_date":"2026-04-08T00:00:00.000Z","pub_date":"2026-04-09T00:00:00.000Z","strikedate":"2026-04-08T00:00:00.000Z","time":"1899-12-30T00:00:00.000Z","event_type":"Reported Airstrike","actor":"Israel","site_type":"unknown","siteStype":"","city":"Beit Yahoun","province":"Nabatieh","country":"Lebanon","latitude":33.15896755,"longitude":35.42114646,"source_1":"https://t.me/MTVLebanoNews/63144","source_2":"","sources":""}},{"type":"Feature","geometry":{"type":"Point","coordinates":[35.485426810258915,33.86026386009421]},"properties":{"event_id":1255,"data_org":"Green","post_date":"2026-04-08T00:00:00.000Z","pub_date":"2026-04-09T00:00:00.000Z","strikedate":"2026-04-08T00:00:00.000Z","time":"1899-12-30T00:00:00.000Z","event_type":"Reported Airstrike","actor":"Israel","site_type":"unknown","siteStype":"","city":"Jnah","province":"Beirut","country":"Lebanon","latitude":33.86026386,"longitude":35.48542681,"source_1":"https://t.me/MTVLebanoNews/63152","source_2":"","sources":""}},{"type":"Feature","geometry":{"type":"Point","coordinates":[35.43917204962979,33.20740224975538]},"properties":{"event_id":1256,"data_org":"Green","post_date":"2026-04-08T00:00:00.000Z","pub_date":"2026-04-09T00:00:00.000Z","strikedate":"2026-04-08T00:00:00.000Z","time":"1899-12-30T00:00:00.000Z","event_type":"Reported Airstrike","actor":"Israel","site_type":"unknown","siteStype":"","city":"Jmaijmeh","province":"Nabatieh","country":"Lebanon","latitude":33.20740225,"longitude":35.43917205,"source_1":"https://t.me/MTVLebanoNews/63156","source_2":"","sources":""}},{"type":"Feature","geometry":{"type":"Point","coordinates":[35.435561750147315,33.27121797035032]},"properties":{"event_id":1257,"data_org":"Green","post_date":"2026-04-08T00:00:00.000Z","pub_date":"2026-04-09T00:00:00.000Z","strikedate":"2026-04-08T00:00:00.000Z","time":"1899-12-30T00:00:00.000Z","event_type":"Reported Airstrike","actor":"Israel","site_type":"unknown","siteStype":"","city":"Ghandouriyeh","province":"Nabatieh","country":"Lebanon","latitude":33.27121797,"longitude":35.43556175,"source_1":"https://t.me/MTVLebanoNews/63156","source_2":"","sources":""}},{"type":"Feature","geometry":{"type":"Point","coordinates":[35.252170100091064,33.328660499790345]},"properties":{"event_id":1258,"data_org":"Green","post_date":"2026-04-08T00:00:00.000Z","pub_date":"2026-04-09T00:00:00.000Z","strikedate":"2026-04-08T00:00:00.000Z","time":"1899-12-30T00:00:00.000Z","event_type":"Reported Airstrike","actor":"Israel","site_type":"unknown","siteStype":"","city":"Qasmiye","province":"South","country":"Lebanon","latitude":33.3286605,"longitude":35.2521701,"source_1":"https://t.me/MTVLebanoNews/63163","source_2":"","sources":""}},{"type":"Feature","geometry":{"type":"Point","coordinates":[35.48587556006584,33.859846430289856]},"properties":{"event_id":1259,"data_org":"Green","post_date":"2026-04-08T00:00:00.000Z","pub_date":"2026-04-09T00:00:00.000Z","strikedate":"2026-04-08T00:00:00.000Z","time":"1899-12-30T00:00:00.000Z","event_type":"Reported Airstrike","actor":"Israel","site_type":"unknown","siteStype":"","city":"Beirut","province":"Beirut","country":"Lebanon","latitude":33.85984643,"longitude":35.48587556,"source_1":"https://t.me/MTVLebanoNews/63176","source_2":"","sources":""}},{"type":"Feature","geometry":{"type":"Point","coordinates":[35.40716159957646,33.38627329967168]},"properties":{"event_id":1260,"data_org":"Green","post_date":"2026-04-09T00:00:00.000Z","pub_date":"2026-04-09T00:00:00.000Z","strikedate":"2026-04-09T00:00:00.000Z","time":"1899-12-30T00:00:00.000Z","event_type":"Reported Airstrike","actor":"Israel","site_type":"unknown","siteStype":"","city":"Doueir","province":"Nabatieh","country":"Lebanon","latitude":33.3862733,"longitude":35.4071616,"source_1":"https://t.me/MTVLebanoNews/63218","source_2":"","sources":""}},{"type":"Feature","geometry":{"type":"Point","coordinates":[35.4806051200394,33.408121780061656]},"properties":{"event_id":1261,"data_org":"Green","post_date":"2026-04-09T00:00:00.000Z","pub_date":"2026-04-09T00:00:00.000Z","strikedate":"2026-04-09T00:00:00.000Z","time":"1899-12-30T00:00:00.000Z","event_type":"Reported Airstrike","actor":"Israel","site_type":"unknown","siteStype":"","city":"Habbouch","province":"Nabatieh","country":"Lebanon","latitude":33.40812178,"longitude":35.48060512,"source_1":"https://t.me/MTVLebanoNews/63223","source_2":"","sources":""}},{"type":"Feature","geometry":{"type":"Point","coordinates":[35.45828760958102,33.43100640029197]},"properties":{"event_id":1262,"data_org":"Green","post_date":"2026-04-09T00:00:00.000Z","pub_date":"2026-04-09T00:00:00.000Z","strikedate":"2026-04-09T00:00:00.000Z","time":"1899-12-30T00:00:00.000Z","event_type":"Reported Airstrike","actor":"Israel","site_type":"unknown","siteStype":"","city":"Deir El Zahrani","province":"Nabatieh","country":"Lebanon","latitude":33.4310064,"longitude":35.45828761,"source_1":"https://t.me/MTVLebanoNews/63223","source_2":"","sources":""}},{"type":"Feature","geometry":{"type":"Point","coordinates":[35.43807173018772,33.1499546801148]},"properties":{"event_id":1263,"data_org":"Green","post_date":"2026-04-09T00:00:00.000Z","pub_date":"2026-04-09T00:00:00.000Z","strikedate":"2026-04-09T00:00:00.000Z","time":"1899-12-30T00:00:00.000Z","event_type":"Reported Airstrike","actor":"Israel","site_type":"unknown","siteStype":"","city":"Kounine","province":"Nabatieh","country":"Lebanon","latitude":33.14995468,"longitude":35.43807173,"source_1":"https://t.me/MTVLebanoNews/63236","source_2":"","sources":""}},{"type":"Feature","geometry":{"type":"Point","coordinates":[35.34447316963242,33.43243851988827]},"properties":{"event_id":1264,"data_org":"Green","post_date":"2026-04-09T00:00:00.000Z","pub_date":"2026-04-09T00:00:00.000Z","strikedate":"2026-04-09T00:00:00.000Z","time":"1899-12-30T00:00:00.000Z","event_type":"Reported Airstrike","actor":"Israel","site_type":"unknown","siteStype":"","city":"Qaaqaaiyet El Snoubar","province":"South","country":"Lebanon","latitude":33.43243852,"longitude":35.34447317,"source_1":"https://t.me/MTVLebanoNews/63253","source_2":"","sources":""}},{"type":"Feature","geometry":{"type":"Point","coordinates":[35.41960811985899,33.40954448005744]},"properties":{"event_id":1265,"data_org":"Green","post_date":"2026-04-09T00:00:00.000Z","pub_date":"2026-04-09T00:00:00.000Z","strikedate":"2026-04-09T00:00:00.000Z","time":"1899-12-30T00:00:00.000Z","event_type":"Reported Airstrike","actor":"Israel","site_type":"unknown","siteStype":"","city":"Sharqiya","province":"Nabatieh","country":"Lebanon","latitude":33.40954448,"longitude":35.41960812,"source_1":"https://t.me/MTVLebanoNews/63270","source_2":"","sources":""}},{"type":"Feature","geometry":{"type":"Point","coordinates":[35.252170100091064,33.328660499790345]},"properties":{"event_id":1266,"data_org":"Green","post_date":"2026-04-09T00:00:00.000Z","pub_date":"2026-04-09T00:00:00.000Z","strikedate":"2026-04-09T00:00:00.000Z","time":"1899-12-30T00:00:00.000Z","event_type":"Reported Airstrike","actor":"Israel","site_type":"unknown","siteStype":"","city":"Qasmiye","province":"South","country":"Lebanon","latitude":33.3286605,"longitude":35.2521701,"source_1":"https://t.me/MTVLebanoNews/63279","source_2":"","sources":""}},{"type":"Feature","geometry":{"type":"Point","coordinates":[35.298180469555575,33.344585259713654]},"properties":{"event_id":1267,"data_org":"Green","post_date":"2026-04-09T00:00:00.000Z","pub_date":"2026-04-09T00:00:00.000Z","strikedate":"2026-04-09T00:00:00.000Z","time":"1899-12-30T00:00:00.000Z","event_type":"Reported Airstrike","actor":"Israel","site_type":"unknown","siteStype":"","city":"Kharayeb","province":"South","country":"Lebanon","latitude":33.34458526,"longitude":35.29818047,"source_1":"https://t.me/MTVLebanoNews/63279","source_2":"","sources":""}},{"type":"Feature","geometry":{"type":"Point","coordinates":[35.273393650281285,33.40381733021277]},"properties":{"event_id":1268,"data_org":"Green","post_date":"2026-04-09T00:00:00.000Z","pub_date":"2026-04-09T00:00:00.000Z","strikedate":"2026-04-09T00:00:00.000Z","time":"1899-12-30T00:00:00.000Z","event_type":"Reported Airstrike","actor":"Israel","site_type":"unknown","siteStype":"","city":"Adloun","province":"South","country":"Lebanon","latitude":33.40381733,"longitude":35.27339365,"source_1":"https://t.me/MTVLebanoNews/63279","source_2":"","sources":""}},{"type":"Feature","geometry":{"type":"Point","coordinates":[35.206313150300666,33.178596150309005]},"properties":{"event_id":1269,"data_org":"Green","post_date":"2026-04-09T00:00:00.000Z","pub_date":"2026-04-09T00:00:00.000Z","strikedate":"2026-04-09T00:00:00.000Z","time":"1899-12-30T00:00:00.000Z","event_type":"Reported Airstrike","actor":"Israel","site_type":"unknown","siteStype":"","city":"Mansouri","province":"South","country":"Lebanon","latitude":33.17859615,"longitude":35.20631315,"source_1":"https://t.me/MTVLebanoNews/63285","source_2":"","sources":""}},{"type":"Feature","geometry":{"type":"Point","coordinates":[35.26484219991786,33.19627040014245]},"properties":{"event_id":1270,"data_org":"Green","post_date":"2026-04-09T00:00:00.000Z","pub_date":"2026-04-09T00:00:00.000Z","strikedate":"2026-04-09T00:00:00.000Z","time":"1899-12-30T00:00:00.000Z","event_type":"Reported Airstrike","actor":"Israel","site_type":"unknown","siteStype":"","city":"Chaaitiyeh","province":"South","country":"Lebanon","latitude":33.1962704,"longitude":35.2648422,"source_1":"https://t.me/MTVLebanoNews/63285","source_2":"","sources":""}},{"type":"Feature","geometry":{"type":"Point","coordinates":[35.24161884988654,33.20326542975767]},"properties":{"event_id":1271,"data_org":"Green","post_date":"2026-04-09T00:00:00.000Z","pub_date":"2026-04-09T00:00:00.000Z","strikedate":"2026-04-09T00:00:00.000Z","time":"1899-12-30T00:00:00.000Z","event_type":"Reported Airstrike","actor":"Israel","site_type":"unknown","siteStype":"","city":"Maaliyeh","province":"South","country":"Lebanon","latitude":33.20326543,"longitude":35.24161885,"source_1":"https://t.me/MTVLebanoNews/63285","source_2":"","sources":""}},{"type":"Feature","geometry":{"type":"Point","coordinates":[35.44081300036266,33.38938800025858]},"properties":{"event_id":1272,"data_org":"Green","post_date":"2026-04-09T00:00:00.000Z","pub_date":"2026-04-09T00:00:00.000Z","strikedate":"2026-04-09T00:00:00.000Z","time":"1899-12-30T00:00:00.000Z","event_type":"Reported Airstrike","actor":"Israel","site_type":"unknown","siteStype":"","city":"Toul","province":"Nabatieh","country":"Lebanon","latitude":33.389388,"longitude":35.440813,"source_1":"https://t.me/MTVLebanoNews/63298","source_2":"","sources":""}},{"type":"Feature","geometry":{"type":"Point","coordinates":[35.35077668032044,33.17459445006687]},"properties":{"event_id":1274,"data_org":"Green","post_date":"2026-04-09T00:00:00.000Z","pub_date":"2026-04-09T00:00:00.000Z","strikedate":"2026-04-09T00:00:00.000Z","time":"1899-12-30T00:00:00.000Z","event_type":"Reported Airstrike","actor":"Israel","site_type":"unknown","siteStype":"","city":"Kafra","province":"Nabatieh","country":"Lebanon","latitude":33.17459445,"longitude":35.35077668,"source_1":"https://t.me/MTVLebanoNews/63345","source_2":"","sources":""}},{"type":"Feature","geometry":{"type":"Point","coordinates":[35.448917350226026,33.24668108032418]},"properties":{"event_id":1275,"data_org":"Green","post_date":"2026-04-09T00:00:00.000Z","pub_date":"2026-04-09T00:00:00.000Z","strikedate":"2026-04-09T00:00:00.000Z","time":"1899-12-30T00:00:00.000Z","event_type":"Reported Airstrike","actor":"Israel","site_type":"unknown","siteStype":"","city":"Touline","province":"Nabatieh","country":"Lebanon","latitude":33.24668108,"longitude":35.44891735,"source_1":"https://t.me/MTVLebanoNews/63345","source_2":"","sources":""}},{"type":"Feature","geometry":{"type":"Point","coordinates":[35.38754099958597,33.23976199981602]},"properties":{"event_id":1276,"data_org":"Green","post_date":"2026-04-10T00:00:00.000Z","pub_date":"2026-04-10T00:00:00.000Z","strikedate":"2026-04-10T00:00:00.000Z","time":"1899-12-30T00:00:00.000Z","event_type":"Confirmed Airstrike","actor":"Israel","site_type":"","siteStype":"","city":"Chehabiyeh","province":"South","country":"Lebanon","latitude":33.239762,"longitude":35.387541,"source_1":"https://x.com/manniefabian/status/2042573182037541166","source_2":"https://x.com/AvichayAdraee/status/2042579579991208084","sources":""}},{"type":"Feature","geometry":{"type":"Point","coordinates":[35.48306900033606,33.38949400000182]},"properties":{"event_id":1277,"data_org":"Green","post_date":"2026-04-10T00:00:00.000Z","pub_date":"2026-04-10T00:00:00.000Z","strikedate":"2026-04-10T00:00:00.000Z","time":"1899-12-30T00:00:00.000Z","event_type":"Reported Airstrike","actor":"Israel","site_type":"","siteStype":"","city":"Nabatieh","province":"Nabatieh","country":"Lebanon","latitude":33.389494,"longitude":35.483069,"source_1":"https://x.com/manniefabian/status/2042577829758460140","source_2":"https://x.com/EndlessWint_r/status/2042587542558560679","sources":""}},{"type":"Feature","geometry":{"type":"Point","coordinates":[35.223291999974975,33.22831899971051]},"properties":{"event_id":1278,"data_org":"Green","post_date":"2026-04-10T00:00:00.000Z","pub_date":"2026-04-10T00:00:00.000Z","strikedate":"2026-04-10T00:00:00.000Z","time":"1899-12-30T00:00:00.000Z","event_type":"Reported Airstrike","actor":"Israel","site_type":"","siteStype":"","city":"Ras el Ain","province":"South","country":"Lebanon","latitude":33.228319,"longitude":35.223292,"source_1":"https://x.com/EndlessWint_r/status/2042554390637092976","source_2":"https://x.com/TheCradleMedia/status/2042537213783663062","sources":""}},{"type":"Feature","geometry":{"type":"Point","coordinates":[35.22876862042712,33.19804955981201]},"properties":{"event_id":1279,"data_org":"Green","post_date":"2026-04-09T00:00:00.000Z","pub_date":"2026-04-10T00:00:00.000Z","strikedate":"2026-04-09T00:00:00.000Z","time":"1899-12-30T00:00:00.000Z","event_type":"Reported Airstrike","actor":"Israel","site_type":"unknown","siteStype":"","city":"Qalila","province":"South","country":"Lebanon","latitude":33.19804956,"longitude":35.22876862,"source_1":"https://t.me/MTVLebanoNews/63389","source_2":"","sources":""}},{"type":"Feature","geometry":{"type":"Point","coordinates":[35.47291899972118,33.35206200028712]},"properties":{"event_id":1281,"data_org":"Green","post_date":"2026-04-09T00:00:00.000Z","pub_date":"2026-04-10T00:00:00.000Z","strikedate":"2026-04-09T00:00:00.000Z","time":"1899-12-30T00:00:00.000Z","event_type":"Reported Airstrike","actor":"Israel","site_type":"unknown","siteStype":"","city":"IVO Maifadoun and Choukine","province":"Nabatieh","country":"Lebanon","latitude":33.352062,"longitude":35.472919,"source_1":"https://t.me/MTVLebanoNews/63393","source_2":"https://x.com/MarioLeb79/status/2042571012554776873?s=20","sources":""}},{"type":"Feature","geometry":{"type":"Point","coordinates":[35.44328299998303,33.377714000068984]},"properties":{"event_id":1282,"data_org":"Green","post_date":"2026-04-09T00:00:00.000Z","pub_date":"2026-04-10T00:00:00.000Z","strikedate":"2026-04-09T00:00:00.000Z","time":"1899-12-30T00:00:00.000Z","event_type":"Reported Airstrike","actor":"Israel","site_type":"","siteStype":"","city":"Harouf","province":"Nabatieh","country":"Lebanon","latitude":33.377714,"longitude":35.443283,"source_1":"https://t.me/MTVLebanoNews/63395","source_2":"","sources":""}},{"type":"Feature","geometry":{"type":"Point","coordinates":[35.273393999725926,33.40381700024636]},"properties":{"event_id":1283,"data_org":"Green","post_date":"2026-04-09T00:00:00.000Z","pub_date":"2026-04-10T00:00:00.000Z","strikedate":"2026-04-09T00:00:00.000Z","time":"1899-12-30T00:00:00.000Z","event_type":"Reported Airstrike","actor":"Israel","site_type":"unknown","siteStype":"","city":"Adloun","province":"South","country":"Lebanon","latitude":33.403817,"longitude":35.273394,"source_1":"https://t.me/MTVLebanoNews/63398","source_2":"","sources":""}},{"type":"Feature","geometry":{"type":"Point","coordinates":[35.25530995006261,33.22510237962887]},"properties":{"event_id":1284,"data_org":"Green","post_date":"2026-04-09T00:00:00.000Z","pub_date":"2026-04-10T00:00:00.000Z","strikedate":"2026-04-09T00:00:00.000Z","time":"1899-12-30T00:00:00.000Z","event_type":"Reported Airstrike","actor":"Israel","site_type":"unknown","siteStype":"","city":"Batouliyeh","province":"South","country":"Lebanon","latitude":33.22510238,"longitude":35.25530995,"source_1":"https://t.me/MTVLebanoNews/63400","source_2":"","sources":""}},{"type":"Feature","geometry":{"type":"Point","coordinates":[35.35077668032044,33.17459445006687]},"properties":{"event_id":1285,"data_org":"Green","post_date":"2026-04-09T00:00:00.000Z","pub_date":"2026-04-10T00:00:00.000Z","strikedate":"2026-04-09T00:00:00.000Z","time":"1899-12-30T00:00:00.000Z","event_type":"Reported Airstrike","actor":"Israel","site_type":"unknown","siteStype":"","city":"Kafra","province":"Nabatieh","country":"Lebanon","latitude":33.17459445,"longitude":35.35077668,"source_1":"https://t.me/MTVLebanoNews/63400","source_2":"","sources":""}},{"type":"Feature","geometry":{"type":"Point","coordinates":[35.43724582001382,33.12195800007302]},"properties":{"event_id":1286,"data_org":"Green","post_date":"2026-04-09T00:00:00.000Z","pub_date":"2026-04-10T00:00:00.000Z","strikedate":"2026-04-09T00:00:00.000Z","time":"1899-12-30T00:00:00.000Z","event_type":"Reported Airstrike","actor":"Israel","site_type":"unknown","siteStype":"","city":"Bint Jbeil","province":"Nabatieh","country":"Lebanon","latitude":33.121958,"longitude":35.43724582,"source_1":"https://t.me/MTVLebanoNews/63400","source_2":"","sources":""}},{"type":"Feature","geometry":{"type":"Point","coordinates":[35.27918976015747,33.412735439901745]},"properties":{"event_id":1287,"data_org":"Green","post_date":"2026-04-09T00:00:00.000Z","pub_date":"2026-04-10T00:00:00.000Z","strikedate":"2026-04-09T00:00:00.000Z","time":"1899-12-30T00:00:00.000Z","event_type":"Reported Airstrike","actor":"Israel","site_type":"civilian","siteStype":"civilian : building","city":"Ansariyeh","province":"South","country":"Lebanon","latitude":33.41273544,"longitude":35.27918976,"source_1":"https://t.me/MTVLebanoNews/63407","source_2":"https://t.me/MTVLebanoNews/63539","sources":""}},{"type":"Feature","geometry":{"type":"Point","coordinates":[35.39693301973041,33.240305599948144]},"properties":{"event_id":1288,"data_org":"Green","post_date":"2026-04-09T00:00:00.000Z","pub_date":"2026-04-10T00:00:00.000Z","strikedate":"2026-04-09T00:00:00.000Z","time":"1899-12-30T00:00:00.000Z","event_type":"Reported Airstrike","actor":"Israel","site_type":"unknown","siteStype":"","city":"Kfar Dounine","province":"Nabatieh","country":"Lebanon","latitude":33.2403056,"longitude":35.39693302,"source_1":"https://t.me/MTVLebanoNews/63407","source_2":"","sources":""}},{"type":"Feature","geometry":{"type":"Point","coordinates":[35.605252999769355,33.340001000251696]},"properties":{"event_id":1289,"data_org":"Green","post_date":"2026-04-09T00:00:00.000Z","pub_date":"2026-04-10T00:00:00.000Z","strikedate":"2026-04-09T00:00:00.000Z","time":"1899-12-30T00:00:00.000Z","event_type":"Reported Airstrike","actor":"Israel","site_type":"unknown","siteStype":"","city":"Khiam","province":"Nabatieh","country":"Lebanon","latitude":33.340001,"longitude":35.605253,"source_1":"https://t.me/MTVLebanoNews/63415","source_2":"","sources":""}},{"type":"Feature","geometry":{"type":"Point","coordinates":[35.59698799969217,33.34379400021718]},"properties":{"event_id":1290,"data_org":"Green","post_date":"2026-04-09T00:00:00.000Z","pub_date":"2026-04-10T00:00:00.000Z","strikedate":"2026-04-09T00:00:00.000Z","time":"1899-12-30T00:00:00.000Z","event_type":"Reported Airstrike","actor":"Israel","site_type":"unknown","siteStype":"","city":"IVO Khiam and Dibbine","province":"Nabatieh","country":"Lebanon","latitude":33.343794,"longitude":35.596988,"source_1":"https://t.me/MTVLebanoNews/63415","source_2":"","sources":""}},{"type":"Feature","geometry":{"type":"Point","coordinates":[35.4986589997839,33.36187999993867]},"properties":{"event_id":1291,"data_org":"Green","post_date":"2026-04-09T00:00:00.000Z","pub_date":"2026-04-10T00:00:00.000Z","strikedate":"2026-04-09T00:00:00.000Z","time":"1899-12-30T00:00:00.000Z","event_type":"Reported Airstrike","actor":"Israel","site_type":"unknown","siteStype":"","city":"Nabatieh el Fawqa","province":"Nabatieh","country":"Lebanon","latitude":33.36188,"longitude":35.498659,"source_1":"https://t.me/MTVLebanoNews/63418","source_2":"","sources":""}},{"type":"Feature","geometry":{"type":"Point","coordinates":[35.55295199966137,33.388918999871784]},"properties":{"event_id":1293,"data_org":"Green","post_date":"2026-04-09T00:00:00.000Z","pub_date":"2026-04-10T00:00:00.000Z","strikedate":"2026-04-09T00:00:00.000Z","time":"1899-12-30T00:00:00.000Z","event_type":"Reported Airstrike","actor":"Israel","site_type":"unknown","siteStype":"","city":"Mahmoudiyeh","province":"South","country":"Lebanon","latitude":33.388919,"longitude":35.552952,"source_1":"https://t.me/MTVLebanoNews/63425","source_2":"","sources":""}},{"type":"Feature","geometry":{"type":"Point","coordinates":[35.5349029995655,33.38522800005532]},"properties":{"event_id":1294,"data_org":"Green","post_date":"2026-04-09T00:00:00.000Z","pub_date":"2026-04-10T00:00:00.000Z","strikedate":"2026-04-09T00:00:00.000Z","time":"1899-12-30T00:00:00.000Z","event_type":"Reported Airstrike","actor":"Israel","site_type":"unknown","siteStype":"","city":"Jarmaq","province":"South","country":"Lebanon","latitude":33.385228,"longitude":35.534903,"source_1":"https://t.me/MTVLebanoNews/63425","source_2":"","sources":""}},{"type":"Feature","geometry":{"type":"Point","coordinates":[35.4806051200394,33.408121780061656]},"properties":{"event_id":1295,"data_org":"Green","post_date":"2026-04-09T00:00:00.000Z","pub_date":"2026-04-10T00:00:00.000Z","strikedate":"2026-04-09T00:00:00.000Z","time":"1899-12-30T00:00:00.000Z","event_type":"Reported Airstrike","actor":"Israel","site_type":"unknown","siteStype":"","city":"Habbouch","province":"Nabatieh","country":"Lebanon","latitude":33.40812178,"longitude":35.48060512,"source_1":"https://t.me/MTVLebanoNews/63425","source_2":"","sources":""}},{"type":"Feature","geometry":{"type":"Point","coordinates":[35.271543000421744,33.25407399980616]},"properties":{"event_id":1296,"data_org":"Green","post_date":"2026-04-09T00:00:00.000Z","pub_date":"2026-04-10T00:00:00.000Z","strikedate":"2026-04-09T00:00:00.000Z","time":"1899-12-30T00:00:00.000Z","event_type":"Reported Airstrike","actor":"Israel","site_type":"unknown","siteStype":"","city":"Bazouriyeh","province":"South","country":"Lebanon","latitude":33.254074,"longitude":35.271543,"source_1":"https://t.me/MTVLebanoNews/63442","source_2":"","sources":""}},{"type":"Feature","geometry":{"type":"Point","coordinates":[35.27762340013591,33.22011549037196]},"properties":{"event_id":1297,"data_org":"Green","post_date":"2026-04-09T00:00:00.000Z","pub_date":"2026-04-10T00:00:00.000Z","strikedate":"2026-04-09T00:00:00.000Z","time":"1899-12-30T00:00:00.000Z","event_type":"Reported Airstrike","actor":"Israel","site_type":"unknown","siteStype":"","city":"Hanouiyeh","province":"South","country":"Lebanon","latitude":33.22011549,"longitude":35.2776234,"source_1":"https://t.me/MTVLebanoNews/63442","source_2":"https://t.me/MTVLebanoNews/63480","sources":""}},{"type":"Feature","geometry":{"type":"Point","coordinates":[35.39683699970801,33.44835499972329]},"properties":{"event_id":1298,"data_org":"Green","post_date":"2026-04-09T00:00:00.000Z","pub_date":"2026-04-10T00:00:00.000Z","strikedate":"2026-04-09T00:00:00.000Z","time":"1899-12-30T00:00:00.000Z","event_type":"Reported Airstrike","actor":"Israel","site_type":"unknown","siteStype":"","city":"Zefta","province":"Nabatieh","country":"Lebanon","latitude":33.448355,"longitude":35.396837,"source_1":"https://t.me/MTVLebanoNews/63446","source_2":"","sources":""}},{"type":"Feature","geometry":{"type":"Point","coordinates":[35.407357000218745,33.20559599972622]},"properties":{"event_id":1299,"data_org":"Green","post_date":"2026-04-09T00:00:00.000Z","pub_date":"2026-04-10T00:00:00.000Z","strikedate":"2026-04-09T00:00:00.000Z","time":"1899-12-30T00:00:00.000Z","event_type":"Reported Airstrike","actor":"Israel","site_type":"unknown","siteStype":"","city":"Sultaniyeh","province":"Nabatieh","country":"Lebanon","latitude":33.205596,"longitude":35.407357,"source_1":"https://t.me/MTVLebanoNews/63446","source_2":"","sources":""}},{"type":"Feature","geometry":{"type":"Point","coordinates":[35.34285600000007,33.4207420001824]},"properties":{"event_id":1300,"data_org":"Green","post_date":"2026-04-09T00:00:00.000Z","pub_date":"2026-04-10T00:00:00.000Z","strikedate":"2026-04-09T00:00:00.000Z","time":"1899-12-30T00:00:00.000Z","event_type":"Reported Airstrike","actor":"Israel","site_type":"unknown","siteStype":"","city":"Babliyeh","province":"South","country":"Lebanon","latitude":33.420742,"longitude":35.342856,"source_1":"https://t.me/MTVLebanoNews/63447","source_2":"","sources":""}},{"type":"Feature","geometry":{"type":"Point","coordinates":[35.3760957702652,33.174648000098216]},"properties":{"event_id":1301,"data_org":"Green","post_date":"2026-04-09T00:00:00.000Z","pub_date":"2026-04-10T00:00:00.000Z","strikedate":"2026-04-09T00:00:00.000Z","time":"1899-12-30T00:00:00.000Z","event_type":"Reported Airstrike","actor":"Israel","site_type":"unknown","siteStype":"","city":"Haris","province":"South","country":"Lebanon","latitude":33.174648,"longitude":35.37609577,"source_1":"https://t.me/MTVLebanoNews/63448","source_2":"","sources":""}},{"type":"Feature","geometry":{"type":"Point","coordinates":[35.29019900023993,33.45144299966133]},"properties":{"event_id":1302,"data_org":"Green","post_date":"2026-04-10T00:00:00.000Z","pub_date":"2026-04-10T00:00:00.000Z","strikedate":"2026-04-10T00:00:00.000Z","time":"1899-12-30T00:00:00.000Z","event_type":"Reported Airstrike","actor":"Israel","site_type":"unknown","siteStype":"","city":"Sarafand","province":"South","country":"Lebanon","latitude":33.451443,"longitude":35.290199,"source_1":"https://t.me/MTVLebanoNews/63466","source_2":"","sources":""}},{"type":"Feature","geometry":{"type":"Point","coordinates":[35.321927000204994,33.43101900031201]},"properties":{"event_id":1303,"data_org":"Green","post_date":"2026-04-10T00:00:00.000Z","pub_date":"2026-04-10T00:00:00.000Z","strikedate":"2026-04-10T00:00:00.000Z","time":"1899-12-30T00:00:00.000Z","event_type":"Reported Airstrike","actor":"Israel","site_type":"unknown","siteStype":"","city":"Khirbet al Duwayr","province":"South","country":"Lebanon","latitude":33.431019,"longitude":35.321927,"source_1":"https://t.me/MTVLebanoNews/63466","source_2":"","sources":""}},{"type":"Feature","geometry":{"type":"Point","coordinates":[35.35995600006686,33.22923600029278]},"properties":{"event_id":1304,"data_org":"Green","post_date":"2026-04-10T00:00:00.000Z","pub_date":"2026-04-10T00:00:00.000Z","strikedate":"2026-04-10T00:00:00.000Z","time":"1899-12-30T00:00:00.000Z","event_type":"Reported Airstrike","actor":"Israel","site_type":"unknown","siteStype":"","city":"Majadel","province":"South","country":"Lebanon","latitude":33.229236,"longitude":35.359956,"source_1":"https://t.me/MTVLebanoNews/63473","source_2":"","sources":""}},{"type":"Feature","geometry":{"type":"Point","coordinates":[35.33820800982051,33.23866461994314]},"properties":{"event_id":1305,"data_org":"Green","post_date":"2026-04-10T00:00:00.000Z","pub_date":"2026-04-10T00:00:00.000Z","strikedate":"2026-04-10T00:00:00.000Z","time":"1899-12-30T00:00:00.000Z","event_type":"Reported Airstrike","actor":"Israel","site_type":"unknown","siteStype":"","city":"Jouaiyya","province":"South","country":"Lebanon","latitude":33.23866462,"longitude":35.33820801,"source_1":"https://t.me/MTVLebanoNews/63477","source_2":"","sources":""}},{"type":"Feature","geometry":{"type":"Point","coordinates":[35.37849999973206,33.21784999981392]},"properties":{"event_id":1307,"data_org":"Green","post_date":"2026-04-10T00:00:00.000Z","pub_date":"2026-04-10T00:00:00.000Z","strikedate":"2026-04-10T00:00:00.000Z","time":"1899-12-30T00:00:00.000Z","event_type":"Reported Airstrike","actor":"Israel","site_type":"unknown","siteStype":"","city":"Deyrintar","province":"Nabatieh","country":"Lebanon","latitude":33.21785,"longitude":35.3785,"source_1":"https://t.me/MTVLebanoNews/63494","source_2":"","sources":""}},{"type":"Feature","geometry":{"type":"Point","coordinates":[35.38351900041215,33.242643999997284]},"properties":{"event_id":1308,"data_org":"Green","post_date":"2026-04-10T00:00:00.000Z","pub_date":"2026-04-10T00:00:00.000Z","strikedate":"2026-04-10T00:00:00.000Z","time":"1899-12-30T00:00:00.000Z","event_type":"Reported Airstrike","actor":"Israel","site_type":"unknown","siteStype":"","city":"Chehabiyeh","province":"South","country":"Lebanon","latitude":33.242644,"longitude":35.383519,"source_1":"https://t.me/MTVLebanoNews/63502","source_2":"","sources":""}},{"type":"Feature","geometry":{"type":"Point","coordinates":[35.38351900041215,33.242643999997284]},"properties":{"event_id":1309,"data_org":"Green","post_date":"2026-04-10T00:00:00.000Z","pub_date":"2026-04-10T00:00:00.000Z","strikedate":"2026-04-10T00:00:00.000Z","time":"1899-12-30T00:00:00.000Z","event_type":"Reported Airstrike","actor":"Israel","site_type":"unknown","siteStype":"","city":"Chehabiyeh","province":"South","country":"Lebanon","latitude":33.242644,"longitude":35.383519,"source_1":"https://t.me/MTVLebanoNews/63509","source_2":"","sources":""}},{"type":"Feature","geometry":{"type":"Point","coordinates":[35.484831999776695,33.377920999656304]},"properties":{"event_id":1310,"data_org":"Green","post_date":"2026-04-10T00:00:00.000Z","pub_date":"2026-04-10T00:00:00.000Z","strikedate":"2026-04-10T00:00:00.000Z","time":"1899-12-30T00:00:00.000Z","event_type":"Reported Airstrike","actor":"Israel","site_type":"unknown","siteStype":"","city":"Nabatieh","province":"Nabatieh","country":"Lebanon","latitude":33.377921,"longitude":35.484832,"source_1":"https://t.me/MTVLebanoNews/63510","source_2":"","sources":""}},{"type":"Feature","geometry":{"type":"Point","coordinates":[35.29410999998398,33.178312000194886]},"properties":{"event_id":1311,"data_org":"Green","post_date":"2026-04-10T00:00:00.000Z","pub_date":"2026-04-10T00:00:00.000Z","strikedate":"2026-04-10T00:00:00.000Z","time":"1899-12-30T00:00:00.000Z","event_type":"Reported Airstrike","actor":"Israel","site_type":"unknown","siteStype":"","city":"Jabal al Batm","province":"South","country":"Lebanon","latitude":33.178312,"longitude":35.29411,"source_1":"https://t.me/MTVLebanoNews/63514","source_2":"","sources":""}},{"type":"Feature","geometry":{"type":"Point","coordinates":[35.599198999744765,33.3718390001643]},"properties":{"event_id":1312,"data_org":"Green","post_date":"2026-04-10T00:00:00.000Z","pub_date":"2026-04-10T00:00:00.000Z","strikedate":"2026-04-10T00:00:00.000Z","time":"1899-12-30T00:00:00.000Z","event_type":"Reported Airstrike","actor":"Israel","site_type":"unknown","siteStype":"","city":"Dibbine","province":"Nabatieh","country":"Lebanon","latitude":33.371839,"longitude":35.599199,"source_1":"https://t.me/MTVLebanoNews/63517","source_2":"","sources":""}},{"type":"Feature","geometry":{"type":"Point","coordinates":[35.599198999744765,33.3718390001643]},"properties":{"event_id":1313,"data_org":"Green","post_date":"2026-04-10T00:00:00.000Z","pub_date":"2026-04-10T00:00:00.000Z","strikedate":"2026-04-10T00:00:00.000Z","time":"1899-12-30T00:00:00.000Z","event_type":"Reported Airstrike","actor":"Israel","site_type":"unknown","siteStype":"","city":"Dibbine","province":"Nabatieh","country":"Lebanon","latitude":33.371839,"longitude":35.599199,"source_1":"https://t.me/MTVLebanoNews/63517","source_2":"","sources":""}},{"type":"Feature","geometry":{"type":"Point","coordinates":[35.23396200027354,33.22738900007197]},"properties":{"event_id":1314,"data_org":"Green","post_date":"2026-04-10T00:00:00.000Z","pub_date":"2026-04-10T00:00:00.000Z","strikedate":"2026-04-10T00:00:00.000Z","time":"1899-12-30T00:00:00.000Z","event_type":"Reported Airstrike","actor":"Israel","site_type":"civilian","siteStype":"","city":"IVO Ras al Ain/Deir Qanoun","province":"South","country":"Lebanon","latitude":33.227389,"longitude":35.233962,"source_1":"https://t.me/MTVLebanoNews/63529","source_2":"","sources":""}},{"type":"Feature","geometry":{"type":"Point","coordinates":[35.4986589997839,33.36187999993867]},"properties":{"event_id":1315,"data_org":"Green","post_date":"2026-04-10T00:00:00.000Z","pub_date":"2026-04-10T00:00:00.000Z","strikedate":"2026-04-10T00:00:00.000Z","time":"1899-12-30T00:00:00.000Z","event_type":"Reported Airstrike","actor":"Israel","site_type":"unknown","siteStype":"","city":"Nabatieh el Fawqa","province":"Nabatieh","country":"Lebanon","latitude":33.36188,"longitude":35.498659,"source_1":"https://t.me/MTVLebanoNews/63530","source_2":"","sources":""}},{"type":"Feature","geometry":{"type":"Point","coordinates":[35.206313150300666,33.178596150309005]},"properties":{"event_id":1316,"data_org":"Green","post_date":"2026-04-10T00:00:00.000Z","pub_date":"2026-04-10T00:00:00.000Z","strikedate":"2026-04-10T00:00:00.000Z","time":"1899-12-30T00:00:00.000Z","event_type":"Reported Airstrike","actor":"Israel","site_type":"civilian","siteStype":"","city":"Mansouri","province":"South","country":"Lebanon","latitude":33.17859615,"longitude":35.20631315,"source_1":"https://t.me/MTVLebanoNews/63533","source_2":"","sources":""}},{"type":"Feature","geometry":{"type":"Point","coordinates":[35.21605249955814,33.23937850022742]},"properties":{"event_id":1317,"data_org":"Green","post_date":"2026-04-10T00:00:00.000Z","pub_date":"2026-04-10T00:00:00.000Z","strikedate":"2026-04-10T00:00:00.000Z","time":"1899-12-30T00:00:00.000Z","event_type":"Reported Airstrike","actor":"Israel","site_type":"civilian","siteStype":"","city":"Rachidiyeh","province":"South","country":"Lebanon","latitude":33.2393785,"longitude":35.2160525,"source_1":"https://t.me/MTVLebanoNews/63533","source_2":"","sources":""}},{"type":"Feature","geometry":{"type":"Point","coordinates":[35.42433836966743,33.40978575999774]},"properties":{"event_id":1318,"data_org":"Green","post_date":"2026-04-10T00:00:00.000Z","pub_date":"2026-04-10T00:00:00.000Z","strikedate":"2026-04-10T00:00:00.000Z","time":"1899-12-30T00:00:00.000Z","event_type":"Reported Airstrike","actor":"Israel","site_type":"unknown","siteStype":"","city":"Sharqiya","province":"Nabatieh","country":"Lebanon","latitude":33.40978576,"longitude":35.42433837,"source_1":"https://t.me/MTVLebanoNews/63536","source_2":"","sources":""}},{"type":"Feature","geometry":{"type":"Point","coordinates":[35.68790500019116,33.5207090000886]},"properties":{"event_id":1319,"data_org":"Green","post_date":"2026-04-10T00:00:00.000Z","pub_date":"2026-04-10T00:00:00.000Z","strikedate":"2026-04-10T00:00:00.000Z","time":"1899-12-30T00:00:00.000Z","event_type":"Reported Airstrike","actor":"Israel","site_type":"unknown","siteStype":"","city":"Sohmor","province":"Beqaa","country":"Lebanon","latitude":33.520709,"longitude":35.687905,"source_1":"https://t.me/MTVLebanoNews/63545","source_2":"https://t.me/MTVLebanoNews/63570","sources":""}},{"type":"Feature","geometry":{"type":"Point","coordinates":[35.40445644976079,33.13575263962509]},"properties":{"event_id":1320,"data_org":"Green","post_date":"2026-04-10T00:00:00.000Z","pub_date":"2026-04-10T00:00:00.000Z","strikedate":"2026-04-10T00:00:00.000Z","time":"1899-12-30T00:00:00.000Z","event_type":"Reported Airstrike","actor":"Israel","site_type":"unknown","siteStype":"","city":"Tayri","province":"Nabatieh","country":"Lebanon","latitude":33.13575264,"longitude":35.40445645,"source_1":"https://t.me/MTVLebanoNews/63555","source_2":"","sources":""}},{"type":"Feature","geometry":{"type":"Point","coordinates":[35.42114645963022,33.158967550338]},"properties":{"event_id":1321,"data_org":"Green","post_date":"2026-04-10T00:00:00.000Z","pub_date":"2026-04-10T00:00:00.000Z","strikedate":"2026-04-10T00:00:00.000Z","time":"1899-12-30T00:00:00.000Z","event_type":"Reported Airstrike","actor":"Israel","site_type":"unknown","siteStype":"","city":"Beit Yahoun","province":"Nabatieh","country":"Lebanon","latitude":33.15896755,"longitude":35.42114646,"source_1":"https://t.me/MTVLebanoNews/63555","source_2":"","sources":""}},{"type":"Feature","geometry":{"type":"Point","coordinates":[35.43724582001382,33.12195800007302]},"properties":{"event_id":1322,"data_org":"Green","post_date":"2026-04-10T00:00:00.000Z","pub_date":"2026-04-10T00:00:00.000Z","strikedate":"2026-04-10T00:00:00.000Z","time":"1899-12-30T00:00:00.000Z","event_type":"Reported Airstrike","actor":"Israel","site_type":"unknown","siteStype":"","city":"Bint Jbeil","province":"Nabatieh","country":"Lebanon","latitude":33.121958,"longitude":35.43724582,"source_1":"https://t.me/MTVLebanoNews/63555","source_2":"","sources":""}},{"type":"Feature","geometry":{"type":"Point","coordinates":[36.17338418999774,33.99163471989958]},"properties":{"event_id":1323,"data_org":"Green","post_date":"2026-04-10T00:00:00.000Z","pub_date":"2026-04-10T00:00:00.000Z","strikedate":"2026-04-10T00:00:00.000Z","time":"1899-12-30T00:00:00.000Z","event_type":"Reported Airstrike","actor":"Israel","site_type":"unknown","siteStype":"","city":"Douris","province":"Baalbek-Hermel","country":"Lebanon","latitude":33.99163472,"longitude":36.17338419,"source_1":"https://t.me/MTVLebanoNews/63563","source_2":"","sources":""}},{"type":"Feature","geometry":{"type":"Point","coordinates":[35.51593239985335,33.485879899718846]},"properties":{"event_id":1324,"data_org":"Green","post_date":"2026-04-10T00:00:00.000Z","pub_date":"2026-04-10T00:00:00.000Z","strikedate":"2026-04-10T00:00:00.000Z","time":"1899-12-30T00:00:00.000Z","event_type":"Reported Airstrike","actor":"Israel","site_type":"civilian","siteStype":"civilian : building","city":"Jbaa","province":"Nabatieh","country":"Lebanon","latitude":33.4858799,"longitude":35.5159324,"source_1":"https://t.me/MTVLebanoNews/63564","source_2":"","sources":""}},{"type":"Feature","geometry":{"type":"Point","coordinates":[35.42552400031539,33.2299569998727]},"properties":{"event_id":1325,"data_org":"Green","post_date":"2026-04-10T00:00:00.000Z","pub_date":"2026-04-10T00:00:00.000Z","strikedate":"2026-04-10T00:00:00.000Z","time":"1899-12-30T00:00:00.000Z","event_type":"Reported Airstrike","actor":"Israel","site_type":"civilian","siteStype":"civilian : building","city":"Kherbet Selem","province":"Nabatieh","country":"Lebanon","latitude":33.229957,"longitude":35.425524,"source_1":"https://t.me/MTVLebanoNews/63581","source_2":"","sources":""}},{"type":"Feature","geometry":{"type":"Point","coordinates":[35.47080144961095,33.19289882032701]},"properties":{"event_id":1326,"data_org":"Green","post_date":"2026-04-10T00:00:00.000Z","pub_date":"2026-04-10T00:00:00.000Z","strikedate":"2026-04-10T00:00:00.000Z","time":"1899-12-30T00:00:00.000Z","event_type":"Reported Airstrike","actor":"Israel","site_type":"unknown","siteStype":"","city":"Chaqra","province":"Nabatieh","country":"Lebanon","latitude":33.19289882,"longitude":35.47080145,"source_1":"https://t.me/MTVLebanoNews/63585","source_2":"","sources":""}},{"type":"Feature","geometry":{"type":"Point","coordinates":[35.61480599980935,33.33020100011496]},"properties":{"event_id":1327,"data_org":"Green","post_date":"2026-04-10T00:00:00.000Z","pub_date":"2026-04-10T00:00:00.000Z","strikedate":"2026-04-10T00:00:00.000Z","time":"1899-12-30T00:00:00.000Z","event_type":"Reported Airstrike","actor":"Israel","site_type":"unknown","siteStype":"","city":"Khiam","province":"Nabatieh","country":"Lebanon","latitude":33.330201,"longitude":35.614806,"source_1":"https://t.me/MTVLebanoNews/63590","source_2":"","sources":""}},{"type":"Feature","geometry":{"type":"Point","coordinates":[35.618749000238765,33.349305999707475]},"properties":{"event_id":1328,"data_org":"Green","post_date":"2026-04-10T00:00:00.000Z","pub_date":"2026-04-10T00:00:00.000Z","strikedate":"2026-04-08T00:00:00.000Z","time":"1899-12-30T00:00:00.000Z","event_type":"Confirmed Airstrike","actor":"Israel","site_type":"unknown","siteStype":"","city":"Ebel El Saqi","province":"Nabatieh","country":"Lebanon","latitude":33.349306,"longitude":35.618749,"source_1":"https://x.com/idfonline/status/2042533865575571888","source_2":"https://x.com/Me1Ray/status/2042592201990193301","sources":""}},{"type":"Feature","geometry":{"type":"Point","coordinates":[35.38754099958597,33.23976199981602]},"properties":{"event_id":1329,"data_org":"Green","post_date":"2026-04-10T00:00:00.000Z","pub_date":"2026-04-10T00:00:00.000Z","strikedate":"2026-04-10T00:00:00.000Z","time":"1899-12-30T00:00:00.000Z","event_type":"Confirmed Airstrike","actor":"Israel","site_type":"civilian","siteStype":"civilian : building","city":"Chehabiyeh","province":"South","country":"Lebanon","latitude":33.239762,"longitude":35.387541,"source_1":"https://x.com/AvichayAdraee/status/2042579579991208084","source_2":"https://x.com/Me1Ray/status/2042601318754455681","sources":""}},{"type":"Feature","geometry":{"type":"Point","coordinates":[35.226877000204105,33.152047000244146]},"properties":{"event_id":1330,"data_org":"Green","post_date":"2026-04-10T00:00:00.000Z","pub_date":"2026-04-10T00:00:00.000Z","strikedate":"2026-04-10T00:00:00.000Z","time":"1899-12-30T00:00:00.000Z","event_type":"Reported Airstrike","actor":"Israel","site_type":"unknown","siteStype":"","city":"Majdal Zoun","province":"South","country":"Lebanon","latitude":33.152047,"longitude":35.226877,"source_1":"https://t.me/MTVLebanoNews/63623","source_2":"","sources":""}},{"type":"Feature","geometry":{"type":"Point","coordinates":[35.40863599996071,33.338929000053305]},"properties":{"event_id":1331,"data_org":"Green","post_date":"2026-04-10T00:00:00.000Z","pub_date":"2026-04-10T00:00:00.000Z","strikedate":"2026-04-10T00:00:00.000Z","time":"1899-12-30T00:00:00.000Z","event_type":"Reported Airstrike","actor":"Israel","site_type":"unknown","siteStype":"","city":"IVO Aadchit al Chaqif and Qasiba","province":"Nabatieh","country":"Lebanon","latitude":33.338929,"longitude":35.408636,"source_1":"https://t.me/MTVLebanoNews/63627","source_2":"","sources":""}},{"type":"Feature","geometry":{"type":"Point","coordinates":[35.206313150300666,33.178596150309005]},"properties":{"event_id":1332,"data_org":"Green","post_date":"2026-04-10T00:00:00.000Z","pub_date":"2026-04-10T00:00:00.000Z","strikedate":"2026-04-10T00:00:00.000Z","time":"1899-12-30T00:00:00.000Z","event_type":"Reported Airstrike","actor":"Israel","site_type":"unknown","siteStype":"","city":"Mansouri","province":"South","country":"Lebanon","latitude":33.17859615,"longitude":35.20631315,"source_1":"https://t.me/MTVLebanoNews/63623","source_2":"","sources":""}},{"type":"Feature","geometry":{"type":"Point","coordinates":[35.5099800001857,33.4697728999379]},"properties":{"event_id":1333,"data_org":"Green","post_date":"2026-04-11T00:00:00.000Z","pub_date":"2026-04-11T00:00:00.000Z","strikedate":"2026-04-11T00:00:00.000Z","time":"1899-12-30T00:00:00.000Z","event_type":"Reported Airstrike","actor":"Israel","site_type":"unknown","siteStype":"","city":"Ain Qana","province":"Nabatieh","country":"Lebanon","latitude":33.4697729,"longitude":35.50998,"source_1":"https://t.me/moriahdoron/29799","source_2":"","sources":""}},{"type":"Feature","geometry":{"type":"Point","coordinates":[35.39706007025768,33.28226391020852]},"properties":{"event_id":1334,"data_org":"Green","post_date":"2026-04-10T00:00:00.000Z","pub_date":"2026-04-11T00:00:00.000Z","strikedate":"2026-04-10T00:00:00.000Z","time":"1899-12-30T00:00:00.000Z","event_type":"Reported Airstrike","actor":"Israel","site_type":"unknown","siteStype":"","city":"Srifa","province":"South","country":"Lebanon","latitude":33.28226391,"longitude":35.39706007,"source_1":"https://t.me/MTVLebanoNews/63632","source_2":"","sources":""}},{"type":"Feature","geometry":{"type":"Point","coordinates":[35.39943943974736,33.258829289944885]},"properties":{"event_id":1335,"data_org":"Green","post_date":"2026-04-10T00:00:00.000Z","pub_date":"2026-04-11T00:00:00.000Z","strikedate":"2026-04-10T00:00:00.000Z","time":"1899-12-30T00:00:00.000Z","event_type":"Reported Airstrike","actor":"Israel","site_type":"unknown","siteStype":"","city":"Deir Kifa","province":"South","country":"Lebanon","latitude":33.25882929,"longitude":35.39943944,"source_1":"https://t.me/MTVLebanoNews/63636","source_2":"","sources":""}},{"type":"Feature","geometry":{"type":"Point","coordinates":[35.49652002036257,33.38613943967583]},"properties":{"event_id":1336,"data_org":"Green","post_date":"2026-04-10T00:00:00.000Z","pub_date":"2026-04-11T00:00:00.000Z","strikedate":"2026-04-10T00:00:00.000Z","time":"1899-12-30T00:00:00.000Z","event_type":"Reported Airstrike","actor":"Israel","site_type":"unknown","siteStype":"","city":"Kfar Roummane","province":"Nabatieh","country":"Lebanon","latitude":33.38613944,"longitude":35.49652002,"source_1":"https://t.me/MTVLebanoNews/63661","source_2":"","sources":""}},{"type":"Feature","geometry":{"type":"Point","coordinates":[35.61480583002776,33.330201120204315]},"properties":{"event_id":1337,"data_org":"Green","post_date":"2026-04-10T00:00:00.000Z","pub_date":"2026-04-11T00:00:00.000Z","strikedate":"2026-04-10T00:00:00.000Z","time":"1899-12-30T00:00:00.000Z","event_type":"Reported Airstrike","actor":"Israel","site_type":"unknown","siteStype":"","city":"Khiam","province":"Nabatieh","country":"Lebanon","latitude":33.33020112,"longitude":35.61480583,"source_1":"https://t.me/MTVLebanoNews/63678","source_2":"","sources":""}},{"type":"Feature","geometry":{"type":"Point","coordinates":[35.39683699970801,33.44835499972329]},"properties":{"event_id":1338,"data_org":"Green","post_date":"2026-04-11T00:00:00.000Z","pub_date":"2026-04-11T00:00:00.000Z","strikedate":"2026-04-11T00:00:00.000Z","time":"1899-12-30T00:00:00.000Z","event_type":"Reported Airstrike","actor":"Israel","site_type":"unknown","siteStype":"","city":"Zefta","province":"Nabatieh","country":"Lebanon","latitude":33.448355,"longitude":35.396837,"source_1":"https://t.me/MTVLebanoNews/63697","source_2":"","sources":""}},{"type":"Feature","geometry":{"type":"Point","coordinates":[35.44072223009478,33.36863391007267]},"properties":{"event_id":1339,"data_org":"Green","post_date":"2026-04-11T00:00:00.000Z","pub_date":"2026-04-11T00:00:00.000Z","strikedate":"2026-04-11T00:00:00.000Z","time":"1899-12-30T00:00:00.000Z","event_type":"Reported Airstrike","actor":"Israel","site_type":"unknown","siteStype":"","city":"Jibchit","province":"Nabatieh","country":"Lebanon","latitude":33.36863391,"longitude":35.44072223,"source_1":"https://t.me/MTVLebanoNews/63704","source_2":"","sources":""}},{"type":"Feature","geometry":{"type":"Point","coordinates":[35.40079736996176,33.325051289633684]},"properties":{"event_id":1340,"data_org":"Green","post_date":"2026-04-11T00:00:00.000Z","pub_date":"2026-04-11T00:00:00.000Z","strikedate":"2026-04-11T00:00:00.000Z","time":"1899-12-30T00:00:00.000Z","event_type":"Reported Airstrike","actor":"Israel","site_type":"unknown","siteStype":"","city":"Kfar Sir","province":"Nabatieh","country":"Lebanon","latitude":33.32505129,"longitude":35.40079737,"source_1":"https://t.me/MTVLebanoNews/63704","source_2":"","sources":""}},{"type":"Feature","geometry":{"type":"Point","coordinates":[35.46369821014799,33.274087699767726]},"properties":{"event_id":1341,"data_org":"Green","post_date":"2026-04-11T00:00:00.000Z","pub_date":"2026-04-11T00:00:00.000Z","strikedate":"2026-04-11T00:00:00.000Z","time":"1899-12-30T00:00:00.000Z","event_type":"Reported Airstrike","actor":"Israel","site_type":"unknown","siteStype":"","city":"Qantara","province":"Nabatieh","country":"Lebanon","latitude":33.2740877,"longitude":35.46369821,"source_1":"https://t.me/MTVLebanoNews/63706","source_2":"","sources":""}},{"type":"Feature","geometry":{"type":"Point","coordinates":[35.41690400041095,33.196991999861844]},"properties":{"event_id":1342,"data_org":"Green","post_date":"2026-04-11T00:00:00.000Z","pub_date":"2026-04-11T00:00:00.000Z","strikedate":"2026-04-11T00:00:00.000Z","time":"1899-12-30T00:00:00.000Z","event_type":"Reported Airstrike","actor":"Israel","site_type":"unknown","siteStype":"","city":"Tibnin","province":"Nabatieh","country":"Lebanon","latitude":33.196992,"longitude":35.416904,"source_1":"https://t.me/MTVLebanoNews/63707","source_2":"https://x.com/EekadFacts/status/2043026217368961378?s=20","sources":"https://x.com/Zeldamices/status/2043194006968877424?s=20; https://x.com/EekadFacts/status/2043026215296991510?s=20"}},{"type":"Feature","geometry":{"type":"Point","coordinates":[35.35995600006686,33.22923600029278]},"properties":{"event_id":1343,"data_org":"Green","post_date":"2026-04-11T00:00:00.000Z","pub_date":"2026-04-11T00:00:00.000Z","strikedate":"2026-04-11T00:00:00.000Z","time":"1899-12-30T00:00:00.000Z","event_type":"Reported Airstrike","actor":"Israel","site_type":"unknown","siteStype":"","city":"Majadel","province":"South","country":"Lebanon","latitude":33.229236,"longitude":35.359956,"source_1":"https://t.me/MTVLebanoNews/63711","source_2":"","sources":""}},{"type":"Feature","geometry":{"type":"Point","coordinates":[35.46369821014799,33.274087699767726]},"properties":{"event_id":1344,"data_org":"Green","post_date":"2026-04-11T00:00:00.000Z","pub_date":"2026-04-11T00:00:00.000Z","strikedate":"2026-04-11T00:00:00.000Z","time":"1899-12-30T00:00:00.000Z","event_type":"Reported Airstrike","actor":"Israel","site_type":"unknown","siteStype":"","city":"Qantara","province":"Nabatieh","country":"Lebanon","latitude":33.2740877,"longitude":35.46369821,"source_1":"https://t.me/MTVLebanoNews/63713","source_2":"","sources":""}},{"type":"Feature","geometry":{"type":"Point","coordinates":[35.38351900041215,33.242643999997284]},"properties":{"event_id":1345,"data_org":"Green","post_date":"2026-04-11T00:00:00.000Z","pub_date":"2026-04-11T00:00:00.000Z","strikedate":"2026-04-11T00:00:00.000Z","time":"1899-12-30T00:00:00.000Z","event_type":"Reported Airstrike","actor":"Israel","site_type":"unknown","siteStype":"","city":"Chehabiyeh","province":"South","country":"Lebanon","latitude":33.242644,"longitude":35.383519,"source_1":"https://t.me/MTVLebanoNews/63713","source_2":"","sources":""}},{"type":"Feature","geometry":{"type":"Point","coordinates":[35.206313150300666,33.178596150309005]},"properties":{"event_id":1346,"data_org":"Green","post_date":"2026-04-11T00:00:00.000Z","pub_date":"2026-04-11T00:00:00.000Z","strikedate":"2026-04-11T00:00:00.000Z","time":"1899-12-30T00:00:00.000Z","event_type":"Reported Airstrike","actor":"Israel","site_type":"unknown","siteStype":"","city":"Mansouri","province":"South","country":"Lebanon","latitude":33.17859615,"longitude":35.20631315,"source_1":"https://t.me/MTVLebanoNews/63725","source_2":"","sources":""}},{"type":"Feature","geometry":{"type":"Point","coordinates":[35.74662736007097,33.346159389943196]},"properties":{"event_id":1347,"data_org":"Green","post_date":"2026-04-11T00:00:00.000Z","pub_date":"2026-04-11T00:00:00.000Z","strikedate":"2026-04-11T00:00:00.000Z","time":"1899-12-30T00:00:00.000Z","event_type":"Reported Airstrike","actor":"Israel","site_type":"unknown","siteStype":"","city":"Shebaa","province":"Nabatieh","country":"Lebanon","latitude":33.34615939,"longitude":35.74662736,"source_1":"https://t.me/MTVLebanoNews/63729","source_2":"","sources":""}},{"type":"Feature","geometry":{"type":"Point","coordinates":[35.43724582001382,33.12195800007302]},"properties":{"event_id":1348,"data_org":"Green","post_date":"2026-04-11T00:00:00.000Z","pub_date":"2026-04-11T00:00:00.000Z","strikedate":"2026-04-11T00:00:00.000Z","time":"1899-12-30T00:00:00.000Z","event_type":"Reported Airstrike","actor":"Israel","site_type":"unknown","siteStype":"","city":"Bint Jbeil","province":"Nabatieh","country":"Lebanon","latitude":33.121958,"longitude":35.43724582,"source_1":"https://t.me/MTVLebanoNews/63730","source_2":"","sources":""}},{"type":"Feature","geometry":{"type":"Point","coordinates":[35.47080144961095,33.19289882032701]},"properties":{"event_id":1349,"data_org":"Green","post_date":"2026-04-11T00:00:00.000Z","pub_date":"2026-04-11T00:00:00.000Z","strikedate":"2026-04-11T00:00:00.000Z","time":"1899-12-30T00:00:00.000Z","event_type":"Reported Airstrike","actor":"Israel","site_type":"unknown","siteStype":"","city":"Chaqra","province":"Nabatieh","country":"Lebanon","latitude":33.19289882,"longitude":35.47080145,"source_1":"https://t.me/MTVLebanoNews/63730","source_2":"","sources":""}},{"type":"Feature","geometry":{"type":"Point","coordinates":[35.4465094197002,33.1750541897803]},"properties":{"event_id":1350,"data_org":"Green","post_date":"2026-04-11T00:00:00.000Z","pub_date":"2026-04-11T00:00:00.000Z","strikedate":"2026-04-11T00:00:00.000Z","time":"1899-12-30T00:00:00.000Z","event_type":"Reported Airstrike","actor":"Israel","site_type":"unknown","siteStype":"","city":"Baraachit","province":"Nabatieh","country":"Lebanon","latitude":33.17505419,"longitude":35.44650942,"source_1":"https://t.me/MTVLebanoNews/63735","source_2":"","sources":""}},{"type":"Feature","geometry":{"type":"Point","coordinates":[35.49652002036257,33.38613943967583]},"properties":{"event_id":1351,"data_org":"Green","post_date":"2026-04-11T00:00:00.000Z","pub_date":"2026-04-11T00:00:00.000Z","strikedate":"2026-04-11T00:00:00.000Z","time":"1899-12-30T00:00:00.000Z","event_type":"Reported Airstrike","actor":"Israel","site_type":"unknown","siteStype":"","city":"Kfar Roummane","province":"Nabatieh","country":"Lebanon","latitude":33.38613944,"longitude":35.49652002,"source_1":"https://t.me/MTVLebanoNews/63739","source_2":"","sources":""}},{"type":"Feature","geometry":{"type":"Point","coordinates":[35.24598947983223,33.22271434017855]},"properties":{"event_id":1352,"data_org":"Green","post_date":"2026-04-11T00:00:00.000Z","pub_date":"2026-04-11T00:00:00.000Z","strikedate":"2026-04-11T00:00:00.000Z","time":"1899-12-30T00:00:00.000Z","event_type":"Reported Airstrike","actor":"Israel","site_type":"unknown","siteStype":"","city":"Deir Qanoun El Ain","province":"South","country":"Lebanon","latitude":33.22271434,"longitude":35.24598948,"source_1":"https://t.me/MTVLebanoNews/63748","source_2":"","sources":""}},{"type":"Feature","geometry":{"type":"Point","coordinates":[35.302541139879715,33.20831308994201]},"properties":{"event_id":1353,"data_org":"Green","post_date":"2026-04-11T00:00:00.000Z","pub_date":"2026-04-11T00:00:00.000Z","strikedate":"2026-04-11T00:00:00.000Z","time":"1899-12-30T00:00:00.000Z","event_type":"Reported Airstrike","actor":"Israel","site_type":"unknown","siteStype":"","city":"Qana","province":"South","country":"Lebanon","latitude":33.20831309,"longitude":35.30254114,"source_1":"https://t.me/MTVLebanoNews/63748","source_2":"","sources":""}},{"type":"Feature","geometry":{"type":"Point","coordinates":[35.21848544007979,33.126758840267925]},"properties":{"event_id":1354,"data_org":"Green","post_date":"2026-04-11T00:00:00.000Z","pub_date":"2026-04-11T00:00:00.000Z","strikedate":"2026-04-11T00:00:00.000Z","time":"1899-12-30T00:00:00.000Z","event_type":"Reported Airstrike","actor":"Israel","site_type":"unknown","siteStype":"","city":"Tayr Harfa","province":"South","country":"Lebanon","latitude":33.12675884,"longitude":35.21848544,"source_1":"https://t.me/MTVLebanoNews/63748","source_2":"","sources":""}},{"type":"Feature","geometry":{"type":"Point","coordinates":[35.41413606015355,33.19553357973588]},"properties":{"event_id":1355,"data_org":"Green","post_date":"2026-04-11T00:00:00.000Z","pub_date":"2026-04-11T00:00:00.000Z","strikedate":"2026-04-11T00:00:00.000Z","time":"1899-12-30T00:00:00.000Z","event_type":"Reported Airstrike","actor":"Israel","site_type":"unknown","siteStype":"","city":"Tibnin","province":"Nabatieh","country":"Lebanon","latitude":33.19553358,"longitude":35.41413606,"source_1":"https://t.me/MTVLebanoNews/63772","source_2":"","sources":""}},{"type":"Feature","geometry":{"type":"Point","coordinates":[35.41413606015355,33.19553357973588]},"properties":{"event_id":1356,"data_org":"Green","post_date":"2026-04-11T00:00:00.000Z","pub_date":"2026-04-11T00:00:00.000Z","strikedate":"2026-04-11T00:00:00.000Z","time":"1899-12-30T00:00:00.000Z","event_type":"Reported Airstrike","actor":"Israel","site_type":"unknown","siteStype":"","city":"Tibnin","province":"Nabatieh","country":"Lebanon","latitude":33.19553358,"longitude":35.41413606,"source_1":"https://t.me/MTVLebanoNews/63787","source_2":"","sources":""}},{"type":"Feature","geometry":{"type":"Point","coordinates":[35.41413606015355,33.19553357973588]},"properties":{"event_id":1357,"data_org":"Green","post_date":"2026-04-11T00:00:00.000Z","pub_date":"2026-04-11T00:00:00.000Z","strikedate":"2026-04-11T00:00:00.000Z","time":"1899-12-30T00:00:00.000Z","event_type":"Reported Airstrike","actor":"Israel","site_type":"unknown","siteStype":"","city":"Abbassiye","province":"South","country":"Lebanon","latitude":33.19553358,"longitude":35.41413606,"source_1":"https://t.me/MTVLebanoNews/63787","source_2":"","sources":""}},{"type":"Feature","geometry":{"type":"Point","coordinates":[35.59919873025018,33.37183943002864]},"properties":{"event_id":1358,"data_org":"Green","post_date":"2026-04-11T00:00:00.000Z","pub_date":"2026-04-11T00:00:00.000Z","strikedate":"2026-04-11T00:00:00.000Z","time":"1899-12-30T00:00:00.000Z","event_type":"Reported Airstrike","actor":"Israel","site_type":"unknown","siteStype":"","city":"Dibbine","province":"Nabatieh","country":"Lebanon","latitude":33.37183943,"longitude":35.59919873,"source_1":"https://t.me/MTVLebanoNews/63793","source_2":"","sources":""}},{"type":"Feature","geometry":{"type":"Point","coordinates":[35.33760229019748,33.44059834027318]},"properties":{"event_id":1359,"data_org":"Green","post_date":"2026-04-11T00:00:00.000Z","pub_date":"2026-04-11T00:00:00.000Z","strikedate":"2026-04-11T00:00:00.000Z","time":"1899-12-30T00:00:00.000Z","event_type":"Reported Airstrike","actor":"Israel","site_type":"unknown","siteStype":"","city":"Tebna","province":"South","country":"Lebanon","latitude":33.44059834,"longitude":35.33760229,"source_1":"https://t.me/MTVLebanoNews/63809","source_2":"","sources":""}},{"type":"Feature","geometry":{"type":"Point","coordinates":[35.49865860003359,33.361879699824506]},"properties":{"event_id":1360,"data_org":"Green","post_date":"2026-04-11T00:00:00.000Z","pub_date":"2026-04-11T00:00:00.000Z","strikedate":"2026-04-11T00:00:00.000Z","time":"1899-12-30T00:00:00.000Z","event_type":"Reported Airstrike","actor":"Israel","site_type":"unknown","siteStype":"","city":"Nabatieh al Fawqa","province":"Nabatieh","country":"Lebanon","latitude":33.3618797,"longitude":35.4986586,"source_1":"https://t.me/MTVLebanoNews/63832","source_2":"","sources":""}},{"type":"Feature","geometry":{"type":"Point","coordinates":[35.39706007025768,33.28226391020852]},"properties":{"event_id":1361,"data_org":"Green","post_date":"2026-04-11T00:00:00.000Z","pub_date":"2026-04-11T00:00:00.000Z","strikedate":"2026-04-11T00:00:00.000Z","time":"1899-12-30T00:00:00.000Z","event_type":"Reported Airstrike","actor":"Israel","site_type":"unknown","siteStype":"","city":"Srifa","province":"South","country":"Lebanon","latitude":33.28226391,"longitude":35.39706007,"source_1":"https://t.me/MTVLebanoNews/63843","source_2":"","sources":""}},{"type":"Feature","geometry":{"type":"Point","coordinates":[35.33820800982051,33.23866461994314]},"properties":{"event_id":1362,"data_org":"Green","post_date":"2026-04-12T00:00:00.000Z","pub_date":"2026-04-12T00:00:00.000Z","strikedate":"2026-04-11T00:00:00.000Z","time":"1899-12-30T00:00:00.000Z","event_type":"Confirmed Airstrike","actor":"Israel","site_type":"military","siteStype":"military : launch site (missile)","city":"Jouaiyya","province":"South","country":"Lebanon","latitude":33.23866462,"longitude":35.33820801,"source_1":"https://x.com/idfonline/status/2043185854944891106?s=20","source_2":"https://t.me/manniefabian/57718","sources":""}},{"type":"Feature","geometry":{"type":"Point","coordinates":[35.51330246956968,33.35317700030455]},"properties":{"event_id":1364,"data_org":"Green","post_date":"2026-04-11T00:00:00.000Z","pub_date":"2026-04-12T00:00:00.000Z","strikedate":"2026-04-11T00:00:00.000Z","time":"1899-12-30T00:00:00.000Z","event_type":"Reported Airstrike","actor":"Israel","site_type":"unknown","siteStype":"","city":"Kfar Tebnit","province":"Nabatieh","country":"Lebanon","latitude":33.353177,"longitude":35.51330247,"source_1":"https://t.me/MTVLebanoNews/63854","source_2":"","sources":""}},{"type":"Feature","geometry":{"type":"Point","coordinates":[35.34780881999656,33.251176000258035]},"properties":{"event_id":1365,"data_org":"Green","post_date":"2026-04-11T00:00:00.000Z","pub_date":"2026-04-12T00:00:00.000Z","strikedate":"2026-04-11T00:00:00.000Z","time":"1899-12-30T00:00:00.000Z","event_type":"Reported Airstrike","actor":"Israel","site_type":"unknown","siteStype":"","city":"Debaal","province":"South","country":"Lebanon","latitude":33.251176,"longitude":35.34780882,"source_1":"https://t.me/MTVLebanoNews/63855","source_2":"","sources":""}},{"type":"Feature","geometry":{"type":"Point","coordinates":[35.33092897005645,33.34382100034176]},"properties":{"event_id":1366,"data_org":"Green","post_date":"2026-04-11T00:00:00.000Z","pub_date":"2026-04-12T00:00:00.000Z","strikedate":"2026-04-11T00:00:00.000Z","time":"1899-12-30T00:00:00.000Z","event_type":"Reported Airstrike","actor":"Israel","site_type":"unknown","siteStype":"","city":"Zrariyeh","province":"South","country":"Lebanon","latitude":33.343821,"longitude":35.33092897,"source_1":"https://t.me/MTVLebanoNews/63857","source_2":"","sources":""}},{"type":"Feature","geometry":{"type":"Point","coordinates":[35.43082508007954,33.1204220000742]},"properties":{"event_id":1367,"data_org":"Green","post_date":"2026-04-11T00:00:00.000Z","pub_date":"2026-04-12T00:00:00.000Z","strikedate":"2026-04-11T00:00:00.000Z","time":"1899-12-30T00:00:00.000Z","event_type":"Reported Airstrike","actor":"Israel","site_type":"unknown","siteStype":"","city":"Bint Jbeil","province":"Nabatieh","country":"Lebanon","latitude":33.120422,"longitude":35.43082508,"source_1":"https://t.me/MTVLebanoNews/63864","source_2":"","sources":""}},{"type":"Feature","geometry":{"type":"Point","coordinates":[35.37632831983775,33.28321500024013]},"properties":{"event_id":1368,"data_org":"Green","post_date":"2026-04-11T00:00:00.000Z","pub_date":"2026-04-12T00:00:00.000Z","strikedate":"2026-04-11T00:00:00.000Z","time":"1899-12-30T00:00:00.000Z","event_type":"Reported Airstrike","actor":"Israel","site_type":"unknown","siteStype":"","city":"Arzoun","province":"South","country":"Lebanon","latitude":33.283215,"longitude":35.37632832,"source_1":"https://t.me/MTVLebanoNews/63864","source_2":"","sources":""}},{"type":"Feature","geometry":{"type":"Point","coordinates":[35.2822420998473,33.29925299989954]},"properties":{"event_id":1369,"data_org":"Green","post_date":"2026-04-11T00:00:00.000Z","pub_date":"2026-04-12T00:00:00.000Z","strikedate":"2026-04-11T00:00:00.000Z","time":"1899-12-30T00:00:00.000Z","event_type":"Reported Airstrike","actor":"Israel","site_type":"unknown","siteStype":"","city":"Aabbasiyyeh","province":"South","country":"Lebanon","latitude":33.299253,"longitude":35.2822421,"source_1":"https://t.me/MTVLebanoNews/63864","source_2":"","sources":""}},{"type":"Feature","geometry":{"type":"Point","coordinates":[35.42327492966105,33.2306689998258]},"properties":{"event_id":1372,"data_org":"Green","post_date":"2026-04-11T00:00:00.000Z","pub_date":"2026-04-12T00:00:00.000Z","strikedate":"2026-04-11T00:00:00.000Z","time":"1899-12-30T00:00:00.000Z","event_type":"Reported Airstrike","actor":"Israel","site_type":"unknown","siteStype":"","city":"Kherbet Selem","province":"Nabatieh","country":"Lebanon","latitude":33.230669,"longitude":35.42327493,"source_1":"https://t.me/MTVLebanoNews/63879","source_2":"","sources":""}},{"type":"Feature","geometry":{"type":"Point","coordinates":[35.43725629975993,33.14864300005091]},"properties":{"event_id":1373,"data_org":"Green","post_date":"2026-04-11T00:00:00.000Z","pub_date":"2026-04-12T00:00:00.000Z","strikedate":"2026-04-11T00:00:00.000Z","time":"1899-12-30T00:00:00.000Z","event_type":"Reported Airstrike","actor":"Israel","site_type":"unknown","siteStype":"","city":"Kounine","province":"Nabatieh","country":"Lebanon","latitude":33.148643,"longitude":35.4372563,"source_1":"https://t.me/MTVLebanoNews/63879","source_2":"","sources":""}},{"type":"Feature","geometry":{"type":"Point","coordinates":[35.33815970022117,33.16826700007922]},"properties":{"event_id":1374,"data_org":"Green","post_date":"2026-04-11T00:00:00.000Z","pub_date":"2026-04-12T00:00:00.000Z","strikedate":"2026-04-11T00:00:00.000Z","time":"1899-12-30T00:00:00.000Z","event_type":"Reported Airstrike","actor":"Israel","site_type":"unknown","siteStype":"","city":"Kafra","province":"Nabatieh","country":"Lebanon","latitude":33.168267,"longitude":35.3381597,"source_1":"https://t.me/MTVLebanoNews/63895","source_2":"","sources":""}},{"type":"Feature","geometry":{"type":"Point","coordinates":[35.37539021996633,33.17440099974212]},"properties":{"event_id":1375,"data_org":"Green","post_date":"2026-04-11T00:00:00.000Z","pub_date":"2026-04-12T00:00:00.000Z","strikedate":"2026-04-11T00:00:00.000Z","time":"1899-12-30T00:00:00.000Z","event_type":"Reported Airstrike","actor":"Israel","site_type":"unknown","siteStype":"","city":"Haris","province":"Nabatieh","country":"Lebanon","latitude":33.174401,"longitude":35.37539022,"source_1":"https://t.me/MTVLebanoNews/63895","source_2":"","sources":""}},{"type":"Feature","geometry":{"type":"Point","coordinates":[35.362900279614536,33.14313099971327]},"properties":{"event_id":1376,"data_org":"Green","post_date":"2026-04-11T00:00:00.000Z","pub_date":"2026-04-12T00:00:00.000Z","strikedate":"2026-04-11T00:00:00.000Z","time":"1899-12-30T00:00:00.000Z","event_type":"Reported Airstrike","actor":"Israel","site_type":"unknown","siteStype":"","city":"Rachaf","province":"Nabatieh","country":"Lebanon","latitude":33.143131,"longitude":35.36290028,"source_1":"https://t.me/MTVLebanoNews/63895","source_2":"","sources":""}},{"type":"Feature","geometry":{"type":"Point","coordinates":[35.35748691043986,33.15387899989394]},"properties":{"event_id":1377,"data_org":"Green","post_date":"2026-04-11T00:00:00.000Z","pub_date":"2026-04-12T00:00:00.000Z","strikedate":"2026-04-11T00:00:00.000Z","time":"1899-12-30T00:00:00.000Z","event_type":"Reported Airstrike","actor":"Israel","site_type":"unknown","siteStype":"","city":"Srebbine","province":"Nabatieh","country":"Lebanon","latitude":33.153879,"longitude":35.35748691,"source_1":"https://t.me/MTVLebanoNews/63895","source_2":"","sources":""}},{"type":"Feature","geometry":{"type":"Point","coordinates":[35.302541139879715,33.20831308994201]},"properties":{"event_id":1378,"data_org":"Green","post_date":"2026-04-11T00:00:00.000Z","pub_date":"2026-04-12T00:00:00.000Z","strikedate":"2026-04-11T00:00:00.000Z","time":"1899-12-30T00:00:00.000Z","event_type":"Reported Airstrike","actor":"Israel","site_type":"unknown","siteStype":"","city":"Qana","province":"South","country":"Lebanon","latitude":33.20831309,"longitude":35.30254114,"source_1":"https://t.me/MTVLebanoNews/63895","source_2":"","sources":""}},{"type":"Feature","geometry":{"type":"Point","coordinates":[35.21377899023649,33.268978000135256]},"properties":{"event_id":1379,"data_org":"Green","post_date":"2026-04-12T00:00:00.000Z","pub_date":"2026-04-12T00:00:00.000Z","strikedate":"2026-04-12T00:00:00.000Z","time":"1899-12-30T00:00:00.000Z","event_type":"Reported Airstrike","actor":"Israel","site_type":"unknown","siteStype":"","city":"Tyre","province":"South","country":"Lebanon","latitude":33.268978,"longitude":35.21377899,"source_1":"https://t.me/MTVLebanoNews/63917","source_2":"","sources":""}},{"type":"Feature","geometry":{"type":"Point","coordinates":[35.31006199983006,33.18988499969454]},"properties":{"event_id":1380,"data_org":"Green","post_date":"2026-04-12T00:00:00.000Z","pub_date":"2026-04-12T00:00:00.000Z","strikedate":"2026-04-12T00:00:00.000Z","time":"1899-12-30T00:00:00.000Z","event_type":"Reported Airstrike","actor":"Israel","site_type":"unknown","siteStype":"","city":"Seddiqine","province":"South","country":"Lebanon","latitude":33.189885,"longitude":35.310062,"source_1":"https://t.me/MTVLebanoNews/63918","source_2":"","sources":""}},{"type":"Feature","geometry":{"type":"Point","coordinates":[35.22855425994244,33.19779699972801]},"properties":{"event_id":1381,"data_org":"Green","post_date":"2026-04-12T00:00:00.000Z","pub_date":"2026-04-12T00:00:00.000Z","strikedate":"2026-04-12T00:00:00.000Z","time":"1899-12-30T00:00:00.000Z","event_type":"Reported Airstrike","actor":"Israel","site_type":"unknown","siteStype":"","city":"Qalila","province":"South","country":"Lebanon","latitude":33.197797,"longitude":35.22855426,"source_1":"https://t.me/MTVLebanoNews/63920","source_2":"","sources":""}},{"type":"Feature","geometry":{"type":"Point","coordinates":[35.22855425994244,33.19779699972801]},"properties":{"event_id":1382,"data_org":"Green","post_date":"2026-04-12T00:00:00.000Z","pub_date":"2026-04-12T00:00:00.000Z","strikedate":"2026-04-12T00:00:00.000Z","time":"1899-12-30T00:00:00.000Z","event_type":"Reported Airstrike","actor":"Israel","site_type":"unknown","siteStype":"","city":"Qalila","province":"South","country":"Lebanon","latitude":33.197797,"longitude":35.22855426,"source_1":"https://t.me/MTVLebanoNews/63925","source_2":"","sources":""}},{"type":"Feature","geometry":{"type":"Point","coordinates":[35.36691697962649,33.26097399996694]},"properties":{"event_id":1383,"data_org":"Green","post_date":"2026-04-12T00:00:00.000Z","pub_date":"2026-04-12T00:00:00.000Z","strikedate":"2026-04-12T00:00:00.000Z","time":"1899-12-30T00:00:00.000Z","event_type":"Reported Airstrike","actor":"Israel","site_type":"unknown","siteStype":"","city":"Bafliyeh","province":"South","country":"Lebanon","latitude":33.260974,"longitude":35.36691698,"source_1":"https://t.me/MTVLebanoNews/63925","source_2":"","sources":""}},{"type":"Feature","geometry":{"type":"Point","coordinates":[35.416165529551854,33.25552600026849]},"properties":{"event_id":1384,"data_org":"Green","post_date":"2026-04-12T00:00:00.000Z","pub_date":"2026-04-12T00:00:00.000Z","strikedate":"2026-04-12T00:00:00.000Z","time":"1899-12-30T00:00:00.000Z","event_type":"Reported Airstrike","actor":"Israel","site_type":"unknown","siteStype":"","city":"Qalaouiyeh","province":"Nabatieh","country":"Lebanon","latitude":33.255526,"longitude":35.41616553,"source_1":"https://t.me/MTVLebanoNews/63927","source_2":"","sources":""}},{"type":"Feature","geometry":{"type":"Point","coordinates":[35.27149883025922,33.25435399995829]},"properties":{"event_id":1385,"data_org":"Green","post_date":"2026-04-12T00:00:00.000Z","pub_date":"2026-04-12T00:00:00.000Z","strikedate":"2026-04-12T00:00:00.000Z","time":"1899-12-30T00:00:00.000Z","event_type":"Reported Airstrike","actor":"Israel","site_type":"unknown","siteStype":"","city":"Bazouriye","province":"South","country":"Lebanon","latitude":33.254354,"longitude":35.27149883,"source_1":"https://t.me/MTVLebanoNews/63928","source_2":"","sources":""}},{"type":"Feature","geometry":{"type":"Point","coordinates":[35.38217793966047,33.24165799979221]},"properties":{"event_id":1386,"data_org":"Green","post_date":"2026-04-12T00:00:00.000Z","pub_date":"2026-04-12T00:00:00.000Z","strikedate":"2026-04-12T00:00:00.000Z","time":"1899-12-30T00:00:00.000Z","event_type":"Reported Airstrike","actor":"Israel","site_type":"unknown","siteStype":"","city":"Chehabiyeh","province":"South","country":"Lebanon","latitude":33.241658,"longitude":35.38217794,"source_1":"https://t.me/MTVLebanoNews/63936","source_2":"","sources":""}},{"type":"Feature","geometry":{"type":"Point","coordinates":[35.30672585000263,33.2270739998796]},"properties":{"event_id":1387,"data_org":"Green","post_date":"2026-04-12T00:00:00.000Z","pub_date":"2026-04-12T00:00:00.000Z","strikedate":"2026-04-12T00:00:00.000Z","time":"1899-12-30T00:00:00.000Z","event_type":"Reported Airstrike","actor":"Israel","site_type":"unknown","siteStype":"","city":"Aitit","province":"South","country":"Lebanon","latitude":33.227074,"longitude":35.30672585,"source_1":"https://t.me/MTVLebanoNews/63937","source_2":"","sources":""}},{"type":"Feature","geometry":{"type":"Point","coordinates":[35.465377090447106,33.25205100019936]},"properties":{"event_id":1388,"data_org":"Green","post_date":"2026-04-12T00:00:00.000Z","pub_date":"2026-04-12T00:00:00.000Z","strikedate":"2026-04-12T00:00:00.000Z","time":"1899-12-30T00:00:00.000Z","event_type":"Reported Airstrike","actor":"Israel","site_type":"unknown","siteStype":"","city":"Qabrikha","province":"Nabatieh","country":"Lebanon","latitude":33.252051,"longitude":35.46537709,"source_1":"https://t.me/MTVLebanoNews/63938","source_2":"","sources":""}},{"type":"Feature","geometry":{"type":"Point","coordinates":[35.22327973976798,33.18567700004713]},"properties":{"event_id":1389,"data_org":"Green","post_date":"2026-04-12T00:00:00.000Z","pub_date":"2026-04-12T00:00:00.000Z","strikedate":"2026-04-12T00:00:00.000Z","time":"1899-12-30T00:00:00.000Z","event_type":"Reported Airstrike","actor":"Israel","site_type":"unknown","siteStype":"","city":"Hanniyeh","province":"South","country":"Lebanon","latitude":33.185677,"longitude":35.22327974,"source_1":"https://t.me/MTVLebanoNews/63946","source_2":"","sources":""}},{"type":"Feature","geometry":{"type":"Point","coordinates":[35.27915262021037,33.200248000052014]},"properties":{"event_id":1390,"data_org":"Green","post_date":"2026-04-12T00:00:00.000Z","pub_date":"2026-04-12T00:00:00.000Z","strikedate":"2026-04-12T00:00:00.000Z","time":"1899-12-30T00:00:00.000Z","event_type":"Reported Airstrike","actor":"Israel","site_type":"unknown","siteStype":"","city":"Ramadi","province":"South","country":"Lebanon","latitude":33.200248,"longitude":35.27915262,"source_1":"https://t.me/MTVLebanoNews/63947","source_2":"","sources":""}},{"type":"Feature","geometry":{"type":"Point","coordinates":[35.31006199983006,33.18988499969454]},"properties":{"event_id":1391,"data_org":"Green","post_date":"2026-04-12T00:00:00.000Z","pub_date":"2026-04-12T00:00:00.000Z","strikedate":"2026-04-12T00:00:00.000Z","time":"1899-12-30T00:00:00.000Z","event_type":"Reported Airstrike","actor":"Israel","site_type":"unknown","siteStype":"","city":"Seddiqine","province":"South","country":"Lebanon","latitude":33.189885,"longitude":35.310062,"source_1":"https://t.me/MTVLebanoNews/63951","source_2":"","sources":""}},{"type":"Feature","geometry":{"type":"Point","coordinates":[35.65510607994833,33.53273300012846]},"properties":{"event_id":1392,"data_org":"Green","post_date":"2026-04-12T00:00:00.000Z","pub_date":"2026-04-12T00:00:00.000Z","strikedate":"2026-04-12T00:00:00.000Z","time":"1899-12-30T00:00:00.000Z","event_type":"Reported Airstrike","actor":"Israel","site_type":"unknown","siteStype":"","city":"Machgharah","province":"Beqaa","country":"Lebanon","latitude":33.532733,"longitude":35.65510608,"source_1":"https://t.me/MTVLebanoNews/63954","source_2":"","sources":""}},{"type":"Feature","geometry":{"type":"Point","coordinates":[35.65510607994833,33.53273300012846]},"properties":{"event_id":1393,"data_org":"Green","post_date":"2026-04-12T00:00:00.000Z","pub_date":"2026-04-12T00:00:00.000Z","strikedate":"2026-04-12T00:00:00.000Z","time":"1899-12-30T00:00:00.000Z","event_type":"Reported Airstrike","actor":"Israel","site_type":"unknown","siteStype":"","city":"Machgharah","province":"Beqaa","country":"Lebanon","latitude":33.532733,"longitude":35.65510608,"source_1":"https://t.me/MTVLebanoNews/63958","source_2":"","sources":""}},{"type":"Feature","geometry":{"type":"Point","coordinates":[35.20593610042646,33.178773000072546]},"properties":{"event_id":1394,"data_org":"Green","post_date":"2026-04-12T00:00:00.000Z","pub_date":"2026-04-12T00:00:00.000Z","strikedate":"2026-04-12T00:00:00.000Z","time":"1899-12-30T00:00:00.000Z","event_type":"Reported Airstrike","actor":"Israel","site_type":"unknown","siteStype":"","city":"Mansouri","province":"South","country":"Lebanon","latitude":33.178773,"longitude":35.2059361,"source_1":"https://t.me/MTVLebanoNews/63964","source_2":"","sources":""}},{"type":"Feature","geometry":{"type":"Point","coordinates":[35.39705673032145,33.28135299996549]},"properties":{"event_id":1395,"data_org":"Green","post_date":"2026-04-12T00:00:00.000Z","pub_date":"2026-04-12T00:00:00.000Z","strikedate":"2026-04-12T00:00:00.000Z","time":"1899-12-30T00:00:00.000Z","event_type":"Reported Airstrike","actor":"Israel","site_type":"unknown","siteStype":"","city":"Srifa","province":"South","country":"Lebanon","latitude":33.281353,"longitude":35.39705673,"source_1":"https://t.me/MTVLebanoNews/63974","source_2":"","sources":""}},{"type":"Feature","geometry":{"type":"Point","coordinates":[35.36691697962649,33.26097399996694]},"properties":{"event_id":1396,"data_org":"Green","post_date":"2026-04-12T00:00:00.000Z","pub_date":"2026-04-12T00:00:00.000Z","strikedate":"2026-04-12T00:00:00.000Z","time":"1899-12-30T00:00:00.000Z","event_type":"Reported Airstrike","actor":"Israel","site_type":"unknown","siteStype":"","city":"Bafliyeh","province":"South","country":"Lebanon","latitude":33.260974,"longitude":35.36691698,"source_1":"https://t.me/MTVLebanoNews/63986","source_2":"","sources":""}},{"type":"Feature","geometry":{"type":"Point","coordinates":[35.5130126595843,33.35293599994799]},"properties":{"event_id":1397,"data_org":"Green","post_date":"2026-04-12T00:00:00.000Z","pub_date":"2026-04-12T00:00:00.000Z","strikedate":"2026-04-12T00:00:00.000Z","time":"1899-12-30T00:00:00.000Z","event_type":"Reported Airstrike","actor":"Israel","site_type":"unknown","siteStype":"","city":"Kfar Tebnit","province":"South","country":"Lebanon","latitude":33.352936,"longitude":35.51301266,"source_1":"https://t.me/MTVLebanoNews/64002","source_2":"","sources":""}},{"type":"Feature","geometry":{"type":"Point","coordinates":[35.329332009823034,33.27169800021488]},"properties":{"event_id":1398,"data_org":"Green","post_date":"2026-04-12T00:00:00.000Z","pub_date":"2026-04-12T00:00:00.000Z","strikedate":"2026-04-12T00:00:00.000Z","time":"1899-12-30T00:00:00.000Z","event_type":"Reported Airstrike","actor":"Israel","site_type":"unknown","siteStype":"","city":"Barich","province":"South","country":"Lebanon","latitude":33.271698,"longitude":35.32933201,"source_1":"https://t.me/MTVLebanoNews/64012","source_2":"","sources":""}},{"type":"Feature","geometry":{"type":"Point","coordinates":[35.39706007025768,33.28226391020852]},"properties":{"event_id":1399,"data_org":"Green","post_date":"2026-04-12T00:00:00.000Z","pub_date":"2026-04-12T00:00:00.000Z","strikedate":"2026-04-12T00:00:00.000Z","time":"1899-12-30T00:00:00.000Z","event_type":"Reported Airstrike","actor":"Israel","site_type":"unknown","siteStype":"","city":"Srifa","province":"South","country":"Lebanon","latitude":33.28226391,"longitude":35.39706007,"source_1":"https://t.me/MTVLebanoNews/64043","source_2":"","sources":""}},{"type":"Feature","geometry":{"type":"Point","coordinates":[35.51936952031872,33.3110714903561]},"properties":{"event_id":1400,"data_org":"Green","post_date":"2026-04-12T00:00:00.000Z","pub_date":"2026-04-12T00:00:00.000Z","strikedate":"2026-04-12T00:00:00.000Z","time":"1899-12-30T00:00:00.000Z","event_type":"Reported Airstrike","actor":"Israel","site_type":"unknown","siteStype":"","city":"Yohmor al Shaqif","province":"Nabatieh","country":"Lebanon","latitude":33.31107149,"longitude":35.51936952,"source_1":"https://t.me/MTVLebanoNews/64051","source_2":"","sources":""}},{"type":"Feature","geometry":{"type":"Point","coordinates":[35.43725629975993,33.14864300005091]},"properties":{"event_id":1401,"data_org":"Green","post_date":"2026-04-12T00:00:00.000Z","pub_date":"2026-04-13T00:00:00.000Z","strikedate":"2026-04-12T00:00:00.000Z","time":"1899-12-30T00:00:00.000Z","event_type":"Reported Airstrike","actor":"Israel","site_type":"unknown","siteStype":"","city":"Kounine","province":"Nabatieh","country":"Lebanon","latitude":33.148643,"longitude":35.4372563,"source_1":"https://t.me/MTVLebanoNews/64064","source_2":"","sources":""}},{"type":"Feature","geometry":{"type":"Point","coordinates":[35.440558000094526,33.389385999880076]},"properties":{"event_id":1402,"data_org":"Green","post_date":"2026-04-12T00:00:00.000Z","pub_date":"2026-04-13T00:00:00.000Z","strikedate":"2026-04-12T00:00:00.000Z","time":"1899-12-30T00:00:00.000Z","event_type":"Reported Airstrike","actor":"Israel","site_type":"civilian","siteStype":"civilian : building","city":"Toul","province":"Nabatieh","country":"Lebanon","latitude":33.389386,"longitude":35.440558,"source_1":"https://t.me/MTVLebanoNews/64065","source_2":"","sources":""}},{"type":"Feature","geometry":{"type":"Point","coordinates":[35.45179360035723,33.398323700352584]},"properties":{"event_id":1403,"data_org":"Green","post_date":"2026-04-12T00:00:00.000Z","pub_date":"2026-04-13T00:00:00.000Z","strikedate":"2026-04-12T00:00:00.000Z","time":"1899-12-30T00:00:00.000Z","event_type":"Reported Airstrike","actor":"Israel","site_type":"unknown","siteStype":"","city":"Kfour","province":"Nabatieh","country":"Lebanon","latitude":33.3983237,"longitude":35.4517936,"source_1":"https://t.me/MTVLebanoNews/64065","source_2":"","sources":""}},{"type":"Feature","geometry":{"type":"Point","coordinates":[35.194094900016665,33.16769110036604]},"properties":{"event_id":1404,"data_org":"Green","post_date":"2026-04-13T00:00:00.000Z","pub_date":"2026-04-13T00:00:00.000Z","strikedate":"2026-04-13T00:00:00.000Z","time":"1899-12-30T00:00:00.000Z","event_type":"Reported Airstrike","actor":"Israel","site_type":"unknown","siteStype":"","city":"Buyut as Sayad","province":"South","country":"Lebanon","latitude":33.1676911,"longitude":35.1940949,"source_1":"https://t.me/MTVLebanoNews/64072","source_2":"","sources":""}},{"type":"Feature","geometry":{"type":"Point","coordinates":[35.605252999769355,33.340001000251696]},"properties":{"event_id":1405,"data_org":"Green","post_date":"2026-04-13T00:00:00.000Z","pub_date":"2026-04-13T00:00:00.000Z","strikedate":"2026-04-13T00:00:00.000Z","time":"1899-12-30T00:00:00.000Z","event_type":"Reported Airstrike","actor":"Israel","site_type":"unknown","siteStype":"","city":"Khiam","province":"Nabatieh","country":"Lebanon","latitude":33.340001,"longitude":35.605253,"source_1":"https://t.me/MTVLebanoNews/64079","source_2":"","sources":""}},{"type":"Feature","geometry":{"type":"Point","coordinates":[35.28230900996293,33.29992104985367]},"properties":{"event_id":1406,"data_org":"Green","post_date":"2026-04-13T00:00:00.000Z","pub_date":"2026-04-13T00:00:00.000Z","strikedate":"2026-04-13T00:00:00.000Z","time":"1899-12-30T00:00:00.000Z","event_type":"Reported Airstrike","actor":"Israel","site_type":"unknown","siteStype":"","city":"Abbassiye","province":"South","country":"Lebanon","latitude":33.29992105,"longitude":35.28230901,"source_1":"https://t.me/MTVLebanoNews/64091","source_2":"","sources":""}},{"type":"Feature","geometry":{"type":"Point","coordinates":[35.2146269998647,33.270557000314355]},"properties":{"event_id":1407,"data_org":"Green","post_date":"2026-04-13T00:00:00.000Z","pub_date":"2026-04-13T00:00:00.000Z","strikedate":"2026-04-13T00:00:00.000Z","time":"1899-12-30T00:00:00.000Z","event_type":"Reported Airstrike","actor":"Israel","site_type":"unknown","siteStype":"","city":"Tyre","province":"South","country":"Lebanon","latitude":33.270557,"longitude":35.214627,"source_1":"https://t.me/MTVLebanoNews/64097","source_2":"","sources":""}},{"type":"Feature","geometry":{"type":"Point","coordinates":[35.224886000259524,33.25256499995529]},"properties":{"event_id":1408,"data_org":"Green","post_date":"2026-04-13T00:00:00.000Z","pub_date":"2026-04-13T00:00:00.000Z","strikedate":"2026-04-13T00:00:00.000Z","time":"1899-12-30T00:00:00.000Z","event_type":"Reported Airstrike","actor":"Israel","site_type":"civilian","siteStype":"civilian : transit","city":"Tyre","province":"South","country":"Lebanon","latitude":33.252565,"longitude":35.224886,"source_1":"https://t.me/MTVLebanoNews/64097","source_2":"","sources":""}},{"type":"Feature","geometry":{"type":"Point","coordinates":[35.206313150300666,33.178596150309005]},"properties":{"event_id":1409,"data_org":"Green","post_date":"2026-04-13T00:00:00.000Z","pub_date":"2026-04-13T00:00:00.000Z","strikedate":"2026-04-13T00:00:00.000Z","time":"1899-12-30T00:00:00.000Z","event_type":"Reported Airstrike","actor":"Israel","site_type":"unknown","siteStype":"","city":"Mansouri","province":"South","country":"Lebanon","latitude":33.17859615,"longitude":35.20631315,"source_1":"https://t.me/MTVLebanoNews/64098","source_2":"","sources":""}},{"type":"Feature","geometry":{"type":"Point","coordinates":[35.213514999629,33.25882700037038]},"properties":{"event_id":1410,"data_org":"Green","post_date":"2026-04-13T00:00:00.000Z","pub_date":"2026-04-13T00:00:00.000Z","strikedate":"2026-04-13T00:00:00.000Z","time":"1899-12-30T00:00:00.000Z","event_type":"Reported Airstrike","actor":"Israel","site_type":"civilian","siteStype":"civilian : building","city":"Tyre","province":"South","country":"Lebanon","latitude":33.258827,"longitude":35.213515,"source_1":"https://t.me/MTVLebanoNews/64100","source_2":"https://apnews.com/video/israeli-strike-near-the-entrance-to-red-cross-offices-in-lebanons-tyre-af10b8c72c4542e6a3d764ef48d35814","sources":""}},{"type":"Feature","geometry":{"type":"Point","coordinates":[35.22855425994244,33.19779699972801]},"properties":{"event_id":1411,"data_org":"Green","post_date":"2026-04-13T00:00:00.000Z","pub_date":"2026-04-13T00:00:00.000Z","strikedate":"2026-04-13T00:00:00.000Z","time":"1899-12-30T00:00:00.000Z","event_type":"Reported Airstrike","actor":"Israel","site_type":"unknown","siteStype":"","city":"Qalila","province":"South","country":"Lebanon","latitude":33.197797,"longitude":35.22855426,"source_1":"https://t.me/MTVLebanoNews/64103","source_2":"","sources":""}},{"type":"Feature","geometry":{"type":"Point","coordinates":[35.68790500019116,33.5207090000886]},"properties":{"event_id":1412,"data_org":"Green","post_date":"2026-04-13T00:00:00.000Z","pub_date":"2026-04-13T00:00:00.000Z","strikedate":"2026-04-13T00:00:00.000Z","time":"1899-12-30T00:00:00.000Z","event_type":"Reported Airstrike","actor":"Israel","site_type":"unknown","siteStype":"","city":"Sohmor","province":"Beqaa","country":"Lebanon","latitude":33.520709,"longitude":35.687905,"source_1":"https://t.me/MTVLebanoNews/64111","source_2":"","sources":""}},{"type":"Feature","geometry":{"type":"Point","coordinates":[35.489361999836945,33.338496000156674]},"properties":{"event_id":1413,"data_org":"Green","post_date":"2026-04-13T00:00:00.000Z","pub_date":"2026-04-13T00:00:00.000Z","strikedate":"2026-04-13T00:00:00.000Z","time":"1899-12-30T00:00:00.000Z","event_type":"Reported Airstrike","actor":"Israel","site_type":"unknown","siteStype":"","city":"IVO Mifdoun","province":"Nabatieh","country":"Lebanon","latitude":33.338496,"longitude":35.489362,"source_1":"https://t.me/MTVLebanoNews/64115","source_2":"","sources":""}},{"type":"Feature","geometry":{"type":"Point","coordinates":[35.26763500015243,33.16538500020996]},"properties":{"event_id":1414,"data_org":"Green","post_date":"2026-04-13T00:00:00.000Z","pub_date":"2026-04-13T00:00:00.000Z","strikedate":"2026-04-13T00:00:00.000Z","time":"1899-12-30T00:00:00.000Z","event_type":"Reported Airstrike","actor":"Israel","site_type":"unknown","siteStype":"","city":"Zebqine","province":"South","country":"Lebanon","latitude":33.165385,"longitude":35.267635,"source_1":"https://t.me/MTVLebanoNews/64133","source_2":"","sources":""}},{"type":"Feature","geometry":{"type":"Point","coordinates":[35.24598900013187,33.2227139997567]},"properties":{"event_id":1415,"data_org":"Green","post_date":"2026-04-13T00:00:00.000Z","pub_date":"2026-04-13T00:00:00.000Z","strikedate":"2026-04-13T00:00:00.000Z","time":"1899-12-30T00:00:00.000Z","event_type":"Reported Airstrike","actor":"Israel","site_type":"unknown","siteStype":"","city":"Deir Qanoun el Ain","province":"South","country":"Lebanon","latitude":33.222714,"longitude":35.245989,"source_1":"https://t.me/MTVLebanoNews/64135","source_2":"","sources":""}},{"type":"Feature","geometry":{"type":"Point","coordinates":[35.23013900039304,33.15319599983891]},"properties":{"event_id":1416,"data_org":"Green","post_date":"2026-04-13T00:00:00.000Z","pub_date":"2026-04-13T00:00:00.000Z","strikedate":"2026-04-13T00:00:00.000Z","time":"1899-12-30T00:00:00.000Z","event_type":"Reported Airstrike","actor":"Israel","site_type":"unknown","siteStype":"","city":"Majdal Zoun","province":"South","country":"Lebanon","latitude":33.153196,"longitude":35.230139,"source_1":"https://t.me/MTVLebanoNews/64141","source_2":"","sources":""}},{"type":"Feature","geometry":{"type":"Point","coordinates":[35.41413606015355,33.19553357973588]},"properties":{"event_id":1418,"data_org":"Green","post_date":"2026-04-13T00:00:00.000Z","pub_date":"2026-04-13T00:00:00.000Z","strikedate":"2026-04-13T00:00:00.000Z","time":"1899-12-30T00:00:00.000Z","event_type":"Reported Airstrike","actor":"Israel","site_type":"unknown","siteStype":"","city":"Tibnine","province":"Nabatieh","country":"Lebanon","latitude":33.19553358,"longitude":35.41413606,"source_1":"https://t.me/MTVLebanoNews/64161","source_2":"","sources":""}},{"type":"Feature","geometry":{"type":"Point","coordinates":[35.463697999942205,33.27408800018433]},"properties":{"event_id":1419,"data_org":"Green","post_date":"2026-04-13T00:00:00.000Z","pub_date":"2026-04-13T00:00:00.000Z","strikedate":"2026-04-13T00:00:00.000Z","time":"1899-12-30T00:00:00.000Z","event_type":"Reported Airstrike","actor":"Israel","site_type":"unknown","siteStype":"","city":"Qantara","province":"Nabatieh","country":"Lebanon","latitude":33.274088,"longitude":35.463698,"source_1":"https://t.me/MTVLebanoNews/64163","source_2":"","sources":""}},{"type":"Feature","geometry":{"type":"Point","coordinates":[35.68790500019116,33.5207090000886]},"properties":{"event_id":1420,"data_org":"Green","post_date":"2026-04-13T00:00:00.000Z","pub_date":"2026-04-13T00:00:00.000Z","strikedate":"2026-04-13T00:00:00.000Z","time":"1899-12-30T00:00:00.000Z","event_type":"Reported Airstrike","actor":"Israel","site_type":"unknown","siteStype":"","city":"Sohmor","province":"Beqaa","country":"Lebanon","latitude":33.520709,"longitude":35.687905,"source_1":"https://t.me/MTVLebanoNews/64167","source_2":"","sources":""}},{"type":"Feature","geometry":{"type":"Point","coordinates":[35.68790500019116,33.5207090000886]},"properties":{"event_id":1421,"data_org":"Green","post_date":"2026-04-13T00:00:00.000Z","pub_date":"2026-04-13T00:00:00.000Z","strikedate":"2026-04-13T00:00:00.000Z","time":"1899-12-30T00:00:00.000Z","event_type":"Reported Airstrike","actor":"Israel","site_type":"unknown","siteStype":"","city":"Sohmor","province":"Beqaa","country":"Lebanon","latitude":33.520709,"longitude":35.687905,"source_1":"https://t.me/MTVLebanoNews/64167","source_2":"","sources":""}},{"type":"Feature","geometry":{"type":"Point","coordinates":[35.46740399964685,33.3565739996696]},"properties":{"event_id":1422,"data_org":"Green","post_date":"2026-04-13T00:00:00.000Z","pub_date":"2026-04-13T00:00:00.000Z","strikedate":"2026-04-13T00:00:00.000Z","time":"1899-12-30T00:00:00.000Z","event_type":"Reported Airstrike","actor":"Israel","site_type":"unknown","siteStype":"","city":"Choukine","province":"Nabatieh","country":"Lebanon","latitude":33.356574,"longitude":35.467404,"source_1":"https://t.me/MTVLebanoNews/64186","source_2":"","sources":""}},{"type":"Feature","geometry":{"type":"Point","coordinates":[35.49651999970131,33.38613900013118]},"properties":{"event_id":1423,"data_org":"Green","post_date":"2026-04-13T00:00:00.000Z","pub_date":"2026-04-13T00:00:00.000Z","strikedate":"2026-04-13T00:00:00.000Z","time":"1899-12-30T00:00:00.000Z","event_type":"Reported Airstrike","actor":"Israel","site_type":"unknown","siteStype":"","city":"Kafr Roummane","province":"Nabatieh","country":"Lebanon","latitude":33.386139,"longitude":35.49652,"source_1":"https://t.me/MTVLebanoNews/64188","source_2":"","sources":""}},{"type":"Feature","geometry":{"type":"Point","coordinates":[35.35077700012068,33.17459399968104]},"properties":{"event_id":1424,"data_org":"Green","post_date":"2026-04-13T00:00:00.000Z","pub_date":"2026-04-13T00:00:00.000Z","strikedate":"2026-04-13T00:00:00.000Z","time":"1899-12-30T00:00:00.000Z","event_type":"Reported Airstrike","actor":"Israel","site_type":"unknown","siteStype":"","city":"Kafra","province":"Nabatieh","country":"Lebanon","latitude":33.174594,"longitude":35.350777,"source_1":"https://t.me/MTVLebanoNews/64197","source_2":"","sources":""}},{"type":"Feature","geometry":{"type":"Point","coordinates":[35.32830199972164,33.15379999976207]},"properties":{"event_id":1425,"data_org":"Green","post_date":"2026-04-13T00:00:00.000Z","pub_date":"2026-04-13T00:00:00.000Z","strikedate":"2026-04-13T00:00:00.000Z","time":"1899-12-30T00:00:00.000Z","event_type":"Reported Airstrike","actor":"Israel","site_type":"unknown","siteStype":"","city":"Yater","province":"Nabatieh","country":"Lebanon","latitude":33.1538,"longitude":35.328302,"source_1":"https://t.me/MTVLebanoNews/64197","source_2":"","sources":""}},{"type":"Feature","geometry":{"type":"Point","coordinates":[35.22275452985565,33.2395020001385]},"properties":{"event_id":1426,"data_org":"Green","post_date":"2026-04-13T00:00:00.000Z","pub_date":"2026-04-13T00:00:00.000Z","strikedate":"2026-04-13T00:00:00.000Z","time":"1899-12-30T00:00:00.000Z","event_type":"Confirmed Airstrike","actor":"Israel","site_type":"unknown","siteStype":"","city":"Rachidiyeh","province":"South","country":"Lebanon","latitude":33.239502,"longitude":35.22275453,"source_1":"https://x.com/MarioLeb79/status/2043728476067201155","source_2":"","sources":""}},{"type":"Feature","geometry":{"type":"Point","coordinates":[35.24598900013187,33.2227139997567]},"properties":{"event_id":1427,"data_org":"Green","post_date":"2026-04-13T00:00:00.000Z","pub_date":"2026-04-13T00:00:00.000Z","strikedate":"2026-04-13T00:00:00.000Z","time":"1899-12-30T00:00:00.000Z","event_type":"Reported Airstrike","actor":"Israel","site_type":"unknown","siteStype":"","city":"Deir Qanoun el Ain","province":"South","country":"Lebanon","latitude":33.222714,"longitude":35.245989,"source_1":"https://t.me/MTVLebanoNews/64208","source_2":"","sources":""}},{"type":"Feature","geometry":{"type":"Point","coordinates":[35.68790500019116,33.5207090000886]},"properties":{"event_id":1428,"data_org":"Green","post_date":"2026-04-13T00:00:00.000Z","pub_date":"2026-04-13T00:00:00.000Z","strikedate":"2026-04-13T00:00:00.000Z","time":"1899-12-30T00:00:00.000Z","event_type":"Reported Airstrike","actor":"Israel","site_type":"unknown","siteStype":"","city":"Sohmor","province":"Beqaa","country":"Lebanon","latitude":33.520709,"longitude":35.687905,"source_1":"https://t.me/MTVLebanoNews/64209","source_2":"","sources":""}},{"type":"Feature","geometry":{"type":"Point","coordinates":[35.68790500019116,33.5207090000886]},"properties":{"event_id":1429,"data_org":"Green","post_date":"2026-04-13T00:00:00.000Z","pub_date":"2026-04-13T00:00:00.000Z","strikedate":"2026-04-13T00:00:00.000Z","time":"1899-12-30T00:00:00.000Z","event_type":"Reported Airstrike","actor":"Israel","site_type":"unknown","siteStype":"","city":"Sohmor","province":"Beqaa","country":"Lebanon","latitude":33.520709,"longitude":35.687905,"source_1":"https://t.me/MTVLebanoNews/64209","source_2":"","sources":""}},{"type":"Feature","geometry":{"type":"Point","coordinates":[35.68790500019116,33.5207090000886]},"properties":{"event_id":1430,"data_org":"Green","post_date":"2026-04-13T00:00:00.000Z","pub_date":"2026-04-13T00:00:00.000Z","strikedate":"2026-04-13T00:00:00.000Z","time":"1899-12-30T00:00:00.000Z","event_type":"Reported Airstrike","actor":"Israel","site_type":"unknown","siteStype":"","city":"Sohmor","province":"Beqaa","country":"Lebanon","latitude":33.520709,"longitude":35.687905,"source_1":"https://t.me/MTVLebanoNews/64209","source_2":"","sources":""}},{"type":"Feature","geometry":{"type":"Point","coordinates":[35.42110999970779,33.34624899991385]},"properties":{"event_id":1431,"data_org":"Green","post_date":"2026-04-13T00:00:00.000Z","pub_date":"2026-04-13T00:00:00.000Z","strikedate":"2026-04-13T00:00:00.000Z","time":"1899-12-30T00:00:00.000Z","event_type":"Reported Airstrike","actor":"Israel","site_type":"unknown","siteStype":"","city":"Aadchit el Chaqif","province":"Nabatieh","country":"Lebanon","latitude":33.346249,"longitude":35.42111,"source_1":"https://t.me/MTVLebanoNews/64228","source_2":"","sources":""}},{"type":"Feature","geometry":{"type":"Point","coordinates":[35.4243700002469,33.32440399963632]},"properties":{"event_id":1432,"data_org":"Green","post_date":"2026-04-13T00:00:00.000Z","pub_date":"2026-04-13T00:00:00.000Z","strikedate":"2026-04-13T00:00:00.000Z","time":"1899-12-30T00:00:00.000Z","event_type":"Reported Airstrike","actor":"Israel","site_type":"unknown","siteStype":"","city":"Qaaqaaiyet el Jisr","province":"Nabatieh","country":"Lebanon","latitude":33.324404,"longitude":35.42437,"source_1":"https://t.me/MTVLebanoNews/64228","source_2":"","sources":""}},{"type":"Feature","geometry":{"type":"Point","coordinates":[35.235852999760695,33.24443100029271]},"properties":{"event_id":1433,"data_org":"Green","post_date":"2026-04-14T00:00:00.000Z","pub_date":"2026-04-14T00:00:00.000Z","strikedate":"2026-04-14T00:00:00.000Z","time":"1899-12-30T00:00:00.000Z","event_type":"Reported Airstrike","actor":"Israel","site_type":"unknown","siteStype":"","city":"Housh","province":"Baalbek-Hermel","country":"Lebanon","latitude":33.244431,"longitude":35.235853,"source_1":"https://x.com/EndlessWint_r/status/2043971561070244328?s=20","source_2":"https://x.com/Osint613/status/2043960932183773278?s=20","sources":""}},{"type":"Feature","geometry":{"type":"Point","coordinates":[35.35074414962905,33.47760262023727]},"properties":{"event_id":1434,"data_org":"Green","post_date":"2026-04-13T00:00:00.000Z","pub_date":"2026-04-14T00:00:00.000Z","strikedate":"2026-04-13T00:00:00.000Z","time":"1899-12-30T00:00:00.000Z","event_type":"Reported Airstrike","actor":"Israel","site_type":"unknown","siteStype":"","city":"Msayleh","province":"South","country":"Lebanon","latitude":33.47760262,"longitude":35.35074415,"source_1":"https://t.me/MTVLebanoNews/64263","source_2":"https://t.me/MTVLebanoNews/64284","sources":"https://t.me/MTVLebanoNews/64296"}},{"type":"Feature","geometry":{"type":"Point","coordinates":[35.28298399957583,33.31127599988127]},"properties":{"event_id":1435,"data_org":"Green","post_date":"2026-04-13T00:00:00.000Z","pub_date":"2026-04-14T00:00:00.000Z","strikedate":"2026-04-13T00:00:00.000Z","time":"1899-12-30T00:00:00.000Z","event_type":"Reported Airstrike","actor":"Israel","site_type":"unknown","siteStype":"","city":"Borj Rahhal","province":"South","country":"Lebanon","latitude":33.311276,"longitude":35.282984,"source_1":"https://t.me/MTVLebanoNews/64249","source_2":"","sources":""}},{"type":"Feature","geometry":{"type":"Point","coordinates":[35.43267600033198,33.19997400017547]},"properties":{"event_id":1436,"data_org":"Green","post_date":"2026-04-13T00:00:00.000Z","pub_date":"2026-04-14T00:00:00.000Z","strikedate":"2026-04-13T00:00:00.000Z","time":"1899-12-30T00:00:00.000Z","event_type":"Reported Airstrike","actor":"Israel","site_type":"unknown","siteStype":"","city":"Safad el Battikh","province":"Nabatieh","country":"Lebanon","latitude":33.199974,"longitude":35.432676,"source_1":"https://t.me/MTVLebanoNews/64256","source_2":"","sources":""}},{"type":"Feature","geometry":{"type":"Point","coordinates":[35.27919000000765,33.41273499974175]},"properties":{"event_id":1437,"data_org":"Green","post_date":"2026-04-13T00:00:00.000Z","pub_date":"2026-04-14T00:00:00.000Z","strikedate":"2026-04-13T00:00:00.000Z","time":"1899-12-30T00:00:00.000Z","event_type":"Reported Airstrike","actor":"Israel","site_type":"unknown","siteStype":"","city":"Ansariyeh","province":"South","country":"Lebanon","latitude":33.412735,"longitude":35.27919,"source_1":"https://t.me/MTVLebanoNews/64273","source_2":"","sources":""}},{"type":"Feature","geometry":{"type":"Point","coordinates":[35.43869699984629,33.13018300034147]},"properties":{"event_id":1438,"data_org":"Green","post_date":"2026-04-13T00:00:00.000Z","pub_date":"2026-04-14T00:00:00.000Z","strikedate":"2026-04-13T00:00:00.000Z","time":"1899-12-30T00:00:00.000Z","event_type":"Confirmed Airstrike","actor":"Israel","site_type":"","siteStype":"","city":"Ainata","province":"Nabatieh","country":"Lebanon","latitude":33.130183,"longitude":35.438697,"source_1":"https://t.me/BenTzionM/7420","source_2":"","sources":""}},{"type":"Feature","geometry":{"type":"Point","coordinates":[35.32225100007009,33.44593900028873]},"properties":{"event_id":1439,"data_org":"Green","post_date":"2026-04-13T00:00:00.000Z","pub_date":"2026-04-14T00:00:00.000Z","strikedate":"2026-04-13T00:00:00.000Z","time":"1899-12-30T00:00:00.000Z","event_type":"Reported Airstrike","actor":"Israel","site_type":"unknown","siteStype":"","city":"Bisariyeh","province":"South","country":"Lebanon","latitude":33.445939,"longitude":35.322251,"source_1":"https://t.me/MTVLebanoNews/64273","source_2":"","sources":""}},{"type":"Feature","geometry":{"type":"Point","coordinates":[35.68790500019116,33.5207090000886]},"properties":{"event_id":1440,"data_org":"Green","post_date":"2026-04-13T00:00:00.000Z","pub_date":"2026-04-14T00:00:00.000Z","strikedate":"2026-04-13T00:00:00.000Z","time":"1899-12-30T00:00:00.000Z","event_type":"Reported Airstrike","actor":"Israel","site_type":"unknown","siteStype":"","city":"Sohmor","province":"Beqaa","country":"Lebanon","latitude":33.520709,"longitude":35.687905,"source_1":"https://t.me/MTVLebanoNews/64275","source_2":"","sources":""}},{"type":"Feature","geometry":{"type":"Point","coordinates":[35.65510607994833,33.53273300012846]},"properties":{"event_id":1441,"data_org":"Green","post_date":"2026-04-13T00:00:00.000Z","pub_date":"2026-04-14T00:00:00.000Z","strikedate":"2026-04-13T00:00:00.000Z","time":"1899-12-30T00:00:00.000Z","event_type":"Reported Airstrike","actor":"Israel","site_type":"unknown","siteStype":"","city":"Machgharah","province":"Beqaa","country":"Lebanon","latitude":33.532733,"longitude":35.65510608,"source_1":"https://t.me/MTVLebanoNews/64276","source_2":"","sources":""}},{"type":"Feature","geometry":{"type":"Point","coordinates":[35.59919873025018,33.37183943002864]},"properties":{"event_id":1442,"data_org":"Green","post_date":"2026-04-13T00:00:00.000Z","pub_date":"2026-04-14T00:00:00.000Z","strikedate":"2026-04-14T00:00:00.000Z","time":"1899-12-30T00:00:00.000Z","event_type":"Reported Airstrike","actor":"Israel","site_type":"unknown","siteStype":"","city":"Dibbine","province":"Nabatieh","country":"Lebanon","latitude":33.37183943,"longitude":35.59919873,"source_1":"https://t.me/MTVLebanoNews/64278","source_2":"","sources":""}},{"type":"Feature","geometry":{"type":"Point","coordinates":[35.37849999973206,33.21784999981392]},"properties":{"event_id":1443,"data_org":"Green","post_date":"2026-04-14T00:00:00.000Z","pub_date":"2026-04-14T00:00:00.000Z","strikedate":"2026-04-14T00:00:00.000Z","time":"1899-12-30T00:00:00.000Z","event_type":"Reported Airstrike","actor":"Israel","site_type":"civilian","siteStype":"","city":"Deyrintar","province":"Nabatieh","country":"Lebanon","latitude":33.21785,"longitude":35.3785,"source_1":"https://t.me/MTVLebanoNews/64294","source_2":"","sources":""}},{"type":"Feature","geometry":{"type":"Point","coordinates":[35.273393999725926,33.40381700024636]},"properties":{"event_id":1444,"data_org":"Green","post_date":"2026-04-14T00:00:00.000Z","pub_date":"2026-04-14T00:00:00.000Z","strikedate":"2026-04-14T00:00:00.000Z","time":"1899-12-30T00:00:00.000Z","event_type":"Reported Airstrike","actor":"Israel","site_type":"civilian","siteStype":"","city":"Adloun","province":"South","country":"Lebanon","latitude":33.403817,"longitude":35.273394,"source_1":"https://t.me/MTVLebanoNews/64295","source_2":"https://t.me/MTVLebanoNews/64330","sources":""}},{"type":"Feature","geometry":{"type":"Point","coordinates":[35.74662736007097,33.346159389943196]},"properties":{"event_id":1445,"data_org":"Green","post_date":"2026-04-14T00:00:00.000Z","pub_date":"2026-04-14T00:00:00.000Z","strikedate":"2026-04-14T00:00:00.000Z","time":"1899-12-30T00:00:00.000Z","event_type":"Reported Airstrike","actor":"Israel","site_type":"unknown","siteStype":"","city":"Shebaa","province":"Nabatieh","country":"Lebanon","latitude":33.34615939,"longitude":35.74662736,"source_1":"https://t.me/MTVLebanoNews/64297","source_2":"","sources":""}},{"type":"Feature","geometry":{"type":"Point","coordinates":[35.68790500019116,33.5207090000886]},"properties":{"event_id":1446,"data_org":"Green","post_date":"2026-04-14T00:00:00.000Z","pub_date":"2026-04-14T00:00:00.000Z","strikedate":"2026-04-14T00:00:00.000Z","time":"1899-12-30T00:00:00.000Z","event_type":"Reported Airstrike","actor":"Israel","site_type":"unknown","siteStype":"","city":"Sohmor","province":"Beqaa","country":"Lebanon","latitude":33.520709,"longitude":35.687905,"source_1":"https://t.me/MTVLebanoNews/64298","source_2":"https://t.me/MTVLebanoNews/64312","sources":""}},{"type":"Feature","geometry":{"type":"Point","coordinates":[35.230218000035755,33.29245900007941]},"properties":{"event_id":1447,"data_org":"Green","post_date":"2026-04-14T00:00:00.000Z","pub_date":"2026-04-14T00:00:00.000Z","strikedate":"2026-04-14T00:00:00.000Z","time":"1899-12-30T00:00:00.000Z","event_type":"Reported Airstrike","actor":"Israel","site_type":"unknown","siteStype":"","city":"Chabriha","province":"South","country":"Lebanon","latitude":33.292459,"longitude":35.230218,"source_1":"https://t.me/MTVLebanoNews/64307","source_2":"","sources":""}},{"type":"Feature","geometry":{"type":"Point","coordinates":[35.68790500019116,33.5207090000886]},"properties":{"event_id":1448,"data_org":"Green","post_date":"2026-04-14T00:00:00.000Z","pub_date":"2026-04-14T00:00:00.000Z","strikedate":"2026-04-14T00:00:00.000Z","time":"1899-12-30T00:00:00.000Z","event_type":"Reported Airstrike","actor":"Israel","site_type":"unknown","siteStype":"","city":"Sohmor","province":"Beqaa","country":"Lebanon","latitude":33.520709,"longitude":35.687905,"source_1":"https://t.me/MTVLebanoNews/64298","source_2":"https://t.me/MTVLebanoNews/64312","sources":""}},{"type":"Feature","geometry":{"type":"Point","coordinates":[35.28898300024716,33.230274999863084]},"properties":{"event_id":1449,"data_org":"Green","post_date":"2026-04-14T00:00:00.000Z","pub_date":"2026-04-14T00:00:00.000Z","strikedate":"2026-04-14T00:00:00.000Z","time":"1899-12-30T00:00:00.000Z","event_type":"Reported Airstrike","actor":"Israel","site_type":"unknown","siteStype":"","city":"IVO Ain Baal and Aitit","province":"South","country":"Lebanon","latitude":33.230275,"longitude":35.288983,"source_1":"https://t.me/MTVLebanoNews/64314","source_2":"","sources":""}},{"type":"Feature","geometry":{"type":"Point","coordinates":[35.74662736007097,33.346159389943196]},"properties":{"event_id":1450,"data_org":"Green","post_date":"2026-04-14T00:00:00.000Z","pub_date":"2026-04-14T00:00:00.000Z","strikedate":"2026-04-14T00:00:00.000Z","time":"1899-12-30T00:00:00.000Z","event_type":"Reported Airstrike","actor":"Israel","site_type":"civilian","siteStype":"","city":"Shebaa","province":"Nabatieh","country":"Lebanon","latitude":33.34615939,"longitude":35.74662736,"source_1":"https://t.me/MTVLebanoNews/64315","source_2":"https://t.me/MTVLebanoNews/64320","sources":""}},{"type":"Feature","geometry":{"type":"Point","coordinates":[35.52649699992131,33.329703999903344]},"properties":{"event_id":1451,"data_org":"Green","post_date":"2026-04-14T00:00:00.000Z","pub_date":"2026-04-14T00:00:00.000Z","strikedate":"2026-04-14T00:00:00.000Z","time":"1899-12-30T00:00:00.000Z","event_type":"Reported Airstrike","actor":"Israel","site_type":"unknown","siteStype":"","city":"Arnoun","province":"Nabatieh","country":"Lebanon","latitude":33.329704,"longitude":35.526497,"source_1":"https://t.me/MTVLebanoNews/64316","source_2":"","sources":""}},{"type":"Feature","geometry":{"type":"Point","coordinates":[35.51733100039392,33.42936199988808]},"properties":{"event_id":1452,"data_org":"Green","post_date":"2026-04-14T00:00:00.000Z","pub_date":"2026-04-14T00:00:00.000Z","strikedate":"2026-04-14T00:00:00.000Z","time":"1899-12-30T00:00:00.000Z","event_type":"Reported Airstrike","actor":"Israel","site_type":"civilian","siteStype":"","city":"Arab Salim","province":"Nabatieh","country":"Lebanon","latitude":33.429362,"longitude":35.517331,"source_1":"https://t.me/MTVLebanoNews/64317","source_2":"","sources":""}},{"type":"Feature","geometry":{"type":"Point","coordinates":[35.234964999830986,33.2485640002752]},"properties":{"event_id":1453,"data_org":"Green","post_date":"2026-04-14T00:00:00.000Z","pub_date":"2026-04-14T00:00:00.000Z","strikedate":"2026-04-14T00:00:00.000Z","time":"1899-12-30T00:00:00.000Z","event_type":"Reported Airstrike","actor":"Israel","site_type":"unknown","siteStype":"","city":"Hosh","province":"South","country":"Lebanon","latitude":33.248564,"longitude":35.234965,"source_1":"https://t.me/MTVLebanoNews/64319","source_2":"","sources":""}},{"type":"Feature","geometry":{"type":"Point","coordinates":[35.41759300014904,33.25505999966909]},"properties":{"event_id":1454,"data_org":"Green","post_date":"2026-04-14T00:00:00.000Z","pub_date":"2026-04-14T00:00:00.000Z","strikedate":"2026-04-14T00:00:00.000Z","time":"1899-12-30T00:00:00.000Z","event_type":"Reported Airstrike","actor":"Israel","site_type":"unknown","siteStype":"","city":"Qalaouiyeh","province":"Nabatieh","country":"Lebanon","latitude":33.25506,"longitude":35.417593,"source_1":"https://t.me/MTVLebanoNews/64319","source_2":"","sources":""}},{"type":"Feature","geometry":{"type":"Point","coordinates":[35.30855399975924,33.190476000008836]},"properties":{"event_id":1456,"data_org":"Green","post_date":"2026-04-14T00:00:00.000Z","pub_date":"2026-04-14T00:00:00.000Z","strikedate":"2026-04-14T00:00:00.000Z","time":"1899-12-30T00:00:00.000Z","event_type":"Reported Airstrike","actor":"Israel","site_type":"unknown","siteStype":"","city":"IVO Seddiqine and Kafra","province":"South","country":"Lebanon","latitude":33.190476,"longitude":35.308554,"source_1":"https://t.me/MTVLebanoNews/64336","source_2":"","sources":""}},{"type":"Feature","geometry":{"type":"Point","coordinates":[35.55295199966137,33.388918999871784]},"properties":{"event_id":1457,"data_org":"Green","post_date":"2026-04-14T00:00:00.000Z","pub_date":"2026-04-14T00:00:00.000Z","strikedate":"2026-04-14T00:00:00.000Z","time":"1899-12-30T00:00:00.000Z","event_type":"Reported Airstrike","actor":"Israel","site_type":"unknown","siteStype":"","city":"Mahmoudiyeh","province":"South","country":"Lebanon","latitude":33.388919,"longitude":35.552952,"source_1":"https://t.me/MTVLebanoNews/64344","source_2":"","sources":""}},{"type":"Feature","geometry":{"type":"Point","coordinates":[35.33820800982051,33.23866461994314]},"properties":{"event_id":1458,"data_org":"Green","post_date":"2026-04-14T00:00:00.000Z","pub_date":"2026-04-14T00:00:00.000Z","strikedate":"2026-04-14T00:00:00.000Z","time":"1899-12-30T00:00:00.000Z","event_type":"Reported Airstrike","actor":"Israel","site_type":"unknown","siteStype":"","city":"Jouaiyya","province":"South","country":"Lebanon","latitude":33.23866462,"longitude":35.33820801,"source_1":"https://t.me/MTVLebanoNews/64346","source_2":"","sources":""}},{"type":"Feature","geometry":{"type":"Point","coordinates":[35.46400400026396,33.25201499969977]},"properties":{"event_id":1459,"data_org":"Green","post_date":"2026-04-14T00:00:00.000Z","pub_date":"2026-04-14T00:00:00.000Z","strikedate":"2026-04-14T00:00:00.000Z","time":"1899-12-30T00:00:00.000Z","event_type":"Reported Airstrike","actor":"Israel","site_type":"unknown","siteStype":"","city":"Qabrikha","province":"Nabatieh","country":"Lebanon","latitude":33.252015,"longitude":35.464004,"source_1":"https://t.me/MTVLebanoNews/64346","source_2":"","sources":""}},{"type":"Feature","geometry":{"type":"Point","coordinates":[35.396932999967476,33.24030599965675]},"properties":{"event_id":1460,"data_org":"Green","post_date":"2026-04-14T00:00:00.000Z","pub_date":"2026-04-14T00:00:00.000Z","strikedate":"2026-04-14T00:00:00.000Z","time":"1899-12-30T00:00:00.000Z","event_type":"Reported Airstrike","actor":"Israel","site_type":"unknown","siteStype":"","city":"Kfar Dounine","province":"Nabatieh","country":"Lebanon","latitude":33.240306,"longitude":35.396933,"source_1":"https://t.me/MTVLebanoNews/64350","source_2":"","sources":""}},{"type":"Feature","geometry":{"type":"Point","coordinates":[35.51593239985335,33.485879899718846]},"properties":{"event_id":1461,"data_org":"Green","post_date":"2026-04-14T00:00:00.000Z","pub_date":"2026-04-14T00:00:00.000Z","strikedate":"2026-04-14T00:00:00.000Z","time":"1899-12-30T00:00:00.000Z","event_type":"Reported Airstrike","actor":"Israel","site_type":"unknown","siteStype":"","city":"Jbaa","province":"Nabatieh","country":"Lebanon","latitude":33.4858799,"longitude":35.5159324,"source_1":"https://t.me/MTVLebanoNews/64356","source_2":"","sources":""}},{"type":"Feature","geometry":{"type":"Point","coordinates":[35.23192299975007,33.28555200028462]},"properties":{"event_id":1462,"data_org":"Green","post_date":"2026-04-14T00:00:00.000Z","pub_date":"2026-04-14T00:00:00.000Z","strikedate":"2026-04-14T00:00:00.000Z","time":"1899-12-30T00:00:00.000Z","event_type":"Reported Airstrike","actor":"Israel","site_type":"unknown","siteStype":"","city":"Tyre","province":"South","country":"Lebanon","latitude":33.285552,"longitude":35.231923,"source_1":"https://t.me/MTVLebanoNews/64370","source_2":"","sources":""}},{"type":"Feature","geometry":{"type":"Point","coordinates":[35.38351900041215,33.242643999997284]},"properties":{"event_id":1463,"data_org":"Green","post_date":"2026-04-14T00:00:00.000Z","pub_date":"2026-04-14T00:00:00.000Z","strikedate":"2026-04-14T00:00:00.000Z","time":"1899-12-30T00:00:00.000Z","event_type":"Reported Airstrike","actor":"Israel","site_type":"unknown","siteStype":"","city":"Chehabiyeh","province":"South","country":"Lebanon","latitude":33.242644,"longitude":35.383519,"source_1":"https://t.me/MTVLebanoNews/64383","source_2":"","sources":""}},{"type":"Feature","geometry":{"type":"Point","coordinates":[35.4023069995765,33.36153999992742]},"properties":{"event_id":1464,"data_org":"Green","post_date":"2026-04-14T00:00:00.000Z","pub_date":"2026-04-14T00:00:00.000Z","strikedate":"2026-04-14T00:00:00.000Z","time":"1899-12-30T00:00:00.000Z","event_type":"Reported Airstrike","actor":"Israel","site_type":"unknown","siteStype":"","city":"Aba","province":"Nabatieh","country":"Lebanon","latitude":33.36154,"longitude":35.402307,"source_1":"https://t.me/MTVLebanoNews/64386","source_2":"","sources":""}},{"type":"Feature","geometry":{"type":"Point","coordinates":[35.397060000189086,33.28226400032506]},"properties":{"event_id":1465,"data_org":"Green","post_date":"2026-04-14T00:00:00.000Z","pub_date":"2026-04-14T00:00:00.000Z","strikedate":"2026-04-14T00:00:00.000Z","time":"1899-12-30T00:00:00.000Z","event_type":"Reported Airstrike","actor":"Israel","site_type":"unknown","siteStype":"","city":"Srifa","province":"South","country":"Lebanon","latitude":33.282264,"longitude":35.39706,"source_1":"https://t.me/MTVLebanoNews/64396","source_2":"","sources":""}},{"type":"Feature","geometry":{"type":"Point","coordinates":[35.43018999991976,33.26703099970336]},"properties":{"event_id":1466,"data_org":"Green","post_date":"2026-04-14T00:00:00.000Z","pub_date":"2026-04-14T00:00:00.000Z","strikedate":"2026-04-14T00:00:00.000Z","time":"1899-12-30T00:00:00.000Z","event_type":"Reported Airstrike","actor":"Israel","site_type":"unknown","siteStype":"","city":"Borj Qalaouiye","province":"Nabatieh","country":"Lebanon","latitude":33.267031,"longitude":35.43019,"source_1":"https://t.me/MTVLebanoNews/64403","source_2":"","sources":""}},{"type":"Feature","geometry":{"type":"Point","coordinates":[35.312062999820384,33.189804999834024]},"properties":{"event_id":1467,"data_org":"Green","post_date":"2026-04-14T00:00:00.000Z","pub_date":"2026-04-14T00:00:00.000Z","strikedate":"2026-04-14T00:00:00.000Z","time":"1899-12-30T00:00:00.000Z","event_type":"Reported Airstrike","actor":"Israel","site_type":"unknown","siteStype":"","city":"Seddiqine","province":"South","country":"Lebanon","latitude":33.189805,"longitude":35.312063,"source_1":"https://t.me/MTVLebanoNews/64411","source_2":"","sources":""}},{"type":"Feature","geometry":{"type":"Point","coordinates":[35.34300400013807,33.32656400013756]},"properties":{"event_id":1468,"data_org":"Green","post_date":"2026-04-14T00:00:00.000Z","pub_date":"2026-04-14T00:00:00.000Z","strikedate":"2026-04-14T00:00:00.000Z","time":"1899-12-30T00:00:00.000Z","event_type":"Reported Airstrike","actor":"Israel","site_type":"civilian","siteStype":"civilian : transit","city":"Tayr Filsay","province":"South","country":"Lebanon","latitude":33.326564,"longitude":35.343004,"source_1":"https://t.me/MTVLebanoNews/64422","source_2":"","sources":""}},{"type":"Feature","geometry":{"type":"Point","coordinates":[35.26763500015243,33.16538500020996]},"properties":{"event_id":1469,"data_org":"Green","post_date":"2026-04-14T00:00:00.000Z","pub_date":"2026-04-14T00:00:00.000Z","strikedate":"2026-04-14T00:00:00.000Z","time":"1899-12-30T00:00:00.000Z","event_type":"Reported Airstrike","actor":"Israel","site_type":"unknown","siteStype":"","city":"Zebqine","province":"South","country":"Lebanon","latitude":33.165385,"longitude":35.267635,"source_1":"https://t.me/MTVLebanoNews/64430","source_2":"","sources":""}},{"type":"Feature","geometry":{"type":"Point","coordinates":[35.48094455026614,33.27637790995165]},"properties":{"event_id":1470,"data_org":"Green","post_date":"2026-04-14T00:00:00.000Z","pub_date":"2026-04-14T00:00:00.000Z","strikedate":"2026-04-13T00:00:00.000Z","time":"1899-12-30T00:00:00.000Z","event_type":"Confirmed Airstrike","actor":"Israel","site_type":"military","siteStype":"","city":"Aadchit al Qoussair","province":"Nabatieh","country":"Lebanon","latitude":33.27637791,"longitude":35.48094455,"source_1":"https://x.com/AvichayAdraee/status/2044089807769424336","source_2":"","sources":""}},{"type":"Feature","geometry":{"type":"Point","coordinates":[35.36407699987319,33.319923999896716]},"properties":{"event_id":1471,"data_org":"Green","post_date":"2026-04-14T00:00:00.000Z","pub_date":"2026-04-14T00:00:00.000Z","strikedate":"2026-04-14T00:00:00.000Z","time":"1899-12-30T00:00:00.000Z","event_type":"Reported Airstrike","actor":"Israel","site_type":"unknown","siteStype":"","city":"Sir el Gharbiyeh","province":"Nabatieh","country":"Lebanon","latitude":33.319924,"longitude":35.364077,"source_1":"https://t.me/MTVLebanoNews/64433","source_2":"","sources":""}},{"type":"Feature","geometry":{"type":"Point","coordinates":[35.27042299979012,33.29862899980957]},"properties":{"event_id":1472,"data_org":"Green","post_date":"2026-04-14T00:00:00.000Z","pub_date":"2026-04-14T00:00:00.000Z","strikedate":"2026-04-14T00:00:00.000Z","time":"1899-12-30T00:00:00.000Z","event_type":"Reported Airstrike","actor":"Israel","site_type":"civilian","siteStype":"","city":"Abbassiye","province":"South","country":"Lebanon","latitude":33.298629,"longitude":35.270423,"source_1":"https://t.me/MTVLebanoNews/64433","source_2":"","sources":""}},{"type":"Feature","geometry":{"type":"Point","coordinates":[35.27013699955986,33.235650000009144]},"properties":{"event_id":1473,"data_org":"Green","post_date":"2026-04-14T00:00:00.000Z","pub_date":"2026-04-14T00:00:00.000Z","strikedate":"2026-04-14T00:00:00.000Z","time":"1899-12-30T00:00:00.000Z","event_type":"Reported Airstrike","actor":"Israel","site_type":"unknown","siteStype":"","city":"Ain Baal","province":"South","country":"Lebanon","latitude":33.23565,"longitude":35.270137,"source_1":"https://t.me/MTVLebanoNews/64443","source_2":"","sources":""}},{"type":"Feature","geometry":{"type":"Point","coordinates":[35.28099299963125,33.274932000017564]},"properties":{"event_id":1474,"data_org":"Green","post_date":"2026-04-14T00:00:00.000Z","pub_date":"2026-04-14T00:00:00.000Z","strikedate":"2026-04-14T00:00:00.000Z","time":"1899-12-30T00:00:00.000Z","event_type":"Reported Airstrike","actor":"Israel","site_type":"unknown","siteStype":"","city":"Tayr Dibba","province":"South","country":"Lebanon","latitude":33.274932,"longitude":35.280993,"source_1":"https://t.me/MTVLebanoNews/64443","source_2":"","sources":""}},{"type":"Feature","geometry":{"type":"Point","coordinates":[35.252170100091064,33.328660499790345]},"properties":{"event_id":1475,"data_org":"Green","post_date":"2026-04-14T00:00:00.000Z","pub_date":"2026-04-14T00:00:00.000Z","strikedate":"2026-04-14T00:00:00.000Z","time":"1899-12-30T00:00:00.000Z","event_type":"Reported Airstrike","actor":"Israel","site_type":"unknown","siteStype":"","city":"Qasmiye","province":"South","country":"Lebanon","latitude":33.3286605,"longitude":35.2521701,"source_1":"https://t.me/MTVLebanoNews/64443","source_2":"","sources":""}},{"type":"Feature","geometry":{"type":"Point","coordinates":[35.312062999820384,33.189804999834024]},"properties":{"event_id":1476,"data_org":"Green","post_date":"2026-04-14T00:00:00.000Z","pub_date":"2026-04-14T00:00:00.000Z","strikedate":"2026-04-14T00:00:00.000Z","time":"1899-12-30T00:00:00.000Z","event_type":"Reported Airstrike","actor":"Israel","site_type":"unknown","siteStype":"","city":"Seddiqine","province":"South","country":"Lebanon","latitude":33.189805,"longitude":35.312063,"source_1":"https://t.me/MTVLebanoNews/64443","source_2":"","sources":""}},{"type":"Feature","geometry":{"type":"Point","coordinates":[35.399438999572865,33.258828999992204]},"properties":{"event_id":1477,"data_org":"Green","post_date":"2026-04-14T00:00:00.000Z","pub_date":"2026-04-14T00:00:00.000Z","strikedate":"2026-04-14T00:00:00.000Z","time":"1899-12-30T00:00:00.000Z","event_type":"Reported Airstrike","actor":"Israel","site_type":"unknown","siteStype":"","city":"Deir Kifa","province":"South","country":"Lebanon","latitude":33.258829,"longitude":35.399439,"source_1":"https://t.me/MTVLebanoNews/64443","source_2":"","sources":""}},{"type":"Feature","geometry":{"type":"Point","coordinates":[35.446509000186964,33.175054000303454]},"properties":{"event_id":1478,"data_org":"Green","post_date":"2026-04-14T00:00:00.000Z","pub_date":"2026-04-14T00:00:00.000Z","strikedate":"2026-04-14T00:00:00.000Z","time":"1899-12-30T00:00:00.000Z","event_type":"Reported Airstrike","actor":"Israel","site_type":"unknown","siteStype":"","city":"Baraachit","province":"Nabatieh","country":"Lebanon","latitude":33.175054,"longitude":35.446509,"source_1":"https://t.me/MTVLebanoNews/64450","source_2":"","sources":""}},{"type":"Feature","geometry":{"type":"Point","coordinates":[35.30254099974253,33.2083129997492]},"properties":{"event_id":1479,"data_org":"Green","post_date":"2026-04-14T00:00:00.000Z","pub_date":"2026-04-14T00:00:00.000Z","strikedate":"2026-04-14T00:00:00.000Z","time":"1899-12-30T00:00:00.000Z","event_type":"Reported Airstrike","actor":"Israel","site_type":"unknown","siteStype":"","city":"Qana","province":"South","country":"Lebanon","latitude":33.208313,"longitude":35.302541,"source_1":"https://t.me/MTVLebanoNews/64473","source_2":"","sources":""}},{"type":"Feature","geometry":{"type":"Point","coordinates":[35.273393650281285,33.40381733021277]},"properties":{"event_id":1480,"data_org":"Green","post_date":"2026-04-14T00:00:00.000Z","pub_date":"2026-04-14T00:00:00.000Z","strikedate":"2026-04-14T00:00:00.000Z","time":"1899-12-30T00:00:00.000Z","event_type":"Reported Airstrike","actor":"Israel","site_type":"unknown","siteStype":"","city":"Adloun","province":"South","country":"Lebanon","latitude":33.40381733,"longitude":35.27339365,"source_1":"https://t.me/MTVLebanoNews/64473","source_2":"","sources":""}},{"type":"Feature","geometry":{"type":"Point","coordinates":[35.42583800013475,33.69452200033431]},"properties":{"event_id":1483,"data_org":"Green","post_date":"2026-04-15T00:00:00.000Z","pub_date":"2026-04-15T00:00:00.000Z","strikedate":"2026-04-15T00:00:00.000Z","time":"1899-12-30T00:00:00.000Z","event_type":"Reported Airstrike","actor":"Israel","site_type":"unknown","siteStype":"","city":"Saadiyat","province":"Mount Lebanon","country":"Lebanon","latitude":33.694522,"longitude":35.425838,"source_1":"https://x.com/ariel_oseran/status/2044313999945187480","source_2":"https://x.com/manniefabian/status/2044305164501213371?s=20","sources":""}},{"type":"Feature","geometry":{"type":"Point","coordinates":[35.612326499606525,33.32844000030223]},"properties":{"event_id":1484,"data_org":"Green","post_date":"2026-04-14T00:00:00.000Z","pub_date":"2026-04-15T00:00:00.000Z","strikedate":"2026-04-14T00:00:00.000Z","time":"1899-12-30T00:00:00.000Z","event_type":"Reported Airstrike","actor":"Israel","site_type":"unknown","siteStype":"","city":"Khiam","province":"Nabatieh","country":"Lebanon","latitude":33.32844,"longitude":35.6123265,"source_1":"https://t.me/MTVLebanoNews/64499","source_2":"","sources":""}},{"type":"Feature","geometry":{"type":"Point","coordinates":[35.498035109937604,33.38717900007048]},"properties":{"event_id":1485,"data_org":"Green","post_date":"2026-04-14T00:00:00.000Z","pub_date":"2026-04-15T00:00:00.000Z","strikedate":"2026-04-14T00:00:00.000Z","time":"1899-12-30T00:00:00.000Z","event_type":"Reported Airstrike","actor":"Israel","site_type":"unknown","siteStype":"","city":"Kfar Roummane","province":"Nabatieh","country":"Lebanon","latitude":33.387179,"longitude":35.49803511,"source_1":"https://t.me/MTVLebanoNews/64501","source_2":"","sources":""}},{"type":"Feature","geometry":{"type":"Point","coordinates":[35.583689940300665,33.54091399980014]},"properties":{"event_id":1486,"data_org":"Green","post_date":"2026-04-15T00:00:00.000Z","pub_date":"2026-04-15T00:00:00.000Z","strikedate":"2026-04-15T00:00:00.000Z","time":"1899-12-30T00:00:00.000Z","event_type":"Reported Airstrike","actor":"Israel","site_type":"unknown","siteStype":"","city":"Jezzine","province":"South","country":"Lebanon","latitude":33.540914,"longitude":35.58368994,"source_1":"https://t.me/MTVLebanoNews/64533","source_2":"","sources":""}},{"type":"Feature","geometry":{"type":"Point","coordinates":[35.22834115979411,33.1980110001094]},"properties":{"event_id":1487,"data_org":"Green","post_date":"2026-04-15T00:00:00.000Z","pub_date":"2026-04-15T00:00:00.000Z","strikedate":"2026-04-15T00:00:00.000Z","time":"1899-12-30T00:00:00.000Z","event_type":"Reported Airstrike","actor":"Israel","site_type":"unknown","siteStype":"","city":"Qlaileh","province":"South","country":"Lebanon","latitude":33.198011,"longitude":35.22834116,"source_1":"https://t.me/MTVLebanoNews/64536","source_2":"","sources":""}},{"type":"Feature","geometry":{"type":"Point","coordinates":[35.47796288014139,33.409237999928514]},"properties":{"event_id":1489,"data_org":"Green","post_date":"2026-04-15T00:00:00.000Z","pub_date":"2026-04-15T00:00:00.000Z","strikedate":"2026-04-15T00:00:00.000Z","time":"1899-12-30T00:00:00.000Z","event_type":"Reported Airstrike","actor":"Israel","site_type":"unknown","siteStype":"","city":"Habbouch","province":"Nabatieh","country":"Lebanon","latitude":33.409238,"longitude":35.47796288,"source_1":"https://t.me/MTVLebanoNews/64547","source_2":"","sources":""}},{"type":"Feature","geometry":{"type":"Point","coordinates":[35.3428642303647,33.42006100007604]},"properties":{"event_id":1490,"data_org":"Green","post_date":"2026-04-15T00:00:00.000Z","pub_date":"2026-04-15T00:00:00.000Z","strikedate":"2026-04-15T00:00:00.000Z","time":"1899-12-30T00:00:00.000Z","event_type":"Reported Airstrike","actor":"Israel","site_type":"unknown","siteStype":"","city":"Babliyeh","province":"South","country":"Lebanon","latitude":33.420061,"longitude":35.34286423,"source_1":"https://t.me/MTVLebanoNews/64548","source_2":"","sources":""}},{"type":"Feature","geometry":{"type":"Point","coordinates":[35.5174287002659,33.48565800006727]},"properties":{"event_id":1491,"data_org":"Green","post_date":"2026-04-15T00:00:00.000Z","pub_date":"2026-04-15T00:00:00.000Z","strikedate":"2026-04-15T00:00:00.000Z","time":"1899-12-30T00:00:00.000Z","event_type":"Reported Airstrike","actor":"Israel","site_type":"unknown","siteStype":"","city":"Jbaa","province":"South","country":"Lebanon","latitude":33.485658,"longitude":35.5174287,"source_1":"https://t.me/MTVLebanoNews/64549","source_2":"","sources":""}},{"type":"Feature","geometry":{"type":"Point","coordinates":[35.442003299555154,33.17879600022963]},"properties":{"event_id":1492,"data_org":"Green","post_date":"2026-04-15T00:00:00.000Z","pub_date":"2026-04-15T00:00:00.000Z","strikedate":"2026-04-15T00:00:00.000Z","time":"1899-12-30T00:00:00.000Z","event_type":"Reported Airstrike","actor":"Israel","site_type":"unknown","siteStype":"","city":"Baraachit","province":"Nabatieh","country":"Lebanon","latitude":33.178796,"longitude":35.4420033,"source_1":"https://t.me/MTVLebanoNews/64551","source_2":"","sources":""}},{"type":"Feature","geometry":{"type":"Point","coordinates":[35.43686840991519,33.23350800012671]},"properties":{"event_id":1493,"data_org":"Green","post_date":"2026-04-15T00:00:00.000Z","pub_date":"2026-04-15T00:00:00.000Z","strikedate":"2026-04-15T00:00:00.000Z","time":"1899-12-30T00:00:00.000Z","event_type":"Reported Airstrike","actor":"Israel","site_type":"unknown","siteStype":"","city":"Souaneh","province":"Nabatieh","country":"Lebanon","latitude":33.233508,"longitude":35.43686841,"source_1":"https://t.me/MTVLebanoNews/64551","source_2":"","sources":""}},{"type":"Feature","geometry":{"type":"Point","coordinates":[35.2139168699545,33.25961699991707]},"properties":{"event_id":1494,"data_org":"Green","post_date":"2026-04-15T00:00:00.000Z","pub_date":"2026-04-15T00:00:00.000Z","strikedate":"2026-04-15T00:00:00.000Z","time":"1899-12-30T00:00:00.000Z","event_type":"Reported Airstrike","actor":"Israel","site_type":"unknown","siteStype":"","city":"Tyre","province":"South","country":"Lebanon","latitude":33.259617,"longitude":35.21391687,"source_1":"https://t.me/MTVLebanoNews/64552","source_2":"","sources":""}},{"type":"Feature","geometry":{"type":"Point","coordinates":[35.3428642303647,33.42006100007604]},"properties":{"event_id":1495,"data_org":"Green","post_date":"2026-04-15T00:00:00.000Z","pub_date":"2026-04-15T00:00:00.000Z","strikedate":"2026-04-15T00:00:00.000Z","time":"1899-12-30T00:00:00.000Z","event_type":"Reported Airstrike","actor":"Israel","site_type":"unknown","siteStype":"","city":"Babliyeh","province":"South","country":"Lebanon","latitude":33.420061,"longitude":35.34286423,"source_1":"https://t.me/MTVLebanoNews/64561","source_2":"","sources":""}},{"type":"Feature","geometry":{"type":"Point","coordinates":[35.376624860001236,33.174257999930106]},"properties":{"event_id":1496,"data_org":"Green","post_date":"2026-04-15T00:00:00.000Z","pub_date":"2026-04-15T00:00:00.000Z","strikedate":"2026-04-15T00:00:00.000Z","time":"1899-12-30T00:00:00.000Z","event_type":"Reported Airstrike","actor":"Israel","site_type":"unknown","siteStype":"","city":"Haris","province":"Nabatieh","country":"Lebanon","latitude":33.174258,"longitude":35.37662486,"source_1":"https://t.me/MTVLebanoNews/64562","source_2":"","sources":""}},{"type":"Feature","geometry":{"type":"Point","coordinates":[35.34722131012265,33.309690000059796]},"properties":{"event_id":1497,"data_org":"Green","post_date":"2026-04-15T00:00:00.000Z","pub_date":"2026-04-15T00:00:00.000Z","strikedate":"2026-04-15T00:00:00.000Z","time":"1899-12-30T00:00:00.000Z","event_type":"Reported Airstrike","actor":"Israel","site_type":"unknown","siteStype":"","city":"Tayr Felsay","province":"South","country":"Lebanon","latitude":33.30969,"longitude":35.34722131,"source_1":"https://t.me/MTVLebanoNews/64562","source_2":"","sources":""}},{"type":"Feature","geometry":{"type":"Point","coordinates":[35.32620454043274,33.3080889999559]},"properties":{"event_id":1498,"data_org":"Green","post_date":"2026-04-15T00:00:00.000Z","pub_date":"2026-04-15T00:00:00.000Z","strikedate":"2026-04-15T00:00:00.000Z","time":"1899-12-30T00:00:00.000Z","event_type":"Reported Airstrike","actor":"Israel","site_type":"unknown","siteStype":"","city":"Hallousiyyeh","province":"South","country":"Lebanon","latitude":33.308089,"longitude":35.32620454,"source_1":"https://t.me/MTVLebanoNews/64563","source_2":"","sources":""}},{"type":"Feature","geometry":{"type":"Point","coordinates":[35.33358970985942,33.343247999903916]},"properties":{"event_id":1499,"data_org":"Green","post_date":"2026-04-15T00:00:00.000Z","pub_date":"2026-04-15T00:00:00.000Z","strikedate":"2026-04-15T00:00:00.000Z","time":"1899-12-30T00:00:00.000Z","event_type":"Reported Airstrike","actor":"Israel","site_type":"unknown","siteStype":"","city":"Zrariyeh","province":"South","country":"Lebanon","latitude":33.343248,"longitude":35.33358971,"source_1":"https://t.me/MTVLebanoNews/64564","source_2":"","sources":""}},{"type":"Feature","geometry":{"type":"Point","coordinates":[35.33358970985942,33.343247999903916]},"properties":{"event_id":1500,"data_org":"Green","post_date":"2026-04-15T00:00:00.000Z","pub_date":"2026-04-15T00:00:00.000Z","strikedate":"2026-04-15T00:00:00.000Z","time":"1899-12-30T00:00:00.000Z","event_type":"Reported Airstrike","actor":"Israel","site_type":"unknown","siteStype":"","city":"Zrariyeh","province":"South","country":"Lebanon","latitude":33.343248,"longitude":35.33358971,"source_1":"https://t.me/MTVLebanoNews/64564","source_2":"","sources":""}},{"type":"Feature","geometry":{"type":"Point","coordinates":[35.32620454043274,33.3080889999559]},"properties":{"event_id":1501,"data_org":"Green","post_date":"2026-04-15T00:00:00.000Z","pub_date":"2026-04-15T00:00:00.000Z","strikedate":"2026-04-15T00:00:00.000Z","time":"1899-12-30T00:00:00.000Z","event_type":"Reported Airstrike","actor":"Israel","site_type":"unknown","siteStype":"","city":"Hallousiyyeh","province":"South","country":"Lebanon","latitude":33.308089,"longitude":35.32620454,"source_1":"https://t.me/MTVLebanoNews/64569","source_2":"","sources":""}},{"type":"Feature","geometry":{"type":"Point","coordinates":[35.3834669699909,33.342171000366136]},"properties":{"event_id":1502,"data_org":"Green","post_date":"2026-04-15T00:00:00.000Z","pub_date":"2026-04-15T00:00:00.000Z","strikedate":"2026-04-15T00:00:00.000Z","time":"1899-12-30T00:00:00.000Z","event_type":"Reported Airstrike","actor":"Israel","site_type":"unknown","siteStype":"","city":"Briqa","province":"Nabatieh","country":"Lebanon","latitude":33.342171,"longitude":35.38346697,"source_1":"https://t.me/MTVLebanoNews/64574","source_2":"","sources":""}},{"type":"Feature","geometry":{"type":"Point","coordinates":[35.364966950045385,33.32099599976036]},"properties":{"event_id":1503,"data_org":"Green","post_date":"2026-04-15T00:00:00.000Z","pub_date":"2026-04-15T00:00:00.000Z","strikedate":"2026-04-15T00:00:00.000Z","time":"1899-12-30T00:00:00.000Z","event_type":"Reported Airstrike","actor":"Israel","site_type":"unknown","siteStype":"","city":"Sir El Gharbiyeh","province":"Nabatieh","country":"Lebanon","latitude":33.320996,"longitude":35.36496695,"source_1":"https://t.me/MTVLebanoNews/64574","source_2":"","sources":""}},{"type":"Feature","geometry":{"type":"Point","coordinates":[35.22281549042915,33.18623899964734]},"properties":{"event_id":1504,"data_org":"Green","post_date":"2026-04-15T00:00:00.000Z","pub_date":"2026-04-15T00:00:00.000Z","strikedate":"2026-04-15T00:00:00.000Z","time":"1899-12-30T00:00:00.000Z","event_type":"Reported Airstrike","actor":"Israel","site_type":"unknown","siteStype":"","city":"Hanniyeh","province":"South","country":"Lebanon","latitude":33.186239,"longitude":35.22281549,"source_1":"https://t.me/MTVLebanoNews/64589","source_2":"","sources":""}},{"type":"Feature","geometry":{"type":"Point","coordinates":[35.141266020203325,33.11879699969924]},"properties":{"event_id":1505,"data_org":"Green","post_date":"2026-04-15T00:00:00.000Z","pub_date":"2026-04-15T00:00:00.000Z","strikedate":"2026-04-15T00:00:00.000Z","time":"1899-12-30T00:00:00.000Z","event_type":"Reported Airstrike","actor":"Israel","site_type":"unknown","siteStype":"","city":"Naqoura","province":"South","country":"Lebanon","latitude":33.118797,"longitude":35.14126602,"source_1":"https://t.me/MTVLebanoNews/64594","source_2":"","sources":""}},{"type":"Feature","geometry":{"type":"Point","coordinates":[35.47502250018037,33.349213000349025]},"properties":{"event_id":1506,"data_org":"Green","post_date":"2026-04-15T00:00:00.000Z","pub_date":"2026-04-15T00:00:00.000Z","strikedate":"2026-04-15T00:00:00.000Z","time":"1899-12-30T00:00:00.000Z","event_type":"Reported Airstrike","actor":"Israel","site_type":"unknown","siteStype":"","city":"Maifadoun","province":"Nabatieh","country":"Lebanon","latitude":33.349213,"longitude":35.4750225,"source_1":"https://t.me/MTVLebanoNews/64595","source_2":"","sources":""}},{"type":"Feature","geometry":{"type":"Point","coordinates":[35.22834115979411,33.1980110001094]},"properties":{"event_id":1507,"data_org":"Green","post_date":"2026-04-15T00:00:00.000Z","pub_date":"2026-04-15T00:00:00.000Z","strikedate":"2026-04-15T00:00:00.000Z","time":"1899-12-30T00:00:00.000Z","event_type":"Reported Airstrike","actor":"Israel","site_type":"unknown","siteStype":"","city":"Qlaileh","province":"South","country":"Lebanon","latitude":33.198011,"longitude":35.22834116,"source_1":"https://t.me/MTVLebanoNews/64598","source_2":"","sources":""}},{"type":"Feature","geometry":{"type":"Point","coordinates":[35.38249463981557,33.2419089997795]},"properties":{"event_id":1508,"data_org":"Green","post_date":"2026-04-15T00:00:00.000Z","pub_date":"2026-04-15T00:00:00.000Z","strikedate":"2026-04-15T00:00:00.000Z","time":"1899-12-30T00:00:00.000Z","event_type":"Reported Airstrike","actor":"Israel","site_type":"unknown","siteStype":"","city":"Chehabiyeh","province":"South","country":"Lebanon","latitude":33.241909,"longitude":35.38249464,"source_1":"https://t.me/MTVLebanoNews/64619","source_2":"","sources":""}},{"type":"Feature","geometry":{"type":"Point","coordinates":[35.483544950231476,33.37885299992121]},"properties":{"event_id":1509,"data_org":"Green","post_date":"2026-04-15T00:00:00.000Z","pub_date":"2026-04-15T00:00:00.000Z","strikedate":"2026-04-15T00:00:00.000Z","time":"1899-12-30T00:00:00.000Z","event_type":"Reported Airstrike","actor":"Israel","site_type":"unknown","siteStype":"","city":"Nabatieh","province":"Nabatieh","country":"Lebanon","latitude":33.378853,"longitude":35.48354495,"source_1":"https://t.me/MTVLebanoNews/64622","source_2":"","sources":""}},{"type":"Feature","geometry":{"type":"Point","coordinates":[35.3870960496527,33.27113799979059]},"properties":{"event_id":1510,"data_org":"Green","post_date":"2026-04-15T00:00:00.000Z","pub_date":"2026-04-15T00:00:00.000Z","strikedate":"2026-04-15T00:00:00.000Z","time":"1899-12-30T00:00:00.000Z","event_type":"Reported Airstrike","actor":"Israel","site_type":"unknown","siteStype":"","city":"Nafakhiyeh","province":"South","country":"Lebanon","latitude":33.271138,"longitude":35.38709605,"source_1":"https://t.me/MTVLebanoNews/64633","source_2":"","sources":""}},{"type":"Feature","geometry":{"type":"Point","coordinates":[35.38249463981557,33.2419089997795]},"properties":{"event_id":1511,"data_org":"Green","post_date":"2026-04-15T00:00:00.000Z","pub_date":"2026-04-15T00:00:00.000Z","strikedate":"2026-04-15T00:00:00.000Z","time":"1899-12-30T00:00:00.000Z","event_type":"Reported Airstrike","actor":"Israel","site_type":"unknown","siteStype":"","city":"Chehabiyeh","province":"South","country":"Lebanon","latitude":33.241909,"longitude":35.38249464,"source_1":"https://t.me/MTVLebanoNews/64634","source_2":"","sources":""}},{"type":"Feature","geometry":{"type":"Point","coordinates":[35.51986691030501,33.27576000007307]},"properties":{"event_id":1512,"data_org":"Green","post_date":"2026-04-15T00:00:00.000Z","pub_date":"2026-04-15T00:00:00.000Z","strikedate":"2026-04-15T00:00:00.000Z","time":"1899-12-30T00:00:00.000Z","event_type":"Reported Airstrike","actor":"Israel","site_type":"unknown","siteStype":"","city":"Taybeh","province":"Nabatieh","country":"Lebanon","latitude":33.27576,"longitude":35.51986691,"source_1":"https://t.me/MTVLebanoNews/64649","source_2":"","sources":""}},{"type":"Feature","geometry":{"type":"Point","coordinates":[35.20722354972199,33.17834200032757]},"properties":{"event_id":1513,"data_org":"Green","post_date":"2026-04-15T00:00:00.000Z","pub_date":"2026-04-15T00:00:00.000Z","strikedate":"2026-04-15T00:00:00.000Z","time":"1899-12-30T00:00:00.000Z","event_type":"Reported Airstrike","actor":"Israel","site_type":"unknown","siteStype":"","city":"Masouri","province":"South","country":"Lebanon","latitude":33.178342,"longitude":35.20722355,"source_1":"https://t.me/MTVLebanoNews/64653","source_2":"","sources":""}},{"type":"Feature","geometry":{"type":"Point","coordinates":[35.595379440411804,33.36976199988702]},"properties":{"event_id":1514,"data_org":"Green","post_date":"2026-04-15T00:00:00.000Z","pub_date":"2026-04-15T00:00:00.000Z","strikedate":"2026-04-15T00:00:00.000Z","time":"1899-12-30T00:00:00.000Z","event_type":"Reported Airstrike","actor":"Israel","site_type":"unknown","siteStype":"","city":"Dibbine","province":"Nabatieh","country":"Lebanon","latitude":33.369762,"longitude":35.59537944,"source_1":"https://t.me/MTVLebanoNews/64675","source_2":"","sources":""}},{"type":"Feature","geometry":{"type":"Point","coordinates":[35.595379440411804,33.36976199988702]},"properties":{"event_id":1516,"data_org":"Green","post_date":"2026-04-15T00:00:00.000Z","pub_date":"2026-04-15T00:00:00.000Z","strikedate":"2026-04-15T00:00:00.000Z","time":"1899-12-30T00:00:00.000Z","event_type":"Reported Airstrike","actor":"Israel","site_type":"unknown","siteStype":"","city":"Dibbine","province":"Nabatieh","country":"Lebanon","latitude":33.369762,"longitude":35.59537944,"source_1":"https://t.me/MTVLebanoNews/64679","source_2":"","sources":""}},{"type":"Feature","geometry":{"type":"Point","coordinates":[35.595379440411804,33.36976199988702]},"properties":{"event_id":1517,"data_org":"Green","post_date":"2026-04-15T00:00:00.000Z","pub_date":"2026-04-15T00:00:00.000Z","strikedate":"2026-04-15T00:00:00.000Z","time":"1899-12-30T00:00:00.000Z","event_type":"Reported Airstrike","actor":"Israel","site_type":"unknown","siteStype":"","city":"Dibbine","province":"Nabatieh","country":"Lebanon","latitude":33.369762,"longitude":35.59537944,"source_1":"https://t.me/MTVLebanoNews/64682","source_2":"","sources":""}},{"type":"Feature","geometry":{"type":"Point","coordinates":[35.59537900023731,33.36976199988702]},"properties":{"event_id":1518,"data_org":"Green","post_date":"2026-04-15T00:00:00.000Z","pub_date":"2026-04-15T00:00:00.000Z","strikedate":"2026-04-15T00:00:00.000Z","time":"1899-12-30T00:00:00.000Z","event_type":"Reported Airstrike","actor":"Israel","site_type":"unknown","siteStype":"","city":"Dibbine","province":"Nabatieh","country":"Lebanon","latitude":33.369762,"longitude":35.595379,"source_1":"https://t.me/MTVLebanoNews/64685","source_2":"","sources":""}},{"type":"Feature","geometry":{"type":"Point","coordinates":[35.38351900041215,33.242643999997284]},"properties":{"event_id":1519,"data_org":"Green","post_date":"2026-04-15T00:00:00.000Z","pub_date":"2026-04-15T00:00:00.000Z","strikedate":"2026-04-15T00:00:00.000Z","time":"1899-12-30T00:00:00.000Z","event_type":"Reported Airstrike","actor":"Israel","site_type":"unknown","siteStype":"","city":"Chehabiyeh","province":"South","country":"Lebanon","latitude":33.242644,"longitude":35.383519,"source_1":"https://t.me/MTVLebanoNews/64691","source_2":"","sources":""}},{"type":"Feature","geometry":{"type":"Point","coordinates":[35.38351900041215,33.242643999997284]},"properties":{"event_id":1520,"data_org":"Green","post_date":"2026-04-15T00:00:00.000Z","pub_date":"2026-04-15T00:00:00.000Z","strikedate":"2026-04-15T00:00:00.000Z","time":"1899-12-30T00:00:00.000Z","event_type":"Reported Airstrike","actor":"Israel","site_type":"unknown","siteStype":"","city":"Chehabiyeh","province":"South","country":"Lebanon","latitude":33.242644,"longitude":35.383519,"source_1":"https://t.me/MTVLebanoNews/64703","source_2":"","sources":""}},{"type":"Feature","geometry":{"type":"Point","coordinates":[35.483544999638816,33.37885299992121]},"properties":{"event_id":1521,"data_org":"Green","post_date":"2026-04-16T00:00:00.000Z","pub_date":"2026-04-16T00:00:00.000Z","strikedate":"2026-04-16T00:00:00.000Z","time":"1899-12-30T00:00:00.000Z","event_type":"Report of Explosion with Footage","actor":"Israel","site_type":"unknown","siteStype":"","city":"Nabatieh","province":"Nabatieh","country":"Lebanon","latitude":33.378853,"longitude":35.483545,"source_1":"https://x.com/Osint613/status/2044722325665317053","source_2":"","sources":""}},{"type":"Feature","geometry":{"type":"Point","coordinates":[35.26446312973258,33.32370615021494]},"properties":{"event_id":1522,"data_org":"Green","post_date":"2026-04-16T00:00:00.000Z","pub_date":"2026-04-16T00:00:00.000Z","strikedate":"2026-04-16T00:00:00.000Z","time":"1899-12-30T00:00:00.000Z","event_type":"Report of Explosion with Footage","actor":"Israel","site_type":"civilian","siteStype":"civilian : transit","city":"Qasimiyeh","province":"South","country":"Lebanon","latitude":33.32370615,"longitude":35.26446313,"source_1":"https://x.com/Osint613/status/2044708402715140264","source_2":"","sources":""}},{"type":"Feature","geometry":{"type":"Point","coordinates":[35.27013726995276,33.235649679924684]},"properties":{"event_id":1523,"data_org":"Green","post_date":"2026-04-15T00:00:00.000Z","pub_date":"2026-04-16T00:00:00.000Z","strikedate":"2026-04-15T00:00:00.000Z","time":"1899-12-30T00:00:00.000Z","event_type":"Reported Airstrike","actor":"Israel","site_type":"unknown","siteStype":"","city":"Ain Baal","province":"South","country":"Lebanon","latitude":33.23564968,"longitude":35.27013727,"source_1":"https://t.me/MTVLebanoNews/64714","source_2":"","sources":""}},{"type":"Feature","geometry":{"type":"Point","coordinates":[35.38064695978637,33.17664228011823]},"properties":{"event_id":1524,"data_org":"Green","post_date":"2026-04-15T00:00:00.000Z","pub_date":"2026-04-16T00:00:00.000Z","strikedate":"2026-04-15T00:00:00.000Z","time":"1899-12-30T00:00:00.000Z","event_type":"Reported Airstrike","actor":"Israel","site_type":"unknown","siteStype":"","city":"Haris","province":"Nabatieh","country":"Lebanon","latitude":33.17664228,"longitude":35.38064696,"source_1":"https://t.me/MTVLebanoNews/64718","source_2":"","sources":""}},{"type":"Feature","geometry":{"type":"Point","coordinates":[35.42114645963022,33.158967550338]},"properties":{"event_id":1525,"data_org":"Green","post_date":"2026-04-15T00:00:00.000Z","pub_date":"2026-04-16T00:00:00.000Z","strikedate":"2026-04-15T00:00:00.000Z","time":"1899-12-30T00:00:00.000Z","event_type":"Reported Airstrike","actor":"Israel","site_type":"unknown","siteStype":"","city":"Beit Yahoun","province":"Nabatieh","country":"Lebanon","latitude":33.15896755,"longitude":35.42114646,"source_1":"https://t.me/MTVLebanoNews/64718","source_2":"","sources":""}},{"type":"Feature","geometry":{"type":"Point","coordinates":[35.59537900023731,33.36976199988702]},"properties":{"event_id":1526,"data_org":"Green","post_date":"2026-04-15T00:00:00.000Z","pub_date":"2026-04-16T00:00:00.000Z","strikedate":"2026-04-15T00:00:00.000Z","time":"1899-12-30T00:00:00.000Z","event_type":"Reported Airstrike","actor":"Israel","site_type":"unknown","siteStype":"","city":"Dibbine","province":"Nabatieh","country":"Lebanon","latitude":33.369762,"longitude":35.595379,"source_1":"https://t.me/MTVLebanoNews/64723","source_2":"","sources":""}},{"type":"Feature","geometry":{"type":"Point","coordinates":[35.38064695978637,33.17664228011823]},"properties":{"event_id":1527,"data_org":"Green","post_date":"2026-04-15T00:00:00.000Z","pub_date":"2026-04-16T00:00:00.000Z","strikedate":"2026-04-15T00:00:00.000Z","time":"1899-12-30T00:00:00.000Z","event_type":"Reported Airstrike","actor":"Israel","site_type":"unknown","siteStype":"","city":"Haris","province":"Nabatieh","country":"Lebanon","latitude":33.17664228,"longitude":35.38064696,"source_1":"https://t.me/MTVLebanoNews/64728","source_2":"","sources":""}},{"type":"Feature","geometry":{"type":"Point","coordinates":[35.42114645963022,33.158967550338]},"properties":{"event_id":1528,"data_org":"Green","post_date":"2026-04-15T00:00:00.000Z","pub_date":"2026-04-16T00:00:00.000Z","strikedate":"2026-04-15T00:00:00.000Z","time":"1899-12-30T00:00:00.000Z","event_type":"Reported Airstrike","actor":"Israel","site_type":"unknown","siteStype":"","city":"Beit Yahoun","province":"Nabatieh","country":"Lebanon","latitude":33.15896755,"longitude":35.42114646,"source_1":"https://t.me/MTVLebanoNews/64728","source_2":"","sources":""}},{"type":"Feature","geometry":{"type":"Point","coordinates":[35.40079736996176,33.325051289633684]},"properties":{"event_id":1529,"data_org":"Green","post_date":"2026-04-15T00:00:00.000Z","pub_date":"2026-04-16T00:00:00.000Z","strikedate":"2026-04-15T00:00:00.000Z","time":"1899-12-30T00:00:00.000Z","event_type":"Reported Airstrike","actor":"Israel","site_type":"unknown","siteStype":"","city":"Kfar Sir","province":"Nabatieh","country":"Lebanon","latitude":33.32505129,"longitude":35.40079737,"source_1":"https://t.me/MTVLebanoNews/64728","source_2":"","sources":""}},{"type":"Feature","geometry":{"type":"Point","coordinates":[35.59537900023731,33.36976199988702]},"properties":{"event_id":1530,"data_org":"Green","post_date":"2026-04-15T00:00:00.000Z","pub_date":"2026-04-16T00:00:00.000Z","strikedate":"2026-04-15T00:00:00.000Z","time":"1899-12-30T00:00:00.000Z","event_type":"Reported Airstrike","actor":"Israel","site_type":"unknown","siteStype":"","city":"Dibbine","province":"Nabatieh","country":"Lebanon","latitude":33.369762,"longitude":35.595379,"source_1":"https://t.me/MTVLebanoNews/64733","source_2":"","sources":""}},{"type":"Feature","geometry":{"type":"Point","coordinates":[35.33342799963354,33.34282399986113]},"properties":{"event_id":1531,"data_org":"Green","post_date":"2026-04-15T00:00:00.000Z","pub_date":"2026-04-16T00:00:00.000Z","strikedate":"2026-04-15T00:00:00.000Z","time":"1899-12-30T00:00:00.000Z","event_type":"Reported Airstrike","actor":"Israel","site_type":"unknown","siteStype":"","city":"Al-Zarariyeh","province":"South","country":"Lebanon","latitude":33.342824,"longitude":35.333428,"source_1":"https://t.me/MTVLebanoNews/64733","source_2":"","sources":""}},{"type":"Feature","geometry":{"type":"Point","coordinates":[35.252170100091064,33.328660499790345]},"properties":{"event_id":1532,"data_org":"Green","post_date":"2026-04-15T00:00:00.000Z","pub_date":"2026-04-16T00:00:00.000Z","strikedate":"2026-04-15T00:00:00.000Z","time":"1899-12-30T00:00:00.000Z","event_type":"Reported Airstrike","actor":"Israel","site_type":"unknown","siteStype":"","city":"Qasmiye","province":"South","country":"Lebanon","latitude":33.3286605,"longitude":35.2521701,"source_1":"https://t.me/MTVLebanoNews/64733","source_2":"","sources":""}},{"type":"Feature","geometry":{"type":"Point","coordinates":[35.338207999939044,33.238665000124236]},"properties":{"event_id":1533,"data_org":"Green","post_date":"2026-04-15T00:00:00.000Z","pub_date":"2026-04-16T00:00:00.000Z","strikedate":"2026-04-15T00:00:00.000Z","time":"1899-12-30T00:00:00.000Z","event_type":"Reported Airstrike","actor":"Israel","site_type":"unknown","siteStype":"","city":"Jouaiyya","province":"South","country":"Lebanon","latitude":33.238665,"longitude":35.338208,"source_1":"https://t.me/MTVLebanoNews/64733","source_2":"","sources":""}},{"type":"Feature","geometry":{"type":"Point","coordinates":[35.59537900023731,33.36976199988702]},"properties":{"event_id":1534,"data_org":"Green","post_date":"2026-04-15T00:00:00.000Z","pub_date":"2026-04-16T00:00:00.000Z","strikedate":"2026-04-15T00:00:00.000Z","time":"1899-12-30T00:00:00.000Z","event_type":"Reported Airstrike","actor":"Israel","site_type":"unknown","siteStype":"","city":"Dibbine","province":"Nabatieh","country":"Lebanon","latitude":33.369762,"longitude":35.595379,"source_1":"https://t.me/MTVLebanoNews/64736","source_2":"","sources":""}},{"type":"Feature","geometry":{"type":"Point","coordinates":[35.69617250027979,33.36811759993374]},"properties":{"event_id":1535,"data_org":"Green","post_date":"2026-04-15T00:00:00.000Z","pub_date":"2026-04-16T00:00:00.000Z","strikedate":"2026-04-15T00:00:00.000Z","time":"1899-12-30T00:00:00.000Z","event_type":"Reported Airstrike","actor":"Israel","site_type":"unknown","siteStype":"","city":"Habbariyeh","province":"Nabatieh","country":"Lebanon","latitude":33.3681176,"longitude":35.6961725,"source_1":"https://t.me/MTVLebanoNews/64749","source_2":"","sources":""}},{"type":"Feature","geometry":{"type":"Point","coordinates":[35.290198690321155,33.45144284001522]},"properties":{"event_id":1536,"data_org":"Green","post_date":"2026-04-16T00:00:00.000Z","pub_date":"2026-04-16T00:00:00.000Z","strikedate":"2026-04-16T00:00:00.000Z","time":"1899-12-30T00:00:00.000Z","event_type":"Reported Airstrike","actor":"Israel","site_type":"unknown","siteStype":"","city":"Sarafand","province":"South","country":"Lebanon","latitude":33.45144284,"longitude":35.29019869,"source_1":"https://t.me/MTVLebanoNews/64766","source_2":"","sources":""}},{"type":"Feature","geometry":{"type":"Point","coordinates":[36.01515200015858,33.77995099989664]},"properties":{"event_id":1537,"data_org":"Green","post_date":"2026-04-16T00:00:00.000Z","pub_date":"2026-04-16T00:00:00.000Z","strikedate":"2026-04-16T00:00:00.000Z","time":"1899-12-30T00:00:00.000Z","event_type":"Reported Airstrike","actor":"Israel","site_type":"unknown","siteStype":"","city":"Iqlim al Tuffah","province":"Beqaa","country":"Lebanon","latitude":33.779951,"longitude":36.015152,"source_1":"https://t.me/MTVLebanoNews/64771","source_2":"","sources":""}},{"type":"Feature","geometry":{"type":"Point","coordinates":[35.48483236000112,33.377921349975004]},"properties":{"event_id":1538,"data_org":"Green","post_date":"2026-04-16T00:00:00.000Z","pub_date":"2026-04-16T00:00:00.000Z","strikedate":"2026-04-16T00:00:00.000Z","time":"1899-12-30T00:00:00.000Z","event_type":"Reported Airstrike","actor":"Israel","site_type":"unknown","siteStype":"","city":"Nabatieh","province":"Nabatieh","country":"Lebanon","latitude":33.37792135,"longitude":35.48483236,"source_1":"https://t.me/MTVLebanoNews/64771","source_2":"","sources":""}},{"type":"Feature","geometry":{"type":"Point","coordinates":[35.38064695978637,33.17664228011823]},"properties":{"event_id":1539,"data_org":"Green","post_date":"2026-04-16T00:00:00.000Z","pub_date":"2026-04-16T00:00:00.000Z","strikedate":"2026-04-16T00:00:00.000Z","time":"1899-12-30T00:00:00.000Z","event_type":"Reported Airstrike","actor":"Israel","site_type":"unknown","siteStype":"","city":"Haris","province":"Nabatieh","country":"Lebanon","latitude":33.17664228,"longitude":35.38064696,"source_1":"https://t.me/MTVLebanoNews/64772","source_2":"","sources":""}},{"type":"Feature","geometry":{"type":"Point","coordinates":[35.35077668032044,33.17459445006687]},"properties":{"event_id":1540,"data_org":"Green","post_date":"2026-04-16T00:00:00.000Z","pub_date":"2026-04-16T00:00:00.000Z","strikedate":"2026-04-16T00:00:00.000Z","time":"1899-12-30T00:00:00.000Z","event_type":"Reported Airstrike","actor":"Israel","site_type":"unknown","siteStype":"","city":"Kafra","province":"Nabatieh","country":"Lebanon","latitude":33.17459445,"longitude":35.35077668,"source_1":"https://t.me/MTVLebanoNews/64772","source_2":"","sources":""}},{"type":"Feature","geometry":{"type":"Point","coordinates":[35.68790500019116,33.5207090000886]},"properties":{"event_id":1541,"data_org":"Green","post_date":"2026-04-16T00:00:00.000Z","pub_date":"2026-04-16T00:00:00.000Z","strikedate":"2026-04-16T00:00:00.000Z","time":"1899-12-30T00:00:00.000Z","event_type":"Reported Airstrike","actor":"Israel","site_type":"unknown","siteStype":"","city":"Sohmor","province":"Beqaa","country":"Lebanon","latitude":33.520709,"longitude":35.687905,"source_1":"https://t.me/MTVLebanoNews/64773","source_2":"","sources":""}},{"type":"Feature","geometry":{"type":"Point","coordinates":[35.48483236000112,33.377921349975004]},"properties":{"event_id":1542,"data_org":"Green","post_date":"2026-04-16T00:00:00.000Z","pub_date":"2026-04-16T00:00:00.000Z","strikedate":"2026-04-16T00:00:00.000Z","time":"1899-12-30T00:00:00.000Z","event_type":"Reported Airstrike","actor":"Israel","site_type":"unknown","siteStype":"","city":"Nabatieh","province":"Nabatieh","country":"Lebanon","latitude":33.37792135,"longitude":35.48483236,"source_1":"https://t.me/MTVLebanoNews/64787","source_2":"","sources":""}},{"type":"Feature","geometry":{"type":"Point","coordinates":[35.441641350360875,33.46340398027444]},"properties":{"event_id":1544,"data_org":"Green","post_date":"2026-04-16T00:00:00.000Z","pub_date":"2026-04-16T00:00:00.000Z","strikedate":"2026-04-16T00:00:00.000Z","time":"1899-12-30T00:00:00.000Z","event_type":"Reported Airstrike","actor":"Israel","site_type":"unknown","siteStype":"","city":"Roumine","province":"Nabatieh","country":"Lebanon","latitude":33.46340398,"longitude":35.44164135,"source_1":"https://t.me/MTVLebanoNews/64787","source_2":"","sources":""}},{"type":"Feature","geometry":{"type":"Point","coordinates":[35.38064695978637,33.17664228011823]},"properties":{"event_id":1545,"data_org":"Green","post_date":"2026-04-16T00:00:00.000Z","pub_date":"2026-04-16T00:00:00.000Z","strikedate":"2026-04-16T00:00:00.000Z","time":"1899-12-30T00:00:00.000Z","event_type":"Reported Airstrike","actor":"Israel","site_type":"unknown","siteStype":"","city":"Haris","province":"Nabatieh","country":"Lebanon","latitude":33.17664228,"longitude":35.38064696,"source_1":"https://t.me/MTVLebanoNews/64824","source_2":"","sources":""}},{"type":"Feature","geometry":{"type":"Point","coordinates":[35.35077668032044,33.17459445006687]},"properties":{"event_id":1546,"data_org":"Green","post_date":"2026-04-16T00:00:00.000Z","pub_date":"2026-04-16T00:00:00.000Z","strikedate":"2026-04-16T00:00:00.000Z","time":"1899-12-30T00:00:00.000Z","event_type":"Reported Airstrike","actor":"Israel","site_type":"unknown","siteStype":"","city":"Kafra","province":"Nabatieh","country":"Lebanon","latitude":33.17459445,"longitude":35.35077668,"source_1":"https://t.me/MTVLebanoNews/64824","source_2":"","sources":""}},{"type":"Feature","geometry":{"type":"Point","coordinates":[35.448917350226026,33.24668108032418]},"properties":{"event_id":1547,"data_org":"Green","post_date":"2026-04-16T00:00:00.000Z","pub_date":"2026-04-16T00:00:00.000Z","strikedate":"2026-04-16T00:00:00.000Z","time":"1899-12-30T00:00:00.000Z","event_type":"Reported Airstrike","actor":"Israel","site_type":"unknown","siteStype":"","city":"Touline","province":"Nabatieh","country":"Lebanon","latitude":33.24668108,"longitude":35.44891735,"source_1":"https://t.me/MTVLebanoNews/64824","source_2":"","sources":""}},{"type":"Feature","geometry":{"type":"Point","coordinates":[35.448917350226026,33.24668108032418]},"properties":{"event_id":1548,"data_org":"Green","post_date":"2026-04-16T00:00:00.000Z","pub_date":"2026-04-16T00:00:00.000Z","strikedate":"2026-04-16T00:00:00.000Z","time":"1899-12-30T00:00:00.000Z","event_type":"Reported Airstrike","actor":"Israel","site_type":"unknown","siteStype":"","city":"Touline","province":"Nabatieh","country":"Lebanon","latitude":33.24668108,"longitude":35.44891735,"source_1":"https://t.me/MTVLebanoNews/64835","source_2":"","sources":""}},{"type":"Feature","geometry":{"type":"Point","coordinates":[35.464003790058186,33.252015189761295]},"properties":{"event_id":1549,"data_org":"Green","post_date":"2026-04-16T00:00:00.000Z","pub_date":"2026-04-16T00:00:00.000Z","strikedate":"2026-04-16T00:00:00.000Z","time":"1899-12-30T00:00:00.000Z","event_type":"Reported Airstrike","actor":"Israel","site_type":"unknown","siteStype":"","city":"Qabrikha","province":"Nabatieh","country":"Lebanon","latitude":33.25201519,"longitude":35.46400379,"source_1":"https://t.me/MTVLebanoNews/64835","source_2":"","sources":""}},{"type":"Feature","geometry":{"type":"Point","coordinates":[35.417722300057775,33.26078665963404]},"properties":{"event_id":1550,"data_org":"Green","post_date":"2026-04-16T00:00:00.000Z","pub_date":"2026-04-16T00:00:00.000Z","strikedate":"2026-04-16T00:00:00.000Z","time":"1899-12-30T00:00:00.000Z","event_type":"Reported Airstrike","actor":"Israel","site_type":"unknown","siteStype":"","city":"Burj Qallawiyah","province":"Nabatieh","country":"Lebanon","latitude":33.26078666,"longitude":35.4177223,"source_1":"https://t.me/MTVLebanoNews/64835","source_2":"","sources":""}},{"type":"Feature","geometry":{"type":"Point","coordinates":[35.448917350226026,33.24668108032418]},"properties":{"event_id":1551,"data_org":"Green","post_date":"2026-04-16T00:00:00.000Z","pub_date":"2026-04-16T00:00:00.000Z","strikedate":"2026-04-16T00:00:00.000Z","time":"1899-12-30T00:00:00.000Z","event_type":"Reported Airstrike","actor":"Israel","site_type":"unknown","siteStype":"","city":"Zawtar El Charqiyeh","province":"Nabatieh","country":"Lebanon","latitude":33.24668108,"longitude":35.44891735,"source_1":"https://t.me/MTVLebanoNews/64835","source_2":"","sources":""}},{"type":"Feature","geometry":{"type":"Point","coordinates":[35.599198999744765,33.3718390001643]},"properties":{"event_id":1552,"data_org":"Green","post_date":"2026-04-16T00:00:00.000Z","pub_date":"2026-04-16T00:00:00.000Z","strikedate":"2026-04-16T00:00:00.000Z","time":"1899-12-30T00:00:00.000Z","event_type":"Reported Airstrike","actor":"Israel","site_type":"unknown","siteStype":"","city":"Dibbine","province":"Nabatieh","country":"Lebanon","latitude":33.371839,"longitude":35.599199,"source_1":"https://t.me/MTVLebanoNews/64903","source_2":"","sources":""}},{"type":"Feature","geometry":{"type":"Point","coordinates":[35.42552366973536,33.22995689016525]},"properties":{"event_id":1553,"data_org":"Green","post_date":"2026-04-16T00:00:00.000Z","pub_date":"2026-04-16T00:00:00.000Z","strikedate":"2026-04-16T00:00:00.000Z","time":"1899-12-30T00:00:00.000Z","event_type":"Reported Airstrike","actor":"Israel","site_type":"unknown","siteStype":"","city":"Khirbet Salam","province":"Nabatieh","country":"Lebanon","latitude":33.22995689,"longitude":35.42552367,"source_1":"https://t.me/MTVLebanoNews/64842","source_2":"","sources":""}},{"type":"Feature","geometry":{"type":"Point","coordinates":[35.428794000001936,33.29500999989284]},"properties":{"event_id":1554,"data_org":"Green","post_date":"2026-04-16T00:00:00.000Z","pub_date":"2026-04-16T00:00:00.000Z","strikedate":"2026-04-16T00:00:00.000Z","time":"1899-12-30T00:00:00.000Z","event_type":"Reported Airstrike","actor":"Israel","site_type":"unknown","siteStype":"","city":"Froun","province":"South","country":"Lebanon","latitude":33.29501,"longitude":35.428794,"source_1":"https://t.me/MTVLebanoNews/64892","source_2":"","sources":""}},{"type":"Feature","geometry":{"type":"Point","coordinates":[35.27762300038561,33.220114999638895]},"properties":{"event_id":1555,"data_org":"Green","post_date":"2026-04-16T00:00:00.000Z","pub_date":"2026-04-16T00:00:00.000Z","strikedate":"2026-04-16T00:00:00.000Z","time":"1899-12-30T00:00:00.000Z","event_type":"Reported Airstrike","actor":"Israel","site_type":"unknown","siteStype":"","city":"Hanouiyeh","province":"South","country":"Lebanon","latitude":33.220115,"longitude":35.277623,"source_1":"https://t.me/MTVLebanoNews/64892","source_2":"","sources":""}},{"type":"Feature","geometry":{"type":"Point","coordinates":[35.207223999777945,33.17834200032757]},"properties":{"event_id":1556,"data_org":"Green","post_date":"2026-04-16T00:00:00.000Z","pub_date":"2026-04-16T00:00:00.000Z","strikedate":"2026-04-16T00:00:00.000Z","time":"1899-12-30T00:00:00.000Z","event_type":"Reported Airstrike","actor":"Israel","site_type":"unknown","siteStype":"","city":"Mansouri","province":"South","country":"Lebanon","latitude":33.178342,"longitude":35.207224,"source_1":"https://t.me/MTVLebanoNews/64892","source_2":"","sources":""}},{"type":"Feature","geometry":{"type":"Point","coordinates":[35.305239999691764,33.22582199979444]},"properties":{"event_id":1557,"data_org":"Green","post_date":"2026-04-16T00:00:00.000Z","pub_date":"2026-04-16T00:00:00.000Z","strikedate":"2026-04-16T00:00:00.000Z","time":"1899-12-30T00:00:00.000Z","event_type":"Reported Airstrike","actor":"Israel","site_type":"unknown","siteStype":"","city":"Aitit","province":"South","country":"Lebanon","latitude":33.225822,"longitude":35.30524,"source_1":"https://t.me/MTVLebanoNews/64892","source_2":"","sources":""}},{"type":"Feature","geometry":{"type":"Point","coordinates":[35.39693301973041,33.240305599948144]},"properties":{"event_id":1558,"data_org":"Green","post_date":"2026-04-16T00:00:00.000Z","pub_date":"2026-04-16T00:00:00.000Z","strikedate":"2026-04-16T00:00:00.000Z","time":"1899-12-30T00:00:00.000Z","event_type":"Reported Airstrike","actor":"Israel","site_type":"unknown","siteStype":"","city":"Kfar Dounine","province":"Nabatieh","country":"Lebanon","latitude":33.2403056,"longitude":35.39693302,"source_1":"https://t.me/MTVLebanoNews/64842","source_2":"","sources":""}},{"type":"Feature","geometry":{"type":"Point","coordinates":[35.48483236000112,33.377921349975004]},"properties":{"event_id":1559,"data_org":"Green","post_date":"2026-04-16T00:00:00.000Z","pub_date":"2026-04-16T00:00:00.000Z","strikedate":"2026-04-16T00:00:00.000Z","time":"1899-12-30T00:00:00.000Z","event_type":"Reported Airstrike","actor":"Israel","site_type":"unknown","siteStype":"","city":"Nabatieh","province":"Nabatieh","country":"Lebanon","latitude":33.37792135,"longitude":35.48483236,"source_1":"https://t.me/MTVLebanoNews/64846","source_2":"","sources":""}},{"type":"Feature","geometry":{"type":"Point","coordinates":[35.27919000000765,33.41273499974175]},"properties":{"event_id":1560,"data_org":"Green","post_date":"2026-04-16T00:00:00.000Z","pub_date":"2026-04-16T00:00:00.000Z","strikedate":"2026-04-16T00:00:00.000Z","time":"1899-12-30T00:00:00.000Z","event_type":"Reported Airstrike","actor":"Israel","site_type":"unknown","siteStype":"","city":"Ansariyeh","province":"South","country":"Lebanon","latitude":33.412735,"longitude":35.27919,"source_1":"https://t.me/MTVLebanoNews/64887","source_2":"","sources":""}},{"type":"Feature","geometry":{"type":"Point","coordinates":[35.42099799955479,33.48236699972707]},"properties":{"event_id":1561,"data_org":"Green","post_date":"2026-04-16T00:00:00.000Z","pub_date":"2026-04-16T00:00:00.000Z","strikedate":"2026-04-16T00:00:00.000Z","time":"1899-12-30T00:00:00.000Z","event_type":"Reported Airstrike","actor":"Israel","site_type":"unknown","siteStype":"","city":"Banaful","province":"South","country":"Lebanon","latitude":33.482367,"longitude":35.420998,"source_1":"https://t.me/MTVLebanoNews/64884","source_2":"","sources":""}},{"type":"Feature","geometry":{"type":"Point","coordinates":[35.22915500020386,33.19777900033949]},"properties":{"event_id":1563,"data_org":"Green","post_date":"2026-04-16T00:00:00.000Z","pub_date":"2026-04-16T00:00:00.000Z","strikedate":"2026-04-16T00:00:00.000Z","time":"1899-12-30T00:00:00.000Z","event_type":"Reported Airstrike","actor":"Israel","site_type":"unknown","siteStype":"","city":"Qalila","province":"South","country":"Lebanon","latitude":33.197779,"longitude":35.229155,"source_1":"https://t.me/MTVLebanoNews/64877","source_2":"","sources":""}},{"type":"Feature","geometry":{"type":"Point","coordinates":[35.27013699955986,33.235650000009144]},"properties":{"event_id":1564,"data_org":"Green","post_date":"2026-04-16T00:00:00.000Z","pub_date":"2026-04-16T00:00:00.000Z","strikedate":"2026-04-16T00:00:00.000Z","time":"1899-12-30T00:00:00.000Z","event_type":"Reported Airstrike","actor":"Israel","site_type":"unknown","siteStype":"","city":"Ain Baal","province":"South","country":"Lebanon","latitude":33.23565,"longitude":35.270137,"source_1":"https://t.me/MTVLebanoNews/64869","source_2":"","sources":""}},{"type":"Feature","geometry":{"type":"Point","coordinates":[35.48483236000112,33.377921349975004]},"properties":{"event_id":1565,"data_org":"Green","post_date":"2026-04-16T00:00:00.000Z","pub_date":"2026-04-16T00:00:00.000Z","strikedate":"2026-04-16T00:00:00.000Z","time":"1899-12-30T00:00:00.000Z","event_type":"Reported Airstrike","actor":"Israel","site_type":"unknown","siteStype":"","city":"Nabatieh","province":"Nabatieh","country":"Lebanon","latitude":33.37792135,"longitude":35.48483236,"source_1":"https://t.me/MTVLebanoNews/64850","source_2":"","sources":""}},{"type":"Feature","geometry":{"type":"Point","coordinates":[35.27762300038561,33.220114999638895]},"properties":{"event_id":1566,"data_org":"Green","post_date":"2026-04-16T00:00:00.000Z","pub_date":"2026-04-16T00:00:00.000Z","strikedate":"2026-04-16T00:00:00.000Z","time":"1899-12-30T00:00:00.000Z","event_type":"Reported Airstrike","actor":"Israel","site_type":"unknown","siteStype":"","city":"Hanouiyeh","province":"South","country":"Lebanon","latitude":33.220115,"longitude":35.277623,"source_1":"https://t.me/MTVLebanoNews/64869","source_2":"","sources":""}},{"type":"Feature","geometry":{"type":"Point","coordinates":[35.20394361017683,33.271082900005275]},"properties":{"event_id":1567,"data_org":"Green","post_date":"2026-04-16T00:00:00.000Z","pub_date":"2026-04-16T00:00:00.000Z","strikedate":"2026-04-16T00:00:00.000Z","time":"1899-12-30T00:00:00.000Z","event_type":"Reported Airstrike","actor":"Israel","site_type":"unknown","siteStype":"","city":"Tyre","province":"South","country":"Lebanon","latitude":33.2710829,"longitude":35.20394361,"source_1":"https://t.me/MTVLebanoNews/64852","source_2":"","sources":""}},{"type":"Feature","geometry":{"type":"Point","coordinates":[35.407357000218745,33.20559599972622]},"properties":{"event_id":1568,"data_org":"Green","post_date":"2026-04-16T00:00:00.000Z","pub_date":"2026-04-16T00:00:00.000Z","strikedate":"2026-04-16T00:00:00.000Z","time":"1899-12-30T00:00:00.000Z","event_type":"Reported Airstrike","actor":"Israel","site_type":"unknown","siteStype":"","city":"Sultaniyeh","province":"Nabatieh","country":"Lebanon","latitude":33.205596,"longitude":35.407357,"source_1":"https://t.me/MTVLebanoNews/64866","source_2":"","sources":""}},{"type":"Feature","geometry":{"type":"Point","coordinates":[35.2184849999053,33.12675899975687]},"properties":{"event_id":1569,"data_org":"Green","post_date":"2026-04-16T00:00:00.000Z","pub_date":"2026-04-16T00:00:00.000Z","strikedate":"2026-04-16T00:00:00.000Z","time":"1899-12-30T00:00:00.000Z","event_type":"Reported Airstrike","actor":"Israel","site_type":"unknown","siteStype":"","city":"Tayr Harfa","province":"South","country":"Lebanon","latitude":33.126759,"longitude":35.218485,"source_1":"https://t.me/MTVLebanoNews/64862","source_2":"","sources":""}},{"type":"Feature","geometry":{"type":"Point","coordinates":[35.310131850131604,33.19001155021928]},"properties":{"event_id":1570,"data_org":"Green","post_date":"2026-04-16T00:00:00.000Z","pub_date":"2026-04-16T00:00:00.000Z","strikedate":"2026-04-16T00:00:00.000Z","time":"1899-12-30T00:00:00.000Z","event_type":"Reported Airstrike","actor":"Israel","site_type":"unknown","siteStype":"","city":"Seddiqine","province":"South","country":"Lebanon","latitude":33.19001155,"longitude":35.31013185,"source_1":"https://t.me/MTVLebanoNews/64853","source_2":"","sources":""}},{"type":"Feature","geometry":{"type":"Point","coordinates":[35.271543000421744,33.25407399980616]},"properties":{"event_id":1571,"data_org":"Green","post_date":"2026-04-16T00:00:00.000Z","pub_date":"2026-04-16T00:00:00.000Z","strikedate":"2026-04-16T00:00:00.000Z","time":"1899-12-30T00:00:00.000Z","event_type":"Reported Airstrike","actor":"Israel","site_type":"unknown","siteStype":"","city":"Bazouriyeh","province":"South","country":"Lebanon","latitude":33.254074,"longitude":35.271543,"source_1":"https://t.me/MTVLebanoNews/64914","source_2":"","sources":""}},{"type":"Feature","geometry":{"type":"Point","coordinates":[35.27013699955986,33.235650000009144]},"properties":{"event_id":1572,"data_org":"Green","post_date":"2026-04-16T00:00:00.000Z","pub_date":"2026-04-16T00:00:00.000Z","strikedate":"2026-04-16T00:00:00.000Z","time":"1899-12-30T00:00:00.000Z","event_type":"Reported Airstrike","actor":"Israel","site_type":"unknown","siteStype":"","city":"Ain Baal","province":"South","country":"Lebanon","latitude":33.23565,"longitude":35.270137,"source_1":"https://t.me/MTVLebanoNews/64921","source_2":"","sources":""}},{"type":"Feature","geometry":{"type":"Point","coordinates":[35.37319999974287,33.522160000354084]},"properties":{"event_id":1573,"data_org":"Green","post_date":"2026-04-16T00:00:00.000Z","pub_date":"2026-04-16T00:00:00.000Z","strikedate":"2026-04-16T00:00:00.000Z","time":"1899-12-30T00:00:00.000Z","event_type":"Report of Explosion with Footage","actor":"Israel","site_type":"unknown","siteStype":"","city":"Ghaziyeh","province":"South","country":"Lebanon","latitude":33.52216,"longitude":35.3732,"source_1":"https://t.me/MTVLebanoNews/64928","source_2":"https://x.com/Osint613/status/2044831527670788602","sources":""}},{"type":"Feature","geometry":{"type":"Point","coordinates":[35.27013699955986,33.235650000009144]},"properties":{"event_id":1574,"data_org":"Green","post_date":"2026-04-16T00:00:00.000Z","pub_date":"2026-04-16T00:00:00.000Z","strikedate":"2026-04-16T00:00:00.000Z","time":"1899-12-30T00:00:00.000Z","event_type":"Reported Airstrike","actor":"Israel","site_type":"unknown","siteStype":"","city":"Ain Baal","province":"South","country":"Lebanon","latitude":33.23565,"longitude":35.270137,"source_1":"https://t.me/MTVLebanoNews/64928","source_2":"","sources":""}},{"type":"Feature","geometry":{"type":"Point","coordinates":[35.68790500019116,33.5207090000886]},"properties":{"event_id":1575,"data_org":"Green","post_date":"2026-04-16T00:00:00.000Z","pub_date":"2026-04-16T00:00:00.000Z","strikedate":"2026-04-16T00:00:00.000Z","time":"1899-12-30T00:00:00.000Z","event_type":"Reported Airstrike","actor":"Israel","site_type":"unknown","siteStype":"","city":"Sohmor","province":"Beqaa","country":"Lebanon","latitude":33.520709,"longitude":35.687905,"source_1":"https://t.me/MTVLebanoNews/64947","source_2":"","sources":""}},{"type":"Feature","geometry":{"type":"Point","coordinates":[35.45023854024362,33.50731308035774]},"properties":{"event_id":1576,"data_org":"Green","post_date":"2026-04-16T00:00:00.000Z","pub_date":"2026-04-16T00:00:00.000Z","strikedate":"2026-04-16T00:00:00.000Z","time":"1899-12-30T00:00:00.000Z","event_type":"Reported Airstrike","actor":"Israel","site_type":"unknown","siteStype":"","city":"Kfar Hatta","province":"South","country":"Lebanon","latitude":33.50731308,"longitude":35.45023854,"source_1":"https://t.me/MTVLebanoNews/64952","source_2":"","sources":""}},{"type":"Feature","geometry":{"type":"Point","coordinates":[35.599198999744765,33.3718390001643]},"properties":{"event_id":1577,"data_org":"Green","post_date":"2026-04-16T00:00:00.000Z","pub_date":"2026-04-16T00:00:00.000Z","strikedate":"2026-04-16T00:00:00.000Z","time":"1899-12-30T00:00:00.000Z","event_type":"Reported Airstrike","actor":"Israel","site_type":"unknown","siteStype":"","city":"Dibbine","province":"Nabatieh","country":"Lebanon","latitude":33.371839,"longitude":35.599199,"source_1":"https://t.me/MTVLebanoNews/64953","source_2":"","sources":""}},{"type":"Feature","geometry":{"type":"Point","coordinates":[35.599198999744765,33.3718390001643]},"properties":{"event_id":1578,"data_org":"Green","post_date":"2026-04-16T00:00:00.000Z","pub_date":"2026-04-16T00:00:00.000Z","strikedate":"2026-04-16T00:00:00.000Z","time":"1899-12-30T00:00:00.000Z","event_type":"Reported Airstrike","actor":"Israel","site_type":"unknown","siteStype":"","city":"Dibbine","province":"Nabatieh","country":"Lebanon","latitude":33.371839,"longitude":35.599199,"source_1":"https://t.me/MTVLebanoNews/64954","source_2":"","sources":""}},{"type":"Feature","geometry":{"type":"Point","coordinates":[35.302541139879715,33.20831308994201]},"properties":{"event_id":1579,"data_org":"Green","post_date":"2026-04-16T00:00:00.000Z","pub_date":"2026-04-16T00:00:00.000Z","strikedate":"2026-04-16T00:00:00.000Z","time":"1899-12-30T00:00:00.000Z","event_type":"Reported Airstrike","actor":"Israel","site_type":"unknown","siteStype":"","city":"Qana","province":"South","country":"Lebanon","latitude":33.20831309,"longitude":35.30254114,"source_1":"https://t.me/MTVLebanoNews/64957","source_2":"","sources":""}},{"type":"Feature","geometry":{"type":"Point","coordinates":[35.36779799964644,33.26152100007158]},"properties":{"event_id":1580,"data_org":"Green","post_date":"2026-04-16T00:00:00.000Z","pub_date":"2026-04-16T00:00:00.000Z","strikedate":"2026-04-16T00:00:00.000Z","time":"1899-12-30T00:00:00.000Z","event_type":"Reported Airstrike","actor":"Israel","site_type":"unknown","siteStype":"","city":"Bafliyeh","province":"South","country":"Lebanon","latitude":33.261521,"longitude":35.367798,"source_1":"https://t.me/MTVLebanoNews/64957","source_2":"","sources":""}},{"type":"Feature","geometry":{"type":"Point","coordinates":[35.39683699970801,33.44835499972329]},"properties":{"event_id":1581,"data_org":"Green","post_date":"2026-04-16T00:00:00.000Z","pub_date":"2026-04-16T00:00:00.000Z","strikedate":"2026-04-16T00:00:00.000Z","time":"1899-12-30T00:00:00.000Z","event_type":"Reported Airstrike","actor":"Israel","site_type":"unknown","siteStype":"","city":"Zefta","province":"Nabatieh","country":"Lebanon","latitude":33.448355,"longitude":35.396837,"source_1":"https://t.me/MTVLebanoNews/64959","source_2":"","sources":""}},{"type":"Feature","geometry":{"type":"Point","coordinates":[35.338207999939044,33.238665000124236]},"properties":{"event_id":1582,"data_org":"Green","post_date":"2026-04-16T00:00:00.000Z","pub_date":"2026-04-16T00:00:00.000Z","strikedate":"2026-04-16T00:00:00.000Z","time":"1899-12-30T00:00:00.000Z","event_type":"Reported Airstrike","actor":"Israel","site_type":"unknown","siteStype":"","city":"Jouaiyya","province":"South","country":"Lebanon","latitude":33.238665,"longitude":35.338208,"source_1":"https://t.me/MTVLebanoNews/64960","source_2":"","sources":""}},{"type":"Feature","geometry":{"type":"Point","coordinates":[35.45023854024362,33.50731308035774]},"properties":{"event_id":1583,"data_org":"Green","post_date":"2026-04-16T00:00:00.000Z","pub_date":"2026-04-16T00:00:00.000Z","strikedate":"2026-04-16T00:00:00.000Z","time":"1899-12-30T00:00:00.000Z","event_type":"Reported Airstrike","actor":"Israel","site_type":"unknown","siteStype":"","city":"Kfar Hatta","province":"South","country":"Lebanon","latitude":33.50731308,"longitude":35.45023854,"source_1":"https://t.me/MTVLebanoNews/64960","source_2":"","sources":""}},{"type":"Feature","geometry":{"type":"Point","coordinates":[35.44072223009478,33.36863391007267]},"properties":{"event_id":1584,"data_org":"Green","post_date":"2026-04-16T00:00:00.000Z","pub_date":"2026-04-16T00:00:00.000Z","strikedate":"2026-04-16T00:00:00.000Z","time":"1899-12-30T00:00:00.000Z","event_type":"Reported Airstrike","actor":"Israel","site_type":"unknown","siteStype":"","city":"Jibchit","province":"Nabatieh","country":"Lebanon","latitude":33.36863391,"longitude":35.44072223,"source_1":"https://t.me/MTVLebanoNews/64960","source_2":"","sources":""}},{"type":"Feature","geometry":{"type":"Point","coordinates":[35.45023854024362,33.50731308035774]},"properties":{"event_id":1585,"data_org":"Green","post_date":"2026-04-16T00:00:00.000Z","pub_date":"2026-04-16T00:00:00.000Z","strikedate":"2026-04-16T00:00:00.000Z","time":"1899-12-30T00:00:00.000Z","event_type":"Reported Airstrike","actor":"Israel","site_type":"unknown","siteStype":"","city":"Kfar Hatta","province":"South","country":"Lebanon","latitude":33.50731308,"longitude":35.45023854,"source_1":"https://t.me/MTVLebanoNews/64964","source_2":"","sources":""}},{"type":"Feature","geometry":{"type":"Point","coordinates":[35.40716200022508,33.386272999641655]},"properties":{"event_id":1586,"data_org":"Green","post_date":"2026-04-16T00:00:00.000Z","pub_date":"2026-04-17T00:00:00.000Z","strikedate":"2026-04-16T00:00:00.000Z","time":"1899-12-30T00:00:00.000Z","event_type":"Reported Airstrike","actor":"Israel","site_type":"unknown","siteStype":"","city":"Doueir","province":"Nabatieh","country":"Lebanon","latitude":33.386273,"longitude":35.407162,"source_1":"https://t.me/MTVLebanoNews/64974","source_2":"","sources":""}},{"type":"Feature","geometry":{"type":"Point","coordinates":[35.273393999725926,33.40381700024636]},"properties":{"event_id":1587,"data_org":"Green","post_date":"2026-04-16T00:00:00.000Z","pub_date":"2026-04-17T00:00:00.000Z","strikedate":"2026-04-16T00:00:00.000Z","time":"1899-12-30T00:00:00.000Z","event_type":"Reported Airstrike","actor":"Israel","site_type":"unknown","siteStype":"","city":"Adloun","province":"South","country":"Lebanon","latitude":33.403817,"longitude":35.273394,"source_1":"https://t.me/MTVLebanoNews/64974","source_2":"","sources":""}},{"type":"Feature","geometry":{"type":"Point","coordinates":[35.27919000000765,33.41273499974175]},"properties":{"event_id":1588,"data_org":"Green","post_date":"2026-04-16T00:00:00.000Z","pub_date":"2026-04-17T00:00:00.000Z","strikedate":"2026-04-16T00:00:00.000Z","time":"1899-12-30T00:00:00.000Z","event_type":"Reported Airstrike","actor":"Israel","site_type":"unknown","siteStype":"","city":"Ansariyeh","province":"South","country":"Lebanon","latitude":33.412735,"longitude":35.27919,"source_1":"https://t.me/MTVLebanoNews/64974","source_2":"","sources":""}},{"type":"Feature","geometry":{"type":"Point","coordinates":[35.305239999691764,33.22582199979444]},"properties":{"event_id":1589,"data_org":"Green","post_date":"2026-04-16T00:00:00.000Z","pub_date":"2026-04-17T00:00:00.000Z","strikedate":"2026-04-16T00:00:00.000Z","time":"1899-12-30T00:00:00.000Z","event_type":"Reported Airstrike","actor":"Israel","site_type":"unknown","siteStype":"","city":"Aitit","province":"South","country":"Lebanon","latitude":33.225822,"longitude":35.30524,"source_1":"https://t.me/MTVLebanoNews/64975","source_2":"","sources":""}},{"type":"Feature","geometry":{"type":"Point","coordinates":[35.599198999744765,33.3718390001643]},"properties":{"event_id":1590,"data_org":"Green","post_date":"2026-04-16T00:00:00.000Z","pub_date":"2026-04-17T00:00:00.000Z","strikedate":"2026-04-16T00:00:00.000Z","time":"1899-12-30T00:00:00.000Z","event_type":"Reported Airstrike","actor":"Israel","site_type":"unknown","siteStype":"","city":"Dibbine","province":"Nabatieh","country":"Lebanon","latitude":33.371839,"longitude":35.599199,"source_1":"https://t.me/MTVLebanoNews/64975","source_2":"","sources":""}},{"type":"Feature","geometry":{"type":"Point","coordinates":[35.234816999692974,33.22076600007543]},"properties":{"event_id":1591,"data_org":"Green","post_date":"2026-04-16T00:00:00.000Z","pub_date":"2026-04-17T00:00:00.000Z","strikedate":"2026-04-16T00:00:00.000Z","time":"1899-12-30T00:00:00.000Z","event_type":"Reported Airstrike","actor":"Israel","site_type":"civilian","siteStype":"civilian : building","city":"Sammaaiyeh","province":"South","country":"Lebanon","latitude":33.220766,"longitude":35.234817,"source_1":"https://t.me/MTVLebanoNews/64978","source_2":"","sources":""}},{"type":"Feature","geometry":{"type":"Point","coordinates":[35.38064695978637,33.17664228011823]},"properties":{"event_id":1592,"data_org":"Green","post_date":"2026-04-16T00:00:00.000Z","pub_date":"2026-04-17T00:00:00.000Z","strikedate":"2026-04-16T00:00:00.000Z","time":"1899-12-30T00:00:00.000Z","event_type":"Reported Airstrike","actor":"Israel","site_type":"unknown","siteStype":"","city":"Haris","province":"Nabatieh","country":"Lebanon","latitude":33.17664228,"longitude":35.38064696,"source_1":"https://t.me/MTVLebanoNews/65021","source_2":"","sources":""}},{"type":"Feature","geometry":{"type":"Point","coordinates":[35.429015999759784,33.15382099993735]},"properties":{"event_id":1593,"data_org":"Green","post_date":"2026-04-17T00:00:00.000Z","pub_date":"2026-04-17T00:00:00.000Z","strikedate":"2026-04-17T00:00:00.000Z","time":"1899-12-30T00:00:00.000Z","event_type":"Reported Airstrike","actor":"Israel","site_type":"unknown","siteStype":"","city":"Beit Yahoun","province":"Nabatieh","country":"Lebanon","latitude":33.153821,"longitude":35.429016,"source_1":"https://x.com/manniefabian/status/2045151787758301588","source_2":"https://t.me/MTVLebanoNews/65146","sources":""}},{"type":"Feature","geometry":{"type":"Point","coordinates":[35.416313770438364,33.26094378027369]},"properties":{"event_id":1594,"data_org":"Green","post_date":"2026-04-20T00:00:00.000Z","pub_date":"2026-04-20T00:00:00.000Z","strikedate":"2026-04-19T00:00:00.000Z","time":"1899-12-30T00:00:00.000Z","event_type":"Confirmed Airstrike","actor":"Israel","site_type":"military","siteStype":"military : launch site (missile)","city":"Qalaouiyeh","province":"Nabatieh","country":"Lebanon","latitude":33.26094378,"longitude":35.41631377,"source_1":"https://x.com/idfonline/status/2046099357523378414?s=20","source_2":"","sources":""}},{"type":"Feature","geometry":{"type":"Point","coordinates":[35.40050200030308,33.141208999666716]},"properties":{"event_id":1595,"data_org":"Green","post_date":"2026-04-20T00:00:00.000Z","pub_date":"2026-04-20T00:00:00.000Z","strikedate":"2026-04-20T00:00:00.000Z","time":"1899-12-30T00:00:00.000Z","event_type":"Reported Airstrike","actor":"Israel","site_type":"unknown","siteStype":"","city":"Tayri","province":"Nabatieh","country":"Lebanon","latitude":33.141209,"longitude":35.400502,"source_1":"https://t.me/MTVLebanoNews/65513","source_2":"","sources":""}},{"type":"Feature","geometry":{"type":"Point","coordinates":[35.43746499996,33.308645999799815]},"properties":{"event_id":1597,"data_org":"Green","post_date":"2026-04-20T00:00:00.000Z","pub_date":"2026-04-20T00:00:00.000Z","strikedate":"2026-04-20T00:00:00.000Z","time":"1899-12-30T00:00:00.000Z","event_type":"Confirmed Airstrike","actor":"Israel","site_type":"unknown","siteStype":"","city":"Qaaqaaiyeh al Jisr","province":"Nabatieh","country":"Lebanon","latitude":33.308646,"longitude":35.437465,"source_1":"https://x.com/manniefabian/status/2046243929914278106?s=20","source_2":"https://x.com/manniefabian/status/2046269272624660893?s=20","sources":"https://t.me/MTVLebanoNews/65618"}},{"type":"Feature","geometry":{"type":"Point","coordinates":[35.43724582001382,33.12195800007302]},"properties":{"event_id":1598,"data_org":"Green","post_date":"2026-04-20T00:00:00.000Z","pub_date":"2026-04-20T00:00:00.000Z","strikedate":"2026-04-20T00:00:00.000Z","time":"1899-12-30T00:00:00.000Z","event_type":"Reported Airstrike","actor":"Israel","site_type":"unknown","siteStype":"","city":"Bint Jbeil","province":"Nabatieh","country":"Lebanon","latitude":33.121958,"longitude":35.43724582,"source_1":"https://x.com/manniefabian/status/2046269272624660893?s=20","source_2":"","sources":""}},{"type":"Feature","geometry":{"type":"Point","coordinates":[35.43724582001382,33.12195800007302]},"properties":{"event_id":1599,"data_org":"Green","post_date":"2026-04-20T00:00:00.000Z","pub_date":"2026-04-20T00:00:00.000Z","strikedate":"2026-04-20T00:00:00.000Z","time":"1899-12-30T00:00:00.000Z","event_type":"Confirmed Airstrike","actor":"Israel","site_type":"unknown","siteStype":"","city":"Bint Jbeil","province":"Nabatieh","country":"Lebanon","latitude":33.121958,"longitude":35.43724582,"source_1":"https://x.com/manniefabian/status/2046269272624660893?s=20","source_2":"https://x.com/idfonline/status/2046267889699934581","sources":""}},{"type":"Feature","geometry":{"type":"Point","coordinates":[35.2184849999053,33.12675899975687]},"properties":{"event_id":1602,"data_org":"Green","post_date":"2026-04-21T00:00:00.000Z","pub_date":"2026-04-21T00:00:00.000Z","strikedate":"2026-04-21T00:00:00.000Z","time":"1899-12-30T00:00:00.000Z","event_type":"Reported Airstrike","actor":"Israel","site_type":"unknown","siteStype":"","city":"Tayr Harfa","province":"South","country":"Lebanon","latitude":33.126759,"longitude":35.218485,"source_1":"https://t.me/MTVLebanoNews/65738","source_2":"","sources":""}},{"type":"Feature","geometry":{"type":"Point","coordinates":[35.35328199990116,33.19189900007395]},"properties":{"event_id":1605,"data_org":"Green","post_date":"2026-04-21T00:00:00.000Z","pub_date":"2026-04-21T00:00:00.000Z","strikedate":"2026-04-21T00:00:00.000Z","time":"1899-12-30T00:00:00.000Z","event_type":"Confirmed Airstrike","actor":"Israel","site_type":"unknown","siteStype":"","city":"al Qusayr","province":"","country":"Lebanon","latitude":33.191899,"longitude":35.353282,"source_1":"https://x.com/idfonline/status/2046606157632934165","source_2":"https://x.com/IDF/status/2046610265152647309","sources":"https://x.com/Osint613/status/2046607445431144826"}},{"type":"Feature","geometry":{"type":"Point","coordinates":[35.60591999976613,33.47279000003764]},"properties":{"event_id":1611,"data_org":"Green","post_date":"2026-04-22T00:00:00.000Z","pub_date":"2026-04-22T00:00:00.000Z","strikedate":"2026-04-22T00:00:00.000Z","time":"1899-12-30T00:00:00.000Z","event_type":"Reported Airstrike","actor":"Israel","site_type":"unknown","siteStype":"","city":"Birkat Jabbour","province":"South","country":"Lebanon","latitude":33.47279,"longitude":35.60592,"source_1":"https://t.me/MTVLebanoNews/65878","source_2":"https://x.com/Osint613/status/2046840849741308146","sources":""}},{"type":"Feature","geometry":{"type":"Point","coordinates":[35.449636999583284,33.27964300028077]},"properties":{"event_id":1608,"data_org":"Green","post_date":"2026-04-22T00:00:00.000Z","pub_date":"2026-04-22T00:00:00.000Z","strikedate":"2026-04-21T00:00:00.000Z","time":"1899-12-30T00:00:00.000Z","event_type":"Confirmed Airstrike","actor":"Israel","site_type":"unknown","siteStype":"","city":"Qantara","province":"Nabatieh","country":"Lebanon","latitude":33.279643,"longitude":35.449637,"source_1":"https://x.com/idfonline/status/2046856232770707716?s=20","source_2":"DNGTS: https://www.idf dot il/????-??????/????-??????/??-??????/?????/?????-????-?????-??-????????-?????-?????-??-?-????-??????-????-??-??-?????-?????/","sources":"https://x.com/manniefabian/status/2046855234383708671?s=20 ; https://x.com/Me1Ray/status/2046875428787552436?s=20"}},{"type":"Feature","geometry":{"type":"Point","coordinates":[35.40445599970483,33.13575299994291]},"properties":{"event_id":1609,"data_org":"Green","post_date":"2026-04-22T00:00:00.000Z","pub_date":"2026-04-22T00:00:00.000Z","strikedate":"2026-04-22T00:00:00.000Z","time":"1899-12-30T00:00:00.000Z","event_type":"Reported Airstrike","actor":"Israel","site_type":"unknown","siteStype":"","city":"Tayri","province":"Nabatieh","country":"Lebanon","latitude":33.135753,"longitude":35.404456,"source_1":"https://t.me/moriahdoron/30209","source_2":"https://t.me/MTVLebanoNews/65942","sources":"https://x.com/MarioLeb79/status/2046921935570010415"}},{"type":"Feature","geometry":{"type":"Point","coordinates":[35.51937000001908,33.31107100013384]},"properties":{"event_id":1613,"data_org":"Green","post_date":"2026-04-22T00:00:00.000Z","pub_date":"2026-04-22T00:00:00.000Z","strikedate":"2026-04-22T00:00:00.000Z","time":"1899-12-30T00:00:00.000Z","event_type":"Reported Airstrike","actor":"Israel","site_type":"unknown","siteStype":"","city":"Yohmor","province":"Nabatieh","country":"Lebanon","latitude":33.311071,"longitude":35.51937,"source_1":"https://t.me/MTVLebanoNews/65955","source_2":"https://t.me/MTVLebanoNews/65959","sources":""}},{"type":"Feature","geometry":{"type":"Point","coordinates":[35.53381200014452,33.43378999993274]},"properties":{"event_id":1614,"data_org":"Green","post_date":"2026-04-23T00:00:00.000Z","pub_date":"2026-04-23T00:00:00.000Z","strikedate":"2026-04-22T00:00:00.000Z","time":"1899-12-30T00:00:00.000Z","event_type":"Confirmed Airstrike","actor":"Israel","site_type":"military","siteStype":"","city":"Sejoud","province":"South","country":"Lebanon","latitude":33.43379,"longitude":35.533812,"source_1":"https://x.com/idfonline/status/2047263029633425509?s=20","source_2":"","sources":""}},{"type":"Feature","geometry":{"type":"Point","coordinates":[35.61480599980935,33.33020100011496]},"properties":{"event_id":1615,"data_org":"Green","post_date":"2026-04-22T00:00:00.000Z","pub_date":"2026-04-23T00:00:00.000Z","strikedate":"2026-04-22T00:00:00.000Z","time":"1899-12-30T00:00:00.000Z","event_type":"Reported Airstrike","actor":"Israel","site_type":"unknown","siteStype":"","city":"Khiam","province":"Nabatieh","country":"Lebanon","latitude":33.330201,"longitude":35.614806,"source_1":"https://t.me/MTVLebanoNews/66005","source_2":"","sources":""}},{"type":"Feature","geometry":{"type":"Point","coordinates":[35.46740422961556,33.35657362975633]},"properties":{"event_id":1616,"data_org":"Green","post_date":"2026-04-23T00:00:00.000Z","pub_date":"2026-04-23T00:00:00.000Z","strikedate":"2026-04-23T00:00:00.000Z","time":"1899-12-30T00:00:00.000Z","event_type":"Reported Airstrike","actor":"Israel","site_type":"unknown","siteStype":"","city":"Choukine","province":"Nabatieh","country":"Lebanon","latitude":33.35657363,"longitude":35.46740423,"source_1":"https://x.com/ariel_oseran/status/2047341455639794003","source_2":"https://t.me/MTVLebanoNews/66130","sources":"DNGTS: https://www.timesofisrael dot com/liveblog_entry/lebanon-says-3-killed-in-israeli-strike-in-south-lebanon/"}},{"type":"Feature","geometry":{"type":"Point","coordinates":[35.435633000024076,33.12925299975362]},"properties":{"event_id":1617,"data_org":"Green","post_date":"2026-04-23T00:00:00.000Z","pub_date":"2026-04-24T00:00:00.000Z","strikedate":"2026-04-23T00:00:00.000Z","time":"1899-12-30T00:00:00.000Z","event_type":"Confirmed Airstrike","actor":"Israel","site_type":"military","siteStype":"military : launch site (missile)","city":"Ainata","province":"Nabatieh","country":"Lebanon","latitude":33.129253,"longitude":35.435633,"source_1":"https://x.com/idfonline/status/2047420299780464820?s=20","source_2":"","sources":""}},{"type":"Feature","geometry":{"type":"Point","coordinates":[35.435633000024076,33.12925299975362]},"properties":{"event_id":1618,"data_org":"Green","post_date":"2026-04-23T00:00:00.000Z","pub_date":"2026-04-24T00:00:00.000Z","strikedate":"2026-04-23T00:00:00.000Z","time":"1899-12-30T00:00:00.000Z","event_type":"Confirmed Airstrike","actor":"Israel","site_type":"military","siteStype":"military : launch site (missile)","city":"Ainata","province":"Nabatieh","country":"Lebanon","latitude":33.129253,"longitude":35.435633,"source_1":"https://x.com/idfonline/status/2047420299780464820?s=20","source_2":"","sources":""}},{"type":"Feature","geometry":{"type":"Point","coordinates":[35.44891699988306,33.24668099993754]},"properties":{"event_id":1624,"data_org":"Green","post_date":"2026-04-24T00:00:00.000Z","pub_date":"2026-04-24T00:00:00.000Z","strikedate":"2026-04-24T00:00:00.000Z","time":"1899-12-30T00:00:00.000Z","event_type":"Reported Airstrike","actor":"Israel","site_type":"unknown","siteStype":"","city":"Touline","province":"Nabatieh","country":"Lebanon","latitude":33.246681,"longitude":35.448917,"source_1":"https://x.com/MarioLeb79/status/2047417938014040489","source_2":"https://t.me/MTVLebanoNews/66221","sources":""}},{"type":"Feature","geometry":{"type":"Point","coordinates":[35.56755085012699,33.44439284013928]},"properties":{"event_id":1625,"data_org":"Green","post_date":"2026-04-24T00:00:00.000Z","pub_date":"2026-04-24T00:00:00.000Z","strikedate":"2026-04-24T00:00:00.000Z","time":"1899-12-30T00:00:00.000Z","event_type":"Reported Airstrike","actor":"Israel","site_type":"unknown","siteStype":"","city":"Rihan","province":"South","country":"Lebanon","latitude":33.44439284,"longitude":35.56755085,"source_1":"https://x.com/MarioLeb79/status/2047417938014040489","source_2":"","sources":""}},{"type":"Feature","geometry":{"type":"Point","coordinates":[35.44490446985065,33.32212107987845]},"properties":{"event_id":1626,"data_org":"Green","post_date":"2026-04-24T00:00:00.000Z","pub_date":"2026-04-24T00:00:00.000Z","strikedate":"2026-04-24T00:00:00.000Z","time":"1899-12-30T00:00:00.000Z","event_type":"Reported Airstrike","actor":"Israel","site_type":"unknown","siteStype":"","city":"Wadi Hujjar","province":"Nabatieh","country":"Lebanon","latitude":33.32212108,"longitude":35.44490447,"source_1":"https://x.com/MarioLeb79/status/2047417938014040489","source_2":"","sources":""}},{"type":"Feature","geometry":{"type":"Point","coordinates":[35.33335499983861,33.19825299979115]},"properties":{"event_id":1627,"data_org":"Green","post_date":"2026-04-24T00:00:00.000Z","pub_date":"2026-04-24T00:00:00.000Z","strikedate":"2026-04-24T00:00:00.000Z","time":"1899-12-30T00:00:00.000Z","event_type":"Reported Airstrike","actor":"Israel","site_type":"unknown","siteStype":"","city":"Deir Aames","province":"South","country":"Lebanon","latitude":33.198253,"longitude":35.333355,"source_1":"https://x.com/MarioLeb79/status/2047665598880948254","source_2":"https://x.com/manniefabian/status/2047666685608440199","sources":"https://x.com/GLZRadio/status/2047643100453986377; https://t.me/MTVLebanoNews/66329 ; https://x.com/idfonline/status/2047690067389431915"}},{"type":"Feature","geometry":{"type":"Point","coordinates":[35.427527999780445,33.137554000352715]},"properties":{"event_id":1628,"data_org":"Green","post_date":"2026-04-24T00:00:00.000Z","pub_date":"2026-04-24T00:00:00.000Z","strikedate":"2026-04-24T00:00:00.000Z","time":"1899-12-30T00:00:00.000Z","event_type":"Reported Airstrike","actor":"Israel","site_type":"unknown","siteStype":"","city":"Bint Jbeil","province":"Nabatieh","country":"Lebanon","latitude":33.137554,"longitude":35.427528,"source_1":"https://t.me/MTVLebanoNews/66332","source_2":"","sources":""}},{"type":"Feature","geometry":{"type":"Point","coordinates":[35.32830199972164,33.15379999976207]},"properties":{"event_id":1629,"data_org":"Green","post_date":"2026-04-24T00:00:00.000Z","pub_date":"2026-04-24T00:00:00.000Z","strikedate":"2026-04-24T00:00:00.000Z","time":"1899-12-30T00:00:00.000Z","event_type":"Reported Airstrike","actor":"Israel","site_type":"unknown","siteStype":"","city":"Yater","province":"Nabatieh","country":"Lebanon","latitude":33.1538,"longitude":35.328302,"source_1":"https://t.me/MTVLebanoNews/66366","source_2":"","sources":""}},{"type":"Feature","geometry":{"type":"Point","coordinates":[35.32830240037026,33.15379961996442]},"properties":{"event_id":1631,"data_org":"Green","post_date":"2026-04-24T00:00:00.000Z","pub_date":"2026-04-25T00:00:00.000Z","strikedate":"2026-04-24T00:00:00.000Z","time":"1899-12-30T00:00:00.000Z","event_type":"Confirmed Airstrike","actor":"Israel","site_type":"military","siteStype":"military : launch site (missile)","city":"Yater","province":"Nabatieh","country":"Lebanon","latitude":33.15379962,"longitude":35.3283024,"source_1":"https://x.com/idfonline/status/2047752024973021310","source_2":"https://t.me/MTVLebanoNews/66394","sources":""}},{"type":"Feature","geometry":{"type":"Point","coordinates":[35.35077668032044,33.17459445006687]},"properties":{"event_id":1632,"data_org":"Green","post_date":"2026-04-24T00:00:00.000Z","pub_date":"2026-04-25T00:00:00.000Z","strikedate":"2026-04-24T00:00:00.000Z","time":"1899-12-30T00:00:00.000Z","event_type":"Confirmed Airstrike","actor":"Israel","site_type":"military","siteStype":"military : launch site (missile)","city":"Kafra","province":"Nabatieh","country":"Lebanon","latitude":33.17459445,"longitude":35.35077668,"source_1":"https://x.com/idfonline/status/2047752024973021310","source_2":"https://t.me/MTVLebanoNews/66397","sources":""}},{"type":"Feature","geometry":{"type":"Point","coordinates":[35.45828760958102,33.43100640029197]},"properties":{"event_id":1633,"data_org":"Green","post_date":"2026-04-25T00:00:00.000Z","pub_date":"2026-04-25T00:00:00.000Z","strikedate":"2026-04-25T00:00:00.000Z","time":"1899-12-30T00:00:00.000Z","event_type":"Confirmed Airstrike","actor":"Israel","site_type":"military","siteStype":"military : launch site (missile)","city":"Deir al Zahrani","province":"Nabatieh","country":"Lebanon","latitude":33.4310064,"longitude":35.45828761,"source_1":"https://x.com/idfonline/status/2047928148709245397","source_2":"","sources":""}},{"type":"Feature","geometry":{"type":"Point","coordinates":[35.49652002036257,33.38613943967583]},"properties":{"event_id":1634,"data_org":"Green","post_date":"2026-04-25T00:00:00.000Z","pub_date":"2026-04-25T00:00:00.000Z","strikedate":"2026-04-25T00:00:00.000Z","time":"1899-12-30T00:00:00.000Z","event_type":"Confirmed Airstrike","actor":"Israel","site_type":"military","siteStype":"military : launch site (missile)","city":"Kfar Roumane","province":"Nabatieh","country":"Lebanon","latitude":33.38613944,"longitude":35.49652002,"source_1":"https://x.com/idfonline/status/2047928148709245397","source_2":"","sources":""}},{"type":"Feature","geometry":{"type":"Point","coordinates":[35.23481729973028,33.22076550032803]},"properties":{"event_id":1635,"data_org":"Green","post_date":"2026-04-25T00:00:00.000Z","pub_date":"2026-04-25T00:00:00.000Z","strikedate":"2026-04-25T00:00:00.000Z","time":"1899-12-30T00:00:00.000Z","event_type":"Confirmed Airstrike","actor":"Israel","site_type":"military","siteStype":"military : launch site (missile)","city":"Sammaaiyeh","province":"South","country":"Lebanon","latitude":33.2207655,"longitude":35.2348173,"source_1":"https://x.com/idfonline/status/2047928148709245397","source_2":"https://t.me/Eng_ahed/83066","sources":""}},{"type":"Feature","geometry":{"type":"Point","coordinates":[35.51936952031872,33.3110714903561]},"properties":{"event_id":1636,"data_org":"Green","post_date":"2026-04-25T00:00:00.000Z","pub_date":"2026-04-25T00:00:00.000Z","strikedate":"2026-04-25T00:00:00.000Z","time":"1899-12-30T00:00:00.000Z","event_type":"Reported Airstrike","actor":"Israel","site_type":"unknown","siteStype":"","city":"Yohmor","province":"Beqaa","country":"Lebanon","latitude":33.31107149,"longitude":35.51936952,"source_1":"https://x.com/manniefabian/status/2047976493389639983","source_2":"https://t.me/moriahdoron/30296","sources":"https://t.me/MTVLebanoNews/66439"}},{"type":"Feature","geometry":{"type":"Point","coordinates":[35.24161884988654,33.20326542975767]},"properties":{"event_id":1637,"data_org":"Green","post_date":"2026-04-24T00:00:00.000Z","pub_date":"2026-04-25T00:00:00.000Z","strikedate":"2026-04-24T00:00:00.000Z","time":"1899-12-30T00:00:00.000Z","event_type":"Reported Airstrike","actor":"Israel","site_type":"unknown","siteStype":"","city":"Maaliyeh","province":"South","country":"Lebanon","latitude":33.20326543,"longitude":35.24161885,"source_1":"https://t.me/MTVLebanoNews/66395","source_2":"https://t.me/Eng_ahed/83066","sources":"https://t.me/sameralhajali/1459"}},{"type":"Feature","geometry":{"type":"Point","coordinates":[35.43267625006363,33.199974439907336]},"properties":{"event_id":1641,"data_org":"Green","post_date":"2026-04-25T00:00:00.000Z","pub_date":"2026-04-25T00:00:00.000Z","strikedate":"2026-04-25T00:00:00.000Z","time":"1899-12-30T00:00:00.000Z","event_type":"Reported Airstrike","actor":"Israel","site_type":"unknown","siteStype":"","city":"Safad El Battikh","province":"Nabatieh","country":"Lebanon","latitude":33.19997444,"longitude":35.43267625,"source_1":"https://x.com/MarioLeb79/status/2048063953515794493","source_2":"https://t.me/sameralhajali/1480","sources":""}},{"type":"Feature","geometry":{"type":"Point","coordinates":[35.43807173018772,33.1499546801148]},"properties":{"event_id":1642,"data_org":"Green","post_date":"2026-04-25T00:00:00.000Z","pub_date":"2026-04-25T00:00:00.000Z","strikedate":"2026-04-25T00:00:00.000Z","time":"1899-12-30T00:00:00.000Z","event_type":"Reported Airstrike","actor":"Israel","site_type":"unknown","siteStype":"","city":"Kounine","province":"Nabatieh","country":"Lebanon","latitude":33.14995468,"longitude":35.43807173,"source_1":"https://x.com/MarioLeb79/status/2048066452159164853","source_2":"https://t.me/MTVLebanoNews/66488","sources":"https://t.me/sameralhajali/1479"}},{"type":"Feature","geometry":{"type":"Point","coordinates":[35.35077668032044,33.17459445006687]},"properties":{"event_id":1643,"data_org":"Green","post_date":"2026-04-24T00:00:00.000Z","pub_date":"2026-04-25T00:00:00.000Z","strikedate":"2026-04-24T00:00:00.000Z","time":"1899-12-30T00:00:00.000Z","event_type":"Reported Airstrike","actor":"Israel","site_type":"","siteStype":"","city":"Kafra","province":"Nabatieh","country":"Lebanon","latitude":33.17459445,"longitude":35.35077668,"source_1":"https://t.me/Eng_ahed/83066","source_2":"https://t.me/sameralhajali/1459","sources":""}},{"type":"Feature","geometry":{"type":"Point","coordinates":[35.4391830000931,33.20793100002233]},"properties":{"event_id":1644,"data_org":"Green","post_date":"2026-04-25T00:00:00.000Z","pub_date":"2026-04-25T00:00:00.000Z","strikedate":"2026-04-25T00:00:00.000Z","time":"1899-12-30T00:00:00.000Z","event_type":"Reported Airstrike","actor":"Israel","site_type":"","siteStype":"","city":"Jmaijmeh","province":"Nabatieh","country":"Lebanon","latitude":33.207931,"longitude":35.439183,"source_1":"https://t.me/sameralhajali/1481","source_2":"","sources":""}},{"type":"Feature","geometry":{"type":"Point","coordinates":[35.427527999780445,33.137554000352715]},"properties":{"event_id":1645,"data_org":"Green","post_date":"2026-04-25T00:00:00.000Z","pub_date":"2026-04-25T00:00:00.000Z","strikedate":"2026-04-25T00:00:00.000Z","time":"1899-12-30T00:00:00.000Z","event_type":"Reported Airstrike","actor":"Israel","site_type":"","siteStype":"","city":"Bint Jbeil","province":"Nabatieh","country":"Lebanon","latitude":33.137554,"longitude":35.427528,"source_1":"https://t.me/sameralhajali/1483","source_2":"","sources":""}},{"type":"Feature","geometry":{"type":"Point","coordinates":[35.42673899958494,33.15920199996499]},"properties":{"event_id":1646,"data_org":"Green","post_date":"2026-04-25T00:00:00.000Z","pub_date":"2026-04-25T00:00:00.000Z","strikedate":"2026-04-25T00:00:00.000Z","time":"1899-12-30T00:00:00.000Z","event_type":"Reported Airstrike","actor":"Israel","site_type":"","siteStype":"","city":"Beit Yahoun","province":"Nabatieh","country":"Lebanon","latitude":33.159202,"longitude":35.426739,"source_1":"https://t.me/MTVLebanoNews/66500","source_2":"","sources":""}},{"type":"Feature","geometry":{"type":"Point","coordinates":[35.38989076958703,33.16548399994568]},"properties":{"event_id":1647,"data_org":"Green","post_date":"2026-04-25T00:00:00.000Z","pub_date":"2026-04-26T00:00:00.000Z","strikedate":"2026-04-25T00:00:00.000Z","time":"1899-12-30T00:00:00.000Z","event_type":"Reported Airstrike","actor":"Israel","site_type":"","siteStype":"","city":"Haddatha","province":"Nabatieh","country":"Lebanon","latitude":33.165484,"longitude":35.38989077,"source_1":"https://x.com/MarioLeb79/status/2048122536483868968","source_2":"https://t.me/sameralhajali/1490","sources":""}},{"type":"Feature","geometry":{"type":"Point","coordinates":[35.272571709762616,33.254425999766525]},"properties":{"event_id":1648,"data_org":"Green","post_date":"2026-04-25T00:00:00.000Z","pub_date":"2026-04-26T00:00:00.000Z","strikedate":"2026-04-25T00:00:00.000Z","time":"1899-12-30T00:00:00.000Z","event_type":"Reported Airstrike","actor":"Israel","site_type":"","siteStype":"","city":"Bazouriye","province":"South","country":"Lebanon","latitude":33.254426,"longitude":35.27257171,"source_1":"https://x.com/MarioLeb79/status/2048139983807029718","source_2":"https://x.com/MarioLeb79/status/2048140103659241556","sources":"https://t.me/sameralhajali/1495"}},{"type":"Feature","geometry":{"type":"Point","coordinates":[35.43267625006363,33.199974439907336]},"properties":{"event_id":1649,"data_org":"Green","post_date":"2026-04-26T00:00:00.000Z","pub_date":"2026-04-26T00:00:00.000Z","strikedate":"2026-04-26T00:00:00.000Z","time":"1899-12-30T00:00:00.000Z","event_type":"Reported Airstrike","actor":"Israel","site_type":"unknown","siteStype":"","city":"Safad al Battikh","province":"Nabatieh","country":"Lebanon","latitude":33.19997444,"longitude":35.43267625,"source_1":"https://x.com/Osint613/status/2048387364599283743?s=20","source_2":"","sources":""}},{"type":"Feature","geometry":{"type":"Point","coordinates":[35.22921080983752,33.19779500021374]},"properties":{"event_id":1650,"data_org":"Green","post_date":"2026-04-25T00:00:00.000Z","pub_date":"2026-04-26T00:00:00.000Z","strikedate":"2026-04-25T00:00:00.000Z","time":"1899-12-30T00:00:00.000Z","event_type":"Reported Airstrike","actor":"Israel","site_type":"","siteStype":"","city":"Qlaileh","province":"South","country":"Lebanon","latitude":33.197795,"longitude":35.22921081,"source_1":"https://x.com/MarioLeb79/status/2048145104607617117","source_2":"https://x.com/MarioLeb79/status/2048148676028043322","sources":"https://t.me/sameralhajali/1498"}},{"type":"Feature","geometry":{"type":"Point","coordinates":[35.4986589997839,33.36187999993867]},"properties":{"event_id":447,"data_org":"Green","post_date":"2026-03-13T00:00:00.000Z","pub_date":"2026-03-13T00:00:00.000Z","strikedate":"2026-03-13T00:00:00.000Z","time":"1899-12-30T00:00:00.000Z","event_type":"Reported Airstrike","actor":"Israel","site_type":"","siteStype":"","city":"Nabatieh al Fawqa","province":"Nabatieh","country":"Lebanon","latitude":33.36188,"longitude":35.498659,"source_1":"https://t.me/alichoeib1970/15783","source_2":"","sources":""}},{"type":"Feature","geometry":{"type":"Point","coordinates":[35.478454999711914,33.35017099989022]},"properties":{"event_id":448,"data_org":"Green","post_date":"2026-03-13T00:00:00.000Z","pub_date":"2026-03-13T00:00:00.000Z","strikedate":"2026-03-13T00:00:00.000Z","time":"1899-12-30T00:00:00.000Z","event_type":"Reported Airstrike","actor":"Israel","site_type":"","siteStype":"","city":"Maifadoun","province":"Nabatieh","country":"Lebanon","latitude":33.350171,"longitude":35.478455,"source_1":"https://t.me/alichoeib1970/15783","source_2":"","sources":""}},{"type":"Feature","geometry":{"type":"Point","coordinates":[35.43018999991976,33.26703099970336]},"properties":{"event_id":449,"data_org":"Green","post_date":"2026-03-13T00:00:00.000Z","pub_date":"2026-03-13T00:00:00.000Z","strikedate":"2026-03-13T00:00:00.000Z","time":"1899-12-30T00:00:00.000Z","event_type":"Reported Airstrike","actor":"Israel","site_type":"","siteStype":"","city":"Burj Qalaouiye","province":"Bint Jbeil","country":"Lebanon","latitude":33.267031,"longitude":35.43019,"source_1":"https://t.me/alichoeib1970/15783","source_2":"","sources":""}},{"type":"Feature","geometry":{"type":"Point","coordinates":[35.458288000348176,33.4310059999581]},"properties":{"event_id":450,"data_org":"Green","post_date":"2026-03-13T00:00:00.000Z","pub_date":"2026-03-13T00:00:00.000Z","strikedate":"2026-03-13T00:00:00.000Z","time":"1899-12-30T00:00:00.000Z","event_type":"Reported Airstrike","actor":"Israel","site_type":"","siteStype":"","city":"Deir el Zahrani","province":"Nabatieh","country":"Lebanon","latitude":33.431006,"longitude":35.458288,"source_1":"https://t.me/alichoeib1970/15783","source_2":"","sources":""}},{"type":"Feature","geometry":{"type":"Point","coordinates":[35.437245999676875,33.12195800007302]},"properties":{"event_id":451,"data_org":"Green","post_date":"2026-03-13T00:00:00.000Z","pub_date":"2026-03-13T00:00:00.000Z","strikedate":"2026-03-13T00:00:00.000Z","time":"1899-12-30T00:00:00.000Z","event_type":"Reported Airstrike","actor":"Israel","site_type":"","siteStype":"","city":"Bint Jbeil","province":"Bint Jbeil","country":"Lebanon","latitude":33.121958,"longitude":35.437246,"source_1":"https://t.me/alichoeib1970/15783","source_2":"","sources":""}},{"type":"Feature","geometry":{"type":"Point","coordinates":[35.384290000166004,33.3425600002642]},"properties":{"event_id":452,"data_org":"Green","post_date":"2026-03-13T00:00:00.000Z","pub_date":"2026-03-13T00:00:00.000Z","strikedate":"2026-03-13T00:00:00.000Z","time":"1899-12-30T00:00:00.000Z","event_type":"Reported Airstrike","actor":"Israel","site_type":"","siteStype":"","city":"Bariqa","province":"Nabatieh","country":"Lebanon","latitude":33.34256,"longitude":35.38429,"source_1":"https://t.me/alichoeib1970/15783","source_2":"","sources":""}},{"type":"Feature","geometry":{"type":"Point","coordinates":[35.33247600012973,33.13393399972447]},"properties":{"event_id":453,"data_org":"Green","post_date":"2026-03-13T00:00:00.000Z","pub_date":"2026-03-13T00:00:00.000Z","strikedate":"2026-03-13T00:00:00.000Z","time":"1899-12-30T00:00:00.000Z","event_type":"Reported Airstrike","actor":"Israel","site_type":"","siteStype":"","city":"Beit Leef","province":"Bint Jbeil","country":"Lebanon","latitude":33.133934,"longitude":35.332476,"source_1":"https://t.me/alichoeib1970/15785","source_2":"","sources":""}},{"type":"Feature","geometry":{"type":"Point","coordinates":[35.3454849996291,33.16983299967454]},"properties":{"event_id":454,"data_org":"Green","post_date":"2026-03-13T00:00:00.000Z","pub_date":"2026-03-13T00:00:00.000Z","strikedate":"2026-03-13T00:00:00.000Z","time":"1899-12-30T00:00:00.000Z","event_type":"Reported Airstrike","actor":"Israel","site_type":"","siteStype":"","city":"Kafra","province":"Bint Jbeil","country":"Lebanon","latitude":33.169833,"longitude":35.345485,"source_1":"https://t.me/alichoeib1970/15785","source_2":"","sources":""}},{"type":"Feature","geometry":{"type":"Point","coordinates":[35.37849999973206,33.21784999981392]},"properties":{"event_id":455,"data_org":"Green","post_date":"2026-03-13T00:00:00.000Z","pub_date":"2026-03-13T00:00:00.000Z","strikedate":"2026-03-13T00:00:00.000Z","time":"1899-12-30T00:00:00.000Z","event_type":"Reported Airstrike","actor":"Israel","site_type":"","siteStype":"","city":"Deyrintar","province":"Bint Jbeil","country":"Lebanon","latitude":33.21785,"longitude":35.3785,"source_1":"https://t.me/alichoeib1970/15785","source_2":"","sources":""}},{"type":"Feature","geometry":{"type":"Point","coordinates":[35.29977999986901,33.34503499996062]},"properties":{"event_id":456,"data_org":"Green","post_date":"2026-03-13T00:00:00.000Z","pub_date":"2026-03-13T00:00:00.000Z","strikedate":"2026-03-13T00:00:00.000Z","time":"1899-12-30T00:00:00.000Z","event_type":"Reported Airstrike","actor":"Israel","site_type":"","siteStype":"","city":"Kharayeb","province":"Sidon","country":"Lebanon","latitude":33.345035,"longitude":35.29978,"source_1":"https://t.me/alichoeib1970/15785","source_2":"","sources":""}},{"type":"Feature","geometry":{"type":"Point","coordinates":[35.462922000165484,33.19244600007066]},"properties":{"event_id":457,"data_org":"Green","post_date":"2026-03-13T00:00:00.000Z","pub_date":"2026-03-13T00:00:00.000Z","strikedate":"2026-03-13T00:00:00.000Z","time":"1899-12-30T00:00:00.000Z","event_type":"Reported Airstrike","actor":"Israel","site_type":"","siteStype":"","city":"Chaqra","province":"Bint Jbeil","country":"Lebanon","latitude":33.192446,"longitude":35.462922,"source_1":"https://t.me/alichoeib1970/15785","source_2":"","sources":""}},{"type":"Feature","geometry":{"type":"Point","coordinates":[35.24598900013187,33.2227139997567]},"properties":{"event_id":458,"data_org":"Green","post_date":"2026-03-13T00:00:00.000Z","pub_date":"2026-03-13T00:00:00.000Z","strikedate":"2026-03-13T00:00:00.000Z","time":"1899-12-30T00:00:00.000Z","event_type":"Reported Airstrike","actor":"Israel","site_type":"","siteStype":"","city":"Deir Qanoun","province":"Tyre","country":"Lebanon","latitude":33.222714,"longitude":35.245989,"source_1":"https://t.me/alichoeib1970/15785","source_2":"","sources":""}},{"type":"Feature","geometry":{"type":"Point","coordinates":[35.223800999788004,33.22933600015182]},"properties":{"event_id":459,"data_org":"Green","post_date":"2026-03-13T00:00:00.000Z","pub_date":"2026-03-13T00:00:00.000Z","strikedate":"2026-03-13T00:00:00.000Z","time":"1899-12-30T00:00:00.000Z","event_type":"Reported Airstrike","actor":"Israel","site_type":"","siteStype":"","city":"Ras al Ain","province":"Tyre","country":"Lebanon","latitude":33.229336,"longitude":35.223801,"source_1":"https://t.me/alichoeib1970/15785","source_2":"","sources":""}},{"type":"Feature","geometry":{"type":"Point","coordinates":[35.236502000214124,33.225251000017515]},"properties":{"event_id":460,"data_org":"Green","post_date":"2026-03-13T00:00:00.000Z","pub_date":"2026-03-13T00:00:00.000Z","strikedate":"2026-03-13T00:00:00.000Z","time":"1899-12-30T00:00:00.000Z","event_type":"Reported Airstrike","actor":"Israel","site_type":"","siteStype":"","city":"al Samaiya","province":"Tyre","country":"Lebanon","latitude":33.225251,"longitude":35.236502,"source_1":"https://t.me/alichoeib1970/15785","source_2":"","sources":""}},{"type":"Feature","geometry":{"type":"Point","coordinates":[35.54439100020648,33.351889000043634]},"properties":{"event_id":461,"data_org":"Green","post_date":"2026-03-13T00:00:00.000Z","pub_date":"2026-03-13T00:00:00.000Z","strikedate":"2026-03-13T00:00:00.000Z","time":"1899-12-30T00:00:00.000Z","event_type":"Reported Airstrike","actor":"Israel","site_type":"","siteStype":"","city":"Khardali","province":"Marjaayoun","country":"Lebanon","latitude":33.351889,"longitude":35.544391,"source_1":"https://t.me/alichoeib1970/15786","source_2":"","sources":""}},{"type":"Feature","geometry":{"type":"Point","coordinates":[35.599198999744765,33.3718390001643]},"properties":{"event_id":462,"data_org":"Green","post_date":"2026-03-13T00:00:00.000Z","pub_date":"2026-03-13T00:00:00.000Z","strikedate":"2026-03-13T00:00:00.000Z","time":"1899-12-30T00:00:00.000Z","event_type":"Reported Airstrike","actor":"Israel","site_type":"","siteStype":"","city":"Debnine","province":"Marjaayoun","country":"Lebanon","latitude":33.371839,"longitude":35.599199,"source_1":"https://t.me/alichoeib1970/15787","source_2":"","sources":""}},{"type":"Feature","geometry":{"type":"Point","coordinates":[35.46840899975242,33.11550300004197]},"properties":{"event_id":470,"data_org":"Green","post_date":"2026-03-13T00:00:00.000Z","pub_date":"2026-03-13T00:00:00.000Z","strikedate":"2026-03-13T00:00:00.000Z","time":"1899-12-30T00:00:00.000Z","event_type":"Reported Airstrike","actor":"Israel","site_type":"","siteStype":"","city":"Aitaroun","province":"Nabatieh","country":"Lebanon","latitude":33.115503,"longitude":35.468409,"source_1":"https://t.me/alichoeib1970/15789","source_2":"","sources":""}},{"type":"Feature","geometry":{"type":"Point","coordinates":[35.437245999676875,33.12195800007302]},"properties":{"event_id":471,"data_org":"Green","post_date":"2026-03-13T00:00:00.000Z","pub_date":"2026-03-13T00:00:00.000Z","strikedate":"2026-03-13T00:00:00.000Z","time":"1899-12-30T00:00:00.000Z","event_type":"Reported Airstrike","actor":"Israel","site_type":"","siteStype":"","city":"Bint Jbeil","province":"Bint Jbeil","country":"Lebanon","latitude":33.121958,"longitude":35.437246,"source_1":"https://t.me/alichoeib1970/15789","source_2":"","sources":""}},{"type":"Feature","geometry":{"type":"Point","coordinates":[35.48749999976379,33.36388900029647]},"properties":{"event_id":472,"data_org":"Green","post_date":"2026-03-13T00:00:00.000Z","pub_date":"2026-03-13T00:00:00.000Z","strikedate":"2026-03-13T00:00:00.000Z","time":"1899-12-30T00:00:00.000Z","event_type":"Reported Airstrike","actor":"Israel","site_type":"","siteStype":"","city":"Nabatieh","province":"Nabatieh","country":"Lebanon","latitude":33.363889,"longitude":35.4875,"source_1":"https://t.me/alichoeib1970/15790","source_2":"","sources":""}},{"type":"Feature","geometry":{"type":"Point","coordinates":[35.42483399985409,33.34675899973105]},"properties":{"event_id":473,"data_org":"Green","post_date":"2026-03-13T00:00:00.000Z","pub_date":"2026-03-13T00:00:00.000Z","strikedate":"2026-03-13T00:00:00.000Z","time":"1899-12-30T00:00:00.000Z","event_type":"Reported Airstrike","actor":"Israel","site_type":"","siteStype":"","city":"Adchit","province":"Nabatieh","country":"Lebanon","latitude":33.346759,"longitude":35.424834,"source_1":"https://t.me/alichoeib1970/15793","source_2":"","sources":""}},{"type":"Feature","geometry":{"type":"Point","coordinates":[35.61480599980935,33.33020100011496]},"properties":{"event_id":474,"data_org":"Green","post_date":"2026-03-13T00:00:00.000Z","pub_date":"2026-03-13T00:00:00.000Z","strikedate":"2026-03-13T00:00:00.000Z","time":"1899-12-30T00:00:00.000Z","event_type":"Reported Airstrike","actor":"Israel","site_type":"","siteStype":"","city":"Khiam","province":"Marjaayoun","country":"Lebanon","latitude":33.330201,"longitude":35.614806,"source_1":"https://t.me/alichoeib1970/15794","source_2":"","sources":""}},{"type":"Feature","geometry":{"type":"Point","coordinates":[35.4233700001642,33.26823999998088]},"properties":{"event_id":475,"data_org":"Green","post_date":"2026-03-13T00:00:00.000Z","pub_date":"2026-03-13T00:00:00.000Z","strikedate":"2026-03-13T00:00:00.000Z","time":"1899-12-30T00:00:00.000Z","event_type":"Reported Airstrike","actor":"Israel","site_type":"","siteStype":"","city":"Burj Qalaouiye","province":"Bint Jbeil","country":"Lebanon","latitude":33.26824,"longitude":35.42337,"source_1":"https://t.me/alichoeib1970/15795","source_2":"https://x.com/zarGEOINT/status/2032551286172737543?s=20","sources":"https://www.reuters.com/world/middle-east/trump-threatens-strike-irans-kharg-island-oil-network-if-shipping-lanes-remain-2026-03-14/; https://x.com/GeoConfirmed/status/2033210432715137308?s=20"}},{"type":"Feature","geometry":{"type":"Point","coordinates":[35.440722000126065,33.36863400009993]},"properties":{"event_id":476,"data_org":"Green","post_date":"2026-03-13T00:00:00.000Z","pub_date":"2026-03-14T00:00:00.000Z","strikedate":"2026-03-13T00:00:00.000Z","time":"1899-12-30T00:00:00.000Z","event_type":"Reported Airstrike","actor":"Israel","site_type":"","siteStype":"","city":"Jibchit","province":"Nabatieh","country":"Lebanon","latitude":33.368634,"longitude":35.440722,"source_1":"https://t.me/alichoeib1970/15797","source_2":"","sources":""}},{"type":"Feature","geometry":{"type":"Point","coordinates":[35.22187000011788,33.13503000008647]},"properties":{"event_id":477,"data_org":"Green","post_date":"2026-03-14T00:00:00.000Z","pub_date":"2026-03-14T00:00:00.000Z","strikedate":"2026-03-14T00:00:00.000Z","time":"1899-12-30T00:00:00.000Z","event_type":"Confirmed Airstrike","actor":"Israel","site_type":"","siteStype":"","city":"Majadel","province":"Tyre","country":"Lebanon","latitude":33.13503,"longitude":35.22187,"source_1":"https://x.com/idfonline/status/2032701336538538186","source_2":"https://x.com/MarioLeb79/status/2032724237790662673","sources":""}},{"type":"Feature","geometry":{"type":"Point","coordinates":[35.480945000322095,33.27637800007426]},"properties":{"event_id":486,"data_org":"Green","post_date":"2026-03-14T00:00:00.000Z","pub_date":"2026-03-14T00:00:00.000Z","strikedate":"2026-03-14T00:00:00.000Z","time":"1899-12-30T00:00:00.000Z","event_type":"Reported Airstrike","actor":"Israel","site_type":"","siteStype":"","city":"Aadchit El Qoussair","province":"Marjaayoun","country":"Lebanon","latitude":33.276378,"longitude":35.480945,"source_1":"https://t.me/alichoeib1970/15817","source_2":"","sources":""}},{"type":"Feature","geometry":{"type":"Point","coordinates":[35.46400400026396,33.25201499969977]},"properties":{"event_id":487,"data_org":"Green","post_date":"2026-03-14T00:00:00.000Z","pub_date":"2026-03-14T00:00:00.000Z","strikedate":"2026-03-14T00:00:00.000Z","time":"1899-12-30T00:00:00.000Z","event_type":"Reported Airstrike","actor":"Israel","site_type":"","siteStype":"","city":"Qabrikha","province":"Marjaayoun","country":"Lebanon","latitude":33.252015,"longitude":35.464004,"source_1":"https://t.me/alichoeib1970/15817","source_2":"","sources":""}},{"type":"Feature","geometry":{"type":"Point","coordinates":[35.343061000039484,33.4209880003411]},"properties":{"event_id":488,"data_org":"Green","post_date":"2026-03-14T00:00:00.000Z","pub_date":"2026-03-14T00:00:00.000Z","strikedate":"2026-03-14T00:00:00.000Z","time":"1899-12-30T00:00:00.000Z","event_type":"Reported Airstrike","actor":"Israel","site_type":"","siteStype":"","city":"Babilyeh","province":"Tyre","country":"Lebanon","latitude":33.420988,"longitude":35.343061,"source_1":"https://t.me/alichoeib1970/15819","source_2":"","sources":""}},{"type":"Feature","geometry":{"type":"Point","coordinates":[35.29019900023993,33.45144299966133]},"properties":{"event_id":489,"data_org":"Green","post_date":"2026-03-14T00:00:00.000Z","pub_date":"2026-03-14T00:00:00.000Z","strikedate":"2026-03-14T00:00:00.000Z","time":"1899-12-30T00:00:00.000Z","event_type":"Reported Airstrike","actor":"Israel","site_type":"","siteStype":"","city":"Sarafand","province":"Tyre","country":"Lebanon","latitude":33.451443,"longitude":35.290199,"source_1":"https://t.me/alichoeib1970/15819","source_2":"","sources":""}},{"type":"Feature","geometry":{"type":"Point","coordinates":[35.3718289999394,33.23065199981637]},"properties":{"event_id":490,"data_org":"Green","post_date":"2026-03-14T00:00:00.000Z","pub_date":"2026-03-14T00:00:00.000Z","strikedate":"2026-03-14T00:00:00.000Z","time":"1899-12-30T00:00:00.000Z","event_type":"Confirmed Airstrike","actor":"Israel","site_type":"","siteStype":"","city":"Mjadel","province":"Tyre","country":"Lebanon","latitude":33.230652,"longitude":35.371829,"source_1":"https://x.com/Stinky915846091/status/2032837569562488939?s=20","source_2":"","sources":"https://x.com/manniefabian/status/2032716693277970824?s=20"}},{"type":"Feature","geometry":{"type":"Point","coordinates":[35.35945399992653,33.41978399965189]},"properties":{"event_id":491,"data_org":"Green","post_date":"2026-03-14T00:00:00.000Z","pub_date":"2026-03-14T00:00:00.000Z","strikedate":"2026-03-14T00:00:00.000Z","time":"1899-12-30T00:00:00.000Z","event_type":"Reported Airstrike","actor":"Israel","site_type":"","siteStype":"","city":"Ghassaniyeh","province":"Tyre","country":"Lebanon","latitude":33.419784,"longitude":35.359454,"source_1":"https://t.me/alichoeib1970/15820","source_2":"","sources":""}},{"type":"Feature","geometry":{"type":"Point","coordinates":[35.51862199983145,33.2765850002122]},"properties":{"event_id":492,"data_org":"Green","post_date":"2026-03-14T00:00:00.000Z","pub_date":"2026-03-14T00:00:00.000Z","strikedate":"2026-03-14T00:00:00.000Z","time":"1899-12-30T00:00:00.000Z","event_type":"Reported Airstrike","actor":"Israel","site_type":"","siteStype":"","city":"Taybeh","province":"Marjaayoun","country":"Lebanon","latitude":33.276585,"longitude":35.518622,"source_1":"https://t.me/alichoeib1970/15821","source_2":"","sources":""}},{"type":"Feature","geometry":{"type":"Point","coordinates":[35.60150600005684,33.38695100033502]},"properties":{"event_id":493,"data_org":"Green","post_date":"2026-03-14T00:00:00.000Z","pub_date":"2026-03-14T00:00:00.000Z","strikedate":"2026-03-14T00:00:00.000Z","time":"1899-12-30T00:00:00.000Z","event_type":"Reported Airstrike","actor":"Israel","site_type":"","siteStype":"","city":"Balat","province":"Marjaayoun","country":"Lebanon","latitude":33.386951,"longitude":35.601506,"source_1":"https://t.me/alichoeib1970/15822","source_2":"","sources":""}},{"type":"Feature","geometry":{"type":"Point","coordinates":[35.478454999711914,33.35017099989022]},"properties":{"event_id":494,"data_org":"Green","post_date":"2026-03-14T00:00:00.000Z","pub_date":"2026-03-14T00:00:00.000Z","strikedate":"2026-03-14T00:00:00.000Z","time":"1899-12-30T00:00:00.000Z","event_type":"Reported Airstrike","actor":"Israel","site_type":"","siteStype":"","city":"Maifadoun","province":"Nabatieh","country":"Lebanon","latitude":33.350171,"longitude":35.478455,"source_1":"https://t.me/alichoeib1970/15824","source_2":"","sources":""}},{"type":"Feature","geometry":{"type":"Point","coordinates":[35.61480599980935,33.33020100011496]},"properties":{"event_id":495,"data_org":"Green","post_date":"2026-03-14T00:00:00.000Z","pub_date":"2026-03-14T00:00:00.000Z","strikedate":"2026-03-14T00:00:00.000Z","time":"1899-12-30T00:00:00.000Z","event_type":"Reported Airstrike","actor":"Israel","site_type":"","siteStype":"","city":"Khiam","province":"Marjaayoun","country":"Lebanon","latitude":33.330201,"longitude":35.614806,"source_1":"https://t.me/alichoeib1970/15826","source_2":"","sources":""}},{"type":"Feature","geometry":{"type":"Point","coordinates":[35.438071999682315,33.149954999760496]},"properties":{"event_id":496,"data_org":"Green","post_date":"2026-03-14T00:00:00.000Z","pub_date":"2026-03-14T00:00:00.000Z","strikedate":"2026-03-14T00:00:00.000Z","time":"1899-12-30T00:00:00.000Z","event_type":"Reported Airstrike","actor":"Israel","site_type":"","siteStype":"","city":"Kounine","province":"Bint Jbeil","country":"Lebanon","latitude":33.149955,"longitude":35.438072,"source_1":"https://t.me/alichoeib1970/15827","source_2":"","sources":""}},{"type":"Feature","geometry":{"type":"Point","coordinates":[35.499729000186804,33.29202099966303]},"properties":{"event_id":497,"data_org":"Green","post_date":"2026-03-14T00:00:00.000Z","pub_date":"2026-03-14T00:00:00.000Z","strikedate":"2026-03-14T00:00:00.000Z","time":"1899-12-30T00:00:00.000Z","event_type":"Reported Airstrike","actor":"Israel","site_type":"","siteStype":"","city":"Deir Seryan","province":"Marjaayoun","country":"Lebanon","latitude":33.292021,"longitude":35.499729,"source_1":"https://t.me/alichoeib1970/15829","source_2":"","sources":""}},{"type":"Feature","geometry":{"type":"Point","coordinates":[35.437245999676875,33.12195800007302]},"properties":{"event_id":498,"data_org":"Green","post_date":"2026-03-14T00:00:00.000Z","pub_date":"2026-03-14T00:00:00.000Z","strikedate":"2026-03-14T00:00:00.000Z","time":"1899-12-30T00:00:00.000Z","event_type":"Reported Airstrike","actor":"Israel","site_type":"","siteStype":"","city":"Bint Jbeil","province":"Bint Jbeil","country":"Lebanon","latitude":33.121958,"longitude":35.437246,"source_1":"https://t.me/alichoeib1970/15830","source_2":"","sources":""}},{"type":"Feature","geometry":{"type":"Point","coordinates":[35.463697999942205,33.27408800018433]},"properties":{"event_id":499,"data_org":"Green","post_date":"2026-03-14T00:00:00.000Z","pub_date":"2026-03-14T00:00:00.000Z","strikedate":"2026-03-14T00:00:00.000Z","time":"1899-12-30T00:00:00.000Z","event_type":"Reported Airstrike","actor":"Israel","site_type":"","siteStype":"","city":"Qantara","province":"Marjaayoun","country":"Lebanon","latitude":33.274088,"longitude":35.463698,"source_1":"https://t.me/alichoeib1970/15831","source_2":"","sources":""}},{"type":"Feature","geometry":{"type":"Point","coordinates":[35.51304800020588,33.8521290001928]},"properties":{"event_id":500,"data_org":"Green","post_date":"2026-03-14T00:00:00.000Z","pub_date":"2026-03-15T00:00:00.000Z","strikedate":"2026-03-14T00:00:00.000Z","time":"1899-12-30T00:00:00.000Z","event_type":"Reported Airstrike","actor":"Israel","site_type":"","siteStype":"","city":"Beirut","province":"Beirut","country":"Lebanon","latitude":33.852129,"longitude":35.513048,"source_1":"https://x.com/manniefabian/status/2032897319289356749","source_2":"","sources":""}},{"type":"Feature","geometry":{"type":"Point","coordinates":[35.60395800013387,33.43994299998825]},"properties":{"event_id":501,"data_org":"Green","post_date":"2026-03-14T00:00:00.000Z","pub_date":"2026-03-15T00:00:00.000Z","strikedate":"2026-03-14T00:00:00.000Z","time":"1899-12-30T00:00:00.000Z","event_type":"Reported Airstrike","actor":"Israel","site_type":"","siteStype":"","city":"Qatrani","province":"Jezzine","country":"Lebanon","latitude":33.439943,"longitude":35.603958,"source_1":"https://t.me/alichoeib1970/15857","source_2":"","sources":""}},{"type":"Feature","geometry":{"type":"Point","coordinates":[35.478454999711914,33.35017099989022]},"properties":{"event_id":502,"data_org":"Green","post_date":"2026-03-14T00:00:00.000Z","pub_date":"2026-03-15T00:00:00.000Z","strikedate":"2026-03-14T00:00:00.000Z","time":"1899-12-30T00:00:00.000Z","event_type":"Reported Airstrike","actor":"Israel","site_type":"","siteStype":"","city":"Maifadoun","province":"Nabatieh","country":"Lebanon","latitude":33.350171,"longitude":35.478455,"source_1":"https://t.me/MTVLebanoNews/57464","source_2":"","sources":""}},{"type":"Feature","geometry":{"type":"Point","coordinates":[35.47726999968128,33.326331000243286]},"properties":{"event_id":503,"data_org":"Green","post_date":"2026-03-14T00:00:00.000Z","pub_date":"2026-03-15T00:00:00.000Z","strikedate":"2026-03-14T00:00:00.000Z","time":"1899-12-30T00:00:00.000Z","event_type":"Reported Airstrike","actor":"Israel","site_type":"","siteStype":"","city":"Zawtar El Charqiyeh","province":"Nabatieh","country":"Lebanon","latitude":33.326331,"longitude":35.47727,"source_1":"https://t.me/MTVLebanoNews/57464","source_2":"","sources":""}},{"type":"Feature","geometry":{"type":"Point","coordinates":[35.599198999744765,33.3718390001643]},"properties":{"event_id":504,"data_org":"Green","post_date":"2026-03-15T00:00:00.000Z","pub_date":"2026-03-15T00:00:00.000Z","strikedate":"2026-03-15T00:00:00.000Z","time":"1899-12-30T00:00:00.000Z","event_type":"Reported Airstrike","actor":"Israel","site_type":"","siteStype":"","city":"Dibbine","province":"Marjaayoun","country":"Lebanon","latitude":33.371839,"longitude":35.599199,"source_1":"https://t.me/MTVLebanoNews/57495","source_2":"","sources":""}},{"type":"Feature","geometry":{"type":"Point","coordinates":[35.440722000126065,33.36863400009993]},"properties":{"event_id":506,"data_org":"Green","post_date":"2026-03-15T00:00:00.000Z","pub_date":"2026-03-15T00:00:00.000Z","strikedate":"2026-03-15T00:00:00.000Z","time":"1899-12-30T00:00:00.000Z","event_type":"Reported Airstrike","actor":"Israel","site_type":"","siteStype":"","city":"Jibchit","province":"Nabatieh","country":"Lebanon","latitude":33.368634,"longitude":35.440722,"source_1":"https://t.me/MTVLebanoNews/57532","source_2":"","sources":""}},{"type":"Feature","geometry":{"type":"Point","coordinates":[35.34274399984707,33.47253099975613]},"properties":{"event_id":507,"data_org":"Green","post_date":"2026-03-15T00:00:00.000Z","pub_date":"2026-03-15T00:00:00.000Z","strikedate":"2026-03-15T00:00:00.000Z","time":"1899-12-30T00:00:00.000Z","event_type":"Reported Airstrike","actor":"Israel","site_type":"","siteStype":"","city":"Addasiya","province":"Sidon","country":"Lebanon","latitude":33.472531,"longitude":35.342744,"source_1":"https://t.me/MTVLebanoNews/57532","source_2":"","sources":""}},{"type":"Feature","geometry":{"type":"Point","coordinates":[35.484831999776695,33.377920999656304]},"properties":{"event_id":508,"data_org":"Green","post_date":"2026-03-15T00:00:00.000Z","pub_date":"2026-03-15T00:00:00.000Z","strikedate":"2026-03-15T00:00:00.000Z","time":"1899-12-30T00:00:00.000Z","event_type":"Reported Airstrike","actor":"Israel","site_type":"","siteStype":"","city":"Nabatieh","province":"Nabatieh","country":"Lebanon","latitude":33.377921,"longitude":35.484832,"source_1":"https://t.me/MTVLebanoNews/57532","source_2":"","sources":""}},{"type":"Feature","geometry":{"type":"Point","coordinates":[35.37199399979584,33.55790900009765]},"properties":{"event_id":509,"data_org":"Green","post_date":"2026-03-15T00:00:00.000Z","pub_date":"2026-03-15T00:00:00.000Z","strikedate":"2026-03-14T00:00:00.000Z","time":"1899-12-30T00:00:00.000Z","event_type":"Reported Airstrike","actor":"Israel","site_type":"","siteStype":"","city":"Sidon","province":"Saida","country":"Lebanon","latitude":33.557909,"longitude":35.371994,"source_1":"Missing source?","source_2":"","sources":""}},{"type":"Feature","geometry":{"type":"Point","coordinates":[35.32830199972164,33.15379999976207]},"properties":{"event_id":511,"data_org":"Green","post_date":"2026-03-15T00:00:00.000Z","pub_date":"2026-03-15T00:00:00.000Z","strikedate":"2026-03-15T00:00:00.000Z","time":"1899-12-30T00:00:00.000Z","event_type":"Reported Airstrike","actor":"Israel","site_type":"","siteStype":"","city":"Yater","province":"Bint Jbeil","country":"Lebanon","latitude":33.1538,"longitude":35.328302,"source_1":"https://t.me/alichoeib1970/15881","source_2":"","sources":""}},{"type":"Feature","geometry":{"type":"Point","coordinates":[35.381027999977064,33.10997699978166]},"properties":{"event_id":512,"data_org":"Green","post_date":"2026-03-15T00:00:00.000Z","pub_date":"2026-03-15T00:00:00.000Z","strikedate":"2026-03-15T00:00:00.000Z","time":"1899-12-30T00:00:00.000Z","event_type":"Reported Airstrike","actor":"Israel","site_type":"","siteStype":"","city":"Hanine","province":"Bint Jbeil","country":"Lebanon","latitude":33.109977,"longitude":35.381028,"source_1":"https://t.me/alichoeib1970/15881","source_2":"","sources":""}},{"type":"Feature","geometry":{"type":"Point","coordinates":[35.335688999914865,33.09739400018264]},"properties":{"event_id":513,"data_org":"Green","post_date":"2026-03-15T00:00:00.000Z","pub_date":"2026-03-15T00:00:00.000Z","strikedate":"2026-03-15T00:00:00.000Z","time":"1899-12-30T00:00:00.000Z","event_type":"Reported Airstrike","actor":"Israel","site_type":"","siteStype":"","city":"Aita al Shaab","province":"Bint Jbeil","country":"Lebanon","latitude":33.097394,"longitude":35.335689,"source_1":"https://t.me/alichoeib1970/15881","source_2":"","sources":""}},{"type":"Feature","geometry":{"type":"Point","coordinates":[35.61480599980935,33.33020100011496]},"properties":{"event_id":515,"data_org":"Green","post_date":"2026-03-15T00:00:00.000Z","pub_date":"2026-03-16T00:00:00.000Z","strikedate":"2026-03-15T00:00:00.000Z","time":"1899-12-30T00:00:00.000Z","event_type":"Reported Airstrike","actor":"Israel","site_type":"","siteStype":"","city":"Khiam","province":"Marjaayoun","country":"Lebanon","latitude":33.330201,"longitude":35.614806,"source_1":"https://t.me/alichoeib1970/15893","source_2":"","sources":""}},{"type":"Feature","geometry":{"type":"Point","coordinates":[35.437245999676875,33.12195800007302]},"properties":{"event_id":516,"data_org":"Green","post_date":"2026-03-15T00:00:00.000Z","pub_date":"2026-03-16T00:00:00.000Z","strikedate":"2026-03-15T00:00:00.000Z","time":"1899-12-30T00:00:00.000Z","event_type":"Reported Airstrike","actor":"Israel","site_type":"","siteStype":"","city":"Bint Jbeil","province":"Bint Jbeil","country":"Lebanon","latitude":33.121958,"longitude":35.437246,"source_1":"https://t.me/alichoeib1970/15896","source_2":"","sources":""}},{"type":"Feature","geometry":{"type":"Point","coordinates":[35.61480599980935,33.33020100011496]},"properties":{"event_id":517,"data_org":"Green","post_date":"2026-03-15T00:00:00.000Z","pub_date":"2026-03-16T00:00:00.000Z","strikedate":"2026-03-15T00:00:00.000Z","time":"1899-12-30T00:00:00.000Z","event_type":"Reported Airstrike","actor":"Israel","site_type":"","siteStype":"","city":"Khiam","province":"Marjaayoun","country":"Lebanon","latitude":33.330201,"longitude":35.614806,"source_1":"https://t.me/alichoeib1970/15907","source_2":"","sources":""}},{"type":"Feature","geometry":{"type":"Point","coordinates":[35.478454999711914,33.35017099989022]},"properties":{"event_id":518,"data_org":"Green","post_date":"2026-03-15T00:00:00.000Z","pub_date":"2026-03-16T00:00:00.000Z","strikedate":"2026-03-15T00:00:00.000Z","time":"1899-12-30T00:00:00.000Z","event_type":"Reported Airstrike","actor":"Israel","site_type":"","siteStype":"","city":"Maifadoun","province":"Nabatieh","country":"Lebanon","latitude":33.350171,"longitude":35.478455,"source_1":"https://t.me/alichoeib1970/15908","source_2":"","sources":""}},{"type":"Feature","geometry":{"type":"Point","coordinates":[35.567957999851416,33.44824700008223]},"properties":{"event_id":519,"data_org":"Green","post_date":"2026-03-15T00:00:00.000Z","pub_date":"2026-03-16T00:00:00.000Z","strikedate":"2026-03-15T00:00:00.000Z","time":"1899-12-30T00:00:00.000Z","event_type":"Reported Airstrike","actor":"Israel","site_type":"","siteStype":"","city":"Rihan","province":"Jezzine","country":"Lebanon","latitude":33.448247,"longitude":35.567958,"source_1":"https://t.me/alichoeib1970/15908","source_2":"","sources":""}},{"type":"Feature","geometry":{"type":"Point","coordinates":[35.51862199983145,33.2765850002122]},"properties":{"event_id":520,"data_org":"Green","post_date":"2026-03-15T00:00:00.000Z","pub_date":"2026-03-16T00:00:00.000Z","strikedate":"2026-03-15T00:00:00.000Z","time":"1899-12-30T00:00:00.000Z","event_type":"Reported Airstrike","actor":"Israel","site_type":"","siteStype":"","city":"Taybeh","province":"Marjaayoun","country":"Lebanon","latitude":33.276585,"longitude":35.518622,"source_1":"https://t.me/alichoeib1970/15912","source_2":"","sources":""}},{"type":"Feature","geometry":{"type":"Point","coordinates":[35.615247999675226,33.3409070000468]},"properties":{"event_id":521,"data_org":"Green","post_date":"2026-03-16T00:00:00.000Z","pub_date":"2026-03-16T00:00:00.000Z","strikedate":"2026-03-16T00:00:00.000Z","time":"1899-12-30T00:00:00.000Z","event_type":"Confirmed Airstrike","actor":"Israel","site_type":"","siteStype":"","city":"Khiam","province":"Marjaayoun","country":"Lebanon","latitude":33.340907,"longitude":35.615248,"source_1":"https://x.com/Me1Ray/status/2033521165684416745","source_2":"","sources":""}},{"type":"Feature","geometry":{"type":"Point","coordinates":[35.61626799984941,33.33788800000655]},"properties":{"event_id":522,"data_org":"Green","post_date":"2026-03-16T00:00:00.000Z","pub_date":"2026-03-16T00:00:00.000Z","strikedate":"2026-03-16T00:00:00.000Z","time":"1899-12-30T00:00:00.000Z","event_type":"Reported Airstrike","actor":"Israel","site_type":"","siteStype":"","city":"Khiam","province":"Marjaayoun","country":"Lebanon","latitude":33.337888,"longitude":35.616268,"source_1":"https://x.com/MarioLeb79/status/2033552731634270344","source_2":"","sources":""}},{"type":"Feature","geometry":{"type":"Point","coordinates":[35.478454999711914,33.35017099989022]},"properties":{"event_id":530,"data_org":"Green","post_date":"2026-03-16T00:00:00.000Z","pub_date":"2026-03-16T00:00:00.000Z","strikedate":"2026-03-16T00:00:00.000Z","time":"1899-12-30T00:00:00.000Z","event_type":"Reported Airstrike","actor":"Israel","site_type":"","siteStype":"","city":"Maifadoun","province":"Nabatieh","country":"Lebanon","latitude":33.350171,"longitude":35.478455,"source_1":"https://t.me/alichoeib1970/15922","source_2":"","sources":""}},{"type":"Feature","geometry":{"type":"Point","coordinates":[35.47726999968128,33.326331000243286]},"properties":{"event_id":531,"data_org":"Green","post_date":"2026-03-16T00:00:00.000Z","pub_date":"2026-03-16T00:00:00.000Z","strikedate":"2026-03-16T00:00:00.000Z","time":"1899-12-30T00:00:00.000Z","event_type":"Reported Airstrike","actor":"Israel","site_type":"","siteStype":"","city":"Zawtar El Charqiyeh","province":"Nabatieh","country":"Lebanon","latitude":33.326331,"longitude":35.47727,"source_1":"https://t.me/alichoeib1970/15922","source_2":"","sources":""}},{"type":"Feature","geometry":{"type":"Point","coordinates":[35.35990800038628,33.22915000017227]},"properties":{"event_id":532,"data_org":"Green","post_date":"2026-03-16T00:00:00.000Z","pub_date":"2026-03-17T00:00:00.000Z","strikedate":"2026-03-16T00:00:00.000Z","time":"1899-12-30T00:00:00.000Z","event_type":"Reported Airstrike","actor":"Israel","site_type":"","siteStype":"","city":"al Majadil","province":"Tyre","country":"Lebanon","latitude":33.22915,"longitude":35.359908,"source_1":"https://t.me/alichoeib1970/15948","source_2":"","sources":""}},{"type":"Feature","geometry":{"type":"Point","coordinates":[35.52108800015218,33.75980300018489]},"properties":{"event_id":533,"data_org":"Green","post_date":"2026-03-16T00:00:00.000Z","pub_date":"2026-03-17T00:00:00.000Z","strikedate":"2026-03-16T00:00:00.000Z","time":"1899-12-30T00:00:00.000Z","event_type":"Reported Airstrike","actor":"Israel","site_type":"","siteStype":"","city":"Aaramoun","province":"Aley","country":"Lebanon","latitude":33.759803,"longitude":35.521088,"source_1":"https://x.com/ariel_oseran/status/2033722307772899677?s=20","source_2":"","sources":""}},{"type":"Feature","geometry":{"type":"Point","coordinates":[35.42334099985188,33.32476799966048]},"properties":{"event_id":534,"data_org":"Green","post_date":"2026-03-17T00:00:00.000Z","pub_date":"2026-03-17T00:00:00.000Z","strikedate":"2026-03-17T00:00:00.000Z","time":"1899-12-30T00:00:00.000Z","event_type":"Reported Airstrike","actor":"Israel","site_type":"","siteStype":"","city":"Qaqiyat al Jisr","province":"Nabatieh","country":"Lebanon","latitude":33.324768,"longitude":35.423341,"source_1":"https://t.me/alichoeib1970/15960","source_2":"","sources":""}},{"type":"Feature","geometry":{"type":"Point","coordinates":[35.352708999615714,33.17612400037149]},"properties":{"event_id":535,"data_org":"Green","post_date":"2026-03-17T00:00:00.000Z","pub_date":"2026-03-17T00:00:00.000Z","strikedate":"2026-03-16T00:00:00.000Z","time":"1899-12-30T00:00:00.000Z","event_type":"Confirmed Airstrike","actor":"Israel","site_type":"","siteStype":"","city":"Kafra","province":"Nabatieh","country":"Lebanon","latitude":33.176124,"longitude":35.352709,"source_1":"https://x.com/idfonline/status/2033836531836739681","source_2":"","sources":""}},{"type":"Feature","geometry":{"type":"Point","coordinates":[35.45928400023292,33.430010999675225]},"properties":{"event_id":537,"data_org":"Green","post_date":"2026-03-17T00:00:00.000Z","pub_date":"2026-03-17T00:00:00.000Z","strikedate":"2026-03-17T00:00:00.000Z","time":"1899-12-30T00:00:00.000Z","event_type":"Confirmed Airstrike","actor":"Israel","site_type":"","siteStype":"","city":"Deir al Zahrani","province":"Nabatieh","country":"Lebanon","latitude":33.430011,"longitude":35.459284,"source_1":"https://t.me/alichoeib1970/15969","source_2":"https://x.com/manniefabian/status/2033960977008332960","sources":""}},{"type":"Feature","geometry":{"type":"Point","coordinates":[35.440722000126065,33.36863400009993]},"properties":{"event_id":539,"data_org":"Green","post_date":"2026-03-17T00:00:00.000Z","pub_date":"2026-03-17T00:00:00.000Z","strikedate":"2026-03-17T00:00:00.000Z","time":"1899-12-30T00:00:00.000Z","event_type":"Reported Airstrike","actor":"Israel","site_type":"","siteStype":"","city":"Jebchit","province":"Nabatieh","country":"Lebanon","latitude":33.368634,"longitude":35.440722,"source_1":"https://t.me/alichoeib1970/15978","source_2":"","sources":""}},{"type":"Feature","geometry":{"type":"Point","coordinates":[35.51862199983145,33.2765850002122]},"properties":{"event_id":540,"data_org":"Green","post_date":"2026-03-17T00:00:00.000Z","pub_date":"2026-03-17T00:00:00.000Z","strikedate":"2026-03-17T00:00:00.000Z","time":"1899-12-30T00:00:00.000Z","event_type":"Reported Airstrike","actor":"Israel","site_type":"","siteStype":"","city":"Taybeh","province":"Marjaayoun","country":"Lebanon","latitude":33.276585,"longitude":35.518622,"source_1":"https://t.me/alichoeib1970/15978","source_2":"","sources":""}},{"type":"Feature","geometry":{"type":"Point","coordinates":[35.50202399990499,33.48499600035765]},"properties":{"event_id":541,"data_org":"Green","post_date":"2026-03-17T00:00:00.000Z","pub_date":"2026-03-17T00:00:00.000Z","strikedate":"2026-03-17T00:00:00.000Z","time":"1899-12-30T00:00:00.000Z","event_type":"Reported Airstrike","actor":"Israel","site_type":"","siteStype":"","city":"Kafr Fila","province":"Nabatieh","country":"Lebanon","latitude":33.484996,"longitude":35.502024,"source_1":"https://t.me/alichoeib1970/15978","source_2":"","sources":""}},{"type":"Feature","geometry":{"type":"Point","coordinates":[35.404632000330245,33.20512000009239]},"properties":{"event_id":542,"data_org":"Green","post_date":"2026-03-17T00:00:00.000Z","pub_date":"2026-03-17T00:00:00.000Z","strikedate":"2026-03-17T00:00:00.000Z","time":"1899-12-30T00:00:00.000Z","event_type":"Reported Airstrike","actor":"Israel","site_type":"","siteStype":"","city":"Sultaniyeh","province":"Bint Jbeil","country":"Lebanon","latitude":33.20512,"longitude":35.404632,"source_1":"https://t.me/alichoeib1970/15979","source_2":"","sources":""}},{"type":"Feature","geometry":{"type":"Point","coordinates":[35.44328299998303,33.377714000068984]},"properties":{"event_id":543,"data_org":"Green","post_date":"2026-03-17T00:00:00.000Z","pub_date":"2026-03-17T00:00:00.000Z","strikedate":"2026-03-17T00:00:00.000Z","time":"1899-12-30T00:00:00.000Z","event_type":"Reported Airstrike","actor":"Israel","site_type":"","siteStype":"","city":"Harouf","province":"Nabatieh","country":"Lebanon","latitude":33.377714,"longitude":35.443283,"source_1":"https://t.me/alichoeib1970/15985","source_2":"","sources":""}},{"type":"Feature","geometry":{"type":"Point","coordinates":[35.484831999776695,33.377920999656304]},"properties":{"event_id":544,"data_org":"Green","post_date":"2026-03-17T00:00:00.000Z","pub_date":"2026-03-17T00:00:00.000Z","strikedate":"2026-03-17T00:00:00.000Z","time":"1899-12-30T00:00:00.000Z","event_type":"Reported Airstrike","actor":"Israel","site_type":"","siteStype":"","city":"Nabatieh","province":"Nabatieh","country":"Lebanon","latitude":33.377921,"longitude":35.484832,"source_1":"https://t.me/alichoeib1970/15990","source_2":"","sources":""}},{"type":"Feature","geometry":{"type":"Point","coordinates":[35.57441699993197,33.46184800005947]},"properties":{"event_id":545,"data_org":"Green","post_date":"2026-03-17T00:00:00.000Z","pub_date":"2026-03-17T00:00:00.000Z","strikedate":"2026-03-17T00:00:00.000Z","time":"1899-12-30T00:00:00.000Z","event_type":"Reported Airstrike","actor":"Israel","site_type":"","siteStype":"","city":"Aramta","province":"Jezzine","country":"Lebanon","latitude":33.461848,"longitude":35.574417,"source_1":"https://t.me/alichoeib1970/15992","source_2":"","sources":""}},{"type":"Feature","geometry":{"type":"Point","coordinates":[35.486616000032036,33.89281400021303]},"properties":{"event_id":547,"data_org":"Green","post_date":"2026-03-17T00:00:00.000Z","pub_date":"2026-03-17T00:00:00.000Z","strikedate":"2026-03-17T00:00:00.000Z","time":"1899-12-30T00:00:00.000Z","event_type":"Confirmed Airstrike","actor":"Israel","site_type":"","siteStype":"","city":"UNK","province":"Beirut","country":"Lebanon","latitude":33.892814,"longitude":35.486616,"source_1":"https://x.com/manniefabian/status/2033960977008332960","source_2":"","sources":""}},{"type":"Feature","geometry":{"type":"Point","coordinates":[35.51733100039392,33.42936199988808]},"properties":{"event_id":548,"data_org":"Green","post_date":"2026-03-17T00:00:00.000Z","pub_date":"2026-03-17T00:00:00.000Z","strikedate":"2026-03-17T00:00:00.000Z","time":"1899-12-30T00:00:00.000Z","event_type":"Reported Airstrike","actor":"Israel","site_type":"","siteStype":"","city":"Arab Salim","province":"Tyre","country":"Lebanon","latitude":33.429362,"longitude":35.517331,"source_1":"https://t.me/alichoeib1970/15994","source_2":"","sources":""}},{"type":"Feature","geometry":{"type":"Point","coordinates":[35.484831999776695,33.377920999656304]},"properties":{"event_id":549,"data_org":"Green","post_date":"2026-03-17T00:00:00.000Z","pub_date":"2026-03-17T00:00:00.000Z","strikedate":"2026-03-17T00:00:00.000Z","time":"1899-12-30T00:00:00.000Z","event_type":"Reported Airstrike","actor":"Israel","site_type":"","siteStype":"","city":"Nabatieh","province":"Nabatieh","country":"Lebanon","latitude":33.377921,"longitude":35.484832,"source_1":"https://t.me/alichoeib1970/15996","source_2":"","sources":""}},{"type":"Feature","geometry":{"type":"Point","coordinates":[35.45179400010753,33.398324000341]},"properties":{"event_id":550,"data_org":"Green","post_date":"2026-03-17T00:00:00.000Z","pub_date":"2026-03-18T00:00:00.000Z","strikedate":"2026-03-17T00:00:00.000Z","time":"1899-12-30T00:00:00.000Z","event_type":"Reported Airstrike","actor":"Israel","site_type":"","siteStype":"","city":"Kfour","province":"Nabatieh","country":"Lebanon","latitude":33.398324,"longitude":35.451794,"source_1":"https://t.me/alichoeib1970/15998","source_2":"","sources":""}},{"type":"Feature","geometry":{"type":"Point","coordinates":[35.445621000257255,33.38946599998313]},"properties":{"event_id":551,"data_org":"Green","post_date":"2026-03-17T00:00:00.000Z","pub_date":"2026-03-18T00:00:00.000Z","strikedate":"2026-03-17T00:00:00.000Z","time":"1899-12-30T00:00:00.000Z","event_type":"Reported Airstrike","actor":"Israel","site_type":"","siteStype":"","city":"Toul","province":"Nabatieh","country":"Lebanon","latitude":33.389466,"longitude":35.445621,"source_1":"https://t.me/alichoeib1970/15998","source_2":"","sources":""}},{"type":"Feature","geometry":{"type":"Point","coordinates":[35.41960800038306,33.409544000137956]},"properties":{"event_id":552,"data_org":"Green","post_date":"2026-03-17T00:00:00.000Z","pub_date":"2026-03-18T00:00:00.000Z","strikedate":"2026-03-17T00:00:00.000Z","time":"1899-12-30T00:00:00.000Z","event_type":"Reported Airstrike","actor":"Israel","site_type":"","siteStype":"","city":"Sharqiyah","province":"Nabatieh","country":"Lebanon","latitude":33.409544,"longitude":35.419608,"source_1":"https://t.me/alichoeib1970/15998","source_2":"","sources":""}},{"type":"Feature","geometry":{"type":"Point","coordinates":[35.40079699985586,33.325050999901]},"properties":{"event_id":553,"data_org":"Green","post_date":"2026-03-17T00:00:00.000Z","pub_date":"2026-03-18T00:00:00.000Z","strikedate":"2026-03-17T00:00:00.000Z","time":"1899-12-30T00:00:00.000Z","event_type":"Reported Airstrike","actor":"Israel","site_type":"","siteStype":"","city":"Kfar Sir","province":"Nabatieh","country":"Lebanon","latitude":33.325051,"longitude":35.400797,"source_1":"https://t.me/alichoeib1970/15998","source_2":"","sources":""}},{"type":"Feature","geometry":{"type":"Point","coordinates":[35.61480599980935,33.33020100011496]},"properties":{"event_id":554,"data_org":"Green","post_date":"2026-03-17T00:00:00.000Z","pub_date":"2026-03-18T00:00:00.000Z","strikedate":"2026-03-17T00:00:00.000Z","time":"1899-12-30T00:00:00.000Z","event_type":"Reported Airstrike","actor":"Israel","site_type":"","siteStype":"","city":"Khiam","province":"Marjaayoun","country":"Lebanon","latitude":33.330201,"longitude":35.614806,"source_1":"https://t.me/alichoeib1970/16000","source_2":"","sources":""}},{"type":"Feature","geometry":{"type":"Point","coordinates":[35.459678000418215,33.32259899969788]},"properties":{"event_id":556,"data_org":"Green","post_date":"2026-03-17T00:00:00.000Z","pub_date":"2026-03-18T00:00:00.000Z","strikedate":"2026-03-17T00:00:00.000Z","time":"1899-12-30T00:00:00.000Z","event_type":"Reported Airstrike","actor":"Israel","site_type":"","siteStype":"","city":"Zawtar el Gharbiyeh","province":"Nabatieh","country":"Lebanon","latitude":33.322599,"longitude":35.459678,"source_1":"https://t.me/alichoeib1970/16001","source_2":"","sources":""}},{"type":"Feature","geometry":{"type":"Point","coordinates":[35.45928400023292,33.430010999675225]},"properties":{"event_id":557,"data_org":"Green","post_date":"2026-03-17T00:00:00.000Z","pub_date":"2026-03-18T00:00:00.000Z","strikedate":"2026-03-17T00:00:00.000Z","time":"1899-12-30T00:00:00.000Z","event_type":"Reported Airstrike","actor":"Israel","site_type":"","siteStype":"","city":"Deir al Zahrani","province":"Nabatieh","country":"Lebanon","latitude":33.430011,"longitude":35.459284,"source_1":"https://t.me/alichoeib1970/16001","source_2":"","sources":""}},{"type":"Feature","geometry":{"type":"Point","coordinates":[35.499878000149714,33.889682000238004]},"properties":{"event_id":560,"data_org":"Green","post_date":"2026-03-17T00:00:00.000Z","pub_date":"2026-03-18T00:00:00.000Z","strikedate":"2026-03-17T00:00:00.000Z","time":"1899-12-30T00:00:00.000Z","event_type":"Report of Explosion with Footage","actor":"Israel","site_type":"","siteStype":"","city":"Beirut","province":"Beirut","country":"Lebanon","latitude":33.889682,"longitude":35.499878,"source_1":"https://x.com/teelerebane2/status/2034092831640588315","source_2":"https://x.com/SawssanAbouZahr/status/2034065199217459354","sources":"https://x.com/AFP/status/2034128873168707960?s=20"}},{"type":"Feature","geometry":{"type":"Point","coordinates":[35.318320000234564,33.467049000109235]},"properties":{"event_id":561,"data_org":"Green","post_date":"2026-03-17T00:00:00.000Z","pub_date":"2026-03-18T00:00:00.000Z","strikedate":"2026-03-17T00:00:00.000Z","time":null,"event_type":"Confirmed Airstrike","actor":"Israel","site_type":"","siteStype":"","city":"Aaqabiyeh","province":"Sidon","country":"Lebanon","latitude":33.467049,"longitude":35.31832,"source_1":"https://x.com/Zeldamices/status/2034143776046756292","source_2":"https://www.youtube.com/shorts/P24Pi-2pJqo","sources":"https://x.com/sahouraxo/status/2034080157195997246"}},{"type":"Feature","geometry":{"type":"Point","coordinates":[35.50574499967824,33.88925599996611]},"properties":{"event_id":563,"data_org":"Green","post_date":"2026-03-18T00:00:00.000Z","pub_date":"2026-03-18T00:00:00.000Z","strikedate":"2026-03-18T00:00:00.000Z","time":"1899-12-30T00:00:00.000Z","event_type":"Report of Explosion with Footage","actor":"Israel","site_type":"","siteStype":"","city":"Beirut","province":"Beirut","country":"Lebanon","latitude":33.889256,"longitude":35.505745,"source_1":"https://x.com/WillUnderhill23/status/2034200996650324239","source_2":"https://x.com/Osint613/status/2034125036290769140","sources":"https://x.com/BreakingXAlerts/status/2034125261726195814; https://x.com/ariel_oseran/status/2034051955597738410; https://x.com/Osint613/status/2034125036290769140?s=20; https://x.com/Osint613/status/2034166207222354084?s=20; https://x.com/N12News/status/"}},{"type":"Feature","geometry":{"type":"Point","coordinates":[35.616928000173495,33.269206000088246]},"properties":{"event_id":568,"data_org":"Green","post_date":"2026-03-18T00:00:00.000Z","pub_date":"2026-03-18T00:00:00.000Z","strikedate":"2026-03-18T00:00:00.000Z","time":"1899-12-30T00:00:00.000Z","event_type":"Confirmed Airstrike","actor":"Israel","site_type":"","siteStype":"","city":"Maisat","province":"Nabatieh","country":"Lebanon","latitude":33.269206,"longitude":35.616928,"source_1":"https://x.com/Me1Ray/status/2034191570229236017","source_2":"https://x.com/orfialkov/status/2034162973489430651","sources":""}},{"type":"Feature","geometry":{"type":"Point","coordinates":[35.37199399979584,33.55790900009765]},"properties":{"event_id":569,"data_org":"Green","post_date":"2026-03-18T00:00:00.000Z","pub_date":"2026-03-18T00:00:00.000Z","strikedate":"2026-03-18T00:00:00.000Z","time":"1899-12-30T00:00:00.000Z","event_type":"Report of Explosion with Footage","actor":"Israel","site_type":"","siteStype":"","city":"Sidon","province":"Saida","country":"Lebanon","latitude":33.557909,"longitude":35.371994,"source_1":"https://x.com/Osint613/status/2034180717941338330?s=20","source_2":"https://x.com/Osint613/status/2034174936554618938?s=20","sources":""}},{"type":"Feature","geometry":{"type":"Point","coordinates":[35.50651999963005,33.841228999732415]},"properties":{"event_id":570,"data_org":"Green","post_date":"2026-03-18T00:00:00.000Z","pub_date":"2026-03-18T00:00:00.000Z","strikedate":"2026-03-18T00:00:00.000Z","time":"1899-12-30T00:00:00.000Z","event_type":"Confirmed Airstrike","actor":"Israel","site_type":"","siteStype":"","city":"Beirut","province":"Beirut","country":"Lebanon","latitude":33.841229,"longitude":35.50652,"source_1":"https://x.com/idfonline/status/2034186140358455618?s=20","source_2":"","sources":""}},{"type":"Feature","geometry":{"type":"Point","coordinates":[35.20394400004566,33.27108299989723]},"properties":{"event_id":573,"data_org":"Green","post_date":"2026-03-18T00:00:00.000Z","pub_date":"2026-03-18T00:00:00.000Z","strikedate":"2026-03-18T00:00:00.000Z","time":"1899-12-30T00:00:00.000Z","event_type":"Confirmed Airstrike","actor":"Israel","site_type":"","siteStype":"","city":"Tyre","province":"Tyre","country":"Lebanon","latitude":33.271083,"longitude":35.203944,"source_1":"https://x.com/idfonline/status/2034186140358455618?s=20","source_2":"","sources":""}},{"type":"Feature","geometry":{"type":"Point","coordinates":[35.5659150000283,33.3282249997228]},"properties":{"event_id":574,"data_org":"Green","post_date":"2026-03-18T00:00:00.000Z","pub_date":"2026-03-18T00:00:00.000Z","strikedate":"2026-03-18T00:00:00.000Z","time":"1899-12-30T00:00:00.000Z","event_type":"Reported Airstrike","actor":"Israel","site_type":"","siteStype":"","city":"Qalayaa","province":"Marjaayoun","country":"Lebanon","latitude":33.328225,"longitude":35.565915,"source_1":"https://t.me/alichoeib1970/16008","source_2":"","sources":""}},{"type":"Feature","geometry":{"type":"Point","coordinates":[35.499878000149714,33.88970799991264]},"properties":{"event_id":577,"data_org":"Green","post_date":"2026-03-17T00:00:00.000Z","pub_date":"2026-03-18T00:00:00.000Z","strikedate":"2026-03-17T00:00:00.000Z","time":"1899-12-30T00:00:00.000Z","event_type":"Report of Explosion with Footage","actor":"Israel","site_type":"","siteStype":"","city":"Beirut","province":"Beirut","country":"Lebanon","latitude":33.889708,"longitude":35.499878,"source_1":"https://x.com/teelerebane2/status/2034092831640588315?s=20","source_2":"https://x.com/SawssanAbouZahr/status/2034065199217459354?s=20","sources":""}},{"type":"Feature","geometry":{"type":"Point","coordinates":[35.616939000044155,33.269233000033374]},"properties":{"event_id":578,"data_org":"Green","post_date":"2026-03-18T00:00:00.000Z","pub_date":"2026-03-18T00:00:00.000Z","strikedate":"2026-03-18T00:00:00.000Z","time":"1899-12-30T00:00:00.000Z","event_type":"Confirmed Airstrike","actor":"Israel","site_type":"","siteStype":"","city":"Maisat","province":"Nabatieh","country":"Lebanon","latitude":33.269233,"longitude":35.616939,"source_1":"https://x.com/Me1Ray/status/2034191570229236017?s=20","source_2":"https://x.com/orfialkov/status/2034162973489430651?s=20","sources":""}},{"type":"Feature","geometry":{"type":"Point","coordinates":[35.435633000024076,33.12925299975362]},"properties":{"event_id":580,"data_org":"Green","post_date":"2026-03-18T00:00:00.000Z","pub_date":"2026-03-18T00:00:00.000Z","strikedate":"2026-03-18T00:00:00.000Z","time":"1899-12-30T00:00:00.000Z","event_type":"Reported Airstrike","actor":"Israel","site_type":"","siteStype":"","city":"Ainata","province":"Bint Jbeil","country":"Lebanon","latitude":33.129253,"longitude":35.435633,"source_1":"https://t.me/alichoeib1970/16015","source_2":"","sources":""}},{"type":"Feature","geometry":{"type":"Point","coordinates":[35.25516700025313,33.333444000018]},"properties":{"event_id":582,"data_org":"Green","post_date":"2026-03-18T00:00:00.000Z","pub_date":"2026-03-18T00:00:00.000Z","strikedate":"2026-03-18T00:00:00.000Z","time":"1899-12-30T00:00:00.000Z","event_type":"Report of Explosion with Footage","actor":"Israel","site_type":"","siteStype":"","city":"Qasmiyeh","province":"","country":"Lebanon","latitude":33.333444,"longitude":35.255167,"source_1":"https://x.com/MarioLeb79/status/2034274987759084021","source_2":"https://x.com/ariel_oseran/status/2034295686385016852","sources":"https://x.com/AvichayAdraee/status/2034311601445097976; https://x.com/WillUnderhill23/status/2034590323117101497?s=20"}},{"type":"Feature","geometry":{"type":"Point","coordinates":[35.61163499985701,33.32836599971582]},"properties":{"event_id":583,"data_org":"Green","post_date":"2026-03-18T00:00:00.000Z","pub_date":"2026-03-18T00:00:00.000Z","strikedate":"2026-03-18T00:00:00.000Z","time":"1899-12-30T00:00:00.000Z","event_type":"Confirmed Airstrike","actor":"Israel","site_type":"","siteStype":"","city":"Khiam","province":"Nabatieh","country":"Lebanon","latitude":33.328366,"longitude":35.611635,"source_1":"https://x.com/Me1Ray/status/2034300874420572434?s=20","source_2":"https://x.com/idfonline/status/2034295250110366073?s=20","sources":""}},{"type":"Feature","geometry":{"type":"Point","coordinates":[35.44891699988306,33.24668099993754]},"properties":{"event_id":584,"data_org":"Green","post_date":"2026-03-18T00:00:00.000Z","pub_date":"2026-03-19T00:00:00.000Z","strikedate":"2026-03-18T00:00:00.000Z","time":"1899-12-30T00:00:00.000Z","event_type":"Reported Airstrike","actor":"Israel","site_type":"","siteStype":"","city":"Touline","province":"Nabatieh","country":"Lebanon","latitude":33.246681,"longitude":35.448917,"source_1":"https://t.me/alichoeib1970/16023","source_2":"","sources":""}},{"type":"Feature","geometry":{"type":"Point","coordinates":[35.51733100039392,33.42936199988808]},"properties":{"event_id":585,"data_org":"Green","post_date":"2026-03-18T00:00:00.000Z","pub_date":"2026-03-19T00:00:00.000Z","strikedate":"2026-03-18T00:00:00.000Z","time":"1899-12-30T00:00:00.000Z","event_type":"Reported Airstrike","actor":"Israel","site_type":"","siteStype":"","city":"Arab Salim","province":"Nabatieh","country":"Lebanon","latitude":33.429362,"longitude":35.517331,"source_1":"https://t.me/alichoeib1970/16023","source_2":"","sources":""}},{"type":"Feature","geometry":{"type":"Point","coordinates":[35.433608999569216,33.36580499964856]},"properties":{"event_id":586,"data_org":"Green","post_date":"2026-03-18T00:00:00.000Z","pub_date":"2026-03-19T00:00:00.000Z","strikedate":"2026-03-18T00:00:00.000Z","time":"1899-12-30T00:00:00.000Z","event_type":"Reported Airstrike","actor":"Israel","site_type":"","siteStype":"","city":"Jibchit","province":"Bint Jbeil","country":"Lebanon","latitude":33.365805,"longitude":35.433609,"source_1":"https://t.me/alichoeib1970/16032","source_2":"","sources":""}},{"type":"Feature","geometry":{"type":"Point","coordinates":[35.51862199983145,33.2765850002122]},"properties":{"event_id":587,"data_org":"Green","post_date":"2026-03-18T00:00:00.000Z","pub_date":"2026-03-19T00:00:00.000Z","strikedate":"2026-03-18T00:00:00.000Z","time":"1899-12-30T00:00:00.000Z","event_type":"Reported Airstrike","actor":"Israel","site_type":"","siteStype":"","city":"Taybeh","province":"Marjaayoun","country":"Lebanon","latitude":33.276585,"longitude":35.518622,"source_1":"https://t.me/alichoeib1970/16037","source_2":"","sources":""}},{"type":"Feature","geometry":{"type":"Point","coordinates":[35.51862199983145,33.2765850002122]},"properties":{"event_id":588,"data_org":"Green","post_date":"2026-03-18T00:00:00.000Z","pub_date":"2026-03-19T00:00:00.000Z","strikedate":"2026-03-18T00:00:00.000Z","time":"1899-12-30T00:00:00.000Z","event_type":"Reported Airstrike","actor":"Israel","site_type":"","siteStype":"","city":"Taybeh","province":"Marjaayoun","country":"Lebanon","latitude":33.276585,"longitude":35.518622,"source_1":"https://t.me/alichoeib1970/16049","source_2":"","sources":""}},{"type":"Feature","geometry":{"type":"Point","coordinates":[35.437245999676875,33.12195800007302]},"properties":{"event_id":589,"data_org":"Green","post_date":"2026-03-19T00:00:00.000Z","pub_date":"2026-03-19T00:00:00.000Z","strikedate":"2026-03-19T00:00:00.000Z","time":"1899-12-30T00:00:00.000Z","event_type":"Reported Airstrike","actor":"Israel","site_type":"","siteStype":"","city":"Bint Jbeil","province":"Bint Jbeil","country":"Lebanon","latitude":33.121958,"longitude":35.437246,"source_1":"https://t.me/alichoeib1970/16054","source_2":"","sources":""}},{"type":"Feature","geometry":{"type":"Point","coordinates":[35.61480599980935,33.33020100011496]},"properties":{"event_id":590,"data_org":"Green","post_date":"2026-03-19T00:00:00.000Z","pub_date":"2026-03-19T00:00:00.000Z","strikedate":"2026-03-19T00:00:00.000Z","time":"1899-12-30T00:00:00.000Z","event_type":"Reported Airstrike","actor":"Israel","site_type":"","siteStype":"","city":"Khiam","province":"Marjaayoun","country":"Lebanon","latitude":33.330201,"longitude":35.614806,"source_1":"https://t.me/alichoeib1970/16055","source_2":"","sources":""}},{"type":"Feature","geometry":{"type":"Point","coordinates":[35.51933499985898,33.27676899992278]},"properties":{"event_id":591,"data_org":"Green","post_date":"2026-03-19T00:00:00.000Z","pub_date":"2026-03-19T00:00:00.000Z","strikedate":"2026-03-19T00:00:00.000Z","time":"1899-12-30T00:00:00.000Z","event_type":"Confirmed Airstrike","actor":"Israel","site_type":"","siteStype":"","city":"Taybeh","province":"Marjaayoun","country":"Lebanon","latitude":33.276769,"longitude":35.519335,"source_1":"https://x.com/idfonline/status/2034518431219740680","source_2":"https://x.com/Me1Ray/status/2034535215780212896","sources":""}},{"type":"Feature","geometry":{"type":"Point","coordinates":[35.43739399981488,33.308559999769095]},"properties":{"event_id":592,"data_org":"Green","post_date":"2026-03-19T00:00:00.000Z","pub_date":"2026-03-19T00:00:00.000Z","strikedate":"2026-03-18T00:00:00.000Z","time":"1899-12-30T00:00:00.000Z","event_type":"Confirmed Airstrike","actor":"Israel","site_type":"","siteStype":"","city":"Zaqiyeh","province":"Nabatieh","country":"Lebanon","latitude":33.30856,"longitude":35.437394,"source_1":"https://x.com/WillUnderhill23/status/2034592629766115587?s=20","source_2":"https://x.com/Breking911World/status/2034324634309402733?s=20","sources":""}},{"type":"Feature","geometry":{"type":"Point","coordinates":[35.25518599962139,33.333393999660586]},"properties":{"event_id":593,"data_org":"Green","post_date":"2026-03-19T00:00:00.000Z","pub_date":"2026-03-19T00:00:00.000Z","strikedate":"2026-03-19T00:00:00.000Z","time":"1899-12-30T00:00:00.000Z","event_type":"Reported Airstrike","actor":"Israel","site_type":"","siteStype":"","city":"Qasmiya","province":"Tyre","country":"Lebanon","latitude":33.333394,"longitude":35.255186,"source_1":"https://x.com/FaytuksNetwork/status/2034599194908901654","source_2":"https://wikimapia.org/#lang=en&lat=33.339470&lon=35.252069&z=17&m=w&search=%D8%AC%D8%B3%D8%B1%20%D8%A7%D9%84%D9%82%D8%A7%D8%B3%D9%85%D9%8A%D8%A9","sources":"https://x.com/Stinky915846091/status/2034683154087264759"}},{"type":"Feature","geometry":{"type":"Point","coordinates":[35.67837800009043,33.34318800022149]},"properties":{"event_id":594,"data_org":"Green","post_date":"2026-03-19T00:00:00.000Z","pub_date":"2026-03-19T00:00:00.000Z","strikedate":"2026-03-19T00:00:00.000Z","time":"1899-12-30T00:00:00.000Z","event_type":"Reported Airstrike","actor":"Israel","site_type":"","siteStype":"","city":"Kfarhamam","province":"Hasbaya","country":"Lebanon","latitude":33.343188,"longitude":35.678378,"source_1":"https://t.me/alichoeib1970/16058","source_2":"","sources":""}},{"type":"Feature","geometry":{"type":"Point","coordinates":[35.56755100014564,33.44439299979838]},"properties":{"event_id":595,"data_org":"Green","post_date":"2026-03-19T00:00:00.000Z","pub_date":"2026-03-19T00:00:00.000Z","strikedate":"2026-03-19T00:00:00.000Z","time":"1899-12-30T00:00:00.000Z","event_type":"Reported Airstrike","actor":"Israel","site_type":"","siteStype":"","city":"Rihan","province":"Jezzine","country":"Lebanon","latitude":33.444393,"longitude":35.567551,"source_1":"https://t.me/alichoeib1970/16058","source_2":"","sources":""}},{"type":"Feature","geometry":{"type":"Point","coordinates":[35.50651999963005,33.841228999732415]},"properties":{"event_id":596,"data_org":"Green","post_date":"2026-03-19T00:00:00.000Z","pub_date":"2026-03-19T00:00:00.000Z","strikedate":"2026-03-19T00:00:00.000Z","time":"1899-12-30T00:00:00.000Z","event_type":"Confirmed Airstrike","actor":"Israel","site_type":"","siteStype":"","city":"Beirut","province":"Beirut","country":"Lebanon","latitude":33.841229,"longitude":35.50652,"source_1":"https://x.com/IAFsite/status/2034661449419653302","source_2":"","sources":""}},{"type":"Feature","geometry":{"type":"Point","coordinates":[35.513478000376196,33.35350999988613]},"properties":{"event_id":597,"data_org":"Green","post_date":"2026-03-19T00:00:00.000Z","pub_date":"2026-03-19T00:00:00.000Z","strikedate":"2026-03-19T00:00:00.000Z","time":"1899-12-30T00:00:00.000Z","event_type":"Reported Airstrike","actor":"Israel","site_type":"","siteStype":"","city":"Kfar Tebnit","province":"Tyre","country":"Lebanon","latitude":33.35351,"longitude":35.513478,"source_1":"https://t.me/alichoeib1970/16060","source_2":"","sources":""}},{"type":"Feature","geometry":{"type":"Point","coordinates":[35.449361000297074,33.183274000234704]},"properties":{"event_id":598,"data_org":"Green","post_date":"2026-03-19T00:00:00.000Z","pub_date":"2026-03-19T00:00:00.000Z","strikedate":"2026-03-19T00:00:00.000Z","time":"1899-12-30T00:00:00.000Z","event_type":"Reported Airstrike","actor":"Israel","site_type":"","siteStype":"","city":"Chaqra","province":"Bint Jbeil","country":"Lebanon","latitude":33.183274,"longitude":35.449361,"source_1":"https://t.me/alichoeib1970/16060","source_2":"","sources":""}},{"type":"Feature","geometry":{"type":"Point","coordinates":[35.35077700012068,33.17459399968104]},"properties":{"event_id":599,"data_org":"Green","post_date":"2026-03-19T00:00:00.000Z","pub_date":"2026-03-19T00:00:00.000Z","strikedate":"2026-03-19T00:00:00.000Z","time":"1899-12-30T00:00:00.000Z","event_type":"Reported Airstrike","actor":"Israel","site_type":"","siteStype":"","city":"Kafra","province":"Bint Jbeil","country":"Lebanon","latitude":33.174594,"longitude":35.350777,"source_1":"https://t.me/alichoeib1970/16060","source_2":"","sources":""}},{"type":"Feature","geometry":{"type":"Point","coordinates":[35.56755100014564,33.44439299979838]},"properties":{"event_id":600,"data_org":"Green","post_date":"2026-03-19T00:00:00.000Z","pub_date":"2026-03-19T00:00:00.000Z","strikedate":"2026-03-19T00:00:00.000Z","time":"1899-12-30T00:00:00.000Z","event_type":"Reported Airstrike","actor":"Israel","site_type":"","siteStype":"","city":"Rihan","province":"Jezzine","country":"Lebanon","latitude":33.444393,"longitude":35.567551,"source_1":"https://t.me/alichoeib1970/16060","source_2":"","sources":""}},{"type":"Feature","geometry":{"type":"Point","coordinates":[35.599198999744765,33.3718390001643]},"properties":{"event_id":601,"data_org":"Green","post_date":"2026-03-19T00:00:00.000Z","pub_date":"2026-03-19T00:00:00.000Z","strikedate":"2026-03-19T00:00:00.000Z","time":"1899-12-30T00:00:00.000Z","event_type":"Reported Airstrike","actor":"Israel","site_type":"","siteStype":"","city":"Dibbine","province":"Marjaayoun","country":"Lebanon","latitude":33.371839,"longitude":35.599199,"source_1":"https://t.me/alichoeib1970/16062","source_2":"","sources":""}},{"type":"Feature","geometry":{"type":"Point","coordinates":[35.5099800001857,33.469773000351324]},"properties":{"event_id":602,"data_org":"Green","post_date":"2026-03-19T00:00:00.000Z","pub_date":"2026-03-19T00:00:00.000Z","strikedate":"2026-03-19T00:00:00.000Z","time":"1899-12-30T00:00:00.000Z","event_type":"Reported Airstrike","actor":"Israel","site_type":"","siteStype":"","city":"Ain Qana","province":"Nabatieh","country":"Lebanon","latitude":33.469773,"longitude":35.50998,"source_1":"https://t.me/alichoeib1970/16063","source_2":"","sources":""}},{"type":"Feature","geometry":{"type":"Point","coordinates":[35.56867199970386,33.442177999878666]},"properties":{"event_id":603,"data_org":"Green","post_date":"2026-03-19T00:00:00.000Z","pub_date":"2026-03-20T00:00:00.000Z","strikedate":"2026-03-19T00:00:00.000Z","time":"1899-12-30T00:00:00.000Z","event_type":"Reported Airstrike","actor":"Israel","site_type":"","siteStype":"","city":"Al Rayhan","province":"Jezinne","country":"Lebanon","latitude":33.442178,"longitude":35.568672,"source_1":"https://t.me/alichoeib1970/16065","source_2":"","sources":""}},{"type":"Feature","geometry":{"type":"Point","coordinates":[35.499729000186804,33.29202099966303]},"properties":{"event_id":604,"data_org":"Green","post_date":"2026-03-19T00:00:00.000Z","pub_date":"2026-03-20T00:00:00.000Z","strikedate":"2026-03-19T00:00:00.000Z","time":"1899-12-30T00:00:00.000Z","event_type":"Reported Airstrike","actor":"Israel","site_type":"","siteStype":"","city":"Deir Seryan","province":"Marjaayoun","country":"Lebanon","latitude":33.292021,"longitude":35.499729,"source_1":"https://t.me/alichoeib1970/16070","source_2":"","sources":""}},{"type":"Feature","geometry":{"type":"Point","coordinates":[35.47717000012217,33.40944199993795]},"properties":{"event_id":605,"data_org":"Green","post_date":"2026-03-19T00:00:00.000Z","pub_date":"2026-03-20T00:00:00.000Z","strikedate":"2026-03-19T00:00:00.000Z","time":"1899-12-30T00:00:00.000Z","event_type":"Reported Airstrike","actor":"Israel","site_type":"","siteStype":"","city":"Haboush","province":"Nabatieh","country":"Lebanon","latitude":33.409442,"longitude":35.47717,"source_1":"https://t.me/alichoeib1970/16071","source_2":"","sources":""}},{"type":"Feature","geometry":{"type":"Point","coordinates":[35.381027999977064,33.10997699978166]},"properties":{"event_id":606,"data_org":"Green","post_date":"2026-03-19T00:00:00.000Z","pub_date":"2026-03-20T00:00:00.000Z","strikedate":"2026-03-19T00:00:00.000Z","time":"1899-12-30T00:00:00.000Z","event_type":"Reported Airstrike","actor":"Israel","site_type":"","siteStype":"","city":"Hanine","province":"Bint Jbeil","country":"Lebanon","latitude":33.109977,"longitude":35.381028,"source_1":"https://t.me/alichoeib1970/16072","source_2":"","sources":""}},{"type":"Feature","geometry":{"type":"Point","coordinates":[35.3690830001345,33.26143900003797]},"properties":{"event_id":607,"data_org":"Green","post_date":"2026-03-19T00:00:00.000Z","pub_date":"2026-03-20T00:00:00.000Z","strikedate":"2026-03-19T00:00:00.000Z","time":"1899-12-30T00:00:00.000Z","event_type":"Reported Airstrike","actor":"Israel","site_type":"","siteStype":"","city":"Bafliyeh","province":"Tyre","country":"Lebanon","latitude":33.261439,"longitude":35.369083,"source_1":"https://t.me/alichoeib1970/16072","source_2":"","sources":""}},{"type":"Feature","geometry":{"type":"Point","coordinates":[36.26628500032579,32.85196800000508]},"properties":{"event_id":608,"data_org":"Green","post_date":"2026-03-20T00:00:00.000Z","pub_date":"2026-03-20T00:00:00.000Z","strikedate":"2026-03-20T00:00:00.000Z","time":"1899-12-30T00:00:00.000Z","event_type":"Confirmed Airstrike","actor":"Israel","site_type":"","siteStype":"","city":"Izraa","province":"Daraa","country":"Syria","latitude":32.851968,"longitude":36.266285,"source_1":"https://t.me/BenTzionM/7168","source_2":"","sources":""}},{"type":"Feature","geometry":{"type":"Point","coordinates":[35.4986589997839,33.36187999993867]},"properties":{"event_id":610,"data_org":"Green","post_date":"2026-03-20T00:00:00.000Z","pub_date":"2026-03-20T00:00:00.000Z","strikedate":"2026-03-20T00:00:00.000Z","time":"1899-12-30T00:00:00.000Z","event_type":"Reported Airstrike","actor":"Israel","site_type":"","siteStype":"","city":"Nabatieh al Fawqa","province":"Nabatieh","country":"Lebanon","latitude":33.36188,"longitude":35.498659,"source_1":"https://t.me/alichoeib1970/16080","source_2":"","sources":""}},{"type":"Feature","geometry":{"type":"Point","coordinates":[35.46567999966596,33.27092700006586]},"properties":{"event_id":611,"data_org":"Green","post_date":"2026-03-20T00:00:00.000Z","pub_date":"2026-03-20T00:00:00.000Z","strikedate":"2026-03-20T00:00:00.000Z","time":"1899-12-30T00:00:00.000Z","event_type":"Reported Airstrike","actor":"Israel","site_type":"","siteStype":"","city":"Al-Qantara","province":"Marjaayoun","country":"Lebanon","latitude":33.270927,"longitude":35.46568,"source_1":"https://t.me/alichoeib1970/16082","source_2":"","sources":""}},{"type":"Feature","geometry":{"type":"Point","coordinates":[35.48528500041154,33.2366360003518]},"properties":{"event_id":612,"data_org":"Green","post_date":"2026-03-20T00:00:00.000Z","pub_date":"2026-03-20T00:00:00.000Z","strikedate":"2026-03-20T00:00:00.000Z","time":"1899-12-30T00:00:00.000Z","event_type":"Reported Airstrike","actor":"Israel","site_type":"","siteStype":"","city":"Tallousseh","province":"Marjaayoun","country":"Lebanon","latitude":33.236636,"longitude":35.485285,"source_1":"https://t.me/alichoeib1970/16082","source_2":"https://t.me/alichoeib1970/16083","sources":""}},{"type":"Feature","geometry":{"type":"Point","coordinates":[35.44891699988306,33.24668099993754]},"properties":{"event_id":613,"data_org":"Green","post_date":"2026-03-20T00:00:00.000Z","pub_date":"2026-03-20T00:00:00.000Z","strikedate":"2026-03-20T00:00:00.000Z","time":"1899-12-30T00:00:00.000Z","event_type":"Reported Airstrike","actor":"Israel","site_type":"","siteStype":"","city":"Touline","province":"Nabatieh","country":"Lebanon","latitude":33.246681,"longitude":35.448917,"source_1":"https://t.me/alichoeib1970/16084","source_2":"","sources":""}},{"type":"Feature","geometry":{"type":"Point","coordinates":[35.480604999665154,33.4081219997784]},"properties":{"event_id":614,"data_org":"Green","post_date":"2026-03-20T00:00:00.000Z","pub_date":"2026-03-20T00:00:00.000Z","strikedate":"2026-03-20T00:00:00.000Z","time":"1899-12-30T00:00:00.000Z","event_type":"Reported Airstrike","actor":"Israel","site_type":"","siteStype":"","city":"Habbouch","province":"Nabatieh","country":"Lebanon","latitude":33.408122,"longitude":35.480605,"source_1":"https://t.me/alichoeib1970/16085","source_2":"","sources":""}},{"type":"Feature","geometry":{"type":"Point","coordinates":[35.61480599980935,33.33020100011496]},"properties":{"event_id":615,"data_org":"Green","post_date":"2026-03-20T00:00:00.000Z","pub_date":"2026-03-20T00:00:00.000Z","strikedate":"2026-03-20T00:00:00.000Z","time":"1899-12-30T00:00:00.000Z","event_type":"Reported Airstrike","actor":"Israel","site_type":"","siteStype":"","city":"Khiam","province":"Marjaayoun","country":"Lebanon","latitude":33.330201,"longitude":35.614806,"source_1":"https://t.me/alichoeib1970/16089","source_2":"","sources":""}},{"type":"Feature","geometry":{"type":"Point","coordinates":[35.51862199983145,33.2765850002122]},"properties":{"event_id":616,"data_org":"Green","post_date":"2026-03-20T00:00:00.000Z","pub_date":"2026-03-20T00:00:00.000Z","strikedate":"2026-03-20T00:00:00.000Z","time":"1899-12-30T00:00:00.000Z","event_type":"Reported Airstrike","actor":"Israel","site_type":"","siteStype":"","city":"Taybeh","province":"Marjaayoun","country":"Lebanon","latitude":33.276585,"longitude":35.518622,"source_1":"DNGTS: https://aje dot news/gt5gwr?update=4420154","source_2":"","sources":""}},{"type":"Feature","geometry":{"type":"Point","coordinates":[35.464487999962635,33.22159400019104]},"properties":{"event_id":617,"data_org":"Green","post_date":"2026-03-20T00:00:00.000Z","pub_date":"2026-03-20T00:00:00.000Z","strikedate":"2026-03-20T00:00:00.000Z","time":"1899-12-30T00:00:00.000Z","event_type":"Reported Airstrike","actor":"Israel","site_type":"","siteStype":"","city":"Majdal Salam","province":"Bint Jbeil","country":"Lebanon","latitude":33.221594,"longitude":35.464488,"source_1":"https://t.me/alichoeib1970/16095","source_2":"","sources":""}},{"type":"Feature","geometry":{"type":"Point","coordinates":[35.440722000126065,33.36863400009993]},"properties":{"event_id":618,"data_org":"Green","post_date":"2026-03-20T00:00:00.000Z","pub_date":"2026-03-20T00:00:00.000Z","strikedate":"2026-03-20T00:00:00.000Z","time":"1899-12-30T00:00:00.000Z","event_type":"Reported Airstrike","actor":"Israel","site_type":"","siteStype":"","city":"Jibchit","province":"Nabatieh","country":"Lebanon","latitude":33.368634,"longitude":35.440722,"source_1":"https://t.me/alichoeib1970/16098","source_2":"","sources":""}},{"type":"Feature","geometry":{"type":"Point","coordinates":[35.45886800030631,33.378256999644336]},"properties":{"event_id":619,"data_org":"Green","post_date":"2026-03-20T00:00:00.000Z","pub_date":"2026-03-20T00:00:00.000Z","strikedate":"2026-03-20T00:00:00.000Z","time":"1899-12-30T00:00:00.000Z","event_type":"Reported Airstrike","actor":"Israel","site_type":"","siteStype":"","city":"Zebdine","province":"Nabatieh","country":"Lebanon","latitude":33.378257,"longitude":35.458868,"source_1":"DNGTS: https://aje dot news/gt5gwr?update=4420197","source_2":"","sources":""}},{"type":"Feature","geometry":{"type":"Point","coordinates":[35.418055999931305,33.325556000261564]},"properties":{"event_id":620,"data_org":"Green","post_date":"2026-03-20T00:00:00.000Z","pub_date":"2026-03-20T00:00:00.000Z","strikedate":"2026-03-20T00:00:00.000Z","time":"1899-12-30T00:00:00.000Z","event_type":"Reported Airstrike","actor":"Israel","site_type":"","siteStype":"","city":"Qaaqaait al Jisr","province":"Nabatieh","country":"Lebanon","latitude":33.325556,"longitude":35.418056,"source_1":"DNGTS: https://aje dot news/gt5gwr?update=4420197","source_2":"","sources":""}},{"type":"Feature","geometry":{"type":"Point","coordinates":[35.51937000001908,33.31107100013384]},"properties":{"event_id":621,"data_org":"Green","post_date":"2026-03-20T00:00:00.000Z","pub_date":"2026-03-20T00:00:00.000Z","strikedate":"2026-03-20T00:00:00.000Z","time":"1899-12-30T00:00:00.000Z","event_type":"Reported Airstrike","actor":"Israel","site_type":"","siteStype":"","city":"Yohmor","province":"Nabatieh","country":"Lebanon","latitude":33.311071,"longitude":35.51937,"source_1":"DNGTS: https://aje dot news/gt5gwr?update=4420197","source_2":"","sources":""}},{"type":"Feature","geometry":{"type":"Point","coordinates":[35.61480599980935,33.33020100011496]},"properties":{"event_id":622,"data_org":"Green","post_date":"2026-03-20T00:00:00.000Z","pub_date":"2026-03-20T00:00:00.000Z","strikedate":"2026-03-20T00:00:00.000Z","time":"1899-12-30T00:00:00.000Z","event_type":"Reported Airstrike","actor":"Israel","site_type":"","siteStype":"","city":"Khiam","province":"Marjaayoun","country":"Lebanon","latitude":33.330201,"longitude":35.614806,"source_1":"https://t.me/alichoeib1970/16104","source_2":"","sources":""}},{"type":"Feature","geometry":{"type":"Point","coordinates":[35.69161400026884,33.32823499963933]},"properties":{"event_id":623,"data_org":"Green","post_date":"2026-03-20T00:00:00.000Z","pub_date":"2026-03-20T00:00:00.000Z","strikedate":"2026-03-20T00:00:00.000Z","time":"1899-12-30T00:00:00.000Z","event_type":"Reported Airstrike","actor":"Israel","site_type":"","siteStype":"","city":"Kfarchouba","province":"Hasbaya","country":"Lebanon","latitude":33.328235,"longitude":35.691614,"source_1":"https://t.me/alichoeib1970/16107","source_2":"","sources":""}},{"type":"Feature","geometry":{"type":"Point","coordinates":[35.40459899981997,33.22595099996749]},"properties":{"event_id":624,"data_org":"Green","post_date":"2026-03-20T00:00:00.000Z","pub_date":"2026-03-21T00:00:00.000Z","strikedate":"2026-03-20T00:00:00.000Z","time":"1899-12-30T00:00:00.000Z","event_type":"Reported Airstrike","actor":"Israel","site_type":"","siteStype":"","city":"Bir al Silsil","province":"Tyre","country":"Lebanon","latitude":33.225951,"longitude":35.404599,"source_1":"https://t.me/alichoeib1970/16123","source_2":"","sources":""}},{"type":"Feature","geometry":{"type":"Point","coordinates":[35.335688999914865,33.09739400018264]},"properties":{"event_id":632,"data_org":"Green","post_date":"2026-03-21T00:00:00.000Z","pub_date":"2026-03-21T00:00:00.000Z","strikedate":"2026-03-21T00:00:00.000Z","time":"1899-12-30T00:00:00.000Z","event_type":"Reported Airstrike","actor":"Israel","site_type":"","siteStype":"","city":"Aita al Shaab","province":"Bint Jbeil","country":"Lebanon","latitude":33.097394,"longitude":35.335689,"source_1":"https://t.me/alichoeib1970/16136","source_2":"","sources":""}},{"type":"Feature","geometry":{"type":"Point","coordinates":[35.46440299957382,33.222456000193844]},"properties":{"event_id":633,"data_org":"Green","post_date":"2026-03-21T00:00:00.000Z","pub_date":"2026-03-21T00:00:00.000Z","strikedate":"2026-03-21T00:00:00.000Z","time":"1899-12-30T00:00:00.000Z","event_type":"Reported Airstrike","actor":"Israel","site_type":"","siteStype":"","city":"Majdal Salam","province":"Bint Jbeil","country":"Lebanon","latitude":33.222456,"longitude":35.464403,"source_1":"https://t.me/alichoeib1970/16149","source_2":"","sources":""}},{"type":"Feature","geometry":{"type":"Point","coordinates":[35.46740399964685,33.3565739996696]},"properties":{"event_id":636,"data_org":"Green","post_date":"2026-03-22T00:00:00.000Z","pub_date":"2026-03-22T00:00:00.000Z","strikedate":"2026-03-22T00:00:00.000Z","time":"1899-12-30T00:00:00.000Z","event_type":"Reported Airstrike","actor":"Israel","site_type":"","siteStype":"","city":"Choukine","province":"Nabatieh","country":"Lebanon","latitude":33.356574,"longitude":35.467404,"source_1":"https://t.me/alichoeib1970/16162","source_2":"","sources":""}},{"type":"Feature","geometry":{"type":"Point","coordinates":[35.478454999711914,33.35017099989022]},"properties":{"event_id":637,"data_org":"Green","post_date":"2026-03-22T00:00:00.000Z","pub_date":"2026-03-22T00:00:00.000Z","strikedate":"2026-03-22T00:00:00.000Z","time":"1899-12-30T00:00:00.000Z","event_type":"Reported Airstrike","actor":"Israel","site_type":"","siteStype":"","city":"Maifadoun","province":"Nabatieh","country":"Lebanon","latitude":33.350171,"longitude":35.478455,"source_1":"https://t.me/alichoeib1970/16162","source_2":"","sources":""}},{"type":"Feature","geometry":{"type":"Point","coordinates":[35.47726999968128,33.326331000243286]},"properties":{"event_id":638,"data_org":"Green","post_date":"2026-03-22T00:00:00.000Z","pub_date":"2026-03-22T00:00:00.000Z","strikedate":"2026-03-22T00:00:00.000Z","time":"1899-12-30T00:00:00.000Z","event_type":"Reported Airstrike","actor":"Israel","site_type":"","siteStype":"","city":"Zawtar El Charqiyeh","province":"Nabatieh","country":"Lebanon","latitude":33.326331,"longitude":35.47727,"source_1":"https://t.me/alichoeib1970/16162","source_2":"","sources":""}},{"type":"Feature","geometry":{"type":"Point","coordinates":[35.513478000376196,33.35350999988613]},"properties":{"event_id":639,"data_org":"Green","post_date":"2026-03-22T00:00:00.000Z","pub_date":"2026-03-22T00:00:00.000Z","strikedate":"2026-03-22T00:00:00.000Z","time":"1899-12-30T00:00:00.000Z","event_type":"Reported Airstrike","actor":"Israel","site_type":"","siteStype":"","city":"Kfar Tebnit","province":"Tyre","country":"Lebanon","latitude":33.35351,"longitude":35.513478,"source_1":"https://t.me/alichoeib1970/16162","source_2":"","sources":""}},{"type":"Feature","geometry":{"type":"Point","coordinates":[35.4986589997839,33.36187999993867]},"properties":{"event_id":640,"data_org":"Green","post_date":"2026-03-22T00:00:00.000Z","pub_date":"2026-03-22T00:00:00.000Z","strikedate":"2026-03-22T00:00:00.000Z","time":"1899-12-30T00:00:00.000Z","event_type":"Reported Airstrike","actor":"Israel","site_type":"","siteStype":"","city":"Nabatieh al Fawqa","province":"Nabatieh","country":"Lebanon","latitude":33.36188,"longitude":35.498659,"source_1":"https://t.me/alichoeib1970/16162","source_2":"","sources":""}},{"type":"Feature","geometry":{"type":"Point","coordinates":[35.26456899978208,33.32381399992687]},"properties":{"event_id":641,"data_org":"Green","post_date":"2026-03-22T00:00:00.000Z","pub_date":"2026-03-22T00:00:00.000Z","strikedate":"2026-03-22T00:00:00.000Z","time":"1899-12-30T00:00:00.000Z","event_type":"Confirmed Airstrike","actor":"Israel","site_type":"","siteStype":"","city":"Qasmiyeh","province":"Tyre","country":"Lebanon","latitude":33.323814,"longitude":35.264569,"source_1":"https://x.com/FaytuksNetwork/status/2035705179442409515","source_2":"","sources":"https://x.com/manniefabian/status/2035705739566629182; https://x.com/Stinky915846091/status/2035716665082540349?s=20; https://x.com/kataeb_Ar/status/2035754544466886986?s=20; https://x.com/zarGEOINT/status/2035705513858465807?s=20; https://x.com/zarGEOIN"}},{"type":"Feature","geometry":{"type":"Point","coordinates":[35.25200200014858,33.328242000255734]},"properties":{"event_id":642,"data_org":"Green","post_date":"2026-03-22T00:00:00.000Z","pub_date":"2026-03-22T00:00:00.000Z","strikedate":"2026-03-22T00:00:00.000Z","time":"1899-12-30T00:00:00.000Z","event_type":"Reported Airstrike","actor":"Israel","site_type":"","siteStype":"","city":"Qasmiyeh","province":"Tyre","country":"Lebanon","latitude":33.328242,"longitude":35.252002,"source_1":"https://t.me/alichoeib1970/16168","source_2":"","sources":""}},{"type":"Feature","geometry":{"type":"Point","coordinates":[35.464487999962635,33.22159400019104]},"properties":{"event_id":643,"data_org":"Green","post_date":"2026-03-22T00:00:00.000Z","pub_date":"2026-03-22T00:00:00.000Z","strikedate":"2026-03-22T00:00:00.000Z","time":"1899-12-30T00:00:00.000Z","event_type":"Reported Airstrike","actor":"Israel","site_type":"","siteStype":"","city":"Majdal Salam","province":"Bint Jbeil","country":"Lebanon","latitude":33.221594,"longitude":35.464488,"source_1":"https://t.me/alichoeib1970/16170","source_2":"","sources":""}},{"type":"Feature","geometry":{"type":"Point","coordinates":[35.52196000018837,33.24746000026706]},"properties":{"event_id":644,"data_org":"Green","post_date":"2026-03-22T00:00:00.000Z","pub_date":"2026-03-22T00:00:00.000Z","strikedate":"2026-03-22T00:00:00.000Z","time":"1899-12-30T00:00:00.000Z","event_type":"Reported Airstrike","actor":"Israel","site_type":"","siteStype":"","city":"Rab El Thalathine","province":"Marjaayoun","country":"Lebanon","latitude":33.24746,"longitude":35.52196,"source_1":"https://t.me/alichoeib1970/16171","source_2":"","sources":""}},{"type":"Feature","geometry":{"type":"Point","coordinates":[35.520020000297414,33.27651000031688]},"properties":{"event_id":645,"data_org":"Green","post_date":"2026-03-22T00:00:00.000Z","pub_date":"2026-03-22T00:00:00.000Z","strikedate":"2026-03-22T00:00:00.000Z","time":"1899-12-30T00:00:00.000Z","event_type":"Reported Airstrike","actor":"Israel","site_type":"","siteStype":"","city":"Taybeh","province":"Marjaayoun","country":"Lebanon","latitude":33.27651,"longitude":35.52002,"source_1":"https://t.me/alichoeib1970/16171","source_2":"","sources":""}},{"type":"Feature","geometry":{"type":"Point","coordinates":[35.61480599980935,33.33020100011496]},"properties":{"event_id":646,"data_org":"Green","post_date":"2026-03-22T00:00:00.000Z","pub_date":"2026-03-22T00:00:00.000Z","strikedate":"2026-03-22T00:00:00.000Z","time":"1899-12-30T00:00:00.000Z","event_type":"Reported Airstrike","actor":"Israel","site_type":"","siteStype":"","city":"Khiam","province":"Marjaayoun","country":"Lebanon","latitude":33.330201,"longitude":35.614806,"source_1":"https://t.me/alichoeib1970/16171","source_2":"","sources":""}},{"type":"Feature","geometry":{"type":"Point","coordinates":[35.464487999962635,33.22159400019104]},"properties":{"event_id":647,"data_org":"Green","post_date":"2026-03-22T00:00:00.000Z","pub_date":"2026-03-22T00:00:00.000Z","strikedate":"2026-03-22T00:00:00.000Z","time":"1899-12-30T00:00:00.000Z","event_type":"Reported Airstrike","actor":"Israel","site_type":"","siteStype":"","city":"Majdal Salam","province":"Bint Jbeil","country":"Lebanon","latitude":33.221594,"longitude":35.464488,"source_1":"https://t.me/alichoeib1970/16176","source_2":"","sources":""}},{"type":"Feature","geometry":{"type":"Point","coordinates":[35.404632000330245,33.20512000009239]},"properties":{"event_id":648,"data_org":"Green","post_date":"2026-03-22T00:00:00.000Z","pub_date":"2026-03-22T00:00:00.000Z","strikedate":"2026-03-22T00:00:00.000Z","time":"1899-12-30T00:00:00.000Z","event_type":"Reported Airstrike","actor":"Israel","site_type":"","siteStype":"","city":"Sultaniyeh","province":"Bint Jbeil","country":"Lebanon","latitude":33.20512,"longitude":35.404632,"source_1":"https://t.me/alichoeib1970/16176","source_2":"","sources":""}},{"type":"Feature","geometry":{"type":"Point","coordinates":[35.40979400022716,33.205576000349524]},"properties":{"event_id":650,"data_org":"Green","post_date":"2026-03-19T00:00:00.000Z","pub_date":"2026-03-23T00:00:00.000Z","strikedate":"2026-03-19T00:00:00.000Z","time":"1899-12-30T00:00:00.000Z","event_type":"Report of Explosion with Footage","actor":"Israel","site_type":"","siteStype":"","city":"Sultaniyeh","province":"Bint Jbeil","country":"Lebanon","latitude":33.205576,"longitude":35.409794,"source_1":"https://x.com/Alhadath_Leb/status/2034649282951651803?s=20","source_2":"https://x.com/weatherwar/status/2035348767885464059?s=20","sources":"https://x.com/EndlessWint_r/status/2036022352438288389?s=20"}},{"type":"Feature","geometry":{"type":"Point","coordinates":[35.484831999776695,33.377920999656304]},"properties":{"event_id":651,"data_org":"Green","post_date":"2026-03-22T00:00:00.000Z","pub_date":"2026-03-23T00:00:00.000Z","strikedate":"2026-03-22T00:00:00.000Z","time":"1899-12-30T00:00:00.000Z","event_type":"Confirmed Airstrike","actor":"Israel","site_type":"","siteStype":"","city":"Nabatieh","province":"Nabatieh","country":"Lebanon","latitude":33.377921,"longitude":35.484832,"source_1":"https://x.com/idfonline/status/2035811164874023136","source_2":"","sources":""}},{"type":"Feature","geometry":{"type":"Point","coordinates":[35.43744099967055,33.308609000119986]},"properties":{"event_id":652,"data_org":"Green","post_date":"2026-03-23T00:00:00.000Z","pub_date":"2026-03-23T00:00:00.000Z","strikedate":"2026-03-23T00:00:00.000Z","time":"1899-12-30T00:00:00.000Z","event_type":"Reported Airstrike","actor":"Israel","site_type":"","siteStype":"","city":"Qaaqaait al Jisr","province":"Nabaiteh","country":"Lebanon","latitude":33.308609,"longitude":35.437441,"source_1":"https://x.com/manniefabian/status/2035980845249396957","source_2":"","sources":""}},{"type":"Feature","geometry":{"type":"Point","coordinates":[35.64351099996008,33.433004999846624]},"properties":{"event_id":654,"data_org":"Green","post_date":"2026-03-23T00:00:00.000Z","pub_date":"2026-03-23T00:00:00.000Z","strikedate":"2026-03-23T00:00:00.000Z","time":"1899-12-30T00:00:00.000Z","event_type":"Report of Explosion with Footage","actor":"Israel","site_type":"","siteStype":"","city":"Dlafy","province":"Nabatieh","country":"Lebanon","latitude":33.433005,"longitude":35.643511,"source_1":"https://x.com/Osint613/status/2036077465139888248","source_2":"https://t.me/almanarnews/243613","sources":"https://x.com/WillUnderhill23/status/2036092898622529578; https://x.com/LebOSINT/status/2036080268440686986"}},{"type":"Feature","geometry":{"type":"Point","coordinates":[35.614965999642926,33.33161500024166]},"properties":{"event_id":655,"data_org":"Green","post_date":"2026-03-23T00:00:00.000Z","pub_date":"2026-03-23T00:00:00.000Z","strikedate":"2026-03-23T00:00:00.000Z","time":"1899-12-30T00:00:00.000Z","event_type":"Reported Airstrike","actor":"Israel","site_type":"","siteStype":"","city":"Khiam","province":"Marjaayoun","country":"Lebanon","latitude":33.331615,"longitude":35.614966,"source_1":"https://x.com/MarioLeb79/status/2036111263755837564","source_2":"https://x.com/Me1Ray/status/2036109552157086064","sources":""}},{"type":"Feature","geometry":{"type":"Point","coordinates":[35.459678000418215,33.32259899969788]},"properties":{"event_id":656,"data_org":"Green","post_date":"2026-03-23T00:00:00.000Z","pub_date":"2026-03-23T00:00:00.000Z","strikedate":"2026-03-23T00:00:00.000Z","time":"1899-12-30T00:00:00.000Z","event_type":"Reported Airstrike","actor":"Israel","site_type":"","siteStype":"","city":"Zawtar El Gharbiyeh","province":"Nabatieh","country":"Lebanon","latitude":33.322599,"longitude":35.459678,"source_1":"https://t.me/alichoeib1970/16212","source_2":"","sources":""}},{"type":"Feature","geometry":{"type":"Point","coordinates":[35.520020000297414,33.27651000031688]},"properties":{"event_id":657,"data_org":"Green","post_date":"2026-03-23T00:00:00.000Z","pub_date":"2026-03-23T00:00:00.000Z","strikedate":"2026-03-23T00:00:00.000Z","time":"1899-12-30T00:00:00.000Z","event_type":"Reported Airstrike","actor":"Israel","site_type":"","siteStype":"","city":"Taybeh","province":"Marjaayoun","country":"Lebanon","latitude":33.27651,"longitude":35.52002,"source_1":"https://t.me/alichoeib1970/16212","source_2":"","sources":""}},{"type":"Feature","geometry":{"type":"Point","coordinates":[35.52196000018837,33.24746000026706]},"properties":{"event_id":658,"data_org":"Green","post_date":"2026-03-23T00:00:00.000Z","pub_date":"2026-03-23T00:00:00.000Z","strikedate":"2026-03-23T00:00:00.000Z","time":"1899-12-30T00:00:00.000Z","event_type":"Reported Airstrike","actor":"Israel","site_type":"","siteStype":"","city":"Rab El Thalathine","province":"Marjaayoun","country":"Lebanon","latitude":33.24746,"longitude":35.52196,"source_1":"https://t.me/alichoeib1970/16212","source_2":"","sources":""}},{"type":"Feature","geometry":{"type":"Point","coordinates":[35.381027999977064,33.10997699978166]},"properties":{"event_id":659,"data_org":"Green","post_date":"2026-03-23T00:00:00.000Z","pub_date":"2026-03-23T00:00:00.000Z","strikedate":"2026-03-23T00:00:00.000Z","time":"1899-12-30T00:00:00.000Z","event_type":"Reported Airstrike","actor":"Israel","site_type":"","siteStype":"","city":"Hanine","province":"Bint Jbeil","country":"Lebanon","latitude":33.109977,"longitude":35.381028,"source_1":"","source_2":"","sources":""}},{"type":"Feature","geometry":{"type":"Point","coordinates":[35.55480799988674,33.85320400033586]},"properties":{"event_id":660,"data_org":"Green","post_date":"2026-03-23T00:00:00.000Z","pub_date":"2026-03-23T00:00:00.000Z","strikedate":"2026-03-23T00:00:00.000Z","time":"1899-12-30T00:00:00.000Z","event_type":"Reported Airstrike","actor":"Israel","site_type":"","siteStype":"","city":"Hazimeh","province":"Beirut","country":"Lebanon","latitude":33.853204,"longitude":35.554808,"source_1":"https://x.com/Osint613/status/2036087835883671960","source_2":"https://x.com/idfonline/status/2036083471680954565","sources":"https://x.com/Osint613/status/2036100569811554514; https://t.me/BenTzionM/7210; https://www.nytimes.com/live/2026/03/23/world/iran-war-oil-trump/5a042c39-8419-56b9-8912-d436b8bf8213?smid=url-share"}},{"type":"Feature","geometry":{"type":"Point","coordinates":[35.33247600012973,33.13393399972447]},"properties":{"event_id":669,"data_org":"Green","post_date":"2026-03-23T00:00:00.000Z","pub_date":"2026-03-23T00:00:00.000Z","strikedate":"2026-03-23T00:00:00.000Z","time":"1899-12-30T00:00:00.000Z","event_type":"Reported Airstrike","actor":"Israel","site_type":"","siteStype":"","city":"Beit Lif","province":"Bint Jbeil","country":"Lebanon","latitude":33.133934,"longitude":35.332476,"source_1":"https://t.me/alichoeib1970/16219","source_2":"","sources":""}},{"type":"Feature","geometry":{"type":"Point","coordinates":[35.34439800040607,33.117802999711294]},"properties":{"event_id":670,"data_org":"Green","post_date":"2026-03-23T00:00:00.000Z","pub_date":"2026-03-23T00:00:00.000Z","strikedate":"2026-03-23T00:00:00.000Z","time":"1899-12-30T00:00:00.000Z","event_type":"Reported Airstrike","actor":"Israel","site_type":"","siteStype":"","city":"Qouzah","province":"Bint Jbeil","country":"Lebanon","latitude":33.117803,"longitude":35.344398,"source_1":"https://t.me/alichoeib1970/16219","source_2":"","sources":""}},{"type":"Feature","geometry":{"type":"Point","coordinates":[35.480945000322095,33.27637800007426]},"properties":{"event_id":671,"data_org":"Green","post_date":"2026-03-23T00:00:00.000Z","pub_date":"2026-03-23T00:00:00.000Z","strikedate":"2026-03-23T00:00:00.000Z","time":"1899-12-30T00:00:00.000Z","event_type":"Reported Airstrike","actor":"Israel","site_type":"","siteStype":"","city":"Aadchit El Qoussair","province":"Marjaayoun","country":"Lebanon","latitude":33.276378,"longitude":35.480945,"source_1":"https://t.me/alichoeib1970/16219","source_2":"","sources":""}},{"type":"Feature","geometry":{"type":"Point","coordinates":[35.437245999676875,33.12195800007302]},"properties":{"event_id":672,"data_org":"Green","post_date":"2026-03-23T00:00:00.000Z","pub_date":"2026-03-23T00:00:00.000Z","strikedate":"2026-03-23T00:00:00.000Z","time":"1899-12-30T00:00:00.000Z","event_type":"Reported Airstrike","actor":"Israel","site_type":"","siteStype":"","city":"Bint Jbeil","province":"Bint Jbeil","country":"Lebanon","latitude":33.121958,"longitude":35.437246,"source_1":"https://t.me/alichoeib1970/16219","source_2":"","sources":""}},{"type":"Feature","geometry":{"type":"Point","coordinates":[35.49373399971344,33.830948000082856]},"properties":{"event_id":674,"data_org":"Green","post_date":"2026-03-23T00:00:00.000Z","pub_date":"2026-03-24T00:00:00.000Z","strikedate":"2026-03-23T00:00:00.000Z","time":"1899-12-30T00:00:00.000Z","event_type":"Confirmed Airstrike","actor":"Israel","site_type":"","siteStype":"","city":"Beirut","province":"Beirut","country":"Lebanon","latitude":33.830948,"longitude":35.493734,"source_1":"https://x.com/qudsn/status/2036184819655209028","source_2":"https://x.com/EndlessWint_r/status/2036204900439253045","sources":""}},{"type":"Feature","geometry":{"type":"Point","coordinates":[35.21883200023493,33.238663000040994]},"properties":{"event_id":676,"data_org":"Green","post_date":"2026-03-24T00:00:00.000Z","pub_date":"2026-03-24T00:00:00.000Z","strikedate":"2026-03-24T00:00:00.000Z","time":"1899-12-30T00:00:00.000Z","event_type":"Report of Explosion with Footage","actor":"Israel","site_type":"","siteStype":"","city":"Rashidieh","province":"Tyre","country":"Lebanon","latitude":33.238663,"longitude":35.218832,"source_1":"https://x.com/JoeTruzman/status/2036309710945788015","source_2":"","sources":""}},{"type":"Feature","geometry":{"type":"Point","coordinates":[35.19802999976315,33.124401999907214]},"properties":{"event_id":677,"data_org":"Green","post_date":"2026-03-24T00:00:00.000Z","pub_date":"2026-03-24T00:00:00.000Z","strikedate":"2026-03-24T00:00:00.000Z","time":"1899-12-30T00:00:00.000Z","event_type":"Confirmed Airstrike","actor":"Israel","site_type":"","siteStype":"","city":"Jejim","province":"South","country":"Lebanon","latitude":33.124402,"longitude":35.19803,"source_1":"https://x.com/cbonneauimages/status/2036352411992813937","source_2":"https://x.com/WillUnderhill23/status/2036397721221812527","sources":""}},{"type":"Feature","geometry":{"type":"Point","coordinates":[35.40054499996078,33.13971499981715]},"properties":{"event_id":680,"data_org":"Green","post_date":"2026-03-24T00:00:00.000Z","pub_date":"2026-03-24T00:00:00.000Z","strikedate":"2026-03-24T00:00:00.000Z","time":"1899-12-30T00:00:00.000Z","event_type":"Confirmed Airstrike","actor":"Israel","site_type":"","siteStype":"","city":"Tiri","province":"Bint Jbeil","country":"Lebanon","latitude":33.139715,"longitude":35.400545,"source_1":"https://x.com/idfonline/status/2036365095584911551","source_2":"","sources":""}},{"type":"Feature","geometry":{"type":"Point","coordinates":[35.44328299998303,33.377714000068984]},"properties":{"event_id":681,"data_org":"Green","post_date":"2026-03-24T00:00:00.000Z","pub_date":"2026-03-24T00:00:00.000Z","strikedate":"2026-03-24T00:00:00.000Z","time":"1899-12-30T00:00:00.000Z","event_type":"Reported Airstrike","actor":"Israel","site_type":"","siteStype":"","city":"Harouf","province":"Nabatieh","country":"Lebanon","latitude":33.377714,"longitude":35.443283,"source_1":"https://t.me/alichoeib1970/16226","source_2":"","sources":""}},{"type":"Feature","geometry":{"type":"Point","coordinates":[35.48687499959981,33.37897300033377]},"properties":{"event_id":682,"data_org":"Green","post_date":"2026-03-24T00:00:00.000Z","pub_date":"2026-03-24T00:00:00.000Z","strikedate":"2026-03-24T00:00:00.000Z","time":"1899-12-30T00:00:00.000Z","event_type":"Confirmed Airstrike","actor":"Israel","site_type":"","siteStype":"","city":"Nabatieh","province":"Nabatieh","country":"Lebanon","latitude":33.378973,"longitude":35.486875,"source_1":"https://x.com/ariel_oseran/status/2036401692493611073?s=20","source_2":"","sources":""}},{"type":"Feature","geometry":{"type":"Point","coordinates":[35.22491499967353,33.26713200035731]},"properties":{"event_id":683,"data_org":"Green","post_date":"2026-03-24T00:00:00.000Z","pub_date":"2026-03-24T00:00:00.000Z","strikedate":"2026-03-24T00:00:00.000Z","time":"1899-12-30T00:00:00.000Z","event_type":"Report of Explosion with Footage","actor":"Israel","site_type":"","siteStype":"","city":"Maachouq","province":"Tyre","country":"Lebanon","latitude":33.267132,"longitude":35.224915,"source_1":"https://x.com/ariel_oseran/status/2036403405678117112?s=20","source_2":"https://x.com/Osint613/status/2036424455740621179","sources":""}},{"type":"Feature","geometry":{"type":"Point","coordinates":[35.42139699976296,33.160724000151575]},"properties":{"event_id":686,"data_org":"Green","post_date":"2026-03-24T00:00:00.000Z","pub_date":"2026-03-24T00:00:00.000Z","strikedate":"2026-03-24T00:00:00.000Z","time":"1899-12-30T00:00:00.000Z","event_type":"Reported Airstrike","actor":"Israel","site_type":"","siteStype":"","city":"Beit Yahoun","province":"Bint Jbeil","country":"Lebanon","latitude":33.160724,"longitude":35.421397,"source_1":"https://t.me/alichoeib1970/16240","source_2":"","sources":""}},{"type":"Feature","geometry":{"type":"Point","coordinates":[35.449361000297074,33.183274000234704]},"properties":{"event_id":687,"data_org":"Green","post_date":"2026-03-24T00:00:00.000Z","pub_date":"2026-03-24T00:00:00.000Z","strikedate":"2026-03-24T00:00:00.000Z","time":"1899-12-30T00:00:00.000Z","event_type":"Reported Airstrike","actor":"Israel","site_type":"","siteStype":"","city":"Chaqra","province":"Bint Jbeil","country":"Lebanon","latitude":33.183274,"longitude":35.449361,"source_1":"https://t.me/alichoeib1970/16243","source_2":"","sources":""}},{"type":"Feature","geometry":{"type":"Point","coordinates":[35.43316800042657,33.12096700014327]},"properties":{"event_id":688,"data_org":"Green","post_date":"2026-03-24T00:00:00.000Z","pub_date":"2026-03-25T00:00:00.000Z","strikedate":null,"time":"1899-12-30T00:00:00.000Z","event_type":"Confirmed Airstrike","actor":"Israel","site_type":"","siteStype":"","city":"Bint Jbeil","province":"Bint Jbeil","country":"Lebanon","latitude":33.120967,"longitude":35.433168,"source_1":"https://x.com/manniefabian/status/2036535180488212545","source_2":"","sources":""}},{"type":"Feature","geometry":{"type":"Point","coordinates":[35.43316800042657,33.12096700014327]},"properties":{"event_id":707,"data_org":"Green","post_date":"2026-03-25T00:00:00.000Z","pub_date":"2026-03-25T00:00:00.000Z","strikedate":"2026-03-25T00:00:00.000Z","time":"1899-12-30T00:00:00.000Z","event_type":"Reported Airstrike","actor":"Israel","site_type":"","siteStype":"","city":"Bint Jbeil","province":"Bint Jbeil","country":"Lebanon","latitude":33.120967,"longitude":35.433168,"source_1":"https://t.me/alichoeib1970/16253","source_2":"","sources":""}},{"type":"Feature","geometry":{"type":"Point","coordinates":[35.499729000186804,33.29202099966303]},"properties":{"event_id":708,"data_org":"Green","post_date":"2026-03-25T00:00:00.000Z","pub_date":"2026-03-25T00:00:00.000Z","strikedate":"2026-03-25T00:00:00.000Z","time":"1899-12-30T00:00:00.000Z","event_type":"Reported Airstrike","actor":"Israel","site_type":"","siteStype":"","city":"Deir Seryan","province":"Marjaayoun","country":"Lebanon","latitude":33.292021,"longitude":35.499729,"source_1":"https://t.me/alichoeib1970/16253","source_2":"","sources":""}},{"type":"Feature","geometry":{"type":"Point","coordinates":[35.36205800033952,33.14305799971397]},"properties":{"event_id":709,"data_org":"Green","post_date":"2026-03-25T00:00:00.000Z","pub_date":"2026-03-25T00:00:00.000Z","strikedate":"2026-03-25T00:00:00.000Z","time":"1899-12-30T00:00:00.000Z","event_type":"Reported Airstrike","actor":"Israel","site_type":"","siteStype":"","city":"Rachaf","province":"Bint Jbeil","country":"Lebanon","latitude":33.143058,"longitude":35.362058,"source_1":"https://t.me/alichoeib1970/16257","source_2":"","sources":""}},{"type":"Feature","geometry":{"type":"Point","coordinates":[35.381027999977064,33.10997699978166]},"properties":{"event_id":710,"data_org":"Green","post_date":"2026-03-25T00:00:00.000Z","pub_date":"2026-03-25T00:00:00.000Z","strikedate":"2026-03-25T00:00:00.000Z","time":"1899-12-30T00:00:00.000Z","event_type":"Reported Airstrike","actor":"Israel","site_type":"","siteStype":"","city":"Hanine","province":"Bint Jbeil","country":"Lebanon","latitude":33.109977,"longitude":35.381028,"source_1":"https://t.me/alichoeib1970/16257","source_2":"","sources":""}},{"type":"Feature","geometry":{"type":"Point","coordinates":[35.32830199972164,33.15379999976207]},"properties":{"event_id":711,"data_org":"Green","post_date":"2026-03-25T00:00:00.000Z","pub_date":"2026-03-25T00:00:00.000Z","strikedate":"2026-03-25T00:00:00.000Z","time":"1899-12-30T00:00:00.000Z","event_type":"Reported Airstrike","actor":"Israel","site_type":"","siteStype":"","city":"Yater","province":"Bint Jbeil","country":"Lebanon","latitude":33.1538,"longitude":35.328302,"source_1":"https://t.me/alichoeib1970/16257","source_2":"","sources":""}},{"type":"Feature","geometry":{"type":"Point","coordinates":[35.464487999962635,33.22159400019104]},"properties":{"event_id":712,"data_org":"Green","post_date":"2026-03-25T00:00:00.000Z","pub_date":"2026-03-25T00:00:00.000Z","strikedate":"2026-03-25T00:00:00.000Z","time":"1899-12-30T00:00:00.000Z","event_type":"Reported Airstrike","actor":"Israel","site_type":"","siteStype":"","city":"Majdal Salam","province":"Bint Jbeil","country":"Lebanon","latitude":33.221594,"longitude":35.464488,"source_1":"https://t.me/alichoeib1970/16257","source_2":"","sources":""}},{"type":"Feature","geometry":{"type":"Point","coordinates":[35.35819699992587,33.15397799983499]},"properties":{"event_id":713,"data_org":"Green","post_date":"2026-03-25T00:00:00.000Z","pub_date":"2026-03-25T00:00:00.000Z","strikedate":"2026-03-25T00:00:00.000Z","time":"1899-12-30T00:00:00.000Z","event_type":"Reported Airstrike","actor":"Israel","site_type":"","siteStype":"","city":"Srebbine","province":"Bint Jbeil","country":"Lebanon","latitude":33.153978,"longitude":35.358197,"source_1":"https://t.me/alichoeib1970/16259","source_2":"","sources":""}},{"type":"Feature","geometry":{"type":"Point","coordinates":[35.35077700012068,33.17459399968104]},"properties":{"event_id":714,"data_org":"Green","post_date":"2026-03-25T00:00:00.000Z","pub_date":"2026-03-25T00:00:00.000Z","strikedate":"2026-03-25T00:00:00.000Z","time":"1899-12-30T00:00:00.000Z","event_type":"Reported Airstrike","actor":"Israel","site_type":"","siteStype":"","city":"Kafra","province":"Bint Jbeil","country":"Lebanon","latitude":33.174594,"longitude":35.350777,"source_1":"https://t.me/alichoeib1970/16259","source_2":"","sources":""}},{"type":"Feature","geometry":{"type":"Point","coordinates":[35.499729000186804,33.29202099966303]},"properties":{"event_id":715,"data_org":"Green","post_date":"2026-03-25T00:00:00.000Z","pub_date":"2026-03-25T00:00:00.000Z","strikedate":"2026-03-25T00:00:00.000Z","time":"1899-12-30T00:00:00.000Z","event_type":"Reported Airstrike","actor":"Israel","site_type":"","siteStype":"","city":"Deir Seryan","province":"Marjaayoun","country":"Lebanon","latitude":33.292021,"longitude":35.499729,"source_1":"https://t.me/alichoeib1970/16263","source_2":"","sources":""}},{"type":"Feature","geometry":{"type":"Point","coordinates":[35.267506000281,33.16518500014455]},"properties":{"event_id":718,"data_org":"Green","post_date":"2026-03-26T00:00:00.000Z","pub_date":"2026-03-26T00:00:00.000Z","strikedate":"2026-03-26T00:00:00.000Z","time":"1899-12-30T00:00:00.000Z","event_type":"Report of Explosion with Footage","actor":"Israel","site_type":"","siteStype":"","city":"Zebqine","province":"Tyre","country":"Lebanon","latitude":33.165185,"longitude":35.267506,"source_1":"https://x.com/Osint613/status/2037076816423211087","source_2":"","sources":""}},{"type":"Feature","geometry":{"type":"Point","coordinates":[35.5431119995662,33.34237199983591]},"properties":{"event_id":719,"data_org":"Green","post_date":"2026-03-23T00:00:00.000Z","pub_date":"2026-03-26T00:00:00.000Z","strikedate":"2026-03-14T00:00:00.000Z","time":"1899-12-30T00:00:00.000Z","event_type":"Reported Airstrike","actor":"Israel","site_type":"","siteStype":"","city":"Mazraat Doumiat","province":"Marjaayoun","country":"Lebanon","latitude":33.342372,"longitude":35.543112,"source_1":"https://x.com/_BvdM/status/2036084600951152783?s=20","source_2":"https://t.me/bintjbeilnews/163706","sources":"https://x.com/WillUnderhill23/status/2037107529692455178?s=20"}},{"type":"Feature","geometry":{"type":"Point","coordinates":[35.51582800034597,33.1668719997671]},"properties":{"event_id":720,"data_org":"Green","post_date":"2026-03-26T00:00:00.000Z","pub_date":"2026-03-26T00:00:00.000Z","strikedate":"2026-03-26T00:00:00.000Z","time":"1899-12-30T00:00:00.000Z","event_type":"Reported Airstrike","actor":"Israel","site_type":"","siteStype":"","city":"","province":"Meiss El Jabal","country":"Lebanon","latitude":33.166872,"longitude":35.515828,"source_1":"https://x.com/Me1Ray/status/2037216035590574331","source_2":"","sources":""}},{"type":"Feature","geometry":{"type":"Point","coordinates":[35.484831999776695,33.377920999656304]},"properties":{"event_id":721,"data_org":"Green","post_date":"2026-03-25T00:00:00.000Z","pub_date":"2026-03-26T00:00:00.000Z","strikedate":"2026-03-25T00:00:00.000Z","time":"1899-12-30T00:00:00.000Z","event_type":"Reported Airstrike","actor":"Israel","site_type":"","siteStype":"","city":"Nabatieh","province":"","country":"Lebanon","latitude":33.377921,"longitude":35.484832,"source_1":"https://t.me/alichoeib1970/16276","source_2":"","sources":""}},{"type":"Feature","geometry":{"type":"Point","coordinates":[35.48148300044744,33.27731099998391]},"properties":{"event_id":722,"data_org":"Green","post_date":"2026-03-25T00:00:00.000Z","pub_date":"2026-03-26T00:00:00.000Z","strikedate":"2026-03-25T00:00:00.000Z","time":"1899-12-30T00:00:00.000Z","event_type":"Reported Airstrike","actor":"Israel","site_type":"","siteStype":"","city":"Aadchit","province":"Marjaayoun","country":"Lebanon","latitude":33.277311,"longitude":35.481483,"source_1":"https://t.me/alichoeib1970/16276","source_2":"","sources":""}},{"type":"Feature","geometry":{"type":"Point","coordinates":[35.39728500031998,33.282063999954424]},"properties":{"event_id":723,"data_org":"Green","post_date":"2026-03-25T00:00:00.000Z","pub_date":"2026-03-26T00:00:00.000Z","strikedate":"2026-03-25T00:00:00.000Z","time":"1899-12-30T00:00:00.000Z","event_type":"Reported Airstrike","actor":"Israel","site_type":"","siteStype":"","city":"Sarifa","province":"","country":"Lebanon","latitude":33.282064,"longitude":35.397285,"source_1":"https://t.me/alichoeib1970/16276","source_2":"","sources":""}},{"type":"Feature","geometry":{"type":"Point","coordinates":[35.41894999970881,33.2607010000272]},"properties":{"event_id":724,"data_org":"Green","post_date":"2026-03-25T00:00:00.000Z","pub_date":"2026-03-26T00:00:00.000Z","strikedate":"2026-03-25T00:00:00.000Z","time":"1899-12-30T00:00:00.000Z","event_type":"Reported Airstrike","actor":"Israel","site_type":"","siteStype":"","city":"Burj Qalawiya","province":"","country":"Lebanon","latitude":33.260701,"longitude":35.41895,"source_1":"https://t.me/alichoeib1970/16276","source_2":"","sources":""}},{"type":"Feature","geometry":{"type":"Point","coordinates":[35.459678000418215,33.32259899969788]},"properties":{"event_id":725,"data_org":"Green","post_date":"2026-03-26T00:00:00.000Z","pub_date":"2026-03-26T00:00:00.000Z","strikedate":"2026-03-26T00:00:00.000Z","time":"1899-12-30T00:00:00.000Z","event_type":"Reported Airstrike","actor":"Israel","site_type":"","siteStype":"","city":"Zawtar El Gharbiyeh","province":"Nabatieh","country":"Lebanon","latitude":33.322599,"longitude":35.459678,"source_1":"https://t.me/alichoeib1970/16294","source_2":"","sources":""}},{"type":"Feature","geometry":{"type":"Point","coordinates":[35.47726999968128,33.326331000243286]},"properties":{"event_id":726,"data_org":"Green","post_date":"2026-03-26T00:00:00.000Z","pub_date":"2026-03-26T00:00:00.000Z","strikedate":"2026-03-26T00:00:00.000Z","time":"1899-12-30T00:00:00.000Z","event_type":"Reported Airstrike","actor":"Israel","site_type":"","siteStype":"","city":"Zawtar El Charqiyeh","province":"Nabatieh","country":"Lebanon","latitude":33.326331,"longitude":35.47727,"source_1":"https://t.me/alichoeib1970/16294","source_2":"","sources":""}},{"type":"Feature","geometry":{"type":"Point","coordinates":[35.40716200022508,33.386272999641655]},"properties":{"event_id":727,"data_org":"Green","post_date":"2026-03-26T00:00:00.000Z","pub_date":"2026-03-26T00:00:00.000Z","strikedate":"2026-03-26T00:00:00.000Z","time":"1899-12-30T00:00:00.000Z","event_type":"Reported Airstrike","actor":"Israel","site_type":"","siteStype":"","city":"Doueir","province":"Nabatieh","country":"Lebanon","latitude":33.386273,"longitude":35.407162,"source_1":"https://t.me/alichoeib1970/16294","source_2":"","sources":""}},{"type":"Feature","geometry":{"type":"Point","coordinates":[35.61480599980935,33.33020100011496]},"properties":{"event_id":728,"data_org":"Green","post_date":"2026-03-26T00:00:00.000Z","pub_date":"2026-03-26T00:00:00.000Z","strikedate":"2026-03-26T00:00:00.000Z","time":"1899-12-30T00:00:00.000Z","event_type":"Reported Airstrike","actor":"Israel","site_type":"","siteStype":"","city":"Khiam","province":"Marjaayoun","country":"Lebanon","latitude":33.330201,"longitude":35.614806,"source_1":"https://t.me/alichoeib1970/16295","source_2":"","sources":""}},{"type":"Feature","geometry":{"type":"Point","coordinates":[35.36216000044677,33.14304000036424]},"properties":{"event_id":729,"data_org":"Green","post_date":"2026-03-26T00:00:00.000Z","pub_date":"2026-03-26T00:00:00.000Z","strikedate":"2026-03-26T00:00:00.000Z","time":"1899-12-30T00:00:00.000Z","event_type":"Reported Airstrike","actor":"Israel","site_type":"","siteStype":"","city":"Rachaf","province":"Nabatieh","country":"Lebanon","latitude":33.14304,"longitude":35.36216,"source_1":"https://t.me/alichoeib1970/16297","source_2":"","sources":""}},{"type":"Feature","geometry":{"type":"Point","coordinates":[35.33247600012973,33.13393399972447]},"properties":{"event_id":730,"data_org":"Green","post_date":"2026-03-26T00:00:00.000Z","pub_date":"2026-03-26T00:00:00.000Z","strikedate":"2026-03-26T00:00:00.000Z","time":"1899-12-30T00:00:00.000Z","event_type":"Reported Airstrike","actor":"Israel","site_type":"","siteStype":"","city":"Wadi Aoun, Beit Lif","province":"Nabatieh","country":"Lebanon","latitude":33.133934,"longitude":35.332476,"source_1":"https://t.me/alichoeib1970/16297","source_2":"","sources":""}},{"type":"Feature","geometry":{"type":"Point","coordinates":[35.50121399979309,33.832795999739496]},"properties":{"event_id":731,"data_org":"Green","post_date":"2026-03-26T00:00:00.000Z","pub_date":"2026-03-27T00:00:00.000Z","strikedate":"2026-03-26T00:00:00.000Z","time":"1899-12-30T00:00:00.000Z","event_type":"Reported Airstrike","actor":"Israel","site_type":"","siteStype":"","city":"Tahwihat","province":"Beirut","country":"Lebanon","latitude":33.832796,"longitude":35.501214,"source_1":"https://x.com/JoeTruzman/status/2037356190544585065","source_2":"","sources":""}},{"type":"Feature","geometry":{"type":"Point","coordinates":[35.38064700021055,33.1766419996675]},"properties":{"event_id":733,"data_org":"Green","post_date":"2026-03-27T00:00:00.000Z","pub_date":"2026-03-27T00:00:00.000Z","strikedate":"2026-03-27T00:00:00.000Z","time":"1899-12-30T00:00:00.000Z","event_type":"Reported Airstrike","actor":"Israel","site_type":"","siteStype":"","city":"Haris","province":"Nabatieh","country":"Lebanon","latitude":33.176642,"longitude":35.380647,"source_1":"https://t.me/alichoeib1970/16307","source_2":"","sources":""}},{"type":"Feature","geometry":{"type":"Point","coordinates":[35.32830199972164,33.15379999976207]},"properties":{"event_id":734,"data_org":"Green","post_date":"2026-03-27T00:00:00.000Z","pub_date":"2026-03-27T00:00:00.000Z","strikedate":"2026-03-27T00:00:00.000Z","time":"1899-12-30T00:00:00.000Z","event_type":"Reported Airstrike","actor":"Israel","site_type":"","siteStype":"","city":"Yater","province":"Nabatieh","country":"Lebanon","latitude":33.1538,"longitude":35.328302,"source_1":"https://t.me/alichoeib1970/16307","source_2":"","sources":""}},{"type":"Feature","geometry":{"type":"Point","coordinates":[35.206313000282016,33.17859599993663]},"properties":{"event_id":735,"data_org":"Green","post_date":"2026-03-27T00:00:00.000Z","pub_date":"2026-03-27T00:00:00.000Z","strikedate":"2026-03-27T00:00:00.000Z","time":"1899-12-30T00:00:00.000Z","event_type":"Reported Airstrike","actor":"Israel","site_type":"","siteStype":"","city":"Mansouri","province":"South","country":"Lebanon","latitude":33.178596,"longitude":35.206313,"source_1":"https://t.me/alichoeib1970/16307","source_2":"","sources":""}},{"type":"Feature","geometry":{"type":"Point","coordinates":[35.43482999958486,33.129002000269544]},"properties":{"event_id":736,"data_org":"Green","post_date":"2026-03-27T00:00:00.000Z","pub_date":"2026-03-27T00:00:00.000Z","strikedate":"2026-03-27T00:00:00.000Z","time":"1899-12-30T00:00:00.000Z","event_type":"Reported Airstrike","actor":"Israel","site_type":"","siteStype":"","city":"Aynatha","province":"Baalbek-Hermel","country":"Lebanon","latitude":33.129002,"longitude":35.43483,"source_1":"https://t.me/alichoeib1970/16307","source_2":"","sources":""}},{"type":"Feature","geometry":{"type":"Point","coordinates":[35.56714100006682,33.526295999865276]},"properties":{"event_id":737,"data_org":"Green","post_date":"2026-03-27T00:00:00.000Z","pub_date":"2026-03-27T00:00:00.000Z","strikedate":"2026-03-27T00:00:00.000Z","time":"1899-12-30T00:00:00.000Z","event_type":"Reported Airstrike","actor":"Israel","site_type":"","siteStype":"","city":"Biyyadah","province":"","country":"Lebanon","latitude":33.526296,"longitude":35.567141,"source_1":"https://t.me/alichoeib1970/16307","source_2":"","sources":""}},{"type":"Feature","geometry":{"type":"Point","coordinates":[35.208319000295205,33.145406000153365]},"properties":{"event_id":738,"data_org":"Green","post_date":"2026-03-27T00:00:00.000Z","pub_date":"2026-03-27T00:00:00.000Z","strikedate":"2026-03-27T00:00:00.000Z","time":"1899-12-30T00:00:00.000Z","event_type":"Reported Airstrike","actor":"Israel","site_type":"","siteStype":"","city":"Chama","province":"South","country":"Lebanon","latitude":33.145406,"longitude":35.208319,"source_1":"https://t.me/alichoeib1970/16309","source_2":"","sources":""}},{"type":"Feature","geometry":{"type":"Point","coordinates":[35.53381200014452,33.43378999993274]},"properties":{"event_id":740,"data_org":"Green","post_date":"2026-03-27T00:00:00.000Z","pub_date":"2026-03-27T00:00:00.000Z","strikedate":"2026-03-27T00:00:00.000Z","time":"1899-12-30T00:00:00.000Z","event_type":"Reported Airstrike","actor":"Israel","site_type":"","siteStype":"","city":"Sejoud","province":"South","country":"Lebanon","latitude":33.43379,"longitude":35.533812,"source_1":"https://t.me/alichoeib1970/16309","source_2":"","sources":""}},{"type":"Feature","geometry":{"type":"Point","coordinates":[35.47726999968128,33.326331000243286]},"properties":{"event_id":741,"data_org":"Green","post_date":"2026-03-27T00:00:00.000Z","pub_date":"2026-03-27T00:00:00.000Z","strikedate":"2026-03-27T00:00:00.000Z","time":"1899-12-30T00:00:00.000Z","event_type":"Reported Airstrike","actor":"Israel","site_type":"","siteStype":"","city":"Zawtar","province":"Nabatieh","country":"Lebanon","latitude":33.326331,"longitude":35.47727,"source_1":"https://t.me/alichoeib1970/16309","source_2":"","sources":""}},{"type":"Feature","geometry":{"type":"Point","coordinates":[35.28360600026508,33.436460000358046]},"properties":{"event_id":743,"data_org":"Green","post_date":"2026-03-27T00:00:00.000Z","pub_date":"2026-03-27T00:00:00.000Z","strikedate":"2026-03-27T00:00:00.000Z","time":"1899-12-30T00:00:00.000Z","event_type":"Reported Airstrike","actor":"Israel","site_type":"","siteStype":"","city":"Saksakiyeh","province":"Sidon","country":"Lebanon","latitude":33.43646,"longitude":35.283606,"source_1":"https://apnews.com/live/iran-war-israel-trump-03-27-2026#0000019d-2f7d-d552-a1bd-3f7f942f0000","source_2":"","sources":""}},{"type":"Feature","geometry":{"type":"Point","coordinates":[35.46431700025841,33.2223840003548]},"properties":{"event_id":753,"data_org":"Green","post_date":"2026-03-27T00:00:00.000Z","pub_date":"2026-03-28T00:00:00.000Z","strikedate":"2026-03-27T00:00:00.000Z","time":"1899-12-30T00:00:00.000Z","event_type":"Reported Airstrike","actor":"Israel","site_type":"unknown","siteStype":"","city":"Majdal Salam","province":"Bint Jbeil","country":"Lebanon","latitude":33.222384,"longitude":35.464317,"source_1":"https://t.me/alichoeib1970/16328","source_2":"","sources":""}},{"type":"Feature","geometry":{"type":"Point","coordinates":[35.51463499991942,33.8545439999473]},"properties":{"event_id":754,"data_org":"Green","post_date":"2026-03-27T00:00:00.000Z","pub_date":"2026-03-28T00:00:00.000Z","strikedate":"2026-03-27T00:00:00.000Z","time":"1899-12-30T00:00:00.000Z","event_type":"Reported Airstrike","actor":"Israel","site_type":"unknown","siteStype":"","city":"Beirut","province":"Beirut","country":"Lebanon","latitude":33.854544,"longitude":35.514635,"source_1":"https://x.com/lebynews/status/2037697233076854899?s=20","source_2":"https://x.com/MarioLeb79/status/2037705613480690102?s=20","sources":""}},{"type":"Feature","geometry":{"type":"Point","coordinates":[35.273239999740134,33.403794000084964]},"properties":{"event_id":755,"data_org":"Green","post_date":"2026-03-27T00:00:00.000Z","pub_date":"2026-03-28T00:00:00.000Z","strikedate":"2026-03-27T00:00:00.000Z","time":"1899-12-30T00:00:00.000Z","event_type":"Reported Airstrike","actor":"Israel","site_type":"unknown","siteStype":"","city":"Aadloun","province":"Aadloun","country":"Lebanon","latitude":33.403794,"longitude":35.27324,"source_1":"https://x.com/MarioLeb79/status/2037736784365322307?s=20","source_2":"","sources":""}},{"type":"Feature","geometry":{"type":"Point","coordinates":[35.46431700025841,33.2223840003548]},"properties":{"event_id":756,"data_org":"Green","post_date":"2026-03-28T00:00:00.000Z","pub_date":"2026-03-28T00:00:00.000Z","strikedate":"2026-03-28T00:00:00.000Z","time":"1899-12-30T00:00:00.000Z","event_type":"Reported Airstrike","actor":"Israel","site_type":"unknown","siteStype":"","city":"Majdal Salam","province":"Bint Jbeil","country":"Lebanon","latitude":33.222384,"longitude":35.464317,"source_1":"https://t.me/alichoeib1970/16339","source_2":"","sources":""}},{"type":"Feature","geometry":{"type":"Point","coordinates":[35.20653699968969,33.179131999874684]},"properties":{"event_id":757,"data_org":"Green","post_date":"2026-03-28T00:00:00.000Z","pub_date":"2026-03-28T00:00:00.000Z","strikedate":"2026-03-28T00:00:00.000Z","time":"1899-12-30T00:00:00.000Z","event_type":"Reported Airstrike","actor":"Israel","site_type":"unknown","siteStype":"","city":"Mansouri","province":"Tyre","country":"Lebanon","latitude":33.179132,"longitude":35.206537,"source_1":"https://t.me/alichoeib1970/16340","source_2":"","sources":""}},{"type":"Feature","geometry":{"type":"Point","coordinates":[35.53362299999863,33.4348920002391]},"properties":{"event_id":758,"data_org":"Green","post_date":"2026-03-28T00:00:00.000Z","pub_date":"2026-03-28T00:00:00.000Z","strikedate":"2026-03-28T00:00:00.000Z","time":"1899-12-30T00:00:00.000Z","event_type":"Reported Airstrike","actor":"Israel","site_type":"unknown","siteStype":"","city":"Sejoud","province":"Jezzine","country":"Lebanon","latitude":33.434892,"longitude":35.533623,"source_1":"https://t.me/alichoeib1970/16341","source_2":"","sources":""}},{"type":"Feature","geometry":{"type":"Point","coordinates":[35.43316800042657,33.12096700014327]},"properties":{"event_id":760,"data_org":"Green","post_date":"2026-03-28T00:00:00.000Z","pub_date":"2026-03-28T00:00:00.000Z","strikedate":"2026-03-28T00:00:00.000Z","time":"1899-12-30T00:00:00.000Z","event_type":"Reported Airstrike","actor":"Israel","site_type":"","siteStype":"","city":"Bint Jbeil","province":"Bint Jbeil","country":"Lebanon","latitude":33.120967,"longitude":35.433168,"source_1":"https://t.me/alichoeib1970/16344","source_2":"","sources":""}},{"type":"Feature","geometry":{"type":"Point","coordinates":[35.438115000238334,33.149793000163406]},"properties":{"event_id":761,"data_org":"Green","post_date":"2026-03-28T00:00:00.000Z","pub_date":"2026-03-28T00:00:00.000Z","strikedate":"2026-03-28T00:00:00.000Z","time":"1899-12-30T00:00:00.000Z","event_type":"Reported Airstrike","actor":"Israel","site_type":"","siteStype":"","city":"Kounine","province":"Bint Jbeil","country":"Lebanon","latitude":33.149793,"longitude":35.438115,"source_1":"https://t.me/alichoeib1970/16344","source_2":"","sources":""}},{"type":"Feature","geometry":{"type":"Point","coordinates":[35.459423999975,33.43050600026603]},"properties":{"event_id":762,"data_org":"Green","post_date":"2026-03-28T00:00:00.000Z","pub_date":"2026-03-28T00:00:00.000Z","strikedate":"2026-03-28T00:00:00.000Z","time":"1899-12-30T00:00:00.000Z","event_type":"Reported Airstrike","actor":"Israel","site_type":"","siteStype":"","city":"Deir al Zahrani","province":"Nabatieh","country":"Lebanon","latitude":33.430506,"longitude":35.459424,"source_1":"https://t.me/alichoeib1970/16344","source_2":"","sources":""}},{"type":"Feature","geometry":{"type":"Point","coordinates":[35.41772200002047,33.26078699990766]},"properties":{"event_id":770,"data_org":"Green","post_date":"2026-03-29T00:00:00.000Z","pub_date":"2026-03-29T00:00:00.000Z","strikedate":"2026-03-29T00:00:00.000Z","time":"1899-12-30T00:00:00.000Z","event_type":"Reported Airstrike","actor":"Israel","site_type":"unknown","siteStype":"","city":"Burj Qallawiyah.","province":"Nabatieh","country":"Lebanon","latitude":33.260787,"longitude":35.417722,"source_1":"https://t.me/MTVLebanoNews/60581","source_2":"","sources":""}},{"type":"Feature","geometry":{"type":"Point","coordinates":[35.41960800038306,33.409544000137956]},"properties":{"event_id":771,"data_org":"Green","post_date":"2026-03-29T00:00:00.000Z","pub_date":"2026-03-29T00:00:00.000Z","strikedate":"2026-03-29T00:00:00.000Z","time":"1899-12-30T00:00:00.000Z","event_type":"Reported Airstrike","actor":"Israel","site_type":"unknown","siteStype":"","city":"Sharqiya","province":"Nabatieh","country":"Lebanon","latitude":33.409544,"longitude":35.419608,"source_1":"https://t.me/MTVLebanoNews/60598","source_2":"","sources":""}},{"type":"Feature","geometry":{"type":"Point","coordinates":[35.399438999572865,33.258828999992204]},"properties":{"event_id":772,"data_org":"Green","post_date":"2026-03-29T00:00:00.000Z","pub_date":"2026-03-29T00:00:00.000Z","strikedate":"2026-03-29T00:00:00.000Z","time":"1899-12-30T00:00:00.000Z","event_type":"Reported Airstrike","actor":"Israel","site_type":"civilian","siteStype":"","city":"Deir Kifa","province":"Southern","country":"Lebanon","latitude":33.258829,"longitude":35.399439,"source_1":"https://t.me/MTVLebanoNews/60599","source_2":"","sources":""}},{"type":"Feature","geometry":{"type":"Point","coordinates":[35.22246900034259,33.19137299986893]},"properties":{"event_id":773,"data_org":"Green","post_date":"2026-03-29T00:00:00.000Z","pub_date":"2026-03-29T00:00:00.000Z","strikedate":"2026-03-29T00:00:00.000Z","time":"1899-12-30T00:00:00.000Z","event_type":"Reported Airstrike","actor":"Israel","site_type":"unknown","siteStype":"","city":"Between Qalila and Hanniyeh","province":"Southern","country":"Lebanon","latitude":33.191373,"longitude":35.222469,"source_1":"https://t.me/MTVLebanoNews/60601","source_2":"","sources":""}},{"type":"Feature","geometry":{"type":"Point","coordinates":[35.22915500020386,33.19777900033949]},"properties":{"event_id":774,"data_org":"Green","post_date":"2026-03-29T00:00:00.000Z","pub_date":"2026-03-29T00:00:00.000Z","strikedate":"2026-03-29T00:00:00.000Z","time":"1899-12-30T00:00:00.000Z","event_type":"Reported Airstrike","actor":"Israel","site_type":"unknown","siteStype":"","city":"Qalila","province":"Southern","country":"Lebanon","latitude":33.197779,"longitude":35.229155,"source_1":"https://t.me/MTVLebanoNews/60601","source_2":"","sources":""}},{"type":"Feature","geometry":{"type":"Point","coordinates":[35.446509000186964,33.175054000303454]},"properties":{"event_id":775,"data_org":"Green","post_date":"2026-03-29T00:00:00.000Z","pub_date":"2026-03-29T00:00:00.000Z","strikedate":"2026-03-29T00:00:00.000Z","time":"1899-12-30T00:00:00.000Z","event_type":"Reported Airstrike","actor":"Israel","site_type":"unknown","siteStype":"","city":"Baraachit","province":"Nabatieh","country":"Lebanon","latitude":33.175054,"longitude":35.446509,"source_1":"https://t.me/MTVLebanoNews/60614","source_2":"","sources":""}},{"type":"Feature","geometry":{"type":"Point","coordinates":[35.38871999976882,33.1649260001113]},"properties":{"event_id":779,"data_org":"Green","post_date":"2026-03-29T00:00:00.000Z","pub_date":"2026-03-29T00:00:00.000Z","strikedate":"2026-03-29T00:00:00.000Z","time":"1899-12-30T00:00:00.000Z","event_type":"Reported Airstrike","actor":"Israel","site_type":"unknown","siteStype":"","city":"Haddatha","province":"","country":"Lebanon","latitude":33.164926,"longitude":35.38872,"source_1":"https://t.me/MTVLebanoNews/60629","source_2":"","sources":""}},{"type":"Feature","geometry":{"type":"Point","coordinates":[35.19367200013036,33.16811100029289]},"properties":{"event_id":787,"data_org":"Green","post_date":"2026-03-29T00:00:00.000Z","pub_date":"2026-03-29T00:00:00.000Z","strikedate":"2026-03-29T00:00:00.000Z","time":"1899-12-30T00:00:00.000Z","event_type":"Reported Airstrike","actor":"Israel","site_type":"unknown","siteStype":"","city":"Mazraat Byout El Saiyad","province":"","country":"Lebanon","latitude":33.168111,"longitude":35.193672,"source_1":"https://x.com/Me1Ray/status/2038270237439881531","source_2":"","sources":""}},{"type":"Feature","geometry":{"type":"Point","coordinates":[35.500752999660634,33.29013399971884]},"properties":{"event_id":788,"data_org":"Green","post_date":"2026-03-29T00:00:00.000Z","pub_date":"2026-03-29T00:00:00.000Z","strikedate":"2026-03-29T00:00:00.000Z","time":"1899-12-30T00:00:00.000Z","event_type":"Reported Airstrike","actor":"Israel","site_type":"unknown","siteStype":"","city":"Deir Seryan","province":"","country":"Lebanon","latitude":33.290134,"longitude":35.500753,"source_1":"https://t.me/BenTzionM/7293","source_2":"https://x.com/MarioLeb79/status/2038286226822742391","sources":""}},{"type":"Feature","geometry":{"type":"Point","coordinates":[35.33830400019851,33.16496600012865]},"properties":{"event_id":789,"data_org":"Green","post_date":"2026-03-29T00:00:00.000Z","pub_date":"2026-03-30T00:00:00.000Z","strikedate":"2026-03-29T00:00:00.000Z","time":"1899-12-30T00:00:00.000Z","event_type":"Reported Airstrike","actor":"Israel","site_type":"unknown","siteStype":"","city":"Between Kafra and Yater","province":"","country":"Lebanon","latitude":33.164966,"longitude":35.338304,"source_1":"https://t.me/MTVLebanoNews/60702","source_2":"","sources":""}},{"type":"Feature","geometry":{"type":"Point","coordinates":[35.38064700021055,33.1766419996675]},"properties":{"event_id":790,"data_org":"Green","post_date":"2026-03-29T00:00:00.000Z","pub_date":"2026-03-30T00:00:00.000Z","strikedate":"2026-03-29T00:00:00.000Z","time":"1899-12-30T00:00:00.000Z","event_type":"Reported Airstrike","actor":"Israel","site_type":"unknown","siteStype":"","city":"Haris","province":"","country":"Lebanon","latitude":33.176642,"longitude":35.380647,"source_1":"https://t.me/MTVLebanoNews/60705","source_2":"","sources":""}},{"type":"Feature","geometry":{"type":"Point","coordinates":[35.32830199972164,33.15379999976207]},"properties":{"event_id":793,"data_org":"Green","post_date":"2026-03-29T00:00:00.000Z","pub_date":"2026-03-30T00:00:00.000Z","strikedate":"2026-03-29T00:00:00.000Z","time":"1899-12-30T00:00:00.000Z","event_type":"Reported Airstrike","actor":"Israel","site_type":"unknown","siteStype":"","city":"Yater","province":"","country":"Lebanon","latitude":33.1538,"longitude":35.328302,"source_1":"https://t.me/MTVLebanoNews/60745","source_2":"","sources":""}},{"type":"Feature","geometry":{"type":"Point","coordinates":[35.33611099968926,33.20083299974984]},"properties":{"event_id":801,"data_org":"Green","post_date":"2026-03-30T00:00:00.000Z","pub_date":"2026-03-30T00:00:00.000Z","strikedate":"2026-03-30T00:00:00.000Z","time":"1899-12-30T00:00:00.000Z","event_type":"Reported Airstrike","actor":"Israel","site_type":"unknown","siteStype":"","city":"Deir Aames","province":"","country":"Lebanon","latitude":33.200833,"longitude":35.336111,"source_1":"https://t.me/MTVLebanoNews/60757","source_2":"","sources":""}},{"type":"Feature","geometry":{"type":"Point","coordinates":[35.27762300038561,33.220114999638895]},"properties":{"event_id":804,"data_org":"Green","post_date":"2026-03-30T00:00:00.000Z","pub_date":"2026-03-30T00:00:00.000Z","strikedate":"2026-03-30T00:00:00.000Z","time":"1899-12-30T00:00:00.000Z","event_type":"Reported Airstrike","actor":"Israel","site_type":"unknown","siteStype":"","city":"Hanouiyeh","province":"","country":"Lebanon","latitude":33.220115,"longitude":35.277623,"source_1":"https://t.me/MTVLebanoNews/60785","source_2":"","sources":""}},{"type":"Feature","geometry":{"type":"Point","coordinates":[35.20070199994821,33.269833000081604]},"properties":{"event_id":805,"data_org":"Green","post_date":"2026-03-30T00:00:00.000Z","pub_date":"2026-03-30T00:00:00.000Z","strikedate":"2026-03-30T00:00:00.000Z","time":"1899-12-30T00:00:00.000Z","event_type":"Report of Explosion with Footage","actor":"Israel","site_type":"unknown","siteStype":"","city":"Tyre","province":"","country":"Lebanon","latitude":33.269833,"longitude":35.200702,"source_1":"https://x.com/Osint613/status/2038531300038984156?s=20","source_2":"https://x.com/MarioLeb79/status/2038526169532797185","sources":""}},{"type":"Feature","geometry":{"type":"Point","coordinates":[35.271543000421744,33.25407399980616]},"properties":{"event_id":809,"data_org":"Green","post_date":"2026-03-30T00:00:00.000Z","pub_date":"2026-03-30T00:00:00.000Z","strikedate":"2026-03-30T00:00:00.000Z","time":"1899-12-30T00:00:00.000Z","event_type":"Reported Airstrike","actor":"Israel","site_type":"unknown","siteStype":"","city":"Bazouriyah","province":"","country":"Lebanon","latitude":33.254074,"longitude":35.271543,"source_1":"https://t.me/MTVLebanoNews/60806","source_2":"","sources":""}},{"type":"Feature","geometry":{"type":"Point","coordinates":[35.206313000282016,33.17859599993663]},"properties":{"event_id":810,"data_org":"Green","post_date":"2026-03-30T00:00:00.000Z","pub_date":"2026-03-30T00:00:00.000Z","strikedate":"2026-03-30T00:00:00.000Z","time":"1899-12-30T00:00:00.000Z","event_type":"Reported Airstrike","actor":"Israel","site_type":"unknown","siteStype":"","city":"Mansouri","province":"","country":"Lebanon","latitude":33.178596,"longitude":35.206313,"source_1":"https://t.me/MTVLebanoNews/60809","source_2":"","sources":""}},{"type":"Feature","geometry":{"type":"Point","coordinates":[35.40716200022508,33.386272999641655]},"properties":{"event_id":811,"data_org":"Green","post_date":"2026-03-30T00:00:00.000Z","pub_date":"2026-03-30T00:00:00.000Z","strikedate":"2026-03-30T00:00:00.000Z","time":"1899-12-30T00:00:00.000Z","event_type":"Reported Airstrike","actor":"Israel","site_type":"unknown","siteStype":"","city":"Doueir","province":"","country":"Lebanon","latitude":33.386273,"longitude":35.407162,"source_1":"https://t.me/MTVLebanoNews/60810","source_2":"","sources":""}},{"type":"Feature","geometry":{"type":"Point","coordinates":[35.4023069995765,33.36153999992742]},"properties":{"event_id":813,"data_org":"Green","post_date":"2026-03-30T00:00:00.000Z","pub_date":"2026-03-30T00:00:00.000Z","strikedate":"2026-03-30T00:00:00.000Z","time":"1899-12-30T00:00:00.000Z","event_type":"Reported Airstrike","actor":"Israel","site_type":"unknown","siteStype":"","city":"Aba (Ebba)","province":"","country":"Lebanon","latitude":33.36154,"longitude":35.402307,"source_1":"https://t.me/MTVLebanoNews/60818","source_2":"","sources":""}},{"type":"Feature","geometry":{"type":"Point","coordinates":[35.45886800030631,33.378256999644336]},"properties":{"event_id":814,"data_org":"Green","post_date":"2026-03-30T00:00:00.000Z","pub_date":"2026-03-30T00:00:00.000Z","strikedate":"2026-03-30T00:00:00.000Z","time":"1899-12-30T00:00:00.000Z","event_type":"Reported Airstrike","actor":"Israel","site_type":"unknown","siteStype":"","city":"Zebdine","province":"","country":"Lebanon","latitude":33.378257,"longitude":35.458868,"source_1":"https://t.me/MTVLebanoNews/60863","source_2":"","sources":""}},{"type":"Feature","geometry":{"type":"Point","coordinates":[35.381027999977064,33.10997699978166]},"properties":{"event_id":815,"data_org":"Green","post_date":"2026-03-30T00:00:00.000Z","pub_date":"2026-03-30T00:00:00.000Z","strikedate":"2026-03-30T00:00:00.000Z","time":"1899-12-30T00:00:00.000Z","event_type":"Reported Airstrike","actor":"Israel","site_type":"unknown","siteStype":"","city":"Hanine","province":"","country":"Lebanon","latitude":33.109977,"longitude":35.381028,"source_1":"https://t.me/MTVLebanoNews/60887","source_2":"","sources":""}},{"type":"Feature","geometry":{"type":"Point","coordinates":[35.38351900041215,33.24242699982462]},"properties":{"event_id":816,"data_org":"Green","post_date":"2026-03-30T00:00:00.000Z","pub_date":"2026-03-30T00:00:00.000Z","strikedate":"2026-03-30T00:00:00.000Z","time":"1899-12-30T00:00:00.000Z","event_type":"Reported Airstrike","actor":"Israel","site_type":"unknown","siteStype":"","city":"Shahabiya","province":"","country":"Lebanon","latitude":33.242427,"longitude":35.383519,"source_1":"https://t.me/MTVLebanoNews/60900","source_2":"","sources":""}},{"type":"Feature","geometry":{"type":"Point","coordinates":[35.46400400026396,33.25201499969977]},"properties":{"event_id":817,"data_org":"Green","post_date":"2026-03-30T00:00:00.000Z","pub_date":"2026-03-30T00:00:00.000Z","strikedate":"2026-03-30T00:00:00.000Z","time":"1899-12-30T00:00:00.000Z","event_type":"Reported Airstrike","actor":"Israel","site_type":"unknown","siteStype":"","city":"Qabrikha","province":"","country":"Lebanon","latitude":33.252015,"longitude":35.464004,"source_1":"https://t.me/MTVLebanoNews/60909","source_2":"","sources":""}},{"type":"Feature","geometry":{"type":"Point","coordinates":[35.3757570003002,33.174524000371754]},"properties":{"event_id":824,"data_org":"Green","post_date":"2026-03-30T00:00:00.000Z","pub_date":"2026-03-31T00:00:00.000Z","strikedate":"2026-03-30T00:00:00.000Z","time":"1899-12-30T00:00:00.000Z","event_type":"Reported Airstrike","actor":"Israel","site_type":"unknown","siteStype":"","city":"Haris","province":"","country":"Lebanon","latitude":33.174524,"longitude":35.375757,"source_1":"https://t.me/MTVLebanoNews/60933","source_2":"","sources":""}},{"type":"Feature","geometry":{"type":"Point","coordinates":[35.68288700023428,33.50710799969539]},"properties":{"event_id":825,"data_org":"Green","post_date":"2026-03-30T00:00:00.000Z","pub_date":"2026-03-31T00:00:00.000Z","strikedate":"2026-03-30T00:00:00.000Z","time":"1899-12-30T00:00:00.000Z","event_type":"Reported Airstrike","actor":"Israel","site_type":"unknown","siteStype":"","city":"Sahmar","province":"Beqaa","country":"Lebanon","latitude":33.507108,"longitude":35.682887,"source_1":"https://t.me/MTVLebanoNews/60934","source_2":"","sources":""}},{"type":"Feature","geometry":{"type":"Point","coordinates":[35.65735700023386,33.43646299967471]},"properties":{"event_id":826,"data_org":"Green","post_date":"2026-03-30T00:00:00.000Z","pub_date":"2026-03-31T00:00:00.000Z","strikedate":"2026-03-30T00:00:00.000Z","time":"1899-12-30T00:00:00.000Z","event_type":"Reported Airstrike","actor":"Israel","site_type":"unknown","siteStype":"","city":"Qilya","province":"Beqaa","country":"Lebanon","latitude":33.436463,"longitude":35.657357,"source_1":"https://t.me/MTVLebanoNews/60937","source_2":"","sources":""}},{"type":"Feature","geometry":{"type":"Point","coordinates":[35.362248000310316,33.14241599981423]},"properties":{"event_id":827,"data_org":"Green","post_date":"2026-03-30T00:00:00.000Z","pub_date":"2026-03-31T00:00:00.000Z","strikedate":"2026-03-30T00:00:00.000Z","time":"1899-12-30T00:00:00.000Z","event_type":"Reported Airstrike","actor":"Israel","site_type":"unknown","siteStype":"","city":"Rashaf","province":"","country":"Lebanon","latitude":33.142416,"longitude":35.362248,"source_1":"https://t.me/MTVLebanoNews/60939","source_2":"","sources":""}},{"type":"Feature","geometry":{"type":"Point","coordinates":[35.671166999624305,33.45874699972832]},"properties":{"event_id":828,"data_org":"Green","post_date":"2026-03-30T00:00:00.000Z","pub_date":"2026-03-31T00:00:00.000Z","strikedate":"2026-03-30T00:00:00.000Z","time":"1899-12-30T00:00:00.000Z","event_type":"Reported Airstrike","actor":"Israel","site_type":"unknown","siteStype":"","city":"Zelayaa","province":"Beqaa","country":"Lebanon","latitude":33.458747,"longitude":35.671167,"source_1":"https://t.me/MTVLebanoNews/60941","source_2":"","sources":""}},{"type":"Feature","geometry":{"type":"Point","coordinates":[35.40114800038346,33.3604469999837]},"properties":{"event_id":829,"data_org":"Green","post_date":"2026-03-30T00:00:00.000Z","pub_date":"2026-03-31T00:00:00.000Z","strikedate":"2026-03-30T00:00:00.000Z","time":"1899-12-30T00:00:00.000Z","event_type":"Reported Airstrike","actor":"Israel","site_type":"unknown","siteStype":"","city":"Abba","province":"Nabatieh","country":"Lebanon","latitude":33.360447,"longitude":35.401148,"source_1":"https://t.me/MTVLebanoNews/60952","source_2":"","sources":""}},{"type":"Feature","geometry":{"type":"Point","coordinates":[35.34435499985006,33.170050000167706]},"properties":{"event_id":830,"data_org":"Green","post_date":"2026-03-30T00:00:00.000Z","pub_date":"2026-03-31T00:00:00.000Z","strikedate":"2026-03-30T00:00:00.000Z","time":"1899-12-30T00:00:00.000Z","event_type":"Reported Airstrike","actor":"Israel","site_type":"unknown","siteStype":"","city":"Kfar","province":"Nabatieh","country":"Lebanon","latitude":33.17005,"longitude":35.344355,"source_1":"https://t.me/MTVLebanoNews/60954","source_2":"","sources":""}},{"type":"Feature","geometry":{"type":"Point","coordinates":[35.46053500038579,33.4287990002867]},"properties":{"event_id":831,"data_org":"Green","post_date":"2026-03-30T00:00:00.000Z","pub_date":"2026-03-31T00:00:00.000Z","strikedate":"2026-03-30T00:00:00.000Z","time":"1899-12-30T00:00:00.000Z","event_type":"Reported Airstrike","actor":"Israel","site_type":"unknown","siteStype":"","city":"Deir al Zahrani","province":"","country":"Lebanon","latitude":33.428799,"longitude":35.460535,"source_1":"https://t.me/MTVLebanoNews/60956","source_2":"","sources":""}},{"type":"Feature","geometry":{"type":"Point","coordinates":[35.34435499985006,33.170050000167706]},"properties":{"event_id":832,"data_org":"Green","post_date":"2026-03-31T00:00:00.000Z","pub_date":"2026-03-31T00:00:00.000Z","strikedate":"2026-03-31T00:00:00.000Z","time":"1899-12-30T00:00:00.000Z","event_type":"Reported Airstrike","actor":"Israel","site_type":"unknown","siteStype":"","city":"Kfar","province":"Nabatieh","country":"Lebanon","latitude":33.17005,"longitude":35.344355,"source_1":"https://t.me/MTVLebanoNews/60990","source_2":"","sources":""}},{"type":"Feature","geometry":{"type":"Point","coordinates":[35.22902600033243,33.197904999739976]},"properties":{"event_id":834,"data_org":"Green","post_date":"2026-03-31T00:00:00.000Z","pub_date":"2026-03-31T00:00:00.000Z","strikedate":"2026-03-31T00:00:00.000Z","time":"1899-12-30T00:00:00.000Z","event_type":"Reported Airstrike","actor":"Israel","site_type":"unknown","siteStype":"","city":"Qalieh","province":"Tyre","country":"Lebanon","latitude":33.197905,"longitude":35.229026,"source_1":"https://t.me/MTVLebanoNews/61020","source_2":"","sources":""}},{"type":"Feature","geometry":{"type":"Point","coordinates":[35.224945999635665,33.151435999785]},"properties":{"event_id":835,"data_org":"Green","post_date":"2026-03-31T00:00:00.000Z","pub_date":"2026-03-31T00:00:00.000Z","strikedate":"2026-03-31T00:00:00.000Z","time":"1899-12-30T00:00:00.000Z","event_type":"Reported Airstrike","actor":"Israel","site_type":"unknown","siteStype":"","city":"Majdal Zoun","province":"Tyre","country":"Lebanon","latitude":33.151436,"longitude":35.224946,"source_1":"https://t.me/MTVLebanoNews/61020","source_2":"","sources":""}},{"type":"Feature","geometry":null,"properties":{"event_id":837,"data_org":"Green","post_date":"2026-03-31T00:00:00.000Z","pub_date":"2026-03-31T00:00:00.000Z","strikedate":"2026-03-31T00:00:00.000Z","time":"1899-12-30T00:00:00.000Z","event_type":"Reported Airstrike","actor":"Israel","site_type":"unknown","siteStype":"","city":"Chehabiyeh","province":"","country":"Lebanon","latitude":0,"longitude":35.382302,"source_1":"https://t.me/MTVLebanoNews/61026","source_2":"","sources":""}},{"type":"Feature","geometry":{"type":"Point","coordinates":[35.40017300041511,33.25751600028951]},"properties":{"event_id":838,"data_org":"Green","post_date":"2026-03-31T00:00:00.000Z","pub_date":"2026-03-31T00:00:00.000Z","strikedate":"2026-03-31T00:00:00.000Z","time":"1899-12-30T00:00:00.000Z","event_type":"Reported Airstrike","actor":"Israel","site_type":"unknown","siteStype":"","city":"Deir Kifa","province":"","country":"Lebanon","latitude":33.257516,"longitude":35.400173,"source_1":"https://t.me/MTVLebanoNews/61035","source_2":"","sources":""}},{"type":"Feature","geometry":{"type":"Point","coordinates":[35.464683999781215,33.32237999963407]},"properties":{"event_id":839,"data_org":"Green","post_date":"2026-03-31T00:00:00.000Z","pub_date":"2026-03-31T00:00:00.000Z","strikedate":"2026-03-31T00:00:00.000Z","time":"1899-12-30T00:00:00.000Z","event_type":"Reported Airstrike","actor":"Israel","site_type":"unknown","siteStype":"","city":"Zawtar El Gharbiyeh","province":"","country":"Lebanon","latitude":33.32238,"longitude":35.464684,"source_1":"https://t.me/MTVLebanoNews/61039","source_2":"","sources":""}},{"type":"Feature","geometry":{"type":"Point","coordinates":[35.67070300001711,33.48604699987467]},"properties":{"event_id":840,"data_org":"Green","post_date":"2026-03-31T00:00:00.000Z","pub_date":"2026-03-31T00:00:00.000Z","strikedate":"2026-03-31T00:00:00.000Z","time":"1899-12-30T00:00:00.000Z","event_type":"Reported Airstrike","actor":"Israel","site_type":"unknown","siteStype":"","city":"Yohmor","province":"","country":"Lebanon","latitude":33.486047,"longitude":35.670703,"source_1":"https://t.me/MTVLebanoNews/61044","source_2":"","sources":""}},{"type":"Feature","geometry":{"type":"Point","coordinates":[35.46993199989186,33.27015000027907]},"properties":{"event_id":841,"data_org":"Green","post_date":"2026-03-31T00:00:00.000Z","pub_date":"2026-03-31T00:00:00.000Z","strikedate":"2026-03-31T00:00:00.000Z","time":"1899-12-30T00:00:00.000Z","event_type":"Reported Airstrike","actor":"Israel","site_type":"unknown","siteStype":"","city":"Qanatara","province":"","country":"Lebanon","latitude":33.27015,"longitude":35.469932,"source_1":"https://t.me/MTVLebanoNews/61048","source_2":"","sources":""}},{"type":"Feature","geometry":{"type":"Point","coordinates":[35.47357800022035,33.320778999876225]},"properties":{"event_id":842,"data_org":"Green","post_date":"2026-03-31T00:00:00.000Z","pub_date":"2026-03-31T00:00:00.000Z","strikedate":"2026-03-31T00:00:00.000Z","time":"1899-12-30T00:00:00.000Z","event_type":"Reported Airstrike","actor":"Israel","site_type":"unknown","siteStype":"","city":"Zawtar El Charqiyeh","province":"","country":"Lebanon","latitude":33.320779,"longitude":35.473578,"source_1":"https://t.me/MTVLebanoNews/61053","source_2":"","sources":""}},{"type":"Feature","geometry":{"type":"Point","coordinates":[35.32830199972164,33.15379999976207]},"properties":{"event_id":843,"data_org":"Green","post_date":"2026-03-31T00:00:00.000Z","pub_date":"2026-03-31T00:00:00.000Z","strikedate":"2026-03-31T00:00:00.000Z","time":"1899-12-30T00:00:00.000Z","event_type":"Reported Airstrike","actor":"Israel","site_type":"unknown","siteStype":"","city":"Yater","province":"","country":"Lebanon","latitude":33.1538,"longitude":35.328302,"source_1":"https://t.me/MTVLebanoNews/61060","source_2":"","sources":""}},{"type":"Feature","geometry":{"type":"Point","coordinates":[35.206313000282016,33.17859599993663]},"properties":{"event_id":844,"data_org":"Green","post_date":"2026-03-31T00:00:00.000Z","pub_date":"2026-03-31T00:00:00.000Z","strikedate":"2026-03-31T00:00:00.000Z","time":"1899-12-30T00:00:00.000Z","event_type":"Reported Airstrike","actor":"Israel","site_type":"unknown","siteStype":"","city":"Mansouri","province":"","country":"Lebanon","latitude":33.178596,"longitude":35.206313,"source_1":"https://t.me/MTVLebanoNews/61064","source_2":"","sources":""}},{"type":"Feature","geometry":{"type":"Point","coordinates":[35.22915500020386,33.19777900033949]},"properties":{"event_id":845,"data_org":"Green","post_date":"2026-03-31T00:00:00.000Z","pub_date":"2026-03-31T00:00:00.000Z","strikedate":"2026-03-31T00:00:00.000Z","time":"1899-12-30T00:00:00.000Z","event_type":"Reported Airstrike","actor":"Israel","site_type":"unknown","siteStype":"","city":"Qalila","province":"","country":"Lebanon","latitude":33.197779,"longitude":35.229155,"source_1":"https://t.me/MTVLebanoNews/61064","source_2":"","sources":""}},{"type":"Feature","geometry":{"type":"Point","coordinates":[35.22187400031584,33.18662399969505]},"properties":{"event_id":846,"data_org":"Green","post_date":"2026-03-31T00:00:00.000Z","pub_date":"2026-03-31T00:00:00.000Z","strikedate":"2026-03-31T00:00:00.000Z","time":"1899-12-30T00:00:00.000Z","event_type":"Reported Airstrike","actor":"Israel","site_type":"unknown","siteStype":"","city":"Hanniyeh","province":"","country":"Lebanon","latitude":33.186624,"longitude":35.221874,"source_1":"https://t.me/MTVLebanoNews/61064","source_2":"","sources":""}},{"type":"Feature","geometry":null,"properties":{"event_id":854,"data_org":"Green","post_date":"2026-03-31T00:00:00.000Z","pub_date":"2026-03-31T00:00:00.000Z","strikedate":"2026-03-31T00:00:00.000Z","time":"1899-12-30T00:00:00.000Z","event_type":"Reported Airstrike","actor":"Israel","site_type":"unknown","siteStype":"","city":"UNK","province":"","country":"Lebanon","latitude":0,"longitude":0,"source_1":"https://t.me/MTVLebanoNews/61072","source_2":"","sources":""}},{"type":"Feature","geometry":{"type":"Point","coordinates":[35.206313000282016,33.17859599993663]},"properties":{"event_id":855,"data_org":"Green","post_date":"2026-03-31T00:00:00.000Z","pub_date":"2026-03-31T00:00:00.000Z","strikedate":"2026-03-31T00:00:00.000Z","time":"1899-12-30T00:00:00.000Z","event_type":"Reported Airstrike","actor":"Israel","site_type":"unknown","siteStype":"","city":"al Mansouri","province":"","country":"Lebanon","latitude":33.178596,"longitude":35.206313,"source_1":"https://t.me/MTVLebanoNews/61073","source_2":"","sources":""}},{"type":"Feature","geometry":{"type":"Point","coordinates":[35.397060000189086,33.28226400032506]},"properties":{"event_id":859,"data_org":"Green","post_date":"2026-03-31T00:00:00.000Z","pub_date":"2026-03-31T00:00:00.000Z","strikedate":"2026-03-31T00:00:00.000Z","time":"1899-12-30T00:00:00.000Z","event_type":"Reported Airstrike","actor":"Israel","site_type":"unknown","siteStype":"","city":"Srifa","province":"","country":"Lebanon","latitude":33.282264,"longitude":35.39706,"source_1":"https://t.me/MTVLebanoNews/61086","source_2":"","sources":""}},{"type":"Feature","geometry":{"type":"Point","coordinates":[35.23013900039304,33.15319599983891]},"properties":{"event_id":861,"data_org":"Green","post_date":"2026-03-31T00:00:00.000Z","pub_date":"2026-03-31T00:00:00.000Z","strikedate":"2026-03-31T00:00:00.000Z","time":"1899-12-30T00:00:00.000Z","event_type":"Reported Airstrike","actor":"Israel","site_type":"unknown","siteStype":"","city":"Majdal Zoun","province":"","country":"Lebanon","latitude":33.153196,"longitude":35.230139,"source_1":"https://t.me/MTVLebanoNews/61092","source_2":"","sources":""}},{"type":"Feature","geometry":{"type":"Point","coordinates":[35.68846199968476,33.52101100027619]},"properties":{"event_id":862,"data_org":"Green","post_date":"2026-03-31T00:00:00.000Z","pub_date":"2026-03-31T00:00:00.000Z","strikedate":"2026-03-31T00:00:00.000Z","time":"1899-12-30T00:00:00.000Z","event_type":"Reported Airstrike","actor":"Israel","site_type":"unknown","siteStype":"","city":"Sohmor","province":"","country":"Lebanon","latitude":33.521011,"longitude":35.688462,"source_1":"https://t.me/MTVLebanoNews/61096","source_2":"","sources":""}},{"type":"Feature","geometry":{"type":"Point","coordinates":[35.492982000226164,33.854721999981884]},"properties":{"event_id":863,"data_org":"Green","post_date":"2026-03-31T00:00:00.000Z","pub_date":"2026-03-31T00:00:00.000Z","strikedate":"2026-03-31T00:00:00.000Z","time":"1899-12-30T00:00:00.000Z","event_type":"Confirmed Airstrike","actor":"Israel","site_type":"unknown","siteStype":"","city":"Beirut - Ghubayri","province":"","country":"Lebanon","latitude":33.854722,"longitude":35.492982,"source_1":"https://t.me/MTVLebanoNews/61097","source_2":"https://x.com/Osint613/status/2039001272490070197","sources":"https://x.com/Osint613/status/2038986867266220521?s=20"}},{"type":"Feature","geometry":{"type":"Point","coordinates":[35.56008699995952,33.868329999821995]},"properties":{"event_id":866,"data_org":"Green","post_date":"2026-03-31T00:00:00.000Z","pub_date":"2026-03-31T00:00:00.000Z","strikedate":"2026-03-31T00:00:00.000Z","time":"1899-12-30T00:00:00.000Z","event_type":"Reported Airstrike","actor":"Israel","site_type":"unknown","siteStype":"","city":"Mar Roukoz","province":"Mount Lebanon","country":"Lebanon","latitude":33.86833,"longitude":35.560087,"source_1":"https://t.me/MTVLebanoNews/61112","source_2":"https://t.me/MTVLebanoNews/61109","sources":""}},{"type":"Feature","geometry":{"type":"Point","coordinates":[35.41413599996643,33.195533999945425]},"properties":{"event_id":868,"data_org":"Green","post_date":"2026-03-31T00:00:00.000Z","pub_date":"2026-03-31T00:00:00.000Z","strikedate":"2026-03-31T00:00:00.000Z","time":"1899-12-30T00:00:00.000Z","event_type":"Reported Airstrike","actor":"Israel","site_type":"unknown","siteStype":"","city":"Tibnin","province":"","country":"Lebanon","latitude":33.195534,"longitude":35.414136,"source_1":"https://t.me/MTVLebanoNews/61153","source_2":"","sources":""}},{"type":"Feature","geometry":{"type":"Point","coordinates":[35.24161899990519,33.20326499981378]},"properties":{"event_id":869,"data_org":"Green","post_date":"2026-03-31T00:00:00.000Z","pub_date":"2026-03-31T00:00:00.000Z","strikedate":"2026-03-31T00:00:00.000Z","time":"1899-12-30T00:00:00.000Z","event_type":"Reported Airstrike","actor":"Israel","site_type":"unknown","siteStype":"","city":"Maaliyeh","province":"","country":"Lebanon","latitude":33.203265,"longitude":35.241619,"source_1":"https://t.me/MTVLebanoNews/61157","source_2":"","sources":""}},{"type":"Feature","geometry":{"type":"Point","coordinates":[35.3507439996104,33.47760300012534]},"properties":{"event_id":870,"data_org":"Green","post_date":"2026-03-31T00:00:00.000Z","pub_date":"2026-03-31T00:00:00.000Z","strikedate":"2026-03-31T00:00:00.000Z","time":"1899-12-30T00:00:00.000Z","event_type":"Reported Airstrike","actor":"Israel","site_type":"unknown","siteStype":"","city":"IVO Daoudiye and Msayleh","province":"","country":"Lebanon","latitude":33.477603,"longitude":35.350744,"source_1":"https://t.me/MTVLebanoNews/61165","source_2":"","sources":""}},{"type":"Feature","geometry":{"type":"Point","coordinates":[35.47333299999797,33.77834500018953]},"properties":{"event_id":872,"data_org":"Green","post_date":"2026-03-31T00:00:00.000Z","pub_date":"2026-04-01T00:00:00.000Z","strikedate":"2026-03-31T00:00:00.000Z","time":"1899-12-30T00:00:00.000Z","event_type":"Reported Airstrike","actor":"Israel","site_type":"unknown","siteStype":"","city":"Khaldeh","province":"","country":"Lebanon","latitude":33.778345,"longitude":35.473333,"source_1":"https://x.com/MarioLeb79/status/2039086841484263728","source_2":"https://x.com/ariel_oseran/status/2039096558227005844?s=20","sources":"https://x.com/Osint613/status/2039088955866427548"}},{"type":"Feature","geometry":{"type":"Point","coordinates":[35.493007000340526,33.85487599985498]},"properties":{"event_id":873,"data_org":"Green","post_date":"2026-03-31T00:00:00.000Z","pub_date":"2026-04-01T00:00:00.000Z","strikedate":"2026-03-31T00:00:00.000Z","time":"1899-12-30T00:00:00.000Z","event_type":"Confirmed Airstrike","actor":"Israel","site_type":"military","siteStype":"","city":"Beirut","province":"","country":"Lebanon","latitude":33.854876,"longitude":35.493007,"source_1":"https://x.com/idfonline/status/2039107992767922549?s=20","source_2":"https://x.com/AvichayAdraee/status/2039196683620274373?s=20","sources":""}},{"type":"Feature","geometry":{"type":"Point","coordinates":[35.493007000340526,33.85487599985498]},"properties":{"event_id":874,"data_org":"Green","post_date":"2026-03-31T00:00:00.000Z","pub_date":"2026-04-01T00:00:00.000Z","strikedate":"2026-03-31T00:00:00.000Z","time":"1899-12-30T00:00:00.000Z","event_type":"Confirmed Airstrike","actor":"Israel","site_type":"military","siteStype":"","city":"Beirut","province":"","country":"Lebanon","latitude":33.854876,"longitude":35.493007,"source_1":"https://x.com/idfonline/status/2039107992767922549?s=20","source_2":"https://x.com/AvichayAdraee/status/2039196683620274373?s=20","sources":""}},{"type":"Feature","geometry":{"type":"Point","coordinates":[35.488714179769794,33.8687859996726]},"properties":{"event_id":877,"data_org":"Green","post_date":"2026-03-31T00:00:00.000Z","pub_date":"2026-04-01T00:00:00.000Z","strikedate":"2026-03-31T00:00:00.000Z","time":"1899-12-30T00:00:00.000Z","event_type":"Confirmed Airstrike","actor":"Israel","site_type":"unknown","siteStype":"military : ground vehicle","city":"Beirut","province":"","country":"Lebanon","latitude":33.868786,"longitude":35.48871418,"source_1":"https://x.com/MarioLeb79/status/2039091503113326935","source_2":"https://x.com/MarioLeb79/status/2039092487613010335","sources":"https://x.com/MarioLeb79/status/2039092861568700650"}},{"type":"Feature","geometry":{"type":"Point","coordinates":[35.493007000340526,33.85487599985498]},"properties":{"event_id":878,"data_org":"Green","post_date":"2026-04-01T00:00:00.000Z","pub_date":"2026-04-01T00:00:00.000Z","strikedate":"2026-04-01T00:00:00.000Z","time":"1899-12-30T00:00:00.000Z","event_type":"Confirmed Airstrike","actor":"Israel","site_type":"military","siteStype":"military : unknown","city":"Beirut","province":"","country":"Lebanon","latitude":33.854876,"longitude":35.493007,"source_1":"https://x.com/idfonline/status/2039282067872104578?s=20","source_2":"","sources":""}},{"type":"Feature","geometry":{"type":"Point","coordinates":[35.397060000189086,33.28226400032506]},"properties":{"event_id":879,"data_org":"Green","post_date":"2026-03-31T00:00:00.000Z","pub_date":"2026-04-01T00:00:00.000Z","strikedate":"2026-03-31T00:00:00.000Z","time":"1899-12-30T00:00:00.000Z","event_type":"Reported Airstrike","actor":"Israel","site_type":"unknown","siteStype":"","city":"Srifa","province":"","country":"Lebanon","latitude":33.282264,"longitude":35.39706,"source_1":"https://t.me/MTVLebanoNews/61187","source_2":"","sources":""}},{"type":"Feature","geometry":{"type":"Point","coordinates":[35.23013900039304,33.15319599983891]},"properties":{"event_id":880,"data_org":"Green","post_date":"2026-03-31T00:00:00.000Z","pub_date":"2026-04-01T00:00:00.000Z","strikedate":"2026-03-31T00:00:00.000Z","time":"1899-12-30T00:00:00.000Z","event_type":"Reported Airstrike","actor":"Israel","site_type":"unknown","siteStype":"","city":"Majdal Zoun","province":"","country":"Lebanon","latitude":33.153196,"longitude":35.230139,"source_1":"https://t.me/MTVLebanoNews/61192","source_2":"","sources":""}},{"type":"Feature","geometry":{"type":"Point","coordinates":[35.35066999999056,33.27402000010957]},"properties":{"event_id":881,"data_org":"Green","post_date":"2026-03-31T00:00:00.000Z","pub_date":"2026-04-01T00:00:00.000Z","strikedate":"2026-03-31T00:00:00.000Z","time":"1899-12-30T00:00:00.000Z","event_type":"Reported Airstrike","actor":"Israel","site_type":"unknown","siteStype":"","city":"Barish","province":"","country":"Lebanon","latitude":33.27402,"longitude":35.35067,"source_1":"https://t.me/MTVLebanoNews/61196","source_2":"","sources":""}},{"type":"Feature","geometry":{"type":"Point","coordinates":[35.38383099968337,33.24943800015755]},"properties":{"event_id":882,"data_org":"Green","post_date":"2026-03-31T00:00:00.000Z","pub_date":"2026-04-01T00:00:00.000Z","strikedate":"2026-03-31T00:00:00.000Z","time":"1899-12-30T00:00:00.000Z","event_type":"Reported Airstrike","actor":"Israel","site_type":"unknown","siteStype":"","city":"IVO Chehabiyeh and Selaa","province":"","country":"Lebanon","latitude":33.249438,"longitude":35.383831,"source_1":"https://t.me/MTVLebanoNews/61196","source_2":"","sources":""}},{"type":"Feature","geometry":{"type":"Point","coordinates":[35.39693301973041,33.240305599948144]},"properties":{"event_id":883,"data_org":"Green","post_date":"2026-03-31T00:00:00.000Z","pub_date":"2026-04-01T00:00:00.000Z","strikedate":"2026-03-31T00:00:00.000Z","time":"1899-12-30T00:00:00.000Z","event_type":"Reported Airstrike","actor":"Israel","site_type":"unknown","siteStype":"","city":"Kfar Dounin","province":"","country":"Lebanon","latitude":33.2403056,"longitude":35.39693302,"source_1":"https://t.me/MTVLebanoNews/61197","source_2":"","sources":""}},{"type":"Feature","geometry":{"type":"Point","coordinates":[35.56755100014564,33.44439299979838]},"properties":{"event_id":887,"data_org":"Green","post_date":"2026-03-31T00:00:00.000Z","pub_date":"2026-04-01T00:00:00.000Z","strikedate":"2026-03-31T00:00:00.000Z","time":"1899-12-30T00:00:00.000Z","event_type":"Reported Airstrike","actor":"Israel","site_type":"unknown","siteStype":"","city":"Rayhan","province":"","country":"Lebanon","latitude":33.444393,"longitude":35.567551,"source_1":"https://t.me/MTVLebanoNews/61218","source_2":"","sources":""}},{"type":"Feature","geometry":{"type":"Point","coordinates":[35.68846199968476,33.52101100027619]},"properties":{"event_id":889,"data_org":"Green","post_date":"2026-03-31T00:00:00.000Z","pub_date":"2026-04-01T00:00:00.000Z","strikedate":"2026-03-31T00:00:00.000Z","time":"1899-12-30T00:00:00.000Z","event_type":"Reported Airstrike","actor":"Israel","site_type":"unknown","siteStype":"","city":"Sohmor","province":"","country":"Lebanon","latitude":33.521011,"longitude":35.688462,"source_1":"https://t.me/MTVLebanoNews/61232","source_2":"","sources":""}},{"type":"Feature","geometry":{"type":"Point","coordinates":[35.38292799968505,33.44573699966594]},"properties":{"event_id":890,"data_org":"Green","post_date":"2026-04-01T00:00:00.000Z","pub_date":"2026-04-01T00:00:00.000Z","strikedate":"2026-04-01T00:00:00.000Z","time":"1899-12-30T00:00:00.000Z","event_type":"Reported Airstrike","actor":"Israel","site_type":"unknown","siteStype":"","city":"Marwaniya","province":"","country":"Lebanon","latitude":33.445737,"longitude":35.382928,"source_1":"https://t.me/MTVLebanoNews/61238","source_2":"","sources":""}},{"type":"Feature","geometry":{"type":"Point","coordinates":[35.6572629996242,33.5345869998817]},"properties":{"event_id":891,"data_org":"Green","post_date":"2026-04-01T00:00:00.000Z","pub_date":"2026-04-01T00:00:00.000Z","strikedate":"2026-04-01T00:00:00.000Z","time":"1899-12-30T00:00:00.000Z","event_type":"Reported Airstrike","actor":"Israel","site_type":"unknown","siteStype":"","city":"Mashghara","province":"","country":"Lebanon","latitude":33.534587,"longitude":35.657263,"source_1":"https://t.me/MTVLebanoNews/61240","source_2":"","sources":""}},{"type":"Feature","geometry":{"type":"Point","coordinates":[35.397060000189086,33.28226400032506]},"properties":{"event_id":892,"data_org":"Green","post_date":"2026-04-01T00:00:00.000Z","pub_date":"2026-04-01T00:00:00.000Z","strikedate":"2026-04-01T00:00:00.000Z","time":"1899-12-30T00:00:00.000Z","event_type":"Reported Airstrike","actor":"Israel","site_type":"unknown","siteStype":"","city":"Srifa","province":"","country":"Lebanon","latitude":33.282264,"longitude":35.39706,"source_1":"https://t.me/MTVLebanoNews/61243","source_2":"","sources":""}},{"type":"Feature","geometry":{"type":"Point","coordinates":[35.399438999572865,33.258828999992204]},"properties":{"event_id":893,"data_org":"Green","post_date":"2026-04-01T00:00:00.000Z","pub_date":"2026-04-01T00:00:00.000Z","strikedate":"2026-04-01T00:00:00.000Z","time":"1899-12-30T00:00:00.000Z","event_type":"Reported Airstrike","actor":"Israel","site_type":"unknown","siteStype":"","city":"Deir Kifa","province":"","country":"Lebanon","latitude":33.258829,"longitude":35.399439,"source_1":"https://t.me/MTVLebanoNews/61243","source_2":"","sources":""}},{"type":"Feature","geometry":{"type":"Point","coordinates":[35.29410999998398,33.178312000194886]},"properties":{"event_id":894,"data_org":"Green","post_date":"2026-04-01T00:00:00.000Z","pub_date":"2026-04-01T00:00:00.000Z","strikedate":"2026-04-01T00:00:00.000Z","time":"1899-12-30T00:00:00.000Z","event_type":"Reported Airstrike","actor":"Israel","site_type":"unknown","siteStype":"","city":"Jabal al Batm","province":"","country":"Lebanon","latitude":33.178312,"longitude":35.29411,"source_1":"https://t.me/MTVLebanoNews/61248","source_2":"","sources":""}},{"type":"Feature","geometry":{"type":"Point","coordinates":[35.36327099995925,33.27905700017442]},"properties":{"event_id":895,"data_org":"Green","post_date":"2026-04-01T00:00:00.000Z","pub_date":"2026-04-01T00:00:00.000Z","strikedate":"2026-04-01T00:00:00.000Z","time":"1899-12-30T00:00:00.000Z","event_type":"Reported Airstrike","actor":"Israel","site_type":"unknown","siteStype":"","city":"IVO Dardaghiya and Maaroub","province":"","country":"Lebanon","latitude":33.279057,"longitude":35.363271,"source_1":"https://t.me/MTVLebanoNews/61251","source_2":"","sources":""}},{"type":"Feature","geometry":{"type":"Point","coordinates":[35.43387100040836,33.476273999844906]},"properties":{"event_id":896,"data_org":"Green","post_date":"2026-04-01T00:00:00.000Z","pub_date":"2026-04-01T00:00:00.000Z","strikedate":"2026-04-01T00:00:00.000Z","time":"1899-12-30T00:00:00.000Z","event_type":"Reported Airstrike","actor":"Israel","site_type":"unknown","siteStype":"","city":"Houmine el Tahta","province":"","country":"Lebanon","latitude":33.476274,"longitude":35.433871,"source_1":"https://t.me/MTVLebanoNews/61254","source_2":"","sources":""}},{"type":"Feature","geometry":{"type":"Point","coordinates":[35.27958199964482,33.20006799976337]},"properties":{"event_id":897,"data_org":"Green","post_date":"2026-04-01T00:00:00.000Z","pub_date":"2026-04-01T00:00:00.000Z","strikedate":"2026-04-01T00:00:00.000Z","time":"1899-12-30T00:00:00.000Z","event_type":"Reported Airstrike","actor":"Israel","site_type":"unknown","siteStype":"","city":"Ramadi","province":"","country":"Lebanon","latitude":33.200068,"longitude":35.279582,"source_1":"https://t.me/MTVLebanoNews/61256","source_2":"","sources":""}},{"type":"Feature","geometry":{"type":"Point","coordinates":[35.35077668032044,33.17459445006687]},"properties":{"event_id":898,"data_org":"Green","post_date":"2026-04-01T00:00:00.000Z","pub_date":"2026-04-01T00:00:00.000Z","strikedate":"2026-04-01T00:00:00.000Z","time":"1899-12-30T00:00:00.000Z","event_type":"Reported Airstrike","actor":"Israel","site_type":"unknown","siteStype":"","city":"Kafra","province":"","country":"Lebanon","latitude":33.17459445,"longitude":35.35077668,"source_1":"https://t.me/MTVLebanoNews/61263","source_2":"","sources":""}},{"type":"Feature","geometry":{"type":"Point","coordinates":[35.435561750147315,33.27121797035032]},"properties":{"event_id":899,"data_org":"Green","post_date":"2026-04-01T00:00:00.000Z","pub_date":"2026-04-01T00:00:00.000Z","strikedate":"2026-04-01T00:00:00.000Z","time":"1899-12-30T00:00:00.000Z","event_type":"Reported Airstrike","actor":"Israel","site_type":"unknown","siteStype":"","city":"Ghandouriyeh","province":"","country":"Lebanon","latitude":33.27121797,"longitude":35.43556175,"source_1":"https://t.me/MTVLebanoNews/61268","source_2":"","sources":""}},{"type":"Feature","geometry":{"type":"Point","coordinates":[35.43807173018772,33.1499546801148]},"properties":{"event_id":900,"data_org":"Green","post_date":"2026-04-01T00:00:00.000Z","pub_date":"2026-04-01T00:00:00.000Z","strikedate":"2026-04-01T00:00:00.000Z","time":"1899-12-30T00:00:00.000Z","event_type":"Reported Airstrike","actor":"Israel","site_type":"unknown","siteStype":"","city":"Kounine","province":"","country":"Lebanon","latitude":33.14995468,"longitude":35.43807173,"source_1":"https://t.me/MTVLebanoNews/61303","source_2":"","sources":""}},{"type":"Feature","geometry":{"type":"Point","coordinates":[35.206313000282016,33.17859599993663]},"properties":{"event_id":901,"data_org":"Green","post_date":"2026-04-01T00:00:00.000Z","pub_date":"2026-04-01T00:00:00.000Z","strikedate":"2026-04-01T00:00:00.000Z","time":"1899-12-30T00:00:00.000Z","event_type":"Reported Airstrike","actor":"Israel","site_type":"unknown","siteStype":"","city":"Mansouri","province":"","country":"Lebanon","latitude":33.178596,"longitude":35.206313,"source_1":"https://t.me/MTVLebanoNews/61306","source_2":"","sources":""}},{"type":"Feature","geometry":{"type":"Point","coordinates":[35.428794000001936,33.29500999989284]},"properties":{"event_id":902,"data_org":"Green","post_date":"2026-04-01T00:00:00.000Z","pub_date":"2026-04-01T00:00:00.000Z","strikedate":"2026-04-01T00:00:00.000Z","time":"1899-12-30T00:00:00.000Z","event_type":"Reported Airstrike","actor":"Israel","site_type":"unknown","siteStype":"","city":"Froun","province":"","country":"Lebanon","latitude":33.29501,"longitude":35.428794,"source_1":"https://t.me/MTVLebanoNews/61324","source_2":"","sources":""}},{"type":"Feature","geometry":{"type":"Point","coordinates":[35.30485200025256,33.2437770002482]},"properties":{"event_id":904,"data_org":"Green","post_date":"2026-04-01T00:00:00.000Z","pub_date":"2026-04-01T00:00:00.000Z","strikedate":"2026-04-01T00:00:00.000Z","time":"1899-12-30T00:00:00.000Z","event_type":"Reported Airstrike","actor":"Israel","site_type":"unknown","siteStype":"","city":"Wadi Jilo","province":"","country":"Lebanon","latitude":33.243777,"longitude":35.304852,"source_1":"https://t.me/MTVLebanoNews/61338","source_2":"","sources":""}},{"type":"Feature","geometry":{"type":"Point","coordinates":[35.34439800040607,33.117802999711294]},"properties":{"event_id":905,"data_org":"Green","post_date":"2026-04-01T00:00:00.000Z","pub_date":"2026-04-01T00:00:00.000Z","strikedate":"2026-04-01T00:00:00.000Z","time":"1899-12-30T00:00:00.000Z","event_type":"Reported Airstrike","actor":"Israel","site_type":"unknown","siteStype":"","city":"Qouzah","province":"","country":"Lebanon","latitude":33.117803,"longitude":35.344398,"source_1":"https://t.me/MTVLebanoNews/61342","source_2":"","sources":""}},{"type":"Feature","geometry":{"type":"Point","coordinates":[35.48695599979066,33.215258000164205]},"properties":{"event_id":908,"data_org":"Green","post_date":"2026-04-01T00:00:00.000Z","pub_date":"2026-04-01T00:00:00.000Z","strikedate":"2026-04-01T00:00:00.000Z","time":"1899-12-30T00:00:00.000Z","event_type":"Reported Airstrike","actor":"Israel","site_type":"unknown","siteStype":"","city":"Wadi Saluki","province":"","country":"Lebanon","latitude":33.215258,"longitude":35.486956,"source_1":"https://t.me/MTVLebanoNews/61345","source_2":"","sources":""}},{"type":"Feature","geometry":{"type":"Point","coordinates":[35.60634099971561,33.35491200024086]},"properties":{"event_id":909,"data_org":"Green","post_date":"2026-04-01T00:00:00.000Z","pub_date":"2026-04-01T00:00:00.000Z","strikedate":"2026-04-01T00:00:00.000Z","time":"1899-12-30T00:00:00.000Z","event_type":"Reported Airstrike","actor":"Israel","site_type":"unknown","siteStype":"","city":"IVO Khiam and Dibbine","province":"","country":"Lebanon","latitude":33.354912,"longitude":35.606341,"source_1":"https://t.me/MTVLebanoNews/61355","source_2":"","sources":""}},{"type":"Feature","geometry":{"type":"Point","coordinates":[35.36216000044677,33.14304000036424]},"properties":{"event_id":910,"data_org":"Green","post_date":"2026-04-01T00:00:00.000Z","pub_date":"2026-04-01T00:00:00.000Z","strikedate":"2026-04-01T00:00:00.000Z","time":"1899-12-30T00:00:00.000Z","event_type":"Reported Airstrike","actor":"Israel","site_type":"unknown","siteStype":"","city":"Rachaf","province":"","country":"Lebanon","latitude":33.14304,"longitude":35.36216,"source_1":"https://t.me/MTVLebanoNews/61361","source_2":"","sources":""}},{"type":"Feature","geometry":{"type":"Point","coordinates":[35.38871999976882,33.1649260001113]},"properties":{"event_id":911,"data_org":"Green","post_date":"2026-04-01T00:00:00.000Z","pub_date":"2026-04-01T00:00:00.000Z","strikedate":"2026-04-01T00:00:00.000Z","time":"1899-12-30T00:00:00.000Z","event_type":"Reported Airstrike","actor":"Israel","site_type":"unknown","siteStype":"","city":"Haddatha","province":"","country":"Lebanon","latitude":33.164926,"longitude":35.38872,"source_1":"https://t.me/MTVLebanoNews/61361","source_2":"","sources":""}},{"type":"Feature","geometry":{"type":"Point","coordinates":[35.46916500033597,33.351352999730686]},"properties":{"event_id":912,"data_org":"Green","post_date":"2026-04-01T00:00:00.000Z","pub_date":"2026-04-01T00:00:00.000Z","strikedate":"2026-04-01T00:00:00.000Z","time":"1899-12-30T00:00:00.000Z","event_type":"Reported Airstrike","actor":"Israel","site_type":"unknown","siteStype":"","city":"Maifadoun","province":"Nabatieh","country":"Lebanon","latitude":33.351353,"longitude":35.469165,"source_1":"https://t.me/MTVLebanoNews/61365","source_2":"","sources":""}},{"type":"Feature","geometry":{"type":"Point","coordinates":[35.428794000001936,33.29500999989284]},"properties":{"event_id":913,"data_org":"Green","post_date":"2026-04-01T00:00:00.000Z","pub_date":"2026-04-01T00:00:00.000Z","strikedate":"2026-04-01T00:00:00.000Z","time":"1899-12-30T00:00:00.000Z","event_type":"Reported Airstrike","actor":"Israel","site_type":"unknown","siteStype":"","city":"Froun","province":"","country":"Lebanon","latitude":33.29501,"longitude":35.428794,"source_1":"https://t.me/MTVLebanoNews/61376","source_2":"https://t.me/MTVLebanoNews/61382","sources":""}},{"type":"Feature","geometry":{"type":"Point","coordinates":[35.38871999976882,33.1649260001113]},"properties":{"event_id":914,"data_org":"Green","post_date":"2026-04-01T00:00:00.000Z","pub_date":"2026-04-01T00:00:00.000Z","strikedate":"2026-04-01T00:00:00.000Z","time":"1899-12-30T00:00:00.000Z","event_type":"Reported Airstrike","actor":"Israel","site_type":"unknown","siteStype":"","city":"Haddatha","province":"","country":"Lebanon","latitude":33.164926,"longitude":35.38872,"source_1":"https://t.me/MTVLebanoNews/61376","source_2":"https://t.me/MTVLebanoNews/61382","sources":""}},{"type":"Feature","geometry":{"type":"Point","coordinates":[35.43917200022245,33.20740200021932]},"properties":{"event_id":915,"data_org":"Green","post_date":"2026-04-01T00:00:00.000Z","pub_date":"2026-04-01T00:00:00.000Z","strikedate":"2026-04-01T00:00:00.000Z","time":"1899-12-30T00:00:00.000Z","event_type":"Reported Airstrike","actor":"Israel","site_type":"unknown","siteStype":"","city":"Jmaijmeh","province":"","country":"Lebanon","latitude":33.207402,"longitude":35.439172,"source_1":"https://t.me/MTVLebanoNews/61376","source_2":"https://t.me/MTVLebanoNews/61382","sources":""}},{"type":"Feature","geometry":{"type":"Point","coordinates":[35.41759300014904,33.25505999966909]},"properties":{"event_id":916,"data_org":"Green","post_date":"2026-04-01T00:00:00.000Z","pub_date":"2026-04-01T00:00:00.000Z","strikedate":"2026-04-01T00:00:00.000Z","time":"1899-12-30T00:00:00.000Z","event_type":"Reported Airstrike","actor":"Israel","site_type":"unknown","siteStype":"","city":"Qalaouiyeh","province":"","country":"Lebanon","latitude":33.25506,"longitude":35.417593,"source_1":"https://t.me/MTVLebanoNews/61376","source_2":"https://t.me/MTVLebanoNews/61382","sources":""}},{"type":"Feature","geometry":{"type":"Point","coordinates":[35.88403699957791,34.10058200035162]},"properties":{"event_id":917,"data_org":"Green","post_date":"2026-04-01T00:00:00.000Z","pub_date":"2026-04-01T00:00:00.000Z","strikedate":"2026-04-01T00:00:00.000Z","time":"1899-12-30T00:00:00.000Z","event_type":"Reported Airstrike","actor":"Israel","site_type":"unknown","siteStype":"","city":"Yanouh","province":"","country":"Lebanon","latitude":34.100582,"longitude":35.884037,"source_1":"https://t.me/MTVLebanoNews/61381","source_2":"","sources":""}},{"type":"Feature","geometry":{"type":"Point","coordinates":[35.576216000255926,33.46165300014094]},"properties":{"event_id":918,"data_org":"Green","post_date":"2026-04-01T00:00:00.000Z","pub_date":"2026-04-01T00:00:00.000Z","strikedate":"2026-04-01T00:00:00.000Z","time":"1899-12-30T00:00:00.000Z","event_type":"Reported Airstrike","actor":"Israel","site_type":"unknown","siteStype":"","city":"Aaramta","province":"","country":"Lebanon","latitude":33.461653,"longitude":35.576216,"source_1":"https://t.me/MTVLebanoNews/61394","source_2":"","sources":""}},{"type":"Feature","geometry":{"type":"Point","coordinates":[35.5543479995792,33.451270999908715]},"properties":{"event_id":919,"data_org":"Green","post_date":"2026-04-01T00:00:00.000Z","pub_date":"2026-04-01T00:00:00.000Z","strikedate":"2026-04-01T00:00:00.000Z","time":"1899-12-30T00:00:00.000Z","event_type":"Reported Airstrike","actor":"Israel","site_type":"unknown","siteStype":"","city":"Rihan","province":"","country":"Lebanon","latitude":33.451271,"longitude":35.554348,"source_1":"https://t.me/MTVLebanoNews/61394","source_2":"","sources":""}},{"type":"Feature","geometry":{"type":"Point","coordinates":[35.42955999973291,33.13186000006699]},"properties":{"event_id":920,"data_org":"Green","post_date":"2026-04-01T00:00:00.000Z","pub_date":"2026-04-01T00:00:00.000Z","strikedate":"2026-04-01T00:00:00.000Z","time":"1899-12-30T00:00:00.000Z","event_type":"Reported Airstrike","actor":"Israel","site_type":"unknown","siteStype":"","city":"Aynata","province":"","country":"Lebanon","latitude":33.13186,"longitude":35.42956,"source_1":"https://x.com/zarGEOINT/status/2039354947494441039","source_2":"","sources":""}},{"type":"Feature","geometry":{"type":"Point","coordinates":[35.488582999687175,33.868943999719995]},"properties":{"event_id":921,"data_org":"Green","post_date":"2026-03-31T00:00:00.000Z","pub_date":"2026-04-01T00:00:00.000Z","strikedate":"2026-03-31T00:00:00.000Z","time":"1899-12-30T00:00:00.000Z","event_type":"Report of Explosion with Footage","actor":"Israel","site_type":"unknown","siteStype":"","city":"Beirut","province":"","country":"Lebanon","latitude":33.868944,"longitude":35.488583,"source_1":"https://x.com/MarioLeb79/status/2039095323985916093?s=20","source_2":"https://x.com/MarioLeb79/status/2039094329239650394?s=20","sources":""}},{"type":"Feature","geometry":{"type":"Point","coordinates":[35.234816999692974,33.22076600007543]},"properties":{"event_id":922,"data_org":"Green","post_date":"2026-04-01T00:00:00.000Z","pub_date":"2026-04-02T00:00:00.000Z","strikedate":"2026-04-01T00:00:00.000Z","time":"1899-12-30T00:00:00.000Z","event_type":"Reported Airstrike","actor":"Israel","site_type":"unknown","siteStype":"","city":"Sammaaiyeh","province":"South","country":"Lebanon","latitude":33.220766,"longitude":35.234817,"source_1":"https://t.me/MTVLebanoNews/61407","source_2":"","sources":""}},{"type":"Feature","geometry":{"type":"Point","coordinates":[35.28247099956485,33.31013400018726]},"properties":{"event_id":923,"data_org":"Green","post_date":"2026-04-02T00:00:00.000Z","pub_date":"2026-04-02T00:00:00.000Z","strikedate":"2026-04-02T00:00:00.000Z","time":"1899-12-30T00:00:00.000Z","event_type":"Reported Airstrike","actor":"Israel","site_type":"unknown","siteStype":"","city":"Burj Rahal","province":"South","country":"Lebanon","latitude":33.310134,"longitude":35.282471,"source_1":"https://t.me/MTVLebanoNews/61479","source_2":"","sources":""}},{"type":"Feature","geometry":{"type":"Point","coordinates":[35.32830199972164,33.15379999976207]},"properties":{"event_id":924,"data_org":"Green","post_date":"2026-04-02T00:00:00.000Z","pub_date":"2026-04-02T00:00:00.000Z","strikedate":"2026-04-02T00:00:00.000Z","time":"1899-12-30T00:00:00.000Z","event_type":"Reported Airstrike","actor":"Israel","site_type":"unknown","siteStype":"","city":"Yater","province":"","country":"Lebanon","latitude":33.1538,"longitude":35.328302,"source_1":"https://t.me/MTVLebanoNews/61508","source_2":"","sources":""}},{"type":"Feature","geometry":{"type":"Point","coordinates":[35.40079699985586,33.325050999901]},"properties":{"event_id":925,"data_org":"Green","post_date":"2026-04-02T00:00:00.000Z","pub_date":"2026-04-02T00:00:00.000Z","strikedate":"2026-04-02T00:00:00.000Z","time":"1899-12-30T00:00:00.000Z","event_type":"Reported Airstrike","actor":"Israel","site_type":"unknown","siteStype":"","city":"Kfar Sir","province":"","country":"Lebanon","latitude":33.325051,"longitude":35.400797,"source_1":"https://t.me/MTVLebanoNews/61523","source_2":"","sources":""}},{"type":"Feature","geometry":{"type":"Point","coordinates":[35.66651100006567,33.35650799976377]},"properties":{"event_id":926,"data_org":"Green","post_date":"2026-04-02T00:00:00.000Z","pub_date":"2026-04-02T00:00:00.000Z","strikedate":"2026-04-02T00:00:00.000Z","time":"1899-12-30T00:00:00.000Z","event_type":"Reported Airstrike","actor":"Israel","site_type":"unknown","siteStype":"","city":"Rachaya al Foukhar","province":"","country":"Lebanon","latitude":33.356508,"longitude":35.666511,"source_1":"https://t.me/MTVLebanoNews/61526","source_2":"","sources":""}},{"type":"Feature","geometry":{"type":"Point","coordinates":[35.599198999744765,33.3718390001643]},"properties":{"event_id":927,"data_org":"Green","post_date":"2026-04-02T00:00:00.000Z","pub_date":"2026-04-02T00:00:00.000Z","strikedate":"2026-04-02T00:00:00.000Z","time":"1899-12-30T00:00:00.000Z","event_type":"Reported Airstrike","actor":"Israel","site_type":"unknown","siteStype":"","city":"Dibbine","province":"","country":"Lebanon","latitude":33.371839,"longitude":35.599199,"source_1":"https://t.me/MTVLebanoNews/61526","source_2":"","sources":""}},{"type":"Feature","geometry":{"type":"Point","coordinates":[35.61669399982176,33.34081300035054]},"properties":{"event_id":928,"data_org":"Green","post_date":"2026-04-02T00:00:00.000Z","pub_date":"2026-04-02T00:00:00.000Z","strikedate":"2026-04-02T00:00:00.000Z","time":"1899-12-30T00:00:00.000Z","event_type":"Reported Airstrike","actor":"Israel","site_type":"unknown","siteStype":"","city":"Jalahiya","province":"","country":"Lebanon","latitude":33.340813,"longitude":35.616694,"source_1":"https://t.me/MTVLebanoNews/61529","source_2":"","sources":""}},{"type":"Feature","geometry":{"type":"Point","coordinates":[35.595835000346895,33.33051699966314]},"properties":{"event_id":929,"data_org":"Green","post_date":"2026-04-02T00:00:00.000Z","pub_date":"2026-04-02T00:00:00.000Z","strikedate":"2026-04-02T00:00:00.000Z","time":"1899-12-30T00:00:00.000Z","event_type":"Reported Airstrike","actor":"Israel","site_type":"unknown","siteStype":"","city":"Dardara-Khiam road","province":"","country":"Lebanon","latitude":33.330517,"longitude":35.595835,"source_1":"https://t.me/MTVLebanoNews/61529","source_2":"","sources":""}},{"type":"Feature","geometry":{"type":"Point","coordinates":[35.477269810136754,33.32633082985894]},"properties":{"event_id":930,"data_org":"Green","post_date":"2026-04-02T00:00:00.000Z","pub_date":"2026-04-02T00:00:00.000Z","strikedate":"2026-04-02T00:00:00.000Z","time":"1899-12-30T00:00:00.000Z","event_type":"Reported Airstrike","actor":"Israel","site_type":"unknown","siteStype":"","city":"Zawter el Charqiyeh","province":"","country":"Lebanon","latitude":33.32633083,"longitude":35.47726981,"source_1":"https://t.me/MTVLebanoNews/61541","source_2":"","sources":""}},{"type":"Feature","geometry":{"type":"Point","coordinates":[35.206313000282016,33.17859599993663]},"properties":{"event_id":931,"data_org":"Green","post_date":"2026-04-02T00:00:00.000Z","pub_date":"2026-04-02T00:00:00.000Z","strikedate":"2026-04-02T00:00:00.000Z","time":"1899-12-30T00:00:00.000Z","event_type":"Reported Airstrike","actor":"Israel","site_type":"unknown","siteStype":"","city":"Mansouri","province":"","country":"Lebanon","latitude":33.178596,"longitude":35.206313,"source_1":"https://t.me/MTVLebanoNews/61542","source_2":"","sources":""}},{"type":"Feature","geometry":{"type":"Point","coordinates":[35.60150600005684,33.38695100033502]},"properties":{"event_id":932,"data_org":"Green","post_date":"2026-04-02T00:00:00.000Z","pub_date":"2026-04-02T00:00:00.000Z","strikedate":"2026-04-02T00:00:00.000Z","time":"1899-12-30T00:00:00.000Z","event_type":"Reported Airstrike","actor":"Israel","site_type":"unknown","siteStype":"","city":"Balat","province":"","country":"Lebanon","latitude":33.386951,"longitude":35.601506,"source_1":"https://t.me/MTVLebanoNews/61546","source_2":"","sources":""}},{"type":"Feature","geometry":{"type":"Point","coordinates":[35.437245999676875,33.12195800007302]},"properties":{"event_id":933,"data_org":"Green","post_date":"2026-04-02T00:00:00.000Z","pub_date":"2026-04-02T00:00:00.000Z","strikedate":"2026-04-02T00:00:00.000Z","time":"1899-12-30T00:00:00.000Z","event_type":"Reported Airstrike","actor":"Israel","site_type":"unknown","siteStype":"","city":"Bint Jbeil","province":"","country":"Lebanon","latitude":33.121958,"longitude":35.437246,"source_1":"https://t.me/MTVLebanoNews/61554","source_2":"","sources":""}},{"type":"Feature","geometry":{"type":"Point","coordinates":[35.40445599970483,33.13575299994291]},"properties":{"event_id":934,"data_org":"Green","post_date":"2026-04-02T00:00:00.000Z","pub_date":"2026-04-02T00:00:00.000Z","strikedate":"2026-04-02T00:00:00.000Z","time":"1899-12-30T00:00:00.000Z","event_type":"Reported Airstrike","actor":"Israel","site_type":"unknown","siteStype":"","city":"Tayri","province":"","country":"Lebanon","latitude":33.135753,"longitude":35.404456,"source_1":"https://t.me/MTVLebanoNews/61554","source_2":"","sources":""}},{"type":"Feature","geometry":{"type":"Point","coordinates":[35.648621999803375,33.432622000020636]},"properties":{"event_id":935,"data_org":"Green","post_date":"2026-04-02T00:00:00.000Z","pub_date":"2026-04-02T00:00:00.000Z","strikedate":"2026-04-02T00:00:00.000Z","time":"1899-12-30T00:00:00.000Z","event_type":"Reported Airstrike","actor":"Israel","site_type":"unknown","siteStype":"","city":"Dlafy","province":"","country":"Lebanon","latitude":33.432622,"longitude":35.648622,"source_1":"https://t.me/MTVLebanoNews/61554","source_2":"","sources":""}},{"type":"Feature","geometry":{"type":"Point","coordinates":[35.60604299978978,33.339532000006095]},"properties":{"event_id":936,"data_org":"Green","post_date":"2026-04-02T00:00:00.000Z","pub_date":"2026-04-02T00:00:00.000Z","strikedate":"2026-04-02T00:00:00.000Z","time":"1899-12-30T00:00:00.000Z","event_type":"Reported Airstrike","actor":"Israel","site_type":"unknown","siteStype":"","city":"Khiam","province":"","country":"Lebanon","latitude":33.339532,"longitude":35.606043,"source_1":"https://t.me/MTVLebanoNews/61568","source_2":"","sources":""}},{"type":"Feature","geometry":{"type":"Point","coordinates":[35.43917200022245,33.20740200021932]},"properties":{"event_id":937,"data_org":"Green","post_date":"2026-04-02T00:00:00.000Z","pub_date":"2026-04-02T00:00:00.000Z","strikedate":"2026-04-02T00:00:00.000Z","time":"1899-12-30T00:00:00.000Z","event_type":"Reported Airstrike","actor":"Israel","site_type":"unknown","siteStype":"","city":"Jmaijmeh","province":"","country":"Lebanon","latitude":33.207402,"longitude":35.439172,"source_1":"https://t.me/MTVLebanoNews/61588","source_2":"","sources":""}},{"type":"Feature","geometry":{"type":"Point","coordinates":[35.405069999998155,33.17615999977418]},"properties":{"event_id":938,"data_org":"Green","post_date":"2026-04-02T00:00:00.000Z","pub_date":"2026-04-02T00:00:00.000Z","strikedate":"2026-04-02T00:00:00.000Z","time":"1899-12-30T00:00:00.000Z","event_type":"Reported Airstrike","actor":"Israel","site_type":"unknown","siteStype":"","city":"Aita al Jabal","province":"","country":"Lebanon","latitude":33.17616,"longitude":35.40507,"source_1":"https://t.me/MTVLebanoNews/61593","source_2":"","sources":""}},{"type":"Feature","geometry":{"type":"Point","coordinates":[35.41413599996643,33.195533999945425]},"properties":{"event_id":939,"data_org":"Green","post_date":"2026-04-02T00:00:00.000Z","pub_date":"2026-04-02T00:00:00.000Z","strikedate":"2026-04-02T00:00:00.000Z","time":"1899-12-30T00:00:00.000Z","event_type":"Reported Airstrike","actor":"Israel","site_type":"unknown","siteStype":"","city":"Tibnine","province":"","country":"Lebanon","latitude":33.195534,"longitude":35.414136,"source_1":"https://t.me/MTVLebanoNews/61594","source_2":"","sources":""}},{"type":"Feature","geometry":{"type":"Point","coordinates":[35.40979400022716,33.205576000349524]},"properties":{"event_id":940,"data_org":"Green","post_date":"2026-04-02T00:00:00.000Z","pub_date":"2026-04-02T00:00:00.000Z","strikedate":"2026-04-02T00:00:00.000Z","time":"1899-12-30T00:00:00.000Z","event_type":"Reported Airstrike","actor":"Israel","site_type":"unknown","siteStype":"","city":"Sultaniyeh","province":"","country":"Lebanon","latitude":33.205576,"longitude":35.409794,"source_1":"https://t.me/MTVLebanoNews/61594","source_2":"","sources":""}},{"type":"Feature","geometry":{"type":"Point","coordinates":[35.396932999967476,33.24030599965675]},"properties":{"event_id":941,"data_org":"Green","post_date":"2026-04-02T00:00:00.000Z","pub_date":"2026-04-02T00:00:00.000Z","strikedate":"2026-04-02T00:00:00.000Z","time":"1899-12-30T00:00:00.000Z","event_type":"Reported Airstrike","actor":"Israel","site_type":"unknown","siteStype":"","city":"Kfar Dounin","province":"","country":"Lebanon","latitude":33.240306,"longitude":35.396933,"source_1":"https://t.me/MTVLebanoNews/61594","source_2":"","sources":""}},{"type":"Feature","geometry":{"type":"Point","coordinates":[35.480604999665154,33.4081219997784]},"properties":{"event_id":942,"data_org":"Green","post_date":"2026-04-02T00:00:00.000Z","pub_date":"2026-04-02T00:00:00.000Z","strikedate":"2026-04-02T00:00:00.000Z","time":"1899-12-30T00:00:00.000Z","event_type":"Reported Airstrike","actor":"Israel","site_type":"unknown","siteStype":"","city":"Habbouch","province":"","country":"Lebanon","latitude":33.408122,"longitude":35.480605,"source_1":"https://t.me/MTVLebanoNews/61595","source_2":"","sources":""}},{"type":"Feature","geometry":{"type":"Point","coordinates":[35.480604999665154,33.4081219997784]},"properties":{"event_id":943,"data_org":"Green","post_date":"2026-04-02T00:00:00.000Z","pub_date":"2026-04-02T00:00:00.000Z","strikedate":"2026-04-02T00:00:00.000Z","time":"1899-12-30T00:00:00.000Z","event_type":"Reported Airstrike","actor":"Israel","site_type":"unknown","siteStype":"","city":"Habbouch","province":"","country":"Lebanon","latitude":33.408122,"longitude":35.480605,"source_1":"https://t.me/MTVLebanoNews/61595","source_2":"","sources":""}},{"type":"Feature","geometry":{"type":"Point","coordinates":[35.20567800007229,33.17822499967684]},"properties":{"event_id":944,"data_org":"Green","post_date":"2026-04-02T00:00:00.000Z","pub_date":"2026-04-02T00:00:00.000Z","strikedate":"2026-04-01T00:00:00.000Z","time":"1899-12-30T00:00:00.000Z","event_type":"Confirmed Airstrike","actor":"Israel","site_type":"unknown","siteStype":"","city":"Mansouri","province":"","country":"Lebanon","latitude":33.178225,"longitude":35.205678,"source_1":"https://x.com/manniefabian/status/2039635748538798089?s=20","source_2":"https://x.com/Me1Ray/status/2039701749133680718?s=20","sources":""}},{"type":"Feature","geometry":{"type":"Point","coordinates":[35.44891699988306,33.24668099993754]},"properties":{"event_id":945,"data_org":"Green","post_date":"2026-04-02T00:00:00.000Z","pub_date":"2026-04-02T00:00:00.000Z","strikedate":"2026-04-02T00:00:00.000Z","time":"1899-12-30T00:00:00.000Z","event_type":"Reported Airstrike","actor":"Israel","site_type":"unknown","siteStype":"","city":"Touline","province":"Nabatieh","country":"Lebanon","latitude":33.246681,"longitude":35.448917,"source_1":"https://t.me/MTVLebanoNews/61620","source_2":"","sources":""}},{"type":"Feature","geometry":{"type":"Point","coordinates":[35.35942999963708,33.16807399974369]},"properties":{"event_id":956,"data_org":"Green","post_date":"2026-04-03T00:00:00.000Z","pub_date":"2026-04-03T00:00:00.000Z","strikedate":"2026-04-03T00:00:00.000Z","time":"1899-12-30T00:00:00.000Z","event_type":"Reported Airstrike","actor":"Israel","site_type":"unknown","siteStype":"","city":"IVO Srebbine and Kafra","province":"Nabatieh","country":"Lebanon","latitude":33.168074,"longitude":35.35943,"source_1":"https://t.me/MTVLebanoNews/61688","source_2":"","sources":""}},{"type":"Feature","geometry":{"type":"Point","coordinates":[35.397060000189086,33.28226400032506]},"properties":{"event_id":957,"data_org":"Green","post_date":"2026-04-03T00:00:00.000Z","pub_date":"2026-04-03T00:00:00.000Z","strikedate":"2026-04-03T00:00:00.000Z","time":"1899-12-30T00:00:00.000Z","event_type":"Reported Airstrike","actor":"Israel","site_type":"unknown","siteStype":"","city":"Srifa","province":"","country":"Lebanon","latitude":33.282264,"longitude":35.39706,"source_1":"https://t.me/MTVLebanoNews/61716","source_2":"","sources":""}},{"type":"Feature","geometry":{"type":"Point","coordinates":[35.446509000186964,33.175054000303454]},"properties":{"event_id":958,"data_org":"Green","post_date":"2026-04-03T00:00:00.000Z","pub_date":"2026-04-03T00:00:00.000Z","strikedate":"2026-04-03T00:00:00.000Z","time":"1899-12-30T00:00:00.000Z","event_type":"Reported Airstrike","actor":"Israel","site_type":"unknown","siteStype":"","city":"Baraachit","province":"Nabatieh","country":"Lebanon","latitude":33.175054,"longitude":35.446509,"source_1":"https://t.me/MTVLebanoNews/61717","source_2":"","sources":""}},{"type":"Feature","geometry":{"type":"Point","coordinates":[35.440070000197906,33.12915299996124]},"properties":{"event_id":946,"data_org":"Green","post_date":"2026-04-03T00:00:00.000Z","pub_date":"2026-04-03T00:00:00.000Z","strikedate":"2026-04-03T00:00:00.000Z","time":"1899-12-30T00:00:00.000Z","event_type":"Confirmed Airstrike","actor":"Israel","site_type":"military","siteStype":"military : unknown","city":"Ainata","province":"","country":"Lebanon","latitude":33.129153,"longitude":35.44007,"source_1":"https://x.com/WillUnderhill23/status/2039990595456848329?s=20","source_2":"https://x.com/idfonline/status/2039976461294014640?s=20","sources":"https://x.com/MarioLeb79/status/2039980987384311822"}},{"type":"Feature","geometry":{"type":"Point","coordinates":[35.43018999991976,33.26703099970336]},"properties":{"event_id":960,"data_org":"Green","post_date":"2026-04-03T00:00:00.000Z","pub_date":"2026-04-03T00:00:00.000Z","strikedate":"2026-04-03T00:00:00.000Z","time":"1899-12-30T00:00:00.000Z","event_type":"Reported Airstrike","actor":"Israel","site_type":"unknown","siteStype":"","city":"Borj Qalaouiye","province":"Nabatieh","country":"Lebanon","latitude":33.267031,"longitude":35.43019,"source_1":"https://t.me/MTVLebanoNews/61770","source_2":"","sources":""}},{"type":"Feature","geometry":{"type":"Point","coordinates":[35.68790500019116,33.5207090000886]},"properties":{"event_id":961,"data_org":"Green","post_date":"2026-04-03T00:00:00.000Z","pub_date":"2026-04-03T00:00:00.000Z","strikedate":"2026-04-03T00:00:00.000Z","time":"1899-12-30T00:00:00.000Z","event_type":"Reported Airstrike","actor":"Israel","site_type":"unknown","siteStype":"","city":"Sohmor","province":"Beqaa","country":"Lebanon","latitude":33.520709,"longitude":35.687905,"source_1":"https://t.me/MTVLebanoNews/61772","source_2":"","sources":""}},{"type":"Feature","geometry":{"type":"Point","coordinates":[35.51937000001908,33.31107100013384]},"properties":{"event_id":962,"data_org":"Green","post_date":"2026-04-03T00:00:00.000Z","pub_date":"2026-04-03T00:00:00.000Z","strikedate":"2026-04-03T00:00:00.000Z","time":"1899-12-30T00:00:00.000Z","event_type":"Reported Airstrike","actor":"Israel","site_type":"unknown","siteStype":"","city":"Yohmor al Shaqif","province":"","country":"Lebanon","latitude":33.311071,"longitude":35.51937,"source_1":"https://t.me/MTVLebanoNews/61773","source_2":"","sources":""}},{"type":"Feature","geometry":{"type":"Point","coordinates":[35.25458300009704,33.10086600018397]},"properties":{"event_id":963,"data_org":"Green","post_date":"2026-04-03T00:00:00.000Z","pub_date":"2026-04-03T00:00:00.000Z","strikedate":"2026-04-03T00:00:00.000Z","time":"1899-12-30T00:00:00.000Z","event_type":"Reported Airstrike","actor":"Israel","site_type":"unknown","siteStype":"","city":"Bustan","province":"","country":"Lebanon","latitude":33.100866,"longitude":35.254583,"source_1":"https://t.me/MTVLebanoNews/61773","source_2":"","sources":""}},{"type":"Feature","geometry":{"type":"Point","coordinates":[35.338207999939044,33.238665000124236]},"properties":{"event_id":964,"data_org":"Green","post_date":"2026-04-03T00:00:00.000Z","pub_date":"2026-04-03T00:00:00.000Z","strikedate":"2026-04-03T00:00:00.000Z","time":"1899-12-30T00:00:00.000Z","event_type":"Reported Airstrike","actor":"Israel","site_type":"unknown","siteStype":"","city":"Jouaiyya","province":"","country":"Lebanon","latitude":33.238665,"longitude":35.338208,"source_1":"https://t.me/MTVLebanoNews/61791","source_2":"","sources":""}},{"type":"Feature","geometry":{"type":"Point","coordinates":[35.27958199964482,33.20006799976337]},"properties":{"event_id":965,"data_org":"Green","post_date":"2026-04-03T00:00:00.000Z","pub_date":"2026-04-03T00:00:00.000Z","strikedate":"2026-04-03T00:00:00.000Z","time":"1899-12-30T00:00:00.000Z","event_type":"Reported Airstrike","actor":"Israel","site_type":"unknown","siteStype":"","city":"Ramadi","province":"","country":"Lebanon","latitude":33.200068,"longitude":35.279582,"source_1":"https://t.me/MTVLebanoNews/61791","source_2":"","sources":""}},{"type":"Feature","geometry":{"type":"Point","coordinates":[35.397060000189086,33.28226400032506]},"properties":{"event_id":966,"data_org":"Green","post_date":"2026-04-03T00:00:00.000Z","pub_date":"2026-04-03T00:00:00.000Z","strikedate":"2026-04-03T00:00:00.000Z","time":"1899-12-30T00:00:00.000Z","event_type":"Reported Airstrike","actor":"Israel","site_type":"unknown","siteStype":"","city":"Srifa","province":"South","country":"Lebanon","latitude":33.282264,"longitude":35.39706,"source_1":"https://t.me/MTVLebanoNews/61806","source_2":"","sources":""}},{"type":"Feature","geometry":{"type":"Point","coordinates":[35.38871999976882,33.1649260001113]},"properties":{"event_id":967,"data_org":"Green","post_date":"2026-04-03T00:00:00.000Z","pub_date":"2026-04-03T00:00:00.000Z","strikedate":"2026-04-03T00:00:00.000Z","time":"1899-12-30T00:00:00.000Z","event_type":"Reported Airstrike","actor":"Israel","site_type":"unknown","siteStype":"","city":"Haddatha","province":"Nabatieh","country":"Lebanon","latitude":33.164926,"longitude":35.38872,"source_1":"https://t.me/MTVLebanoNews/61814","source_2":"","sources":""}},{"type":"Feature","geometry":{"type":"Point","coordinates":[35.42981300035122,33.13055199970604]},"properties":{"event_id":968,"data_org":"Green","post_date":"2026-04-03T00:00:00.000Z","pub_date":"2026-04-03T00:00:00.000Z","strikedate":"2026-04-03T00:00:00.000Z","time":"1899-12-30T00:00:00.000Z","event_type":"Reported Airstrike","actor":"Israel","site_type":"civilian","siteStype":"civilian : building","city":"Bint Jbeil","province":"Nabatieh","country":"Lebanon","latitude":33.130552,"longitude":35.429813,"source_1":"https://t.me/MTVLebanoNews/61815","source_2":"","sources":""}},{"type":"Feature","geometry":null,"properties":{"event_id":969,"data_org":"Green","post_date":"2026-04-03T00:00:00.000Z","pub_date":"2026-04-03T00:00:00.000Z","strikedate":"2026-04-03T00:00:00.000Z","time":"1899-12-30T00:00:00.000Z","event_type":"Reported Airstrike","actor":"Israel","site_type":"unknown","siteStype":"","city":"Beirut (dahiyeh)","province":"Mount Lebanon","country":"Lebanon","latitude":0,"longitude":0,"source_1":"https://t.me/MTVLebanoNews/61818","source_2":"","sources":""}},{"type":"Feature","geometry":null,"properties":{"event_id":970,"data_org":"Green","post_date":"2026-04-03T00:00:00.000Z","pub_date":"2026-04-03T00:00:00.000Z","strikedate":"2026-04-03T00:00:00.000Z","time":"1899-12-30T00:00:00.000Z","event_type":"Reported Airstrike","actor":"Israel","site_type":"unknown","siteStype":"","city":"Beirut (dahiyeh)","province":"Mount Lebanon","country":"Lebanon","latitude":0,"longitude":0,"source_1":"https://t.me/MTVLebanoNews/61819","source_2":"","sources":""}},{"type":"Feature","geometry":{"type":"Point","coordinates":[35.35428199998386,33.37875999988139]},"properties":{"event_id":971,"data_org":"Green","post_date":"2026-04-03T00:00:00.000Z","pub_date":"2026-04-03T00:00:00.000Z","strikedate":"2026-04-03T00:00:00.000Z","time":"1899-12-30T00:00:00.000Z","event_type":"Reported Airstrike","actor":"Israel","site_type":"unknown","siteStype":"","city":"Insar","province":"Nabatieh","country":"Lebanon","latitude":33.37876,"longitude":35.354282,"source_1":"https://t.me/MTVLebanoNews/61821","source_2":"","sources":""}},{"type":"Feature","geometry":{"type":"Point","coordinates":[35.231520000242256,33.15461800036612]},"properties":{"event_id":972,"data_org":"Green","post_date":"2026-04-03T00:00:00.000Z","pub_date":"2026-04-03T00:00:00.000Z","strikedate":"2026-04-03T00:00:00.000Z","time":"1899-12-30T00:00:00.000Z","event_type":"Confirmed Airstrike","actor":"Israel","site_type":"","siteStype":"","city":"Majdal Zoun","province":"South","country":"Lebanon","latitude":33.154618,"longitude":35.23152,"source_1":"https://x.com/Me1Ray/status/2040048119224979949","source_2":"https://x.com/manniefabian/status/2039949234007388605","sources":""}},{"type":"Feature","geometry":{"type":"Point","coordinates":[35.218746000021206,33.157873999798966]},"properties":{"event_id":973,"data_org":"Green","post_date":"2026-04-03T00:00:00.000Z","pub_date":"2026-04-03T00:00:00.000Z","strikedate":"2026-04-03T00:00:00.000Z","time":"1899-12-30T00:00:00.000Z","event_type":"Confirmed Airstrike","actor":"Israel","site_type":"","siteStype":"","city":"Majdal Zoun","province":"South","country":"Lebanon","latitude":33.157874,"longitude":35.218746,"source_1":"https://x.com/Me1Ray/status/2040048119224979949","source_2":"https://x.com/manniefabian/status/2039949234007388605","sources":""}},{"type":"Feature","geometry":{"type":"Point","coordinates":[35.52408300037743,33.85172199973154]},"properties":{"event_id":974,"data_org":"Green","post_date":"2026-04-03T00:00:00.000Z","pub_date":"2026-04-03T00:00:00.000Z","strikedate":"2026-04-03T00:00:00.000Z","time":"1899-12-30T00:00:00.000Z","event_type":"Confirmed Airstrike","actor":"Israel","site_type":"unknown","siteStype":"","city":"Hadath","province":"Beirut","country":"Lebanon","latitude":33.851722,"longitude":35.524083,"source_1":"https://x.com/MarioLeb79/status/2040078273183469736","source_2":"https://x.com/MarioLeb79/status/2040077435060850763","sources":""}},{"type":"Feature","geometry":null,"properties":{"event_id":975,"data_org":"Green","post_date":"2026-04-03T00:00:00.000Z","pub_date":"2026-04-03T00:00:00.000Z","strikedate":"2026-04-03T00:00:00.000Z","time":"1899-12-30T00:00:00.000Z","event_type":"Reported Airstrike","actor":"Israel","site_type":"unknown","siteStype":"","city":"Beirut (dahiyeh)","province":"Mount Lebanon","country":"Lebanon","latitude":0,"longitude":0,"source_1":"https://t.me/MTVLebanoNews/61828","source_2":"","sources":""}},{"type":"Feature","geometry":null,"properties":{"event_id":976,"data_org":"Green","post_date":"2026-04-03T00:00:00.000Z","pub_date":"2026-04-03T00:00:00.000Z","strikedate":"2026-04-03T00:00:00.000Z","time":"1899-12-30T00:00:00.000Z","event_type":"Reported Airstrike","actor":"Israel","site_type":"unknown","siteStype":"","city":"Beirut (dahiyeh)","province":"Mount Lebanon","country":"Lebanon","latitude":0,"longitude":0,"source_1":"https://t.me/MTVLebanoNews/61829","source_2":"","sources":""}},{"type":"Feature","geometry":{"type":"Point","coordinates":[35.4986589997839,33.36187999993867]},"properties":{"event_id":977,"data_org":"Green","post_date":"2026-04-03T00:00:00.000Z","pub_date":"2026-04-03T00:00:00.000Z","strikedate":"2026-04-03T00:00:00.000Z","time":"1899-12-30T00:00:00.000Z","event_type":"Reported Airstrike","actor":"Israel","site_type":"unknown","siteStype":"","city":"Nabatieh al Fawqa","province":"Nabatieh","country":"Lebanon","latitude":33.36188,"longitude":35.498659,"source_1":"https://t.me/MTVLebanoNews/61833","source_2":"","sources":""}},{"type":"Feature","geometry":{"type":"Point","coordinates":[35.52362499971971,33.852209000051744]},"properties":{"event_id":978,"data_org":"Green","post_date":"2026-04-03T00:00:00.000Z","pub_date":"2026-04-03T00:00:00.000Z","strikedate":"2026-04-03T00:00:00.000Z","time":"1899-12-30T00:00:00.000Z","event_type":"Reported Airstrike","actor":"Israel","site_type":"unknown","siteStype":"","city":"Hadath","province":"Beirut","country":"Lebanon","latitude":33.852209,"longitude":35.523625,"source_1":"https://x.com/WillUnderhill23/status/2040090007830982740?s=20","source_2":"https://x.com/AlakhbarNews/status/2040081590135537757?s=20","sources":""}},{"type":"Feature","geometry":{"type":"Point","coordinates":[35.23872099976433,33.262338999637336]},"properties":{"event_id":979,"data_org":"Green","post_date":"2026-04-04T00:00:00.000Z","pub_date":"2026-04-04T00:00:00.000Z","strikedate":"2026-04-04T00:00:00.000Z","time":"1899-12-30T00:00:00.000Z","event_type":"Reported Airstrike","actor":"Israel","site_type":"unknown","siteStype":"","city":"Borj El Chmali","province":"","country":"Lebanon","latitude":33.262339,"longitude":35.238721,"source_1":"https://x.com/manniefabian/status/2040401411079360799","source_2":"","sources":""}},{"type":"Feature","geometry":{"type":"Point","coordinates":[35.516956589770025,33.84829400029965]},"properties":{"event_id":980,"data_org":"Green","post_date":"2026-04-04T00:00:00.000Z","pub_date":"2026-04-04T00:00:00.000Z","strikedate":"2026-04-04T00:00:00.000Z","time":"1899-12-30T00:00:00.000Z","event_type":"Confirmed Airstrike","actor":"Israel","site_type":"military","siteStype":"military : hq","city":"Beirut","province":"Beirut","country":"Lebanon","latitude":33.848294,"longitude":35.51695659,"source_1":"https://x.com/idfonline/status/2040381244064616558/photo/2","source_2":"","sources":""}},{"type":"Feature","geometry":{"type":"Point","coordinates":[35.516956589770025,33.84829400029965]},"properties":{"event_id":982,"data_org":"Green","post_date":"2026-04-04T00:00:00.000Z","pub_date":"2026-04-04T00:00:00.000Z","strikedate":"2026-04-04T00:00:00.000Z","time":"1899-12-30T00:00:00.000Z","event_type":"Confirmed Airstrike","actor":"Israel","site_type":"military","siteStype":"military : hq","city":"Beirut","province":"Beirut","country":"Lebanon","latitude":33.848294,"longitude":35.51695659,"source_1":"https://x.com/idfonline/status/2040381244064616558/photo/2","source_2":"","sources":""}},{"type":"Feature","geometry":{"type":"Point","coordinates":[35.516956589770025,33.84829400029965]},"properties":{"event_id":983,"data_org":"Green","post_date":"2026-04-04T00:00:00.000Z","pub_date":"2026-04-04T00:00:00.000Z","strikedate":"2026-04-04T00:00:00.000Z","time":"1899-12-30T00:00:00.000Z","event_type":"Confirmed Airstrike","actor":"Israel","site_type":"military","siteStype":"military : hq","city":"Beirut","province":"Beirut","country":"Lebanon","latitude":33.848294,"longitude":35.51695659,"source_1":"https://x.com/idfonline/status/2040381244064616558/photo/2","source_2":"","sources":""}},{"type":"Feature","geometry":{"type":"Point","coordinates":[35.68331400003154,33.51581800003839]},"properties":{"event_id":988,"data_org":"Green","post_date":"2026-04-03T00:00:00.000Z","pub_date":"2026-04-04T00:00:00.000Z","strikedate":"2026-04-03T00:00:00.000Z","time":"1899-12-30T00:00:00.000Z","event_type":"Reported Airstrike","actor":"Israel","site_type":"civilian","siteStype":"civilian : transit","city":"Sohmor","province":"Beqaa","country":"Lebanon","latitude":33.515818,"longitude":35.683314,"source_1":"https://t.me/MTVLebanoNews/61872","source_2":"","sources":""}},{"type":"Feature","geometry":{"type":"Point","coordinates":[35.20070199994821,33.269833000081604]},"properties":{"event_id":989,"data_org":"Green","post_date":"2026-04-03T00:00:00.000Z","pub_date":"2026-04-04T00:00:00.000Z","strikedate":"2026-04-03T00:00:00.000Z","time":"1899-12-30T00:00:00.000Z","event_type":"Reported Airstrike","actor":"Israel","site_type":"","siteStype":"","city":"Tyre","province":"South","country":"Lebanon","latitude":33.269833,"longitude":35.200702,"source_1":"https://t.me/MTVLebanoNews/61890","source_2":"","sources":""}},{"type":"Feature","geometry":{"type":"Point","coordinates":[35.652805180095356,33.527388000273625]},"properties":{"event_id":990,"data_org":"Green","post_date":"2026-04-03T00:00:00.000Z","pub_date":"2026-04-04T00:00:00.000Z","strikedate":"2026-04-03T00:00:00.000Z","time":"1899-12-30T00:00:00.000Z","event_type":"Reported Airstrike","actor":"Israel","site_type":"","siteStype":"","city":"Machgharah","province":"Beqaa","country":"Lebanon","latitude":33.527388,"longitude":35.65280518,"source_1":"https://t.me/MTVLebanoNews/61891","source_2":"","sources":""}},{"type":"Feature","geometry":{"type":"Point","coordinates":[35.51594653035277,33.85125799999467]},"properties":{"event_id":991,"data_org":"Green","post_date":"2026-04-03T00:00:00.000Z","pub_date":"2026-04-04T00:00:00.000Z","strikedate":"2026-04-03T00:00:00.000Z","time":"1899-12-30T00:00:00.000Z","event_type":"Reported Airstrike","actor":"Israel","site_type":"","siteStype":"","city":"Beirut","province":"Beirut","country":"Lebanon","latitude":33.851258,"longitude":35.51594653,"source_1":"https://t.me/MTVLebanoNews/61906","source_2":"","sources":""}},{"type":"Feature","geometry":{"type":"Point","coordinates":[35.51594653035277,33.85125799999467]},"properties":{"event_id":992,"data_org":"Green","post_date":"2026-04-03T00:00:00.000Z","pub_date":"2026-04-04T00:00:00.000Z","strikedate":"2026-04-03T00:00:00.000Z","time":"1899-12-30T00:00:00.000Z","event_type":"Reported Airstrike","actor":"Israel","site_type":"","siteStype":"","city":"Beirut","province":"Beirut","country":"Lebanon","latitude":33.851258,"longitude":35.51594653,"source_1":"https://t.me/MTVLebanoNews/61907","source_2":"","sources":""}},{"type":"Feature","geometry":{"type":"Point","coordinates":[35.60426488978775,33.43986599984278]},"properties":{"event_id":993,"data_org":"Green","post_date":"2026-04-03T00:00:00.000Z","pub_date":"2026-04-04T00:00:00.000Z","strikedate":"2026-04-03T00:00:00.000Z","time":"1899-12-30T00:00:00.000Z","event_type":"Reported Airstrike","actor":"Israel","site_type":"","siteStype":"","city":"Qotrani","province":"South","country":"Lebanon","latitude":33.439866,"longitude":35.60426489,"source_1":"https://t.me/MTVLebanoNews/61914","source_2":"","sources":""}},{"type":"Feature","geometry":{"type":"Point","coordinates":[35.37571379043672,33.24585599980596]},"properties":{"event_id":994,"data_org":"Green","post_date":"2026-04-04T00:00:00.000Z","pub_date":"2026-04-04T00:00:00.000Z","strikedate":"2026-04-04T00:00:00.000Z","time":"1899-12-30T00:00:00.000Z","event_type":"Reported Airstrike","actor":"Israel","site_type":"","siteStype":"","city":"Chehabiyeh","province":"South","country":"Lebanon","latitude":33.245856,"longitude":35.37571379,"source_1":"https://t.me/MTVLebanoNews/61928","source_2":"","sources":""}},{"type":"Feature","geometry":{"type":"Point","coordinates":[35.224484490158446,33.28611499986291]},"properties":{"event_id":995,"data_org":"Green","post_date":"2026-04-04T00:00:00.000Z","pub_date":"2026-04-04T00:00:00.000Z","strikedate":"2026-04-04T00:00:00.000Z","time":"1899-12-30T00:00:00.000Z","event_type":"Reported Airstrike","actor":"Israel","site_type":"","siteStype":"","city":"Tyre","province":"South","country":"Lebanon","latitude":33.286115,"longitude":35.22448449,"source_1":"https://t.me/MTVLebanoNews/61934","source_2":"","sources":""}},{"type":"Feature","geometry":{"type":"Point","coordinates":[35.397060000189086,33.28226400032506]},"properties":{"event_id":996,"data_org":"Green","post_date":"2026-04-04T00:00:00.000Z","pub_date":"2026-04-04T00:00:00.000Z","strikedate":"2026-04-04T00:00:00.000Z","time":"1899-12-30T00:00:00.000Z","event_type":"Reported Airstrike","actor":"Israel","site_type":"","siteStype":"","city":"Srifa","province":"South","country":"Lebanon","latitude":33.282264,"longitude":35.39706,"source_1":"https://t.me/MTVLebanoNews/61940","source_2":"","sources":""}},{"type":"Feature","geometry":{"type":"Point","coordinates":[35.48404962016483,33.37747100025092]},"properties":{"event_id":997,"data_org":"Green","post_date":"2026-04-04T00:00:00.000Z","pub_date":"2026-04-04T00:00:00.000Z","strikedate":"2026-04-04T00:00:00.000Z","time":"1899-12-30T00:00:00.000Z","event_type":"Reported Airstrike","actor":"Israel","site_type":"","siteStype":"","city":"Nabatieh","province":"Nabatieh","country":"Lebanon","latitude":33.377471,"longitude":35.48404962,"source_1":"https://t.me/MTVLebanoNews/61944","source_2":"","sources":""}},{"type":"Feature","geometry":{"type":"Point","coordinates":[35.534448779916815,33.43333600022349]},"properties":{"event_id":998,"data_org":"Green","post_date":"2026-04-04T00:00:00.000Z","pub_date":"2026-04-04T00:00:00.000Z","strikedate":"2026-04-04T00:00:00.000Z","time":"1899-12-30T00:00:00.000Z","event_type":"Reported Airstrike","actor":"Israel","site_type":"","siteStype":"","city":"Sajd","province":"South","country":"Lebanon","latitude":33.433336,"longitude":35.53444878,"source_1":"https://t.me/MTVLebanoNews/61956","source_2":"","sources":""}},{"type":"Feature","geometry":{"type":"Point","coordinates":[35.68331400003154,33.51581800003839]},"properties":{"event_id":999,"data_org":"Green","post_date":"2026-04-04T00:00:00.000Z","pub_date":"2026-04-04T00:00:00.000Z","strikedate":"2026-04-04T00:00:00.000Z","time":"1899-12-30T00:00:00.000Z","event_type":"Reported Airstrike","actor":"Israel","site_type":"civilian","siteStype":"civilian : transit","city":"Sohmor","province":"Beqaa","country":"Lebanon","latitude":33.515818,"longitude":35.683314,"source_1":"https://t.me/MTVLebanoNews/61957","source_2":"","sources":""}},{"type":"Feature","geometry":{"type":"Point","coordinates":[35.271258880365366,33.25417499966669]},"properties":{"event_id":1000,"data_org":"Green","post_date":"2026-04-04T00:00:00.000Z","pub_date":"2026-04-04T00:00:00.000Z","strikedate":"2026-04-04T00:00:00.000Z","time":"1899-12-30T00:00:00.000Z","event_type":"Reported Airstrike","actor":"Israel","site_type":"","siteStype":"","city":"Bazouriye","province":"South","country":"Lebanon","latitude":33.254175,"longitude":35.27125888,"source_1":"https://t.me/MTVLebanoNews/61959","source_2":"","sources":""}},{"type":"Feature","geometry":{"type":"Point","coordinates":[35.29999946008955,33.2082359998538]},"properties":{"event_id":1001,"data_org":"Green","post_date":"2026-04-04T00:00:00.000Z","pub_date":"2026-04-04T00:00:00.000Z","strikedate":"2026-04-04T00:00:00.000Z","time":"1899-12-30T00:00:00.000Z","event_type":"Reported Airstrike","actor":"Israel","site_type":"","siteStype":"","city":"Qana","province":"South","country":"Lebanon","latitude":33.208236,"longitude":35.29999946,"source_1":"https://t.me/MTVLebanoNews/61962","source_2":"","sources":""}},{"type":"Feature","geometry":{"type":"Point","coordinates":[35.238566169735215,33.2630589998512]},"properties":{"event_id":1002,"data_org":"Green","post_date":"2026-04-04T00:00:00.000Z","pub_date":"2026-04-04T00:00:00.000Z","strikedate":"2026-04-04T00:00:00.000Z","time":"1899-12-30T00:00:00.000Z","event_type":"Reported Airstrike","actor":"Israel","site_type":"","siteStype":"","city":"Borj El Chmali","province":"South","country":"Lebanon","latitude":33.263059,"longitude":35.23856617,"source_1":"https://t.me/MTVLebanoNews/61965","source_2":"","sources":""}},{"type":"Feature","geometry":{"type":"Point","coordinates":[35.27042466975824,33.164686999758956]},"properties":{"event_id":1003,"data_org":"Green","post_date":"2026-04-04T00:00:00.000Z","pub_date":"2026-04-04T00:00:00.000Z","strikedate":"2026-04-04T00:00:00.000Z","time":"1899-12-30T00:00:00.000Z","event_type":"Reported Airstrike","actor":"Israel","site_type":"","siteStype":"","city":"Ziqbine","province":"South","country":"Lebanon","latitude":33.164687,"longitude":35.27042467,"source_1":"https://t.me/MTVLebanoNews/61972","source_2":"","sources":""}},{"type":"Feature","geometry":{"type":"Point","coordinates":[35.444449490227235,33.17585000021409]},"properties":{"event_id":1004,"data_org":"Green","post_date":"2026-04-04T00:00:00.000Z","pub_date":"2026-04-04T00:00:00.000Z","strikedate":"2026-04-04T00:00:00.000Z","time":"1899-12-30T00:00:00.000Z","event_type":"Reported Airstrike","actor":"Israel","site_type":"","siteStype":"","city":"Baraachit","province":"Nabatieh","country":"Lebanon","latitude":33.17585,"longitude":35.44444949,"source_1":"https://t.me/MTVLebanoNews/61976","source_2":"","sources":""}},{"type":"Feature","geometry":{"type":"Point","coordinates":[35.431643790256445,33.16112699964833]},"properties":{"event_id":1005,"data_org":"Green","post_date":"2026-04-04T00:00:00.000Z","pub_date":"2026-04-04T00:00:00.000Z","strikedate":"2026-04-04T00:00:00.000Z","time":"1899-12-30T00:00:00.000Z","event_type":"Reported Airstrike","actor":"Israel","site_type":"","siteStype":"","city":"Baraachit","province":"Nabatieh","country":"Lebanon","latitude":33.161127,"longitude":35.43164379,"source_1":"https://t.me/MTVLebanoNews/61987","source_2":"","sources":""}},{"type":"Feature","geometry":{"type":"Point","coordinates":[35.383138389616164,33.24198100007388]},"properties":{"event_id":1006,"data_org":"Green","post_date":"2026-04-04T00:00:00.000Z","pub_date":"2026-04-04T00:00:00.000Z","strikedate":"2026-04-04T00:00:00.000Z","time":"1899-12-30T00:00:00.000Z","event_type":"Reported Airstrike","actor":"Israel","site_type":"","siteStype":"","city":"Chehabiyeh","province":"South","country":"Lebanon","latitude":33.241981,"longitude":35.38313839,"source_1":"https://t.me/MTVLebanoNews/61989","source_2":"","sources":""}},{"type":"Feature","geometry":{"type":"Point","coordinates":[35.48404962016483,33.37747100025092]},"properties":{"event_id":1007,"data_org":"Green","post_date":"2026-04-04T00:00:00.000Z","pub_date":"2026-04-04T00:00:00.000Z","strikedate":"2026-04-04T00:00:00.000Z","time":"1899-12-30T00:00:00.000Z","event_type":"Reported Airstrike","actor":"Israel","site_type":"","siteStype":"","city":"Nabatieh","province":"Nabatieh","country":"Lebanon","latitude":33.377471,"longitude":35.48404962,"source_1":"https://t.me/MTVLebanoNews/61997","source_2":"","sources":""}},{"type":"Feature","geometry":{"type":"Point","coordinates":[35.44187626968914,33.206640000230365]},"properties":{"event_id":1008,"data_org":"Green","post_date":"2026-04-04T00:00:00.000Z","pub_date":"2026-04-04T00:00:00.000Z","strikedate":"2026-04-04T00:00:00.000Z","time":"1899-12-30T00:00:00.000Z","event_type":"Reported Airstrike","actor":"Israel","site_type":"","siteStype":"","city":"Jmaijeh","province":"Nabatieh","country":"Lebanon","latitude":33.20664,"longitude":35.44187627,"source_1":"https://t.me/MTVLebanoNews/61997","source_2":"","sources":""}},{"type":"Feature","geometry":{"type":"Point","coordinates":[35.44099158005125,33.37680500015846]},"properties":{"event_id":1009,"data_org":"Green","post_date":"2026-04-04T00:00:00.000Z","pub_date":"2026-04-04T00:00:00.000Z","strikedate":"2026-04-04T00:00:00.000Z","time":"1899-12-30T00:00:00.000Z","event_type":"Reported Airstrike","actor":"Israel","site_type":"","siteStype":"","city":"Harouf","province":"Nabatieh","country":"Lebanon","latitude":33.376805,"longitude":35.44099158,"source_1":"https://t.me/MTVLebanoNews/61997","source_2":"","sources":""}},{"type":"Feature","geometry":{"type":"Point","coordinates":[35.38241915977214,33.34044200018368]},"properties":{"event_id":1010,"data_org":"Green","post_date":"2026-04-04T00:00:00.000Z","pub_date":"2026-04-04T00:00:00.000Z","strikedate":"2026-04-04T00:00:00.000Z","time":"1899-12-30T00:00:00.000Z","event_type":"Reported Airstrike","actor":"Israel","site_type":"","siteStype":"","city":"Briakeh","province":"Nabatieh","country":"Lebanon","latitude":33.340442,"longitude":35.38241916,"source_1":"https://t.me/MTVLebanoNews/61997","source_2":"","sources":""}},{"type":"Feature","geometry":{"type":"Point","coordinates":[35.26724973967654,33.23420200030989]},"properties":{"event_id":1011,"data_org":"Green","post_date":"2026-04-04T00:00:00.000Z","pub_date":"2026-04-04T00:00:00.000Z","strikedate":"2026-04-04T00:00:00.000Z","time":"1899-12-30T00:00:00.000Z","event_type":"Reported Airstrike","actor":"Israel","site_type":"","siteStype":"","city":"Ain Ball","province":"South","country":"Lebanon","latitude":33.234202,"longitude":35.26724974,"source_1":"https://t.me/MTVLebanoNews/62002","source_2":"","sources":""}},{"type":"Feature","geometry":{"type":"Point","coordinates":[35.45916231983443,33.428802999978494]},"properties":{"event_id":1012,"data_org":"Green","post_date":"2026-04-04T00:00:00.000Z","pub_date":"2026-04-04T00:00:00.000Z","strikedate":"2026-04-04T00:00:00.000Z","time":"1899-12-30T00:00:00.000Z","event_type":"Reported Airstrike","actor":"Israel","site_type":"","siteStype":"","city":"Deir El Zahrani","province":"Nabatieh","country":"Lebanon","latitude":33.428803,"longitude":35.45916232,"source_1":"https://t.me/MTVLebanoNews/62014","source_2":"","sources":""}},{"type":"Feature","geometry":{"type":"Point","coordinates":[35.29937973034134,33.341890999782635]},"properties":{"event_id":1013,"data_org":"Green","post_date":"2026-04-04T00:00:00.000Z","pub_date":"2026-04-04T00:00:00.000Z","strikedate":"2026-04-04T00:00:00.000Z","time":"1899-12-30T00:00:00.000Z","event_type":"Reported Airstrike","actor":"Israel","site_type":"","siteStype":"","city":"Kharayeb","province":"South","country":"Lebanon","latitude":33.341891,"longitude":35.29937973,"source_1":"https://t.me/MTVLebanoNews/62015","source_2":"","sources":""}},{"type":"Feature","geometry":{"type":"Point","coordinates":[35.37779317023221,33.216977999632164]},"properties":{"event_id":1014,"data_org":"Green","post_date":"2026-04-04T00:00:00.000Z","pub_date":"2026-04-04T00:00:00.000Z","strikedate":"2026-04-04T00:00:00.000Z","time":"1899-12-30T00:00:00.000Z","event_type":"Reported Airstrike","actor":"Israel","site_type":"","siteStype":"","city":"Deyrintar","province":"Nabatieh","country":"Lebanon","latitude":33.216978,"longitude":35.37779317,"source_1":"https://t.me/MTVLebanoNews/62016","source_2":"","sources":""}},{"type":"Feature","geometry":{"type":"Point","coordinates":[35.329770260120924,33.3438929998826]},"properties":{"event_id":1015,"data_org":"Green","post_date":"2026-04-04T00:00:00.000Z","pub_date":"2026-04-04T00:00:00.000Z","strikedate":"2026-04-04T00:00:00.000Z","time":"1899-12-30T00:00:00.000Z","event_type":"Reported Airstrike","actor":"Israel","site_type":"","siteStype":"","city":"Zrariyeh","province":"South","country":"Lebanon","latitude":33.343893,"longitude":35.32977026,"source_1":"https://t.me/MTVLebanoNews/62022","source_2":"","sources":""}},{"type":"Feature","geometry":{"type":"Point","coordinates":[35.4773926098361,33.40930299997985]},"properties":{"event_id":1016,"data_org":"Green","post_date":"2026-04-04T00:00:00.000Z","pub_date":"2026-04-04T00:00:00.000Z","strikedate":"2026-04-04T00:00:00.000Z","time":"1899-12-30T00:00:00.000Z","event_type":"Reported Airstrike","actor":"Israel","site_type":"","siteStype":"","city":"Habbouch","province":"Nabatieh","country":"Lebanon","latitude":33.409303,"longitude":35.47739261,"source_1":"https://t.me/MTVLebanoNews/62023","source_2":"","sources":""}},{"type":"Feature","geometry":{"type":"Point","coordinates":[35.387230019902596,33.1649090001172]},"properties":{"event_id":1017,"data_org":"Green","post_date":"2026-04-04T00:00:00.000Z","pub_date":"2026-04-04T00:00:00.000Z","strikedate":"2026-04-04T00:00:00.000Z","time":"1899-12-30T00:00:00.000Z","event_type":"Reported Airstrike","actor":"Israel","site_type":"","siteStype":"","city":"Hadatha","province":"Nabatieh","country":"Lebanon","latitude":33.164909,"longitude":35.38723002,"source_1":"https://t.me/MTVLebanoNews/62035","source_2":"","sources":""}},{"type":"Feature","geometry":{"type":"Point","coordinates":[35.403512270091525,33.13986700030351]},"properties":{"event_id":1018,"data_org":"Green","post_date":"2026-04-04T00:00:00.000Z","pub_date":"2026-04-04T00:00:00.000Z","strikedate":"2026-04-04T00:00:00.000Z","time":"1899-12-30T00:00:00.000Z","event_type":"Reported Airstrike","actor":"Israel","site_type":"","siteStype":"","city":"al Tayri","province":"Nabatieh","country":"Lebanon","latitude":33.139867,"longitude":35.40351227,"source_1":"https://t.me/MTVLebanoNews/62035","source_2":"","sources":""}},{"type":"Feature","geometry":{"type":"Point","coordinates":[35.43738504001824,33.14896599987052]},"properties":{"event_id":1019,"data_org":"Green","post_date":"2026-04-04T00:00:00.000Z","pub_date":"2026-04-04T00:00:00.000Z","strikedate":"2026-04-04T00:00:00.000Z","time":"1899-12-30T00:00:00.000Z","event_type":"Reported Airstrike","actor":"Israel","site_type":"","siteStype":"","city":"Konin","province":"Nabatieh","country":"Lebanon","latitude":33.148966,"longitude":35.43738504,"source_1":"https://t.me/MTVLebanoNews/62035","source_2":"","sources":""}},{"type":"Feature","geometry":{"type":"Point","coordinates":[35.24144879970157,33.28643999997873]},"properties":{"event_id":1020,"data_org":"Green","post_date":"2026-04-04T00:00:00.000Z","pub_date":"2026-04-04T00:00:00.000Z","strikedate":"2026-04-04T00:00:00.000Z","time":"1899-12-30T00:00:00.000Z","event_type":"Reported Airstrike","actor":"Israel","site_type":"","siteStype":"","city":"Hammadiyeh","province":"South","country":"Lebanon","latitude":33.28644,"longitude":35.2414488,"source_1":"https://t.me/MTVLebanoNews/62051","source_2":"","sources":""}},{"type":"Feature","geometry":{"type":"Point","coordinates":[35.29999946008955,33.2082359998538]},"properties":{"event_id":1021,"data_org":"Green","post_date":"2026-04-04T00:00:00.000Z","pub_date":"2026-04-04T00:00:00.000Z","strikedate":"2026-04-04T00:00:00.000Z","time":"1899-12-30T00:00:00.000Z","event_type":"Reported Airstrike","actor":"Israel","site_type":"","siteStype":"","city":"Qana","province":"South","country":"Lebanon","latitude":33.208236,"longitude":35.29999946,"source_1":"https://t.me/MTVLebanoNews/62068","source_2":"","sources":""}},{"type":"Feature","geometry":{"type":"Point","coordinates":[35.376475189895125,33.107357000229676]},"properties":{"event_id":1022,"data_org":"Green","post_date":"2026-04-04T00:00:00.000Z","pub_date":"2026-04-04T00:00:00.000Z","strikedate":"2026-04-04T00:00:00.000Z","time":"1899-12-30T00:00:00.000Z","event_type":"Reported Airstrike","actor":"Israel","site_type":"","siteStype":"","city":"Hanin","province":"Nabatieh","country":"Lebanon","latitude":33.107357,"longitude":35.37647519,"source_1":"https://t.me/MTVLebanoNews/62072","source_2":"","sources":""}},{"type":"Feature","geometry":{"type":"Point","coordinates":[35.338771140315934,33.168576000051154]},"properties":{"event_id":1023,"data_org":"Green","post_date":"2026-04-04T00:00:00.000Z","pub_date":"2026-04-04T00:00:00.000Z","strikedate":"2026-04-04T00:00:00.000Z","time":"1899-12-30T00:00:00.000Z","event_type":"Reported Airstrike","actor":"Israel","site_type":"","siteStype":"","city":"Kafra","province":"Nabatieh","country":"Lebanon","latitude":33.168576,"longitude":35.33877114,"source_1":"https://t.me/MTVLebanoNews/62072","source_2":"","sources":""}},{"type":"Feature","geometry":{"type":"Point","coordinates":[35.60870900012705,33.32751099986415]},"properties":{"event_id":1024,"data_org":"Green","post_date":"2026-04-04T00:00:00.000Z","pub_date":"2026-04-04T00:00:00.000Z","strikedate":"2026-04-04T00:00:00.000Z","time":"1899-12-30T00:00:00.000Z","event_type":"Confirmed Airstrike","actor":"Israel","site_type":"","siteStype":"","city":"Khiam","province":"Nabatieh","country":"Lebanon","latitude":33.327511,"longitude":35.608709,"source_1":"https://t.me/MTVLebanoNews/62084","source_2":"https://x.com/Me1Ray/status/2040483468350812165","sources":""}},{"type":"Feature","geometry":{"type":"Point","coordinates":[35.42879422997065,33.29501028972537]},"properties":{"event_id":1025,"data_org":"Green","post_date":"2026-04-04T00:00:00.000Z","pub_date":"2026-04-04T00:00:00.000Z","strikedate":"2026-04-04T00:00:00.000Z","time":"1899-12-30T00:00:00.000Z","event_type":"Reported Airstrike","actor":"Israel","site_type":"","siteStype":"","city":"Froun","province":"Nabatieh","country":"Lebanon","latitude":33.29501029,"longitude":35.42879423,"source_1":"https://t.me/MTVLebanoNews/62099","source_2":"","sources":""}},{"type":"Feature","geometry":{"type":"Point","coordinates":[35.4465094197002,33.1750541897803]},"properties":{"event_id":1026,"data_org":"Green","post_date":"2026-04-04T00:00:00.000Z","pub_date":"2026-04-04T00:00:00.000Z","strikedate":"2026-04-04T00:00:00.000Z","time":"1899-12-30T00:00:00.000Z","event_type":"Reported Airstrike","actor":"Israel","site_type":"","siteStype":"","city":"Baraachit","province":"Nabatieh","country":"Lebanon","latitude":33.17505419,"longitude":35.44650942,"source_1":"https://t.me/MTVLebanoNews/62099","source_2":"","sources":""}},{"type":"Feature","geometry":{"type":"Point","coordinates":[35.32830240037026,33.15379961996442]},"properties":{"event_id":1027,"data_org":"Green","post_date":"2026-04-04T00:00:00.000Z","pub_date":"2026-04-04T00:00:00.000Z","strikedate":"2026-04-04T00:00:00.000Z","time":"1899-12-30T00:00:00.000Z","event_type":"Reported Airstrike","actor":"Israel","site_type":"","siteStype":"","city":"Yater","province":"Nabatieh","country":"Lebanon","latitude":33.15379962,"longitude":35.3283024,"source_1":"https://t.me/MTVLebanoNews/62099","source_2":"","sources":""}},{"type":"Feature","geometry":{"type":"Point","coordinates":[35.46448845001859,33.22159407007985]},"properties":{"event_id":1028,"data_org":"Green","post_date":"2026-04-04T00:00:00.000Z","pub_date":"2026-04-04T00:00:00.000Z","strikedate":"2026-04-04T00:00:00.000Z","time":"1899-12-30T00:00:00.000Z","event_type":"Reported Airstrike","actor":"Israel","site_type":"","siteStype":"","city":"Majdal Salam","province":"Nabatieh","country":"Lebanon","latitude":33.22159407,"longitude":35.46448845,"source_1":"https://t.me/MTVLebanoNews/62099","source_2":"","sources":""}},{"type":"Feature","geometry":{"type":"Point","coordinates":[35.35995600006686,33.22923600029278]},"properties":{"event_id":1029,"data_org":"Green","post_date":"2026-04-04T00:00:00.000Z","pub_date":"2026-04-04T00:00:00.000Z","strikedate":"2026-04-04T00:00:00.000Z","time":"1899-12-30T00:00:00.000Z","event_type":"Reported Airstrike","actor":"Israel","site_type":"","siteStype":"","city":"Majadel","province":"South","country":"Lebanon","latitude":33.229236,"longitude":35.359956,"source_1":"https://t.me/MTVLebanoNews/62099","source_2":"","sources":""}},{"type":"Feature","geometry":{"type":"Point","coordinates":[35.48587556006584,33.859846430289856]},"properties":{"event_id":1030,"data_org":"Green","post_date":"2026-04-05T00:00:00.000Z","pub_date":"2026-04-05T00:00:00.000Z","strikedate":"2026-04-05T00:00:00.000Z","time":"1899-12-30T00:00:00.000Z","event_type":"Report of Explosion with Footage","actor":"Israel","site_type":"unknown","siteStype":"","city":"Beirut","province":"Beirut","country":"Lebanon","latitude":33.85984643,"longitude":35.48587556,"source_1":"https://x.com/Osint613/status/2040746122855997856?s=20","source_2":"https://x.com/Osint613/status/2040747963450851698?s=20","sources":"https://t.me/MTVLebanoNews/62239"}},{"type":"Feature","geometry":{"type":"Point","coordinates":[35.35995600006686,33.22923600029278]},"properties":{"event_id":1039,"data_org":"Green","post_date":"2026-04-04T00:00:00.000Z","pub_date":"2026-04-05T00:00:00.000Z","strikedate":"2026-04-04T00:00:00.000Z","time":"1899-12-30T00:00:00.000Z","event_type":"Reported Airstrike","actor":"Israel","site_type":"","siteStype":"","city":"Majadel","province":"South","country":"Lebanon","latitude":33.229236,"longitude":35.359956,"source_1":"https://t.me/MTVLebanoNews/62105","source_2":"","sources":""}},{"type":"Feature","geometry":{"type":"Point","coordinates":[35.66746699976745,33.35389399978929]},"properties":{"event_id":1040,"data_org":"Green","post_date":"2026-04-04T00:00:00.000Z","pub_date":"2026-04-05T00:00:00.000Z","strikedate":"2026-04-04T00:00:00.000Z","time":"1899-12-30T00:00:00.000Z","event_type":"Reported Airstrike","actor":"Israel","site_type":"","siteStype":"","city":"Rachaya al Foukhar","province":"South","country":"Lebanon","latitude":33.353894,"longitude":35.667467,"source_1":"https://t.me/MTVLebanoNews/62112","source_2":"","sources":""}},{"type":"Feature","geometry":{"type":"Point","coordinates":[35.72038999966637,33.56324199971999]},"properties":{"event_id":1041,"data_org":"Green","post_date":"2026-04-04T00:00:00.000Z","pub_date":"2026-04-05T00:00:00.000Z","strikedate":"2026-04-04T00:00:00.000Z","time":"1899-12-30T00:00:00.000Z","event_type":"Reported Airstrike","actor":"Israel","site_type":"","siteStype":"","city":"Qaranoun","province":"Beqaa","country":"Lebanon","latitude":33.563242,"longitude":35.72039,"source_1":"https://t.me/MTVLebanoNews/62115","source_2":"","sources":""}},{"type":"Feature","geometry":{"type":"Point","coordinates":[35.41991899982937,33.3880920003625]},"properties":{"event_id":1042,"data_org":"Green","post_date":"2026-04-04T00:00:00.000Z","pub_date":"2026-04-05T00:00:00.000Z","strikedate":"2026-04-04T00:00:00.000Z","time":"1899-12-30T00:00:00.000Z","event_type":"Reported Airstrike","actor":"Israel","site_type":"","siteStype":"","city":"Doueir","province":"South","country":"Lebanon","latitude":33.388092,"longitude":35.419919,"source_1":"https://t.me/MTVLebanoNews/62116","source_2":"","sources":""}},{"type":"Feature","geometry":{"type":"Point","coordinates":[35.40079699985586,33.325050999901]},"properties":{"event_id":1043,"data_org":"Green","post_date":"2026-04-04T00:00:00.000Z","pub_date":"2026-04-05T00:00:00.000Z","strikedate":"2026-04-04T00:00:00.000Z","time":"1899-12-30T00:00:00.000Z","event_type":"Reported Airstrike","actor":"Israel","site_type":"","siteStype":"","city":"Kfar Sir","province":"South","country":"Lebanon","latitude":33.325051,"longitude":35.400797,"source_1":"https://t.me/MTVLebanoNews/62123","source_2":"","sources":""}},{"type":"Feature","geometry":{"type":"Point","coordinates":[35.37571379043672,33.24585599980596]},"properties":{"event_id":1044,"data_org":"Green","post_date":"2026-04-04T00:00:00.000Z","pub_date":"2026-04-05T00:00:00.000Z","strikedate":"2026-04-04T00:00:00.000Z","time":"1899-12-30T00:00:00.000Z","event_type":"Reported Airstrike","actor":"Israel","site_type":"","siteStype":"","city":"Chehabiyeh","province":"South","country":"Lebanon","latitude":33.245856,"longitude":35.37571379,"source_1":"https://t.me/MTVLebanoNews/62123","source_2":"","sources":""}},{"type":"Feature","geometry":{"type":"Point","coordinates":[35.42879422997065,33.29501028972537]},"properties":{"event_id":1045,"data_org":"Green","post_date":"2026-04-04T00:00:00.000Z","pub_date":"2026-04-05T00:00:00.000Z","strikedate":"2026-04-04T00:00:00.000Z","time":"1899-12-30T00:00:00.000Z","event_type":"Reported Airstrike","actor":"Israel","site_type":"","siteStype":"","city":"Froun","province":"Nabatieh","country":"Lebanon","latitude":33.29501029,"longitude":35.42879423,"source_1":"https://t.me/MTVLebanoNews/62125","source_2":"","sources":""}},{"type":"Feature","geometry":{"type":"Point","coordinates":[35.62593700024036,33.35782099988731]},"properties":{"event_id":1046,"data_org":"Green","post_date":"2026-04-04T00:00:00.000Z","pub_date":"2026-04-05T00:00:00.000Z","strikedate":"2026-04-04T00:00:00.000Z","time":"1899-12-30T00:00:00.000Z","event_type":"Reported Airstrike","actor":"Israel","site_type":"","siteStype":"","city":"Ibl al Saqi","province":"Nabatieh","country":"Lebanon","latitude":33.357821,"longitude":35.625937,"source_1":"https://t.me/MTVLebanoNews/62125","source_2":"","sources":""}},{"type":"Feature","geometry":{"type":"Point","coordinates":[35.656276999785206,33.44343300031523]},"properties":{"event_id":1047,"data_org":"Green","post_date":"2026-04-04T00:00:00.000Z","pub_date":"2026-04-05T00:00:00.000Z","strikedate":"2026-04-04T00:00:00.000Z","time":"1899-12-30T00:00:00.000Z","event_type":"Reported Airstrike","actor":"Israel","site_type":"","siteStype":"","city":"Qellaya","province":"Beqaa","country":"Lebanon","latitude":33.443433,"longitude":35.656277,"source_1":"https://t.me/MTVLebanoNews/62134","source_2":"","sources":""}},{"type":"Feature","geometry":{"type":"Point","coordinates":[35.25471799981625,33.22657900018372]},"properties":{"event_id":1048,"data_org":"Green","post_date":"2026-04-04T00:00:00.000Z","pub_date":"2026-04-05T00:00:00.000Z","strikedate":"2026-04-04T00:00:00.000Z","time":"1899-12-30T00:00:00.000Z","event_type":"Reported Airstrike","actor":"Israel","site_type":"","siteStype":"","city":"Batouliyeh","province":"South","country":"Lebanon","latitude":33.226579,"longitude":35.254718,"source_1":"https://t.me/MTVLebanoNews/62135","source_2":"","sources":""}},{"type":"Feature","geometry":{"type":"Point","coordinates":[35.37571379043672,33.24585599980596]},"properties":{"event_id":1049,"data_org":"Green","post_date":"2026-04-04T00:00:00.000Z","pub_date":"2026-04-05T00:00:00.000Z","strikedate":"2026-04-04T00:00:00.000Z","time":"1899-12-30T00:00:00.000Z","event_type":"Reported Airstrike","actor":"Israel","site_type":"","siteStype":"","city":"Chehabiyeh","province":"South","country":"Lebanon","latitude":33.245856,"longitude":35.37571379,"source_1":"https://t.me/MTVLebanoNews/62135","source_2":"","sources":""}},{"type":"Feature","geometry":{"type":"Point","coordinates":[35.25471799981625,33.22657900018372]},"properties":{"event_id":1050,"data_org":"Green","post_date":"2026-04-04T00:00:00.000Z","pub_date":"2026-04-05T00:00:00.000Z","strikedate":"2026-04-04T00:00:00.000Z","time":"1899-12-30T00:00:00.000Z","event_type":"Reported Airstrike","actor":"Israel","site_type":"","siteStype":"","city":"Batouliyeh","province":"South","country":"Lebanon","latitude":33.226579,"longitude":35.254718,"source_1":"https://t.me/MTVLebanoNews/62162","source_2":"","sources":""}},{"type":"Feature","geometry":{"type":"Point","coordinates":[35.37571379043672,33.24585599980596]},"properties":{"event_id":1051,"data_org":"Green","post_date":"2026-04-04T00:00:00.000Z","pub_date":"2026-04-05T00:00:00.000Z","strikedate":"2026-04-04T00:00:00.000Z","time":"1899-12-30T00:00:00.000Z","event_type":"Reported Airstrike","actor":"Israel","site_type":"","siteStype":"","city":"Chehabiyeh","province":"South","country":"Lebanon","latitude":33.245856,"longitude":35.37571379,"source_1":"https://t.me/MTVLebanoNews/62162","source_2":"","sources":""}},{"type":"Feature","geometry":{"type":"Point","coordinates":[35.26639700041835,33.23296400006682]},"properties":{"event_id":1052,"data_org":"Green","post_date":"2026-04-04T00:00:00.000Z","pub_date":"2026-04-05T00:00:00.000Z","strikedate":"2026-04-04T00:00:00.000Z","time":"1899-12-30T00:00:00.000Z","event_type":"Reported Airstrike","actor":"Israel","site_type":"","siteStype":"","city":"Ain Baal","province":"South","country":"Lebanon","latitude":33.232964,"longitude":35.266397,"source_1":"https://t.me/MTVLebanoNews/62162","source_2":"","sources":""}},{"type":"Feature","geometry":{"type":"Point","coordinates":[35.4522219997297,33.50250000019277]},"properties":{"event_id":1053,"data_org":"Green","post_date":"2026-04-04T00:00:00.000Z","pub_date":"2026-04-05T00:00:00.000Z","strikedate":"2026-04-04T00:00:00.000Z","time":"1899-12-30T00:00:00.000Z","event_type":"Reported Airstrike","actor":"Israel","site_type":"","siteStype":"","city":"Kfar Hatta","province":"South","country":"Lebanon","latitude":33.5025,"longitude":35.452222,"source_1":"https://t.me/MTVLebanoNews/62164","source_2":"","sources":""}},{"type":"Feature","geometry":{"type":"Point","coordinates":[35.39276500030548,33.23938700013563]},"properties":{"event_id":1054,"data_org":"Green","post_date":"2026-04-04T00:00:00.000Z","pub_date":"2026-04-05T00:00:00.000Z","strikedate":"2026-04-04T00:00:00.000Z","time":"1899-12-30T00:00:00.000Z","event_type":"Reported Airstrike","actor":"Israel","site_type":"","siteStype":"","city":"Kfar Dounine","province":"Nabatieh","country":"Lebanon","latitude":33.239387,"longitude":35.392765,"source_1":"https://t.me/MTVLebanoNews/62169","source_2":"","sources":""}},{"type":"Feature","geometry":{"type":"Point","coordinates":[35.48404962016483,33.37747100025092]},"properties":{"event_id":1055,"data_org":"Green","post_date":"2026-04-04T00:00:00.000Z","pub_date":"2026-04-05T00:00:00.000Z","strikedate":"2026-04-04T00:00:00.000Z","time":"1899-12-30T00:00:00.000Z","event_type":"Reported Airstrike","actor":"Israel","site_type":"","siteStype":"","city":"Nabatieh","province":"Nabatieh","country":"Lebanon","latitude":33.377471,"longitude":35.48404962,"source_1":"https://t.me/MTVLebanoNews/62171","source_2":"","sources":""}},{"type":"Feature","geometry":{"type":"Point","coordinates":[35.4522219997297,33.50250000019277]},"properties":{"event_id":1056,"data_org":"Green","post_date":"2026-04-05T00:00:00.000Z","pub_date":"2026-04-05T00:00:00.000Z","strikedate":"2026-04-05T00:00:00.000Z","time":"1899-12-30T00:00:00.000Z","event_type":"Reported Airstrike","actor":"Israel","site_type":"","siteStype":"","city":"Kfar Hatta","province":"South","country":"Lebanon","latitude":33.5025,"longitude":35.452222,"source_1":"https://t.me/MTVLebanoNews/62182","source_2":"","sources":""}},{"type":"Feature","geometry":{"type":"Point","coordinates":[35.329770260120924,33.3438929998826]},"properties":{"event_id":1057,"data_org":"Green","post_date":"2026-04-05T00:00:00.000Z","pub_date":"2026-04-05T00:00:00.000Z","strikedate":"2026-04-05T00:00:00.000Z","time":"1899-12-30T00:00:00.000Z","event_type":"Reported Airstrike","actor":"Israel","site_type":"","siteStype":"","city":"Zrariyeh","province":"South","country":"Lebanon","latitude":33.343893,"longitude":35.32977026,"source_1":"https://t.me/MTVLebanoNews/62212","source_2":"","sources":""}},{"type":"Feature","geometry":{"type":"Point","coordinates":[35.26639700041835,33.23296400006682]},"properties":{"event_id":1058,"data_org":"Green","post_date":"2026-04-05T00:00:00.000Z","pub_date":"2026-04-05T00:00:00.000Z","strikedate":"2026-04-05T00:00:00.000Z","time":"1899-12-30T00:00:00.000Z","event_type":"Reported Airstrike","actor":"Israel","site_type":"","siteStype":"","city":"Ain Baal","province":"South","country":"Lebanon","latitude":33.232964,"longitude":35.266397,"source_1":"https://t.me/MTVLebanoNews/62223","source_2":"","sources":""}},{"type":"Feature","geometry":{"type":"Point","coordinates":[35.30492300039767,33.22997500015823]},"properties":{"event_id":1060,"data_org":"Green","post_date":"2026-04-05T00:00:00.000Z","pub_date":"2026-04-05T00:00:00.000Z","strikedate":"2026-04-05T00:00:00.000Z","time":"1899-12-30T00:00:00.000Z","event_type":"Reported Airstrike","actor":"Israel","site_type":"","siteStype":"","city":"Aitit","province":"South","country":"Lebanon","latitude":33.229975,"longitude":35.304923,"source_1":"https://t.me/MTVLebanoNews/62225","source_2":"","sources":""}},{"type":"Feature","geometry":{"type":"Point","coordinates":[35.50567070002109,33.85975449991594]},"properties":{"event_id":1061,"data_org":"Green","post_date":"2026-04-05T00:00:00.000Z","pub_date":"2026-04-05T00:00:00.000Z","strikedate":"2026-04-05T00:00:00.000Z","time":"1899-12-30T00:00:00.000Z","event_type":"Reported Airstrike","actor":"Israel","site_type":"","siteStype":"","city":"Ghobeiry","province":"Mount Lebanon","country":"Lebanon","latitude":33.8597545,"longitude":35.5056707,"source_1":"https://t.me/MTVLebanoNews/62227","source_2":"https://t.me/MTVLebanoNews/62231","sources":""}},{"type":"Feature","geometry":{"type":"Point","coordinates":[35.44346899975587,33.24819600031948]},"properties":{"event_id":1064,"data_org":"Green","post_date":"2026-04-05T00:00:00.000Z","pub_date":"2026-04-05T00:00:00.000Z","strikedate":"2026-04-05T00:00:00.000Z","time":"1899-12-30T00:00:00.000Z","event_type":"Reported Airstrike","actor":"Israel","site_type":"","siteStype":"","city":"Touline","province":"Nabatieh","country":"Lebanon","latitude":33.248196,"longitude":35.443469,"source_1":"https://t.me/MTVLebanoNews/62236","source_2":"","sources":""}},{"type":"Feature","geometry":{"type":"Point","coordinates":[35.25226200043957,33.32787600019069]},"properties":{"event_id":1065,"data_org":"Green","post_date":"2026-04-05T00:00:00.000Z","pub_date":"2026-04-05T00:00:00.000Z","strikedate":"2026-04-05T00:00:00.000Z","time":"1899-12-30T00:00:00.000Z","event_type":"Reported Airstrike","actor":"Israel","site_type":"","siteStype":"","city":"Qasmiyeh","province":"South","country":"Lebanon","latitude":33.327876,"longitude":35.252262,"source_1":"https://t.me/MTVLebanoNews/62245","source_2":"","sources":""}},{"type":"Feature","geometry":{"type":"Point","coordinates":[35.30740800008667,33.30444899982141]},"properties":{"event_id":1066,"data_org":"Green","post_date":"2026-04-05T00:00:00.000Z","pub_date":"2026-04-05T00:00:00.000Z","strikedate":"2026-04-05T00:00:00.000Z","time":"1899-12-30T00:00:00.000Z","event_type":"Reported Airstrike","actor":"Israel","site_type":"","siteStype":"","city":"Deir Qanoun en Nahr","province":"South","country":"Lebanon","latitude":33.304449,"longitude":35.307408,"source_1":"https://t.me/MTVLebanoNews/62245","source_2":"","sources":""}},{"type":"Feature","geometry":{"type":"Point","coordinates":[35.28196500012487,33.30394400030339]},"properties":{"event_id":1067,"data_org":"Green","post_date":"2026-04-05T00:00:00.000Z","pub_date":"2026-04-05T00:00:00.000Z","strikedate":"2026-04-05T00:00:00.000Z","time":"1899-12-30T00:00:00.000Z","event_type":"Reported Airstrike","actor":"Israel","site_type":"","siteStype":"","city":"Abbasiyeh","province":"South","country":"Lebanon","latitude":33.303944,"longitude":35.281965,"source_1":"https://t.me/MTVLebanoNews/62245","source_2":"","sources":""}},{"type":"Feature","geometry":{"type":"Point","coordinates":[35.26484199959355,33.19627000023262]},"properties":{"event_id":1071,"data_org":"Green","post_date":"2026-04-05T00:00:00.000Z","pub_date":"2026-04-05T00:00:00.000Z","strikedate":"2026-04-05T00:00:00.000Z","time":"1899-12-30T00:00:00.000Z","event_type":"Reported Airstrike","actor":"Israel","site_type":"","siteStype":"","city":"Chaaitiyeh","province":"South","country":"Lebanon","latitude":33.19627,"longitude":35.264842,"source_1":"https://t.me/MTVLebanoNews/62260","source_2":"","sources":""}},{"type":"Feature","geometry":{"type":"Point","coordinates":[35.22941499959654,33.196409000357406]},"properties":{"event_id":1072,"data_org":"Green","post_date":"2026-04-05T00:00:00.000Z","pub_date":"2026-04-05T00:00:00.000Z","strikedate":"2026-04-05T00:00:00.000Z","time":"1899-12-30T00:00:00.000Z","event_type":"Reported Airstrike","actor":"Israel","site_type":"","siteStype":"","city":"Qlaileh","province":"South","country":"Lebanon","latitude":33.196409,"longitude":35.229415,"source_1":"https://t.me/MTVLebanoNews/62260","source_2":"","sources":""}},{"type":"Feature","geometry":{"type":"Point","coordinates":[35.525434999914324,33.3293580003021]},"properties":{"event_id":1073,"data_org":"Green","post_date":"2026-04-05T00:00:00.000Z","pub_date":"2026-04-05T00:00:00.000Z","strikedate":"2026-04-05T00:00:00.000Z","time":"1899-12-30T00:00:00.000Z","event_type":"Reported Airstrike","actor":"Israel","site_type":"","siteStype":"","city":"Arnoun","province":"Nabatieh","country":"Lebanon","latitude":33.329358,"longitude":35.525435,"source_1":"https://t.me/MTVLebanoNews/62266","source_2":"","sources":""}},{"type":"Feature","geometry":{"type":"Point","coordinates":[35.46336400003137,33.24633699996412]},"properties":{"event_id":1074,"data_org":"Green","post_date":"2026-04-05T00:00:00.000Z","pub_date":"2026-04-05T00:00:00.000Z","strikedate":"2026-04-05T00:00:00.000Z","time":"1899-12-30T00:00:00.000Z","event_type":"Reported Airstrike","actor":"Israel","site_type":"","siteStype":"","city":"Qabrikha","province":"Nabatieh","country":"Lebanon","latitude":33.246337,"longitude":35.463364,"source_1":"https://t.me/MTVLebanoNews/62278","source_2":"","sources":""}},{"type":"Feature","geometry":{"type":"Point","coordinates":[35.28196500012487,33.30394400030339]},"properties":{"event_id":1075,"data_org":"Green","post_date":"2026-04-05T00:00:00.000Z","pub_date":"2026-04-05T00:00:00.000Z","strikedate":"2026-04-05T00:00:00.000Z","time":"1899-12-30T00:00:00.000Z","event_type":"Reported Airstrike","actor":"Israel","site_type":"","siteStype":"","city":"Abbasiyeh","province":"South","country":"Lebanon","latitude":33.303944,"longitude":35.281965,"source_1":"https://t.me/MTVLebanoNews/62288","source_2":"","sources":""}},{"type":"Feature","geometry":{"type":"Point","coordinates":[35.29769400038819,33.44922199988042]},"properties":{"event_id":1076,"data_org":"Green","post_date":"2026-04-05T00:00:00.000Z","pub_date":"2026-04-05T00:00:00.000Z","strikedate":"2026-04-05T00:00:00.000Z","time":"1899-12-30T00:00:00.000Z","event_type":"Reported Airstrike","actor":"Israel","site_type":"","siteStype":"","city":"Sarafand","province":"South","country":"Lebanon","latitude":33.449222,"longitude":35.297694,"source_1":"https://t.me/MTVLebanoNews/62290","source_2":"","sources":""}},{"type":"Feature","geometry":{"type":"Point","coordinates":[35.33923499978593,33.23777599993886]},"properties":{"event_id":1079,"data_org":"Green","post_date":"2026-04-05T00:00:00.000Z","pub_date":"2026-04-05T00:00:00.000Z","strikedate":"2026-04-05T00:00:00.000Z","time":"1899-12-30T00:00:00.000Z","event_type":"Reported Airstrike","actor":"Israel","site_type":"","siteStype":"","city":"Jouaiyya","province":"South","country":"Lebanon","latitude":33.237776,"longitude":35.339235,"source_1":"https://t.me/MTVLebanoNews/62303","source_2":"","sources":""}},{"type":"Feature","geometry":{"type":"Point","coordinates":[35.3425129998684,33.21912799989521]},"properties":{"event_id":1080,"data_org":"Green","post_date":"2026-04-05T00:00:00.000Z","pub_date":"2026-04-05T00:00:00.000Z","strikedate":"2026-04-05T00:00:00.000Z","time":"1899-12-30T00:00:00.000Z","event_type":"Reported Airstrike","actor":"Israel","site_type":"","siteStype":"","city":"Mahrouna","province":"South","country":"Lebanon","latitude":33.219128,"longitude":35.342513,"source_1":"https://t.me/MTVLebanoNews/62303","source_2":"","sources":""}},{"type":"Feature","geometry":{"type":"Point","coordinates":[35.29368400001163,33.269928000143075]},"properties":{"event_id":1081,"data_org":"Green","post_date":"2026-04-05T00:00:00.000Z","pub_date":"2026-04-05T00:00:00.000Z","strikedate":"2026-04-05T00:00:00.000Z","time":"1899-12-30T00:00:00.000Z","event_type":"Reported Airstrike","actor":"Israel","site_type":"","siteStype":"","city":"al Tarmsa neighborhood","province":"South","country":"Lebanon","latitude":33.269928,"longitude":35.293684,"source_1":"https://t.me/MTVLebanoNews/62303","source_2":"","sources":""}},{"type":"Feature","geometry":{"type":"Point","coordinates":[35.309208000235536,33.18869799982653]},"properties":{"event_id":1082,"data_org":"Green","post_date":"2026-04-05T00:00:00.000Z","pub_date":"2026-04-05T00:00:00.000Z","strikedate":"2026-04-05T00:00:00.000Z","time":"1899-12-30T00:00:00.000Z","event_type":"Reported Airstrike","actor":"Israel","site_type":"","siteStype":"","city":"Siddiqine","province":"South","country":"Lebanon","latitude":33.188698,"longitude":35.309208,"source_1":"https://t.me/MTVLebanoNews/62312","source_2":"","sources":""}},{"type":"Feature","geometry":{"type":"Point","coordinates":[35.44459600006019,33.38950600000706]},"properties":{"event_id":1083,"data_org":"Green","post_date":"2026-04-05T00:00:00.000Z","pub_date":"2026-04-05T00:00:00.000Z","strikedate":"2026-04-05T00:00:00.000Z","time":"1899-12-30T00:00:00.000Z","event_type":"Reported Airstrike","actor":"Israel","site_type":"","siteStype":"","city":"Toul","province":"Nabatieh","country":"Lebanon","latitude":33.389506,"longitude":35.444596,"source_1":"https://t.me/MTVLebanoNews/62315","source_2":"","sources":""}},{"type":"Feature","geometry":{"type":"Point","coordinates":[35.39156699985605,33.16497599994214]},"properties":{"event_id":1087,"data_org":"Green","post_date":"2026-04-05T00:00:00.000Z","pub_date":"2026-04-06T00:00:00.000Z","strikedate":"2026-04-05T00:00:00.000Z","time":"1899-12-30T00:00:00.000Z","event_type":"Reported Airstrike","actor":"Israel","site_type":"unknown","siteStype":"","city":"Hadatha","province":"Nabatieh","country":"Lebanon","latitude":33.164976,"longitude":35.391567,"source_1":"https://t.me/MTVLebanoNews/62317","source_2":"","sources":""}},{"type":"Feature","geometry":{"type":"Point","coordinates":[35.47454700034091,33.39737999989033]},"properties":{"event_id":1088,"data_org":"Green","post_date":"2026-04-05T00:00:00.000Z","pub_date":"2026-04-06T00:00:00.000Z","strikedate":"2026-04-05T00:00:00.000Z","time":"1899-12-30T00:00:00.000Z","event_type":"Reported Airstrike","actor":"Israel","site_type":"unknown","siteStype":"","city":"Kfar Jouz","province":"Nabatieh","country":"Lebanon","latitude":33.39738,"longitude":35.474547,"source_1":"https://t.me/MTVLebanoNews/62317","source_2":"","sources":""}},{"type":"Feature","geometry":{"type":"Point","coordinates":[35.44459600006019,33.38950600000706]},"properties":{"event_id":1089,"data_org":"Green","post_date":"2026-04-06T00:00:00.000Z","pub_date":"2026-04-06T00:00:00.000Z","strikedate":"2026-04-06T00:00:00.000Z","time":"1899-12-30T00:00:00.000Z","event_type":"Reported Airstrike","actor":"Israel","site_type":"civilian","siteStype":"","city":"Toul","province":"Nabatieh","country":"Lebanon","latitude":33.389506,"longitude":35.444596,"source_1":"https://t.me/MTVLebanoNews/62318","source_2":"","sources":""}},{"type":"Feature","geometry":{"type":"Point","coordinates":[35.5988149996052,33.86393200017057]},"properties":{"event_id":1084,"data_org":"Green","post_date":"2026-04-05T00:00:00.000Z","pub_date":"2026-04-06T00:00:00.000Z","strikedate":"2026-04-05T00:00:00.000Z","time":"1899-12-30T00:00:00.000Z","event_type":"Reported Airstrike","actor":"Israel","site_type":"political","siteStype":"political : individual","city":"Ain Saadeh","province":"Mount Lebanon","country":"Lebanon","latitude":33.863932,"longitude":35.598815,"source_1":"https://x.com/manniefabian/status/2041077917342433776?s=20","source_2":"https://t.me/moriahdoron/29558; https://x.com/ariel_oseran/status/2040857736464695428?s=20; https://x.com/ariel_oseran/status/2040885532537069843?s=20","sources":""}},{"type":"Feature","geometry":{"type":"Point","coordinates":[35.26484199959355,33.19627000023262]},"properties":{"event_id":1090,"data_org":"Green","post_date":"2026-04-05T00:00:00.000Z","pub_date":"2026-04-06T00:00:00.000Z","strikedate":"2026-04-05T00:00:00.000Z","time":"1899-12-30T00:00:00.000Z","event_type":"Reported Airstrike","actor":"Israel","site_type":"unknown","siteStype":"","city":"Chaaitiyeh","province":"South","country":"Lebanon","latitude":33.19627,"longitude":35.264842,"source_1":"https://t.me/MTVLebanoNews/62321","source_2":"","sources":""}},{"type":"Feature","geometry":{"type":"Point","coordinates":[35.432497000231834,33.271723000062906]},"properties":{"event_id":1091,"data_org":"Green","post_date":"2026-04-05T00:00:00.000Z","pub_date":"2026-04-06T00:00:00.000Z","strikedate":"2026-04-05T00:00:00.000Z","time":"1899-12-30T00:00:00.000Z","event_type":"Reported Airstrike","actor":"Israel","site_type":"unknown","siteStype":"","city":"Ghandouriyeh","province":"Nabatieh","country":"Lebanon","latitude":33.271723,"longitude":35.432497,"source_1":"https://t.me/MTVLebanoNews/62328","source_2":"","sources":""}},{"type":"Feature","geometry":{"type":"Point","coordinates":[35.43155700042359,33.19907200024714]},"properties":{"event_id":1092,"data_org":"Green","post_date":"2026-04-05T00:00:00.000Z","pub_date":"2026-04-06T00:00:00.000Z","strikedate":"2026-04-05T00:00:00.000Z","time":"1899-12-30T00:00:00.000Z","event_type":"Reported Airstrike","actor":"Israel","site_type":"unknown","siteStype":"","city":"Safad al Battikh","province":"Nabatieh","country":"Lebanon","latitude":33.199072,"longitude":35.431557,"source_1":"https://t.me/MTVLebanoNews/62333","source_2":"","sources":""}},{"type":"Feature","geometry":{"type":"Point","coordinates":[35.4986589997839,33.36187999993867]},"properties":{"event_id":1093,"data_org":"Green","post_date":"2026-04-05T00:00:00.000Z","pub_date":"2026-04-06T00:00:00.000Z","strikedate":"2026-04-05T00:00:00.000Z","time":"1899-12-30T00:00:00.000Z","event_type":"Reported Airstrike","actor":"Israel","site_type":"unknown","siteStype":"","city":"Nabatieh el Fawqa","province":"Nabatieh","country":"Lebanon","latitude":33.36188,"longitude":35.498659,"source_1":"https://t.me/MTVLebanoNews/62346","source_2":"","sources":""}},{"type":"Feature","geometry":{"type":"Point","coordinates":[35.690789000088316,33.519164000235634]},"properties":{"event_id":1094,"data_org":"Green","post_date":"2026-04-05T00:00:00.000Z","pub_date":"2026-04-06T00:00:00.000Z","strikedate":"2026-04-05T00:00:00.000Z","time":"1899-12-30T00:00:00.000Z","event_type":"Reported Airstrike","actor":"Israel","site_type":"unknown","siteStype":"","city":"Sohmor","province":"Beqaa","country":"Lebanon","latitude":33.519164,"longitude":35.690789,"source_1":"https://t.me/MTVLebanoNews/62364","source_2":"","sources":""}},{"type":"Feature","geometry":{"type":"Point","coordinates":[35.65414500027363,33.530605999973965]},"properties":{"event_id":1095,"data_org":"Green","post_date":"2026-04-05T00:00:00.000Z","pub_date":"2026-04-06T00:00:00.000Z","strikedate":"2026-04-05T00:00:00.000Z","time":"1899-12-30T00:00:00.000Z","event_type":"Reported Airstrike","actor":"Israel","site_type":"unknown","siteStype":"","city":"Machghara","province":"Beqaa","country":"Lebanon","latitude":33.530606,"longitude":35.654145,"source_1":"https://t.me/MTVLebanoNews/62364","source_2":"","sources":""}},{"type":"Feature","geometry":{"type":"Point","coordinates":[35.43155700042359,33.19907200024714]},"properties":{"event_id":1105,"data_org":"Green","post_date":"2026-04-06T00:00:00.000Z","pub_date":"2026-04-06T00:00:00.000Z","strikedate":"2026-04-06T00:00:00.000Z","time":"1899-12-30T00:00:00.000Z","event_type":"Reported Airstrike","actor":"Israel","site_type":"unknown","siteStype":"","city":"Safad al Battikh","province":"Nabatieh","country":"Lebanon","latitude":33.199072,"longitude":35.431557,"source_1":"https://t.me/MTVLebanoNews/62383","source_2":"","sources":""}},{"type":"Feature","geometry":{"type":"Point","coordinates":[35.37703500021725,33.18030599985063]},"properties":{"event_id":1106,"data_org":"Green","post_date":"2026-04-06T00:00:00.000Z","pub_date":"2026-04-06T00:00:00.000Z","strikedate":"2026-04-06T00:00:00.000Z","time":"1899-12-30T00:00:00.000Z","event_type":"Reported Airstrike","actor":"Israel","site_type":"unknown","siteStype":"","city":"Haris","province":"Nabatieh","country":"Lebanon","latitude":33.180306,"longitude":35.377035,"source_1":"https://t.me/MTVLebanoNews/62383","source_2":"","sources":""}},{"type":"Feature","geometry":{"type":"Point","coordinates":[35.49322999992328,33.36586699966764]},"properties":{"event_id":1107,"data_org":"Green","post_date":"2026-04-06T00:00:00.000Z","pub_date":"2026-04-06T00:00:00.000Z","strikedate":"2026-04-06T00:00:00.000Z","time":"1899-12-30T00:00:00.000Z","event_type":"Reported Airstrike","actor":"Israel","site_type":"unknown","siteStype":"","city":"Nabatieh el Fawqa","province":"Nabatieh","country":"Lebanon","latitude":33.365867,"longitude":35.49323,"source_1":"https://t.me/MTVLebanoNews/62389","source_2":"","sources":""}},{"type":"Feature","geometry":{"type":"Point","coordinates":[35.65414500027363,33.530605999973965]},"properties":{"event_id":1108,"data_org":"Green","post_date":"2026-04-06T00:00:00.000Z","pub_date":"2026-04-06T00:00:00.000Z","strikedate":"2026-04-06T00:00:00.000Z","time":"1899-12-30T00:00:00.000Z","event_type":"Reported Airstrike","actor":"Israel","site_type":"unknown","siteStype":"","city":"Machghara","province":"Beqaa","country":"Lebanon","latitude":33.530606,"longitude":35.654145,"source_1":"https://t.me/MTVLebanoNews/62391","source_2":"","sources":"https://t.me/MTVLebanoNews/62398"}},{"type":"Feature","geometry":{"type":"Point","coordinates":[35.690789000088316,33.519164000235634]},"properties":{"event_id":1109,"data_org":"Green","post_date":"2026-04-06T00:00:00.000Z","pub_date":"2026-04-06T00:00:00.000Z","strikedate":"2026-04-06T00:00:00.000Z","time":"1899-12-30T00:00:00.000Z","event_type":"Reported Airstrike","actor":"Israel","site_type":"unknown","siteStype":"","city":"Sohmor","province":"Beqaa","country":"Lebanon","latitude":33.519164,"longitude":35.690789,"source_1":"https://t.me/MTVLebanoNews/62391","source_2":"","sources":""}},{"type":"Feature","geometry":{"type":"Point","coordinates":[35.656276999785206,33.44343300031523]},"properties":{"event_id":1110,"data_org":"Green","post_date":"2026-04-06T00:00:00.000Z","pub_date":"2026-04-06T00:00:00.000Z","strikedate":"2026-04-06T00:00:00.000Z","time":"1899-12-30T00:00:00.000Z","event_type":"Reported Airstrike","actor":"Israel","site_type":"unknown","siteStype":"","city":"Qellaya","province":"Beqaa","country":"Lebanon","latitude":33.443433,"longitude":35.656277,"source_1":"https://t.me/MTVLebanoNews/62391","source_2":"","sources":""}},{"type":"Feature","geometry":{"type":"Point","coordinates":[35.67071999973555,33.45880000000805]},"properties":{"event_id":1111,"data_org":"Green","post_date":"2026-04-06T00:00:00.000Z","pub_date":"2026-04-06T00:00:00.000Z","strikedate":"2026-04-06T00:00:00.000Z","time":"1899-12-30T00:00:00.000Z","event_type":"Reported Airstrike","actor":"Israel","site_type":"unknown","siteStype":"","city":"Zellaya","province":"Beqaa","country":"Lebanon","latitude":33.4588,"longitude":35.67072,"source_1":"https://t.me/MTVLebanoNews/62391","source_2":"","sources":""}},{"type":"Feature","geometry":{"type":"Point","coordinates":[35.50178299988057,33.389728000180305]},"properties":{"event_id":1112,"data_org":"Green","post_date":"2026-04-06T00:00:00.000Z","pub_date":"2026-04-06T00:00:00.000Z","strikedate":"2026-04-06T00:00:00.000Z","time":"1899-12-30T00:00:00.000Z","event_type":"Reported Airstrike","actor":"Israel","site_type":"civilian","siteStype":"","city":"Kfar Roummane","province":"Nabatieh","country":"Lebanon","latitude":33.389728,"longitude":35.501783,"source_1":"https://t.me/MTVLebanoNews/62396","source_2":"","sources":""}},{"type":"Feature","geometry":{"type":"Point","coordinates":[35.33923499978593,33.23777599993886]},"properties":{"event_id":1113,"data_org":"Green","post_date":"2026-04-06T00:00:00.000Z","pub_date":"2026-04-06T00:00:00.000Z","strikedate":"2026-04-06T00:00:00.000Z","time":"1899-12-30T00:00:00.000Z","event_type":"Reported Airstrike","actor":"Israel","site_type":"civilian","siteStype":"","city":"Jouaiyya","province":"South","country":"Lebanon","latitude":33.237776,"longitude":35.339235,"source_1":"https://t.me/MTVLebanoNews/62402","source_2":"","sources":""}},{"type":"Feature","geometry":{"type":"Point","coordinates":[35.51937000001908,33.31107100013384]},"properties":{"event_id":1114,"data_org":"Green","post_date":"2026-04-06T00:00:00.000Z","pub_date":"2026-04-06T00:00:00.000Z","strikedate":"2026-04-06T00:00:00.000Z","time":"1899-12-30T00:00:00.000Z","event_type":"Reported Airstrike","actor":"Israel","site_type":"unknown","siteStype":"","city":"Yohmor","province":"Nabatieh","country":"Lebanon","latitude":33.311071,"longitude":35.51937,"source_1":"https://t.me/MTVLebanoNews/62403","source_2":"","sources":""}},{"type":"Feature","geometry":{"type":"Point","coordinates":[35.50178299988057,33.389728000180305]},"properties":{"event_id":1115,"data_org":"Green","post_date":"2026-04-06T00:00:00.000Z","pub_date":"2026-04-06T00:00:00.000Z","strikedate":"2026-04-06T00:00:00.000Z","time":"1899-12-30T00:00:00.000Z","event_type":"Reported Airstrike","actor":"Israel","site_type":"unknown","siteStype":"","city":"Kfar Roummane","province":"Nabatieh","country":"Lebanon","latitude":33.389728,"longitude":35.501783,"source_1":"https://t.me/MTVLebanoNews/62403","source_2":"","sources":""}},{"type":"Feature","geometry":{"type":"Point","coordinates":[35.27919000000765,33.41273499974175]},"properties":{"event_id":1116,"data_org":"Green","post_date":"2026-04-06T00:00:00.000Z","pub_date":"2026-04-06T00:00:00.000Z","strikedate":"2026-04-06T00:00:00.000Z","time":"1899-12-30T00:00:00.000Z","event_type":"Reported Airstrike","actor":"Israel","site_type":"civilian","siteStype":"civilian : building","city":"Ansariya","province":"South","country":"Lebanon","latitude":33.412735,"longitude":35.27919,"source_1":"https://t.me/MTVLebanoNews/62411","source_2":"","sources":""}},{"type":"Feature","geometry":{"type":"Point","coordinates":[35.36779799964644,33.26152100007158]},"properties":{"event_id":1117,"data_org":"Green","post_date":"2026-04-06T00:00:00.000Z","pub_date":"2026-04-06T00:00:00.000Z","strikedate":"2026-04-06T00:00:00.000Z","time":"1899-12-30T00:00:00.000Z","event_type":"Reported Airstrike","actor":"Israel","site_type":"unknown","siteStype":"","city":"Bafliyeh","province":"South","country":"Lebanon","latitude":33.261521,"longitude":35.367798,"source_1":"https://t.me/MTVLebanoNews/62416","source_2":"","sources":""}},{"type":"Feature","geometry":{"type":"Point","coordinates":[35.241266999552685,33.28605499989401]},"properties":{"event_id":1118,"data_org":"Green","post_date":"2026-04-06T00:00:00.000Z","pub_date":"2026-04-06T00:00:00.000Z","strikedate":"2026-04-06T00:00:00.000Z","time":"1899-12-30T00:00:00.000Z","event_type":"Reported Airstrike","actor":"Israel","site_type":"unknown","siteStype":"","city":"Hammadiyeh Road","province":"South","country":"Lebanon","latitude":33.286055,"longitude":35.241267,"source_1":"https://t.me/MTVLebanoNews/62419","source_2":"","sources":""}},{"type":"Feature","geometry":{"type":"Point","coordinates":[35.509832000047695,33.85450200032092]},"properties":{"event_id":1119,"data_org":"Green","post_date":"2026-04-06T00:00:00.000Z","pub_date":"2026-04-06T00:00:00.000Z","strikedate":"2026-04-06T00:00:00.000Z","time":"1899-12-30T00:00:00.000Z","event_type":"Reported Airstrike","actor":"Israel","site_type":"unknown","siteStype":"","city":"Haret Hreik","province":"Mount Lebanon","country":"Lebanon","latitude":33.854502,"longitude":35.509832,"source_1":"https://t.me/MTVLebanoNews/62420","source_2":"https://t.me/MTVLebanoNews/62423","sources":""}},{"type":"Feature","geometry":{"type":"Point","coordinates":[35.22265199974238,33.23902300001142]},"properties":{"event_id":1121,"data_org":"Green","post_date":"2026-04-06T00:00:00.000Z","pub_date":"2026-04-06T00:00:00.000Z","strikedate":"2026-04-06T00:00:00.000Z","time":"1899-12-30T00:00:00.000Z","event_type":"Reported Airstrike","actor":"Israel","site_type":"unknown","siteStype":"","city":"Rachidiyeh","province":"South","country":"Lebanon","latitude":33.239023,"longitude":35.222652,"source_1":"https://t.me/MTVLebanoNews/62427","source_2":"","sources":""}},{"type":"Feature","geometry":{"type":"Point","coordinates":[35.30254099974253,33.2083129997492]},"properties":{"event_id":1123,"data_org":"Green","post_date":"2026-04-06T00:00:00.000Z","pub_date":"2026-04-06T00:00:00.000Z","strikedate":"2026-04-06T00:00:00.000Z","time":"1899-12-30T00:00:00.000Z","event_type":"Reported Airstrike","actor":"Israel","site_type":"unknown","siteStype":"","city":"Qana","province":"South","country":"Lebanon","latitude":33.208313,"longitude":35.302541,"source_1":"https://t.me/MTVLebanoNews/62433","source_2":"","sources":""}},{"type":"Feature","geometry":{"type":"Point","coordinates":[35.437245999676875,33.12195800007302]},"properties":{"event_id":1124,"data_org":"Green","post_date":"2026-04-06T00:00:00.000Z","pub_date":"2026-04-06T00:00:00.000Z","strikedate":"2026-04-06T00:00:00.000Z","time":"1899-12-30T00:00:00.000Z","event_type":"Reported Airstrike","actor":"Israel","site_type":"unknown","siteStype":"","city":"Bint Jbeil","province":"Nabatieh","country":"Lebanon","latitude":33.121958,"longitude":35.437246,"source_1":"https://t.me/MTVLebanoNews/62441","source_2":"","sources":""}},{"type":"Feature","geometry":{"type":"Point","coordinates":[35.27762340013591,33.22011549037196]},"properties":{"event_id":1125,"data_org":"Green","post_date":"2026-04-06T00:00:00.000Z","pub_date":"2026-04-06T00:00:00.000Z","strikedate":"2026-04-06T00:00:00.000Z","time":"1899-12-30T00:00:00.000Z","event_type":"Reported Airstrike","actor":"Israel","site_type":"unknown","siteStype":"","city":"Hanouiyeh","province":"South","country":"Lebanon","latitude":33.22011549,"longitude":35.2776234,"source_1":"https://t.me/MTVLebanoNews/62450","source_2":"","sources":""}},{"type":"Feature","geometry":{"type":"Point","coordinates":[35.45886800030631,33.378256999644336]},"properties":{"event_id":1126,"data_org":"Green","post_date":"2026-04-06T00:00:00.000Z","pub_date":"2026-04-06T00:00:00.000Z","strikedate":"2026-04-06T00:00:00.000Z","time":"1899-12-30T00:00:00.000Z","event_type":"Reported Airstrike","actor":"Israel","site_type":"unknown","siteStype":"","city":"Zebdine","province":"Nabatieh","country":"Lebanon","latitude":33.378257,"longitude":35.458868,"source_1":"https://t.me/MTVLebanoNews/62451","source_2":"","sources":""}},{"type":"Feature","geometry":{"type":"Point","coordinates":[35.41991999965428,33.39429500016327]},"properties":{"event_id":1127,"data_org":"Green","post_date":"2026-04-06T00:00:00.000Z","pub_date":"2026-04-06T00:00:00.000Z","strikedate":"2026-04-06T00:00:00.000Z","time":"1899-12-30T00:00:00.000Z","event_type":"Reported Airstrike","actor":"Israel","site_type":"civilian","siteStype":"","city":"Doueir","province":"Nabatieh","country":"Lebanon","latitude":33.394295,"longitude":35.41992,"source_1":"https://t.me/MTVLebanoNews/62454","source_2":"","sources":""}},{"type":"Feature","geometry":{"type":"Point","coordinates":[35.43917200022245,33.20740200021932]},"properties":{"event_id":1128,"data_org":"Green","post_date":"2026-04-06T00:00:00.000Z","pub_date":"2026-04-06T00:00:00.000Z","strikedate":"2026-04-06T00:00:00.000Z","time":"1899-12-30T00:00:00.000Z","event_type":"Reported Airstrike","actor":"Israel","site_type":"unknown","siteStype":"","city":"Jmaijmeh","province":"Nabatieh","country":"Lebanon","latitude":33.207402,"longitude":35.439172,"source_1":"https://t.me/MTVLebanoNews/62456","source_2":"","sources":""}},{"type":"Feature","geometry":{"type":"Point","coordinates":[35.464487999962635,33.22159400019104]},"properties":{"event_id":1129,"data_org":"Green","post_date":"2026-04-06T00:00:00.000Z","pub_date":"2026-04-06T00:00:00.000Z","strikedate":"2026-04-06T00:00:00.000Z","time":"1899-12-30T00:00:00.000Z","event_type":"Reported Airstrike","actor":"Israel","site_type":"unknown","siteStype":"","city":"Majdal Salam","province":"Nabatieh","country":"Lebanon","latitude":33.221594,"longitude":35.464488,"source_1":"https://t.me/MTVLebanoNews/62456","source_2":"","sources":""}},{"type":"Feature","geometry":{"type":"Point","coordinates":[35.312062999820384,33.189804999834024]},"properties":{"event_id":1130,"data_org":"Green","post_date":"2026-04-06T00:00:00.000Z","pub_date":"2026-04-06T00:00:00.000Z","strikedate":"2026-04-06T00:00:00.000Z","time":"1899-12-30T00:00:00.000Z","event_type":"Reported Airstrike","actor":"Israel","site_type":"unknown","siteStype":"","city":"Seddiqine","province":"South","country":"Lebanon","latitude":33.189805,"longitude":35.312063,"source_1":"https://t.me/MTVLebanoNews/62456","source_2":"","sources":""}},{"type":"Feature","geometry":{"type":"Point","coordinates":[35.30897600043195,33.2726060002282]},"properties":{"event_id":1131,"data_org":"Green","post_date":"2026-04-06T00:00:00.000Z","pub_date":"2026-04-06T00:00:00.000Z","strikedate":"2026-04-06T00:00:00.000Z","time":"1899-12-30T00:00:00.000Z","event_type":"Reported Airstrike","actor":"Israel","site_type":"unknown","siteStype":"","city":"Maarakeh","province":"South","country":"Lebanon","latitude":33.272606,"longitude":35.308976,"source_1":"https://t.me/MTVLebanoNews/62464","source_2":"","sources":""}},{"type":"Feature","geometry":{"type":"Point","coordinates":[35.271543000421744,33.25407399980616]},"properties":{"event_id":1132,"data_org":"Green","post_date":"2026-04-06T00:00:00.000Z","pub_date":"2026-04-06T00:00:00.000Z","strikedate":"2026-04-06T00:00:00.000Z","time":"1899-12-30T00:00:00.000Z","event_type":"Reported Airstrike","actor":"Israel","site_type":"unknown","siteStype":"","city":"Bazouriyeh","province":"South","country":"Lebanon","latitude":33.254074,"longitude":35.271543,"source_1":"https://t.me/MTVLebanoNews/62470","source_2":"","sources":""}},{"type":"Feature","geometry":{"type":"Point","coordinates":[35.28099299963125,33.274932000017564]},"properties":{"event_id":1133,"data_org":"Green","post_date":"2026-04-06T00:00:00.000Z","pub_date":"2026-04-06T00:00:00.000Z","strikedate":"2026-04-06T00:00:00.000Z","time":"1899-12-30T00:00:00.000Z","event_type":"Reported Airstrike","actor":"Israel","site_type":"unknown","siteStype":"","city":"Tayr Dibba","province":"South","country":"Lebanon","latitude":33.274932,"longitude":35.280993,"source_1":"https://t.me/MTVLebanoNews/62470","source_2":"","sources":""}},{"type":"Feature","geometry":{"type":"Point","coordinates":[35.33342799963354,33.34282399986113]},"properties":{"event_id":1135,"data_org":"Green","post_date":"2026-04-06T00:00:00.000Z","pub_date":"2026-04-06T00:00:00.000Z","strikedate":"2026-04-06T00:00:00.000Z","time":"1899-12-30T00:00:00.000Z","event_type":"Reported Airstrike","actor":"Israel","site_type":"unknown","siteStype":"","city":"Zarariyeh","province":"South","country":"Lebanon","latitude":33.342824,"longitude":35.333428,"source_1":"https://t.me/MTVLebanoNews/62510","source_2":"","sources":""}},{"type":"Feature","geometry":{"type":"Point","coordinates":[35.22187400031584,33.18662399969505]},"properties":{"event_id":1136,"data_org":"Green","post_date":"2026-04-06T00:00:00.000Z","pub_date":"2026-04-06T00:00:00.000Z","strikedate":"2026-04-06T00:00:00.000Z","time":"1899-12-30T00:00:00.000Z","event_type":"Reported Airstrike","actor":"Israel","site_type":"unknown","siteStype":"","city":"Hanniyeh","province":"South","country":"Lebanon","latitude":33.186624,"longitude":35.221874,"source_1":"https://t.me/MTVLebanoNews/62516","source_2":"","sources":""}},{"type":"Feature","geometry":{"type":"Point","coordinates":[35.32225100007009,33.44593900028873]},"properties":{"event_id":1137,"data_org":"Green","post_date":"2026-04-06T00:00:00.000Z","pub_date":"2026-04-06T00:00:00.000Z","strikedate":"2026-04-06T00:00:00.000Z","time":"1899-12-30T00:00:00.000Z","event_type":"Reported Airstrike","actor":"Israel","site_type":"unknown","siteStype":"","city":"Bisariya","province":"South","country":"Lebanon","latitude":33.445939,"longitude":35.322251,"source_1":"https://t.me/MTVLebanoNews/62521","source_2":"","sources":""}},{"type":"Feature","geometry":{"type":"Point","coordinates":[35.37011099980629,33.43478000016384]},"properties":{"event_id":1139,"data_org":"Green","post_date":"2026-04-06T00:00:00.000Z","pub_date":"2026-04-06T00:00:00.000Z","strikedate":"2026-04-06T00:00:00.000Z","time":"1899-12-30T00:00:00.000Z","event_type":"Reported Airstrike","actor":"Israel","site_type":"unknown","siteStype":"","city":"Tuffahta","province":"South","country":"Lebanon","latitude":33.43478,"longitude":35.370111,"source_1":"https://t.me/MTVLebanoNews/62527","source_2":"","sources":""}},{"type":"Feature","geometry":{"type":"Point","coordinates":[35.234816999692974,33.22076600007543]},"properties":{"event_id":1140,"data_org":"Green","post_date":"2026-04-06T00:00:00.000Z","pub_date":"2026-04-06T00:00:00.000Z","strikedate":"2026-04-06T00:00:00.000Z","time":"1899-12-30T00:00:00.000Z","event_type":"Reported Airstrike","actor":"Israel","site_type":"unknown","siteStype":"","city":"Sammaaiyeh","province":"South","country":"Lebanon","latitude":33.220766,"longitude":35.234817,"source_1":"https://t.me/MTVLebanoNews/62527","source_2":"","sources":""}},{"type":"Feature","geometry":{"type":"Point","coordinates":[35.22187400031584,33.18662399969505]},"properties":{"event_id":1141,"data_org":"Green","post_date":"2026-04-06T00:00:00.000Z","pub_date":"2026-04-06T00:00:00.000Z","strikedate":"2026-04-06T00:00:00.000Z","time":"1899-12-30T00:00:00.000Z","event_type":"Reported Airstrike","actor":"Israel","site_type":"unknown","siteStype":"","city":"Hanniyeh","province":"South","country":"Lebanon","latitude":33.186624,"longitude":35.221874,"source_1":"https://t.me/MTVLebanoNews/62527","source_2":"","sources":""}},{"type":"Feature","geometry":{"type":"Point","coordinates":[35.434318000297104,33.10970699995779]},"properties":{"event_id":1143,"data_org":"Green","post_date":"2026-04-06T00:00:00.000Z","pub_date":"2026-04-06T00:00:00.000Z","strikedate":"2026-04-06T00:00:00.000Z","time":"1899-12-30T00:00:00.000Z","event_type":"Confirmed Airstrike","actor":"Israel","site_type":"military","siteStype":"military : surface combatant","city":"Bint Jbeil","province":"Nabatieh","country":"Lebanon","latitude":33.109707,"longitude":35.434318,"source_1":"https://x.com/manniefabian/status/2041164048582991930","source_2":"https://x.com/manniefabian/status/2041164048582991930","sources":""}},{"type":"Feature","geometry":{"type":"Point","coordinates":[35.682951999633296,33.51652300018249]},"properties":{"event_id":1144,"data_org":"Green","post_date":"2026-04-07T00:00:00.000Z","pub_date":"2026-04-07T00:00:00.000Z","strikedate":"2026-04-07T00:00:00.000Z","time":"1899-12-30T00:00:00.000Z","event_type":"Confirmed Airstrike","actor":"Israel","site_type":"civilian","siteStype":"civilian : transit","city":"Sohmor","province":"Beqaa","country":"Lebanon","latitude":33.516523,"longitude":35.682952,"source_1":"https://x.com/manniefabian/status/2041435224739840228?s=20","source_2":"https://x.com/idfonline/status/2041435340213231821","sources":"https://x.com/isik5/status/2041454425932255452"}},{"type":"Feature","geometry":{"type":"Point","coordinates":[35.68331400003154,33.51581800003839]},"properties":{"event_id":1145,"data_org":"Green","post_date":"2026-04-07T00:00:00.000Z","pub_date":"2026-04-07T00:00:00.000Z","strikedate":"2026-04-07T00:00:00.000Z","time":"1899-12-30T00:00:00.000Z","event_type":"Confirmed Airstrike","actor":"Israel","site_type":"civilian","siteStype":"civilian : transit","city":"Sohmor","province":"Beqaa","country":"Lebanon","latitude":33.515818,"longitude":35.683314,"source_1":"https://x.com/manniefabian/status/2041435224739840228?s=20","source_2":"https://x.com/idfonline/status/2041435340213231821","sources":"https://x.com/isik5/status/2041454425932255452"}},{"type":"Feature","geometry":{"type":"Point","coordinates":[35.43191100042592,33.12925299975362]},"properties":{"event_id":1146,"data_org":"Green","post_date":"2026-04-07T00:00:00.000Z","pub_date":"2026-04-07T00:00:00.000Z","strikedate":"2026-04-07T00:00:00.000Z","time":"1899-12-30T00:00:00.000Z","event_type":"Confirmed Airstrike","actor":"Israel","site_type":"unknown","siteStype":"","city":"Bint Jbeil","province":"Nabatieh","country":"Lebanon","latitude":33.129253,"longitude":35.431911,"source_1":"https://x.com/Vahid/status/2041428601438875996?s=20","source_2":"https://x.com/EndlessWint_r/status/2041434024577568991?s=20","sources":""}},{"type":"Feature","geometry":{"type":"Point","coordinates":[35.51301549017575,33.85257599995512]},"properties":{"event_id":1147,"data_org":"Green","post_date":"2026-04-06T00:00:00.000Z","pub_date":"2026-04-07T00:00:00.000Z","strikedate":"2026-04-06T00:00:00.000Z","time":"1899-12-30T00:00:00.000Z","event_type":"Reported Airstrike","actor":"Israel","site_type":"unknown","siteStype":"","city":"Beirut","province":"Beirut","country":"Lebanon","latitude":33.852576,"longitude":35.51301549,"source_1":"https://t.me/MTVLebanoNews/62538","source_2":"","sources":""}},{"type":"Feature","geometry":{"type":"Point","coordinates":[35.36689817968422,33.26084399985165]},"properties":{"event_id":1148,"data_org":"Green","post_date":"2026-04-06T00:00:00.000Z","pub_date":"2026-04-07T00:00:00.000Z","strikedate":"2026-04-06T00:00:00.000Z","time":"1899-12-30T00:00:00.000Z","event_type":"Reported Airstrike","actor":"Israel","site_type":"unknown","siteStype":"","city":"Bafliyeh","province":"South","country":"Lebanon","latitude":33.260844,"longitude":35.36689818,"source_1":"https://t.me/MTVLebanoNews/62541","source_2":"","sources":""}},{"type":"Feature","geometry":{"type":"Point","coordinates":[35.2797822898172,33.27468799991822]},"properties":{"event_id":1149,"data_org":"Green","post_date":"2026-04-06T00:00:00.000Z","pub_date":"2026-04-07T00:00:00.000Z","strikedate":"2026-04-06T00:00:00.000Z","time":"1899-12-30T00:00:00.000Z","event_type":"Reported Airstrike","actor":"Israel","site_type":"unknown","siteStype":"","city":"Tayr Dibba","province":"South","country":"Lebanon","latitude":33.274688,"longitude":35.27978229,"source_1":"https://t.me/MTVLebanoNews/62547","source_2":"","sources":""}},{"type":"Feature","geometry":{"type":"Point","coordinates":[35.68616432029208,33.519592999998544]},"properties":{"event_id":1150,"data_org":"Green","post_date":"2026-04-06T00:00:00.000Z","pub_date":"2026-04-07T00:00:00.000Z","strikedate":"2026-04-06T00:00:00.000Z","time":"1899-12-30T00:00:00.000Z","event_type":"Reported Airstrike","actor":"Israel","site_type":"unknown","siteStype":"","city":"Sohmor","province":"Beqaa","country":"Lebanon","latitude":33.519593,"longitude":35.68616432,"source_1":"https://t.me/MTVLebanoNews/62574","source_2":"","sources":""}},{"type":"Feature","geometry":{"type":"Point","coordinates":[35.254735419946236,33.22587899999922]},"properties":{"event_id":1151,"data_org":"Green","post_date":"2026-04-07T00:00:00.000Z","pub_date":"2026-04-07T00:00:00.000Z","strikedate":"2026-04-07T00:00:00.000Z","time":"1899-12-30T00:00:00.000Z","event_type":"Reported Airstrike","actor":"Israel","site_type":"unknown","siteStype":"","city":"Batouliyeh","province":"South","country":"Lebanon","latitude":33.225879,"longitude":35.25473542,"source_1":"https://t.me/MTVLebanoNews/62595","source_2":"","sources":""}},{"type":"Feature","geometry":{"type":"Point","coordinates":[35.228149789892505,33.19794300022755]},"properties":{"event_id":1152,"data_org":"Green","post_date":"2026-04-07T00:00:00.000Z","pub_date":"2026-04-07T00:00:00.000Z","strikedate":"2026-04-07T00:00:00.000Z","time":"1899-12-30T00:00:00.000Z","event_type":"Reported Airstrike","actor":"Israel","site_type":"unknown","siteStype":"","city":"Hanniyeh","province":"South","country":"Lebanon","latitude":33.197943,"longitude":35.22814979,"source_1":"https://t.me/MTVLebanoNews/62607","source_2":"","sources":""}},{"type":"Feature","geometry":{"type":"Point","coordinates":[35.43863663036425,33.30668399962556]},"properties":{"event_id":1153,"data_org":"Green","post_date":"2026-04-07T00:00:00.000Z","pub_date":"2026-04-07T00:00:00.000Z","strikedate":"2026-04-07T00:00:00.000Z","time":"1899-12-30T00:00:00.000Z","event_type":"Reported Airstrike","actor":"Israel","site_type":"unknown","siteStype":"","city":"Zaqiyeh","province":"Nabatieh","country":"Lebanon","latitude":33.306684,"longitude":35.43863663,"source_1":"https://t.me/MTVLebanoNews/62608","source_2":"","sources":""}},{"type":"Feature","geometry":{"type":"Point","coordinates":[35.225976069924194,33.15229900028325]},"properties":{"event_id":1154,"data_org":"Green","post_date":"2026-04-07T00:00:00.000Z","pub_date":"2026-04-07T00:00:00.000Z","strikedate":"2026-04-07T00:00:00.000Z","time":"1899-12-30T00:00:00.000Z","event_type":"Reported Airstrike","actor":"Israel","site_type":"unknown","siteStype":"","city":"Majdal Zoun","province":"South","country":"Lebanon","latitude":33.152299,"longitude":35.22597607,"source_1":"https://t.me/MTVLebanoNews/62624","source_2":"","sources":""}},{"type":"Feature","geometry":{"type":"Point","coordinates":[35.2787590098939,33.222596000295724]},"properties":{"event_id":1155,"data_org":"Green","post_date":"2026-04-07T00:00:00.000Z","pub_date":"2026-04-07T00:00:00.000Z","strikedate":"2026-04-07T00:00:00.000Z","time":"1899-12-30T00:00:00.000Z","event_type":"Reported Airstrike","actor":"Israel","site_type":"unknown","siteStype":"","city":"Hanouiyeh","province":"South","country":"Lebanon","latitude":33.222596,"longitude":35.27875901,"source_1":"https://t.me/MTVLebanoNews/62628","source_2":"","sources":""}},{"type":"Feature","geometry":{"type":"Point","coordinates":[35.44171189955171,33.205665000096296]},"properties":{"event_id":1156,"data_org":"Green","post_date":"2026-04-07T00:00:00.000Z","pub_date":"2026-04-07T00:00:00.000Z","strikedate":"2026-04-07T00:00:00.000Z","time":"1899-12-30T00:00:00.000Z","event_type":"Reported Airstrike","actor":"Israel","site_type":"unknown","siteStype":"","city":"Jmaijmeh","province":"Nabatieh","country":"Lebanon","latitude":33.205665,"longitude":35.4417119,"source_1":"https://t.me/MTVLebanoNews/62631","source_2":"","sources":""}},{"type":"Feature","geometry":{"type":"Point","coordinates":[35.321488720262714,33.28602399964363]},"properties":{"event_id":1157,"data_org":"Green","post_date":"2026-04-07T00:00:00.000Z","pub_date":"2026-04-07T00:00:00.000Z","strikedate":"2026-04-07T00:00:00.000Z","time":"1899-12-30T00:00:00.000Z","event_type":"Reported Airstrike","actor":"Israel","site_type":"unknown","siteStype":"","city":"Jannata","province":"South","country":"Lebanon","latitude":33.286024,"longitude":35.32148872,"source_1":"https://t.me/MTVLebanoNews/62646","source_2":"","sources":""}},{"type":"Feature","geometry":{"type":"Point","coordinates":[35.5188304404184,33.31062900021032]},"properties":{"event_id":1158,"data_org":"Green","post_date":"2026-04-07T00:00:00.000Z","pub_date":"2026-04-07T00:00:00.000Z","strikedate":"2026-04-07T00:00:00.000Z","time":"1899-12-30T00:00:00.000Z","event_type":"Reported Airstrike","actor":"Israel","site_type":"unknown","siteStype":"","city":"Yohmor","province":"Nabatieh","country":"Lebanon","latitude":33.310629,"longitude":35.51883044,"source_1":"https://t.me/MTVLebanoNews/62666","source_2":"","sources":""}},{"type":"Feature","geometry":{"type":"Point","coordinates":[35.51862199983145,33.2765850002122]},"properties":{"event_id":1159,"data_org":"Green","post_date":"2026-04-07T00:00:00.000Z","pub_date":"2026-04-07T00:00:00.000Z","strikedate":"2026-04-07T00:00:00.000Z","time":"1899-12-30T00:00:00.000Z","event_type":"Reported Airstrike","actor":"Israel","site_type":"unknown","siteStype":"","city":"Taybeh","province":"Nabatieh","country":"Lebanon","latitude":33.276585,"longitude":35.518622,"source_1":"https://t.me/MTVLebanoNews/62670","source_2":"","sources":""}},{"type":"Feature","geometry":{"type":"Point","coordinates":[35.33918450009393,33.236888999854244]},"properties":{"event_id":1160,"data_org":"Green","post_date":"2026-04-07T00:00:00.000Z","pub_date":"2026-04-07T00:00:00.000Z","strikedate":"2026-04-07T00:00:00.000Z","time":"1899-12-30T00:00:00.000Z","event_type":"Reported Airstrike","actor":"Israel","site_type":"unknown","siteStype":"","city":"Jouaiyya","province":"South","country":"Lebanon","latitude":33.236889,"longitude":35.3391845,"source_1":"https://t.me/MTVLebanoNews/62676","source_2":"","sources":""}},{"type":"Feature","geometry":{"type":"Point","coordinates":[35.342976839575456,33.1674620003036]},"properties":{"event_id":1161,"data_org":"Green","post_date":"2026-04-07T00:00:00.000Z","pub_date":"2026-04-07T00:00:00.000Z","strikedate":"2026-04-07T00:00:00.000Z","time":"1899-12-30T00:00:00.000Z","event_type":"Reported Airstrike","actor":"Israel","site_type":"unknown","siteStype":"","city":"Kafra","province":"Nabatieh","country":"Lebanon","latitude":33.167462,"longitude":35.34297684,"source_1":"https://t.me/MTVLebanoNews/62680","source_2":"","sources":""}},{"type":"Feature","geometry":{"type":"Point","coordinates":[35.309445210267775,33.18954499978273]},"properties":{"event_id":1162,"data_org":"Green","post_date":"2026-04-07T00:00:00.000Z","pub_date":"2026-04-07T00:00:00.000Z","strikedate":"2026-04-07T00:00:00.000Z","time":"1899-12-30T00:00:00.000Z","event_type":"Reported Airstrike","actor":"Israel","site_type":"unknown","siteStype":"","city":"Seddiqine","province":"South","country":"Lebanon","latitude":33.189545,"longitude":35.30944521,"source_1":"https://t.me/MTVLebanoNews/62681","source_2":"","sources":""}},{"type":"Feature","geometry":{"type":"Point","coordinates":[35.3760957702652,33.174648000098216]},"properties":{"event_id":1163,"data_org":"Green","post_date":"2026-04-07T00:00:00.000Z","pub_date":"2026-04-07T00:00:00.000Z","strikedate":"2026-04-07T00:00:00.000Z","time":"1899-12-30T00:00:00.000Z","event_type":"Reported Airstrike","actor":"Israel","site_type":"unknown","siteStype":"","city":"Haris","province":"South","country":"Lebanon","latitude":33.174648,"longitude":35.37609577,"source_1":"https://t.me/MTVLebanoNews/62685","source_2":"","sources":""}},{"type":"Feature","geometry":{"type":"Point","coordinates":[35.5101379500638,33.47162999993295]},"properties":{"event_id":1164,"data_org":"Green","post_date":"2026-04-07T00:00:00.000Z","pub_date":"2026-04-07T00:00:00.000Z","strikedate":"2026-04-07T00:00:00.000Z","time":"1899-12-30T00:00:00.000Z","event_type":"Reported Airstrike","actor":"Israel","site_type":"unknown","siteStype":"","city":"Ain Qana","province":"Nabatieh","country":"Lebanon","latitude":33.47163,"longitude":35.51013795,"source_1":"https://t.me/MTVLebanoNews/62702","source_2":"","sources":""}},{"type":"Feature","geometry":{"type":"Point","coordinates":[35.38368589032395,33.3415710002648]},"properties":{"event_id":1165,"data_org":"Green","post_date":"2026-04-07T00:00:00.000Z","pub_date":"2026-04-07T00:00:00.000Z","strikedate":"2026-04-07T00:00:00.000Z","time":"1899-12-30T00:00:00.000Z","event_type":"Reported Airstrike","actor":"Israel","site_type":"unknown","siteStype":"","city":"Buraqa","province":"Nabatieh","country":"Lebanon","latitude":33.341571,"longitude":35.38368589,"source_1":"https://t.me/MTVLebanoNews/62717","source_2":"https://t.me/MTVLebanoNews/62740","sources":""}},{"type":"Feature","geometry":{"type":"Point","coordinates":[35.3760957702652,33.174648000098216]},"properties":{"event_id":1166,"data_org":"Green","post_date":"2026-04-07T00:00:00.000Z","pub_date":"2026-04-07T00:00:00.000Z","strikedate":"2026-04-07T00:00:00.000Z","time":"1899-12-30T00:00:00.000Z","event_type":"Reported Airstrike","actor":"Israel","site_type":"unknown","siteStype":"","city":"Haris","province":"South","country":"Lebanon","latitude":33.174648,"longitude":35.37609577,"source_1":"https://t.me/MTVLebanoNews/62731","source_2":"","sources":""}},{"type":"Feature","geometry":{"type":"Point","coordinates":[35.6543743302842,33.53134300026887]},"properties":{"event_id":1167,"data_org":"Green","post_date":"2026-04-07T00:00:00.000Z","pub_date":"2026-04-07T00:00:00.000Z","strikedate":"2026-04-07T00:00:00.000Z","time":"1899-12-30T00:00:00.000Z","event_type":"Reported Airstrike","actor":"Israel","site_type":"unknown","siteStype":"","city":"Machgharah","province":"Beqaa","country":"Lebanon","latitude":33.531343,"longitude":35.65437433,"source_1":"https://t.me/MTVLebanoNews/62735","source_2":"","sources":""}},{"type":"Feature","geometry":{"type":"Point","coordinates":[35.28114252960019,33.30020300002982]},"properties":{"event_id":1168,"data_org":"Green","post_date":"2026-04-07T00:00:00.000Z","pub_date":"2026-04-07T00:00:00.000Z","strikedate":"2026-04-07T00:00:00.000Z","time":"1899-12-30T00:00:00.000Z","event_type":"Reported Airstrike","actor":"Israel","site_type":"unknown","siteStype":"","city":"Aabbasiyyeh","province":"South","country":"Lebanon","latitude":33.300203,"longitude":35.28114253,"source_1":"https://t.me/MTVLebanoNews/62753","source_2":"","sources":""}},{"type":"Feature","geometry":{"type":"Point","coordinates":[35.4318960003573,33.129208000312516]},"properties":{"event_id":1169,"data_org":"Green","post_date":"2026-04-07T00:00:00.000Z","pub_date":"2026-04-07T00:00:00.000Z","strikedate":"2026-04-07T00:00:00.000Z","time":"1899-12-30T00:00:00.000Z","event_type":"Confirmed Airstrike","actor":"Israel","site_type":"unknown","siteStype":"","city":"Aainata","province":"Nabatieh","country":"Lebanon","latitude":33.129208,"longitude":35.431896,"source_1":"https://x.com/netanyahu/status/2041464374917841327?s=20","source_2":"https://x.com/EndlessWint_r/status/2041470189405892865?s=20","sources":""}},{"type":"Feature","geometry":{"type":"Point","coordinates":[35.44034700020734,33.234305000024676]},"properties":{"event_id":1170,"data_org":"Green","post_date":"2026-04-07T00:00:00.000Z","pub_date":"2026-04-07T00:00:00.000Z","strikedate":"2026-04-07T00:00:00.000Z","time":"1899-12-30T00:00:00.000Z","event_type":"Reported Airstrike","actor":"Israel","site_type":"unknown","siteStype":"","city":"Souaneh","province":"Nabatieh","country":"Lebanon","latitude":33.234305,"longitude":35.440347,"source_1":"https://t.me/MTVLebanoNews/62762","source_2":"","sources":""}},{"type":"Feature","geometry":{"type":"Point","coordinates":[35.47726999968128,33.326331000243286]},"properties":{"event_id":1171,"data_org":"Green","post_date":"2026-04-07T00:00:00.000Z","pub_date":"2026-04-07T00:00:00.000Z","strikedate":"2026-04-07T00:00:00.000Z","time":"1899-12-30T00:00:00.000Z","event_type":"Reported Airstrike","actor":"Israel","site_type":"unknown","siteStype":"","city":"Zawtar al Charqiyeh","province":"Nabatieh","country":"Lebanon","latitude":33.326331,"longitude":35.47727,"source_1":"https://t.me/MTVLebanoNews/62776","source_2":"","sources":""}},{"type":"Feature","geometry":{"type":"Point","coordinates":[35.49652002036257,33.38613943967583]},"properties":{"event_id":1172,"data_org":"Green","post_date":"2026-04-07T00:00:00.000Z","pub_date":"2026-04-07T00:00:00.000Z","strikedate":"2026-04-07T00:00:00.000Z","time":"1899-12-30T00:00:00.000Z","event_type":"Reported Airstrike","actor":"Israel","site_type":"unknown","siteStype":"","city":"Kfar Roummane","province":"Nabatieh","country":"Lebanon","latitude":33.38613944,"longitude":35.49652002,"source_1":"https://t.me/MTVLebanoNews/62790","source_2":"","sources":""}},{"type":"Feature","geometry":{"type":"Point","coordinates":[35.60488899972129,33.33932400026007]},"properties":{"event_id":1173,"data_org":"Green","post_date":"2026-04-07T00:00:00.000Z","pub_date":"2026-04-07T00:00:00.000Z","strikedate":"2026-04-07T00:00:00.000Z","time":"1899-12-30T00:00:00.000Z","event_type":"Reported Airstrike","actor":"Israel","site_type":"unknown","siteStype":"","city":"Khiam","province":"Nabatieh","country":"Lebanon","latitude":33.339324,"longitude":35.604889,"source_1":"https://t.me/MTVLebanoNews/62791","source_2":"","sources":""}},{"type":"Feature","geometry":{"type":"Point","coordinates":[35.27844400036817,33.28423399998788]},"properties":{"event_id":1174,"data_org":"Green","post_date":"2026-04-07T00:00:00.000Z","pub_date":"2026-04-07T00:00:00.000Z","strikedate":"2026-04-07T00:00:00.000Z","time":"1899-12-30T00:00:00.000Z","event_type":"Reported Airstrike","actor":"Israel","site_type":"unknown","siteStype":"","city":"Tayr Dibba","province":"South","country":"Lebanon","latitude":33.284234,"longitude":35.278444,"source_1":"https://t.me/MTVLebanoNews/62791","source_2":"","sources":""}},{"type":"Feature","geometry":{"type":"Point","coordinates":[35.61480599980935,33.33020100011496]},"properties":{"event_id":1175,"data_org":"Green","post_date":"2026-04-07T00:00:00.000Z","pub_date":"2026-04-07T00:00:00.000Z","strikedate":"2026-04-07T00:00:00.000Z","time":"1899-12-30T00:00:00.000Z","event_type":"Reported Airstrike","actor":"Israel","site_type":"unknown","siteStype":"","city":"Khiam","province":"Nabatieh","country":"Lebanon","latitude":33.330201,"longitude":35.614806,"source_1":"https://t.me/MTVLebanoNews/62795","source_2":"","sources":""}},{"type":"Feature","geometry":{"type":"Point","coordinates":[35.369289999823735,33.564587999769614]},"properties":{"event_id":1193,"data_org":"Green","post_date":"2026-04-07T00:00:00.000Z","pub_date":"2026-04-08T00:00:00.000Z","strikedate":"2026-04-07T00:00:00.000Z","time":"1899-12-30T00:00:00.000Z","event_type":"Reported Airstrike","actor":"Israel","site_type":"unknown","siteStype":"","city":"Sidon","province":"South","country":"Lebanon","latitude":33.564588,"longitude":35.36929,"source_1":"https://x.com/ariel_oseran/status/2041644422262087905?s=20","source_2":"","sources":""}},{"type":"Feature","geometry":{"type":"Point","coordinates":[35.39706400038705,33.28172500037473]},"properties":{"event_id":1177,"data_org":"Green","post_date":"2026-04-08T00:00:00.000Z","pub_date":"2026-04-08T00:00:00.000Z","strikedate":"2026-04-08T00:00:00.000Z","time":"1899-12-30T00:00:00.000Z","event_type":"Report of Explosion with Footage","actor":"Israel","site_type":"unknown","siteStype":"","city":"Srifa","province":"Nabatieh","country":"Lebanon","latitude":33.281725,"longitude":35.397064,"source_1":"https://x.com/FreyaGibson123/status/2041817022003064860","source_2":"https://x.com/BRICStracker/status/2041806692321722822","sources":""}},{"type":"Feature","geometry":{"type":"Point","coordinates":[35.49651999970131,33.87905999974254]},"properties":{"event_id":1178,"data_org":"Green","post_date":"2026-04-08T00:00:00.000Z","pub_date":"2026-04-08T00:00:00.000Z","strikedate":"2026-04-08T00:00:00.000Z","time":"1899-12-30T00:00:00.000Z","event_type":"Reported Airstrike","actor":"Israel","site_type":"unknown","siteStype":"","city":"Beirut","province":"Beirut","country":"Lebanon","latitude":33.87906,"longitude":35.49652,"source_1":"https://x.com/zarGEOINT/status/2041851058100568101","source_2":"https://x.com/MarioLeb79/status/2041841601253663074","sources":"https://x.com/Shayan86/status/2041858188962681156?s=20"}},{"type":"Feature","geometry":{"type":"Point","coordinates":[35.530036000119686,33.781774999806224]},"properties":{"event_id":1180,"data_org":"Green","post_date":"2026-04-08T00:00:00.000Z","pub_date":"2026-04-08T00:00:00.000Z","strikedate":"2026-04-08T00:00:00.000Z","time":"1899-12-30T00:00:00.000Z","event_type":"Reported Airstrike","actor":"Israel","site_type":"unknown","siteStype":"","city":"Bechamoun","province":"Mount Lebanon","country":"Lebanon","latitude":33.781775,"longitude":35.530036,"source_1":"https://x.com/MarioLeb79/status/2041844488813912386","source_2":"","sources":""}},{"type":"Feature","geometry":{"type":"Point","coordinates":[35.37276571011708,33.558331550167495]},"properties":{"event_id":1182,"data_org":"Green","post_date":"2026-04-08T00:00:00.000Z","pub_date":"2026-04-08T00:00:00.000Z","strikedate":"2026-04-08T00:00:00.000Z","time":"1899-12-30T00:00:00.000Z","event_type":"Reported Airstrike","actor":"Israel","site_type":"unknown","siteStype":"","city":"Sidon","province":"South","country":"Lebanon","latitude":33.55833155,"longitude":35.37276571,"source_1":"https://x.com/MarioLeb79/status/2041850797713940857","source_2":"https://x.com/MarioLeb79/status/2041851097665429987","sources":""}},{"type":"Feature","geometry":{"type":"Point","coordinates":[35.252170100091064,33.328660499790345]},"properties":{"event_id":1183,"data_org":"Green","post_date":"2026-04-08T00:00:00.000Z","pub_date":"2026-04-08T00:00:00.000Z","strikedate":"2026-04-08T00:00:00.000Z","time":"1899-12-30T00:00:00.000Z","event_type":"Reported Airstrike","actor":"Israel","site_type":"unknown","siteStype":"","city":"Qasmiye","province":"South","country":"Lebanon","latitude":33.3286605,"longitude":35.2521701,"source_1":"https://x.com/MarioLeb79/status/2041785674605465867","source_2":"https://x.com/IranIntl/status/2041865619436408996?s=20","sources":"https://t.me/MTVLebanoNews/63005"}},{"type":"Feature","geometry":{"type":"Point","coordinates":[35.28586199962522,33.29717199988752]},"properties":{"event_id":1195,"data_org":"Green","post_date":"2026-04-08T00:00:00.000Z","pub_date":"2026-04-08T00:00:00.000Z","strikedate":"2026-04-08T00:00:00.000Z","time":"1899-12-30T00:00:00.000Z","event_type":"Reported Airstrike","actor":"Israel","site_type":"civilian","siteStype":"civilian : building","city":"Abbasiye","province":"South","country":"Lebanon","latitude":33.297172,"longitude":35.285862,"source_1":"https://x.com/ariel_oseran/status/2041794449840218496?s=20","source_2":"","sources":""}},{"type":"Feature","geometry":{"type":"Point","coordinates":[35.252170100091064,33.328660499790345]},"properties":{"event_id":1184,"data_org":"Green","post_date":"2026-04-08T00:00:00.000Z","pub_date":"2026-04-08T00:00:00.000Z","strikedate":"2026-04-08T00:00:00.000Z","time":"1899-12-30T00:00:00.000Z","event_type":"Reported Airstrike","actor":"Israel","site_type":"unknown","siteStype":"","city":"Qasmiye","province":"South","country":"Lebanon","latitude":33.3286605,"longitude":35.2521701,"source_1":"https://x.com/MarioLeb79/status/2041810064768467121","source_2":"","sources":""}},{"type":"Feature","geometry":{"type":"Point","coordinates":[35.49990200043916,33.88272899970395]},"properties":{"event_id":1197,"data_org":"Green","post_date":"2026-04-08T00:00:00.000Z","pub_date":"2026-04-08T00:00:00.000Z","strikedate":"2026-04-08T00:00:00.000Z","time":"1899-12-30T00:00:00.000Z","event_type":"Confirmed Airstrike","actor":"Israel","site_type":"unknown","siteStype":"","city":"Beirut","province":"Beirut","country":"Lebanon","latitude":33.882729,"longitude":35.499902,"source_1":"https://x.com/ariel_oseran/status/2041868091676598475?s=20","source_2":"","sources":""}},{"type":"Feature","geometry":{"type":"Point","coordinates":[35.35077668032044,33.17459445006687]},"properties":{"event_id":1198,"data_org":"Green","post_date":"2026-04-07T00:00:00.000Z","pub_date":"2026-04-08T00:00:00.000Z","strikedate":"2026-04-07T00:00:00.000Z","time":"1899-12-30T00:00:00.000Z","event_type":"Reported Airstrike","actor":"Israel","site_type":"unknown","siteStype":"","city":"Kafra","province":"Nabatieh","country":"Lebanon","latitude":33.17459445,"longitude":35.35077668,"source_1":"https://t.me/MTVLebanoNews/62808","source_2":"","sources":""}},{"type":"Feature","geometry":{"type":"Point","coordinates":[35.310131850131604,33.19001155021928]},"properties":{"event_id":1199,"data_org":"Green","post_date":"2026-04-07T00:00:00.000Z","pub_date":"2026-04-08T00:00:00.000Z","strikedate":"2026-04-07T00:00:00.000Z","time":"1899-12-30T00:00:00.000Z","event_type":"Reported Airstrike","actor":"Israel","site_type":"unknown","siteStype":"","city":"Siddiqine","province":"South","country":"Lebanon","latitude":33.19001155,"longitude":35.31013185,"source_1":"https://t.me/MTVLebanoNews/62808","source_2":"","sources":""}},{"type":"Feature","geometry":{"type":"Point","coordinates":[35.305239999691764,33.22582199979444]},"properties":{"event_id":1200,"data_org":"Green","post_date":"2026-04-07T00:00:00.000Z","pub_date":"2026-04-08T00:00:00.000Z","strikedate":"2026-04-07T00:00:00.000Z","time":"1899-12-30T00:00:00.000Z","event_type":"Reported Airstrike","actor":"Israel","site_type":"unknown","siteStype":"","city":"Aitit","province":"South","country":"Lebanon","latitude":33.225822,"longitude":35.30524,"source_1":"https://t.me/MTVLebanoNews/62810","source_2":"","sources":""}},{"type":"Feature","geometry":{"type":"Point","coordinates":[35.305239999691764,33.22582199979444]},"properties":{"event_id":1201,"data_org":"Green","post_date":"2026-04-07T00:00:00.000Z","pub_date":"2026-04-08T00:00:00.000Z","strikedate":"2026-04-07T00:00:00.000Z","time":"1899-12-30T00:00:00.000Z","event_type":"Reported Airstrike","actor":"Israel","site_type":"unknown","siteStype":"","city":"Aitit","province":"South","country":"Lebanon","latitude":33.225822,"longitude":35.30524,"source_1":"https://t.me/MTVLebanoNews/62820","source_2":"","sources":""}},{"type":"Feature","geometry":{"type":"Point","coordinates":[35.48957400044736,33.9015119999198]},"properties":{"event_id":1202,"data_org":"Green","post_date":"2026-04-08T00:00:00.000Z","pub_date":"2026-04-08T00:00:00.000Z","strikedate":"2026-04-08T00:00:00.000Z","time":"1899-12-30T00:00:00.000Z","event_type":"Reported Airstrike","actor":"Israel","site_type":"unknown","siteStype":"","city":"Beirut","province":"Beirut","country":"Lebanon","latitude":33.901512,"longitude":35.489574,"source_1":"https://x.com/WillUnderhill23/status/2041862325339087025","source_2":"","sources":""}},{"type":"Feature","geometry":{"type":"Point","coordinates":[35.43018999991976,33.26703089980676]},"properties":{"event_id":1203,"data_org":"Green","post_date":"2026-04-07T00:00:00.000Z","pub_date":"2026-04-08T00:00:00.000Z","strikedate":"2026-04-07T00:00:00.000Z","time":"1899-12-30T00:00:00.000Z","event_type":"Reported Airstrike","actor":"Israel","site_type":"unknown","siteStype":"","city":"Borj Qalaouiye","province":"Nabatieh","country":"Lebanon","latitude":33.2670309,"longitude":35.43019,"source_1":"https://t.me/MTVLebanoNews/62820","source_2":"","sources":""}},{"type":"Feature","geometry":{"type":"Point","coordinates":[35.43724582001382,33.12195800007302]},"properties":{"event_id":1204,"data_org":"Green","post_date":"2026-04-07T00:00:00.000Z","pub_date":"2026-04-08T00:00:00.000Z","strikedate":"2026-04-07T00:00:00.000Z","time":"1899-12-30T00:00:00.000Z","event_type":"Reported Airstrike","actor":"Israel","site_type":"unknown","siteStype":"","city":"Bint Jbeil","province":"Nabatieh","country":"Lebanon","latitude":33.121958,"longitude":35.43724582,"source_1":"https://t.me/MTVLebanoNews/62820","source_2":"","sources":""}},{"type":"Feature","geometry":{"type":"Point","coordinates":[35.26484219991786,33.19627040014245]},"properties":{"event_id":1205,"data_org":"Green","post_date":"2026-04-07T00:00:00.000Z","pub_date":"2026-04-08T00:00:00.000Z","strikedate":"2026-04-07T00:00:00.000Z","time":"1899-12-30T00:00:00.000Z","event_type":"Reported Airstrike","actor":"Israel","site_type":"","siteStype":"","city":"Chaaitiyeh","province":"South","country":"Lebanon","latitude":33.1962704,"longitude":35.2648422,"source_1":"https://t.me/MTVLebanoNews/62836","source_2":"","sources":""}},{"type":"Feature","geometry":{"type":"Point","coordinates":[35.36779766996473,33.26152096026066]},"properties":{"event_id":1206,"data_org":"Green","post_date":"2026-04-07T00:00:00.000Z","pub_date":"2026-04-08T00:00:00.000Z","strikedate":"2026-04-07T00:00:00.000Z","time":"1899-12-30T00:00:00.000Z","event_type":"Reported Airstrike","actor":"Israel","site_type":"unknown","siteStype":"","city":"Bafliyeh","province":"South","country":"Lebanon","latitude":33.26152096,"longitude":35.36779767,"source_1":"https://t.me/MTVLebanoNews/62837","source_2":"","sources":""}},{"type":"Feature","geometry":{"type":"Point","coordinates":[35.49651999970131,33.87905999974254]},"properties":{"event_id":1207,"data_org":"Green","post_date":"2026-04-08T00:00:00.000Z","pub_date":"2026-04-08T00:00:00.000Z","strikedate":"2026-04-08T00:00:00.000Z","time":"1899-12-30T00:00:00.000Z","event_type":"Reported Airstrike","actor":"Israel","site_type":"unknown","siteStype":"","city":"Beirut","province":"Beirut","country":"Lebanon","latitude":33.87906,"longitude":35.49652,"source_1":"https://x.com/zarGEOINT/status/2041855045977714722","source_2":"","sources":""}},{"type":"Feature","geometry":{"type":"Point","coordinates":[35.22915511967979,33.19777928974292]},"properties":{"event_id":1208,"data_org":"Green","post_date":"2026-04-07T00:00:00.000Z","pub_date":"2026-04-08T00:00:00.000Z","strikedate":"2026-04-07T00:00:00.000Z","time":"1899-12-30T00:00:00.000Z","event_type":"Reported Airstrike","actor":"Israel","site_type":"","siteStype":"","city":"Qalila","province":"South","country":"Lebanon","latitude":33.19777929,"longitude":35.22915512,"source_1":"https://t.me/MTVLebanoNews/62917","source_2":"","sources":""}},{"type":"Feature","geometry":{"type":"Point","coordinates":[35.51936952031872,33.3110714903561]},"properties":{"event_id":1209,"data_org":"Green","post_date":"2026-04-08T00:00:00.000Z","pub_date":"2026-04-08T00:00:00.000Z","strikedate":"2026-04-08T00:00:00.000Z","time":"1899-12-30T00:00:00.000Z","event_type":"Reported Airstrike","actor":"Israel","site_type":"unknown","siteStype":"","city":"Yohmor","province":"Beqaa","country":"Lebanon","latitude":33.31107149,"longitude":35.51936952,"source_1":"https://t.me/MTVLebanoNews/62926","source_2":"","sources":""}},{"type":"Feature","geometry":{"type":"Point","coordinates":[35.56755085012699,33.44439284013928]},"properties":{"event_id":1210,"data_org":"Green","post_date":"2026-04-08T00:00:00.000Z","pub_date":"2026-04-08T00:00:00.000Z","strikedate":"2026-04-08T00:00:00.000Z","time":"1899-12-30T00:00:00.000Z","event_type":"Reported Airstrike","actor":"Israel","site_type":"unknown","siteStype":"","city":"Rihan","province":"South","country":"Lebanon","latitude":33.44439284,"longitude":35.56755085,"source_1":"https://t.me/MTVLebanoNews/62928","source_2":"","sources":""}},{"type":"Feature","geometry":{"type":"Point","coordinates":[35.59919873025018,33.37183943002864]},"properties":{"event_id":1211,"data_org":"Green","post_date":"2026-04-08T00:00:00.000Z","pub_date":"2026-04-08T00:00:00.000Z","strikedate":"2026-04-08T00:00:00.000Z","time":"1899-12-30T00:00:00.000Z","event_type":"Reported Airstrike","actor":"Israel","site_type":"unknown","siteStype":"","city":"Dibbine","province":"Nabatieh","country":"Lebanon","latitude":33.37183943,"longitude":35.59919873,"source_1":"https://t.me/MTVLebanoNews/62933","source_2":"","sources":""}},{"type":"Feature","geometry":{"type":"Point","coordinates":[35.49640000005071,33.87941999982898]},"properties":{"event_id":1212,"data_org":"Green","post_date":"2026-04-08T00:00:00.000Z","pub_date":"2026-04-08T00:00:00.000Z","strikedate":"2026-04-08T00:00:00.000Z","time":"1899-12-30T00:00:00.000Z","event_type":"Reported Airstrike","actor":"Israel","site_type":"unknown","siteStype":"","city":"Beirut","province":"Beirut","country":"Lebanon","latitude":33.87942,"longitude":35.4964,"source_1":"https://x.com/zarGEOINT/status/2041871619270869465","source_2":"https://x.com/hey_itsmyturn/status/2041856331875750150","sources":""}},{"type":"Feature","geometry":{"type":"Point","coordinates":[35.46448845001859,33.22159407007985]},"properties":{"event_id":1213,"data_org":"Green","post_date":"2026-04-08T00:00:00.000Z","pub_date":"2026-04-08T00:00:00.000Z","strikedate":"2026-04-08T00:00:00.000Z","time":"1899-12-30T00:00:00.000Z","event_type":"Reported Airstrike","actor":"Israel","site_type":"unknown","siteStype":"","city":"Majdal Salam","province":"Nabatieh","country":"Lebanon","latitude":33.22159407,"longitude":35.46448845,"source_1":"https://t.me/MTVLebanoNews/62935","source_2":"","sources":""}},{"type":"Feature","geometry":{"type":"Point","coordinates":[35.43267625006363,33.199974439907336]},"properties":{"event_id":1215,"data_org":"Green","post_date":"2026-04-08T00:00:00.000Z","pub_date":"2026-04-08T00:00:00.000Z","strikedate":"2026-04-08T00:00:00.000Z","time":"1899-12-30T00:00:00.000Z","event_type":"Reported Airstrike","actor":"Israel","site_type":"unknown","siteStype":"","city":"Safad al Battikh","province":"Nabatieh","country":"Lebanon","latitude":33.19997444,"longitude":35.43267625,"source_1":"https://t.me/MTVLebanoNews/62970","source_2":"","sources":""}},{"type":"Feature","geometry":{"type":"Point","coordinates":[35.601505620069474,33.38695062004993]},"properties":{"event_id":1216,"data_org":"Green","post_date":"2026-04-08T00:00:00.000Z","pub_date":"2026-04-08T00:00:00.000Z","strikedate":"2026-04-08T00:00:00.000Z","time":"1899-12-30T00:00:00.000Z","event_type":"Reported Airstrike","actor":"Israel","site_type":"unknown","siteStype":"","city":"Balat","province":"Nabatieh","country":"Lebanon","latitude":33.38695062,"longitude":35.60150562,"source_1":"https://t.me/MTVLebanoNews/62984","source_2":"","sources":""}},{"type":"Feature","geometry":{"type":"Point","coordinates":[35.206313150300666,33.178596150309005]},"properties":{"event_id":1217,"data_org":"Green","post_date":"2026-04-08T00:00:00.000Z","pub_date":"2026-04-08T00:00:00.000Z","strikedate":"2026-04-08T00:00:00.000Z","time":"1899-12-30T00:00:00.000Z","event_type":"Reported Airstrike","actor":"Israel","site_type":"unknown","siteStype":"","city":"Mansouri","province":"South","country":"Lebanon","latitude":33.17859615,"longitude":35.20631315,"source_1":"https://t.me/MTVLebanoNews/63013","source_2":"","sources":""}},{"type":"Feature","geometry":{"type":"Point","coordinates":[35.559168999892584,33.780840000327416]},"properties":{"event_id":1218,"data_org":"Green","post_date":"2026-04-08T00:00:00.000Z","pub_date":"2026-04-08T00:00:00.000Z","strikedate":"2026-04-08T00:00:00.000Z","time":"1899-12-30T00:00:00.000Z","event_type":"Reported Airstrike","actor":"Israel","site_type":"unknown","siteStype":"","city":"Kaifun","province":"Mount Lebanon","country":"Lebanon","latitude":33.78084,"longitude":35.559169,"source_1":"https://t.me/MTVLebanoNews/63030","source_2":"","sources":""}},{"type":"Feature","geometry":{"type":"Point","coordinates":[35.49662000015874,33.879500000221995]},"properties":{"event_id":1219,"data_org":"Green","post_date":"2026-04-08T00:00:00.000Z","pub_date":"2026-04-08T00:00:00.000Z","strikedate":"2026-04-08T00:00:00.000Z","time":"1899-12-30T00:00:00.000Z","event_type":"Reported Airstrike","actor":"Israel","site_type":"unknown","siteStype":"","city":"Beirut","province":"Beirut","country":"Lebanon","latitude":33.8795,"longitude":35.49662,"source_1":"https://x.com/Alexandre_HRN/status/2041894913323733319?s=20","source_2":"https://t.me/bintjbeilnews/170815","sources":"https://t.me/bintjbeilnews/170812; https://x.com/isik5/status/2041896508740513919?s=20; https://x.com/zarGEOINT/status/2041851058100568101?s=20; https://x.com/zarGEOINT/status/2041855045977714722?s=20; https://x.com/zarGEOINT/status/2041871619270869465?s"}},{"type":"Feature","geometry":{"type":"Point","coordinates":[36.01854675966841,33.96409199972585]},"properties":{"event_id":1220,"data_org":"Green","post_date":"2026-04-08T00:00:00.000Z","pub_date":"2026-04-08T00:00:00.000Z","strikedate":"2026-04-08T00:00:00.000Z","time":"1899-12-30T00:00:00.000Z","event_type":"Reported Airstrike","actor":"Israel","site_type":"unknown","siteStype":"","city":"Chmistar","province":"Baalbek-Hermel","country":"Lebanon","latitude":33.964092,"longitude":36.01854676,"source_1":"https://t.me/MTVLebanoNews/63034","source_2":"","sources":""}},{"type":"Feature","geometry":{"type":"Point","coordinates":[35.273393650281285,33.40381733021277]},"properties":{"event_id":1221,"data_org":"Green","post_date":"2026-04-08T00:00:00.000Z","pub_date":"2026-04-08T00:00:00.000Z","strikedate":"2026-04-08T00:00:00.000Z","time":"1899-12-30T00:00:00.000Z","event_type":"Reported Airstrike","actor":"Israel","site_type":"unknown","siteStype":"","city":"Adloun","province":"South","country":"Lebanon","latitude":33.40381733,"longitude":35.27339365,"source_1":"https://t.me/MTVLebanoNews/63039","source_2":"","sources":""}},{"type":"Feature","geometry":{"type":"Point","coordinates":[35.500526469698805,33.878210000120646]},"properties":{"event_id":1222,"data_org":"Green","post_date":"2026-04-08T00:00:00.000Z","pub_date":"2026-04-08T00:00:00.000Z","strikedate":"2026-04-08T00:00:00.000Z","time":"1899-12-30T00:00:00.000Z","event_type":"Reported Airstrike","actor":"Israel","site_type":"unknown","siteStype":"","city":"Beirut","province":"Beirut","country":"Lebanon","latitude":33.87821,"longitude":35.50052647,"source_1":"https://x.com/MarioLeb79/status/2041874884737872279","source_2":"","sources":""}},{"type":"Feature","geometry":{"type":"Point","coordinates":[36.17338418999774,33.99163471989958]},"properties":{"event_id":1223,"data_org":"Green","post_date":"2026-04-08T00:00:00.000Z","pub_date":"2026-04-08T00:00:00.000Z","strikedate":"2026-04-08T00:00:00.000Z","time":"1899-12-30T00:00:00.000Z","event_type":"Reported Airstrike","actor":"Israel","site_type":"unknown","siteStype":"","city":"Douris","province":"Baalbek-Hermel","country":"Lebanon","latitude":33.99163472,"longitude":36.17338419,"source_1":"https://t.me/MTVLebanoNews/63055","source_2":"","sources":""}},{"type":"Feature","geometry":{"type":"Point","coordinates":[35.48759299965021,33.8829079999607]},"properties":{"event_id":1224,"data_org":"Green","post_date":"2026-04-08T00:00:00.000Z","pub_date":"2026-04-08T00:00:00.000Z","strikedate":"2026-04-08T00:00:00.000Z","time":"1899-12-30T00:00:00.000Z","event_type":"Reported Airstrike","actor":"Israel","site_type":"unknown","siteStype":"","city":"Beirut","province":"Beirut","country":"Lebanon","latitude":33.882908,"longitude":35.487593,"source_1":"https://x.com/MarioLeb79/status/2041910594727448894","source_2":"https://x.com/manniefabian/status/2041912167595717040?s=20","sources":""}},{"type":"Feature","geometry":{"type":"Point","coordinates":[35.20394361017683,33.271082900005275]},"properties":{"event_id":1225,"data_org":"Green","post_date":"2026-04-08T00:00:00.000Z","pub_date":"2026-04-08T00:00:00.000Z","strikedate":"2026-04-08T00:00:00.000Z","time":"1899-12-30T00:00:00.000Z","event_type":"Reported Airstrike","actor":"Israel","site_type":"unknown","siteStype":"","city":"Tyre","province":"South","country":"Lebanon","latitude":33.2710829,"longitude":35.20394361,"source_1":"https://t.me/MTVLebanoNews/63059","source_2":"","sources":""}},{"type":"Feature","geometry":{"type":"Point","coordinates":[35.31325807984682,33.29944060007082]},"properties":{"event_id":1226,"data_org":"Green","post_date":"2026-04-08T00:00:00.000Z","pub_date":"2026-04-08T00:00:00.000Z","strikedate":"2026-04-08T00:00:00.000Z","time":"1899-12-30T00:00:00.000Z","event_type":"Reported Airstrike","actor":"Israel","site_type":"unknown","siteStype":"","city":"Tyre","province":"South","country":"Lebanon","latitude":33.2994406,"longitude":35.31325808,"source_1":"https://t.me/MTVLebanoNews/63059","source_2":"","sources":""}},{"type":"Feature","geometry":{"type":"Point","coordinates":[35.479611000328546,33.50133400005448]},"properties":{"event_id":1227,"data_org":"Green","post_date":"2026-04-08T00:00:00.000Z","pub_date":"2026-04-08T00:00:00.000Z","strikedate":"2026-04-08T00:00:00.000Z","time":"1899-12-30T00:00:00.000Z","event_type":"Reported Airstrike","actor":"Israel","site_type":"unknown","siteStype":"","city":"Kfar Malki","province":"South","country":"Lebanon","latitude":33.501334,"longitude":35.479611,"source_1":"https://t.me/MTVLebanoNews/63090","source_2":"","sources":""}},{"type":"Feature","geometry":{"type":"Point","coordinates":[35.51318617007973,33.85049499969871]},"properties":{"event_id":1243,"data_org":"Green","post_date":"2026-04-08T00:00:00.000Z","pub_date":"2026-04-09T00:00:00.000Z","strikedate":"2026-04-08T00:00:00.000Z","time":"1899-12-30T00:00:00.000Z","event_type":"Reported Airstrike","actor":"Israel","site_type":"unknown","siteStype":"","city":"Beirut","province":"Beirut","country":"Lebanon","latitude":33.850495,"longitude":35.51318617,"source_1":"https://x.com/MarioLeb79/status/2041968098295664746","source_2":"","sources":""}},{"type":"Feature","geometry":{"type":"Point","coordinates":[35.51318617007973,33.85049499969871]},"properties":{"event_id":1244,"data_org":"Green","post_date":"2026-04-08T00:00:00.000Z","pub_date":"2026-04-09T00:00:00.000Z","strikedate":"2026-04-08T00:00:00.000Z","time":"1899-12-30T00:00:00.000Z","event_type":"Reported Airstrike","actor":"Israel","site_type":"unknown","siteStype":"","city":"Beirut","province":"Beirut","country":"Lebanon","latitude":33.850495,"longitude":35.51318617,"source_1":"https://x.com/MarioLeb79/status/2042005411385983144","source_2":"https://x.com/MarioLeb79/status/2042010271045009904","sources":""}}],"fileName":"Israeli Strikes in Lebanon Evening of May 01, 2026"}