{"type":"FeatureCollection","features":[{"type":"Feature","geometry":{"bbox":[34.230012668550685,51.25402959076314,34.360608115185904,51.26496437734554],"type":"Polygon","coordinates":[[[34.31928724871759,51.27351676360232,0],[34.32502808541583,51.267863786136594,0],[34.32567591467327,51.267292525095144,0],[34.326241403314825,51.2669445265407,0],[34.326968278722624,51.2665907626277,0],[34.330447737095035,51.26513298079916,0],[34.33368261525116,51.2637517119156,0],[34.333682667484176,51.2637517065269,0],[34.34545445099926,51.2587248957182,0],[34.34915894585189,51.25714288075586,0],[34.35193104924615,51.255901473310935,0],[34.35301536686257,51.255587356332,0],[34.35366854229431,51.2554568724178,0],[34.35395518348021,51.25546597885547,0],[34.35412230483129,51.25557056861803,0],[34.354286086041895,51.255673071283965,0],[34.35440874484517,51.25575513109995,0],[34.354691340739905,51.25514843995526,0],[34.35503016715887,51.25509554641297,0],[34.35495230773985,51.25504035081415,0],[34.353770890795424,51.25431883440146,0],[34.352332239716574,51.25335759504478,0],[34.35071494328175,51.25212002864825,0],[34.34913894010203,51.25112464723839,0],[34.34892822614838,51.25092008043651,0],[34.34886782763184,51.25079943626822,0],[34.34874025631117,51.25071525721493,0],[34.34842909516728,51.25057608708307,0],[34.348262241422226,51.250498917557955,0],[34.34808192382574,51.250415518395975,0],[34.346172630614916,51.249102737660394,0],[34.34559285740253,51.24871418878177,0],[34.34498942103728,51.2483097759693,0],[34.34431720664268,51.24787852789681,0],[34.34383613198943,51.24756642409894,0],[34.3432107645933,51.24718102637172,0],[34.342554599516454,51.24671389651501,0],[34.34229866544362,51.24651697440988,0],[34.341042522383475,51.24575336029795,0],[34.33980998987435,51.24501801497683,0],[34.33842587541037,51.24415234123477,0],[34.33748124844742,51.2435385877715,0],[34.336706241695154,51.24308705769573,0],[34.33629368247385,51.24278127641855,0],[34.336054642927635,51.242577011265084,0],[34.33577054884534,51.24238753667724,0],[34.33545937892734,51.242244762531854,0],[34.33491548830307,51.24191906349182,0],[34.33435816948052,51.241522137099984,0],[34.33285977395095,51.240432861467546,0],[34.332129200316004,51.239941537748734,0],[34.33175978264241,51.23974945478728,0],[34.331507023575384,51.23965953908367,0],[34.33104397456587,51.23957201629031,0],[34.330580305710605,51.239512158372776,0],[34.32931770189736,51.23943133629821,0],[34.3283768281998,51.23933495147583,0],[34.3277972853583,51.23928204715864,0],[34.32725512378278,51.23921087210657,0],[34.326278249171665,51.2391803104265,0],[34.32394321067316,51.23904020055974,0],[34.323581888664066,51.23899670213901,0],[34.323314779907065,51.238934294995666,0],[34.323057485910105,51.23888367102855,0],[34.32279140142294,51.23885693798574,0],[34.320353896714714,51.238777397905665,0],[34.31913937095631,51.238719716237185,0],[34.31745814668454,51.23857805378841,0],[34.31395686102007,51.23840922929342,0],[34.310133706374614,51.23824985706194,0],[34.307145329760225,51.238122675628766,0],[34.305958748706296,51.23804669939476,0],[34.305653676333854,51.23822200470173,0],[34.3052222069962,51.2384445182236,0],[34.304588247409114,51.23874423332263,0],[34.302769351804876,51.23956391804709,0],[34.3003719095954,51.240636257286205,0],[34.29993460723694,51.24085524632303,0],[34.29942451666329,51.24111429887077,0],[34.29904852447336,51.24128978020612,0],[34.298742242279275,51.24151801639188,0],[34.298580723662056,51.24163758049517,0],[34.29839058437171,51.24175032361311,0],[34.297941593735345,51.241958728683485,0],[34.29755997797341,51.24213688349343,0],[34.2955860822123,51.24311520433314,0],[34.29207720617745,51.244781393893675,0],[34.28965058950791,51.24611673492091,0],[34.28808245515797,51.246976251814424,0],[34.28604391368223,51.24809787599653,0],[34.285395888943455,51.24851422132539,0],[34.2849784522274,51.24877100431906,0],[34.28457564105893,51.24900859052136,0],[34.284208866629605,51.24917916286515,0],[34.28370499151967,51.249327443935364,0],[34.28316986726728,51.24944275603224,0],[34.28267184470722,51.249529109009565,0],[34.281992430894114,51.249636478768366,0],[34.28140490140081,51.24977615142555,0],[34.28074196093925,51.24993091851844,0],[34.27986691216451,51.250092761602225,0],[34.2785097659449,51.25036930835054,0],[34.27688222741055,51.250739202066605,0],[34.27596963977576,51.250915700293156,0],[34.27519322612635,51.2510811900164,0],[34.27466721645579,51.25125346652966,0],[34.273960596709415,51.25147529027213,0],[34.27302147295307,51.25179005067918,0],[34.27286085607331,51.251857775807146,0],[34.27245990041318,51.25202683851345,0],[34.27225694369722,51.252112417205716,0],[34.27144640129814,51.25241624848056,0],[34.27086191925585,51.25262183706705,0],[34.27034656353418,51.25280310722149,0],[34.270294653873755,51.25282136655158,0],[34.26946044129007,51.253114786073276,0],[34.268271101978705,51.25354616517973,0],[34.2682702077499,51.2535464931431,0],[34.266566053869404,51.25417744632811,0],[34.26538750503764,51.254613695798724,0],[34.26416305553705,51.255036152892266,0],[34.26332299676344,51.25537355608581,0],[34.262433789778115,51.25580328424709,0],[34.26235860311976,51.25583961924582,0],[34.26071702308918,51.256564857089266,0],[34.26025478366577,51.25671615556989,0],[34.26020111066833,51.25673372494492,0],[34.25972489673754,51.256889596084896,0],[34.25960243955841,51.25698727336664,0],[34.25957066422856,51.257073266985735,0],[34.259310152603554,51.257082930841314,0],[34.25780929810499,51.25713860159505,0],[34.25777537071173,51.25859014553334,0],[34.25774094768718,51.259767783687074,0],[34.25761077934232,51.259813720087244,0],[34.25750282395027,51.259848123083145,0],[34.25726898213939,51.25974377531745,0],[34.25709832508015,51.25966762124803,0],[34.25645321580671,51.2600195059466,0],[34.25600156202222,51.259732213842845,0],[34.25585144122594,51.25978922145574,0],[34.25537316866384,51.259374697056224,0],[34.255051290133395,51.259460231340164,0],[34.25456393562595,51.25910857188852,0],[34.253804344589646,51.2594093548805,0],[34.25335970921852,51.25958542039025,0],[34.252679722116355,51.25984808599271,0],[34.252475990085095,51.25992678205499,0],[34.25238634174818,51.259963230106564,0],[34.251024524880236,51.26051688518327,0],[34.24933306714055,51.26116154715231,0],[34.248789472316005,51.261368719765514,0],[34.24715341484805,51.26198921831434,0],[34.24709925848946,51.26200975736447,0],[34.247013285476925,51.262042362990755,0],[34.24671751138293,51.262154535679414,0],[34.245580977355,51.262616306605096,0],[34.245544523329805,51.26263154348951,0],[34.245506325768076,51.262647508910725,0],[34.24512537477918,51.262806732893885,0],[34.24496501883836,51.26287581244981,0],[34.24472615174591,51.26297871407384,0],[34.24447527738151,51.263070795754885,0],[34.24438843369049,51.26310267159377,0],[34.24436567468641,51.26311102496855,0],[34.244041244018874,51.26316268055726,0],[34.24383873782584,51.263188000794585,0],[34.2436346915354,51.26321515095731,0],[34.2435266634063,51.263213742168844,0],[34.243333102764964,51.26321121722639,0],[34.243155950339776,51.26318097864441,0],[34.24291527964621,51.26311572716709,0],[34.24285430817817,51.263085931127705,0],[34.24273658675325,51.2630284033623,0],[34.242607920078896,51.26289772262579,0],[34.2424941026016,51.26273189589344,0],[34.24247174019671,51.26269931367286,0],[34.24221460096068,51.262445087424226,0],[34.24217740759704,51.26241723807881,0],[34.24201721840002,51.26229729122502,0],[34.24171284844264,51.2621898861319,0],[34.24133088668062,51.26215824991181,0],[34.241310496053075,51.262158977931506,0],[34.24130440134425,51.262159195647364,0],[34.241046750525875,51.26216839919746,0],[34.24074102035149,51.2622216043856,0],[34.240481933605906,51.26231713992879,0],[34.24023594965773,51.262476774645386,0],[34.24004114280851,51.26263586646348,0],[34.239875439672936,51.26281963257892,0],[34.239728300416644,51.26300933139683,0],[34.23969401992203,51.263053527548166,0],[34.23955549925632,51.26319061005678,0],[34.23929510662518,51.263361236841725,0],[34.23913591297368,51.263468598875896,0],[34.239103261245425,51.26348694636767,0],[34.238409574623994,51.263941485458936,0],[34.23807587507233,51.264012824509315,0],[34.2376266171604,51.264017574354526,0],[34.237461459278954,51.264010398006974,0],[34.23729630329485,51.264003221982314,0],[34.237209195794634,51.2639757592595,0],[34.23705534892518,51.26392725421489,0],[34.2367072081363,51.263884537991366,0],[34.236337566773805,51.26388844334658,0],[34.23600348090474,51.26394550294223,0],[34.23596687397182,51.26395484104054,0],[34.23565319500302,51.264034852945535,0],[34.23563800657321,51.26403781641492,0],[34.23664140775412,51.2640502471403,0],[34.23762214620004,51.264216777154765,0],[34.23831939984292,51.26434829844104,0],[34.23878363766137,51.26444047140571,0],[34.239201236404725,51.264557299669455,0],[34.23967975606263,51.2647044389757,0],[34.24038367094008,51.26496086769234,0],[34.24063864140521,51.2650386022839,0],[34.24114163029659,51.26516442122183,0],[34.24151291246118,51.26521540306879,0],[34.24768460444622,51.26582980407935,0],[34.24936021196107,51.26593535128419,0],[34.24964303652339,51.26595316712571,0],[34.25007910630822,51.265943254118554,0],[34.25057595411312,51.26591973983934,0],[34.251581485140214,51.265727034055644,0],[34.253035293356575,51.265426633818734,0],[34.253548000244805,51.26527525302462,0],[34.255767544973146,51.26461992454392,0],[34.25589710952902,51.26458166945125,0],[34.25669146987648,51.264299764122384,0],[34.257879890784146,51.26381682092423,0],[34.25805245661014,51.263729514996655,0],[34.25809719764307,51.26369013199939,0],[34.2582767142571,51.26355046826669,0],[34.258363809040034,51.26338643629409,0],[34.25838098950777,51.263205387948815,0],[34.25826589792266,51.263023922278826,0],[34.25794759070934,51.2628704926282,0],[34.257408147097266,51.26269424094224,0],[34.25723724418811,51.26265404213535,0],[34.25691275133095,51.26254561376593,0],[34.25669305420802,51.26233928680516,0],[34.2566353540581,51.26221291882328,0],[34.25665458594344,51.262092568159446,0],[34.25680162390202,51.261962796649954,0],[34.25708842907725,51.261705439037684,0],[34.257484201503374,51.26131161486425,0],[34.25774657862308,51.2611698182717,0],[34.25789895664709,51.261087465643676,0],[34.258362862507234,51.26098663674371,0],[34.25853285083218,51.26094968638029,0],[34.258616030011375,51.26093159979591,0],[34.25879033274302,51.2608937144889,0],[34.25888427675017,51.26088692972929,0],[34.25914226047206,51.26082050460677,0],[34.259285656270706,51.260783584326624,0],[34.25944733793845,51.26072610658575,0],[34.2595981238738,51.260670011712726,0],[34.25998155682753,51.26042905995367,0],[34.2600576587983,51.26027580314548,0],[34.26010192114771,51.26018665462194,0],[34.25997930276309,51.25968830442493,0],[34.25989965156966,51.259477732471176,0],[34.25989468386713,51.259265025418046,0],[34.25994176331137,51.259038026473704,0],[34.260118517913206,51.25881191310158,0],[34.26067588456896,51.258413179700334,0],[34.26082922255574,51.257981576073576,0],[34.26091307267983,51.25740746378002,0],[34.2609115119347,51.25714330362037,0],[34.260909206104934,51.256753601480995,0],[34.260928622081934,51.256668194889556,0],[34.260995817266114,51.2565321138802,0],[34.261068050246536,51.25651204664106,0],[34.26108931170788,51.25651694762629,0],[34.26124467273943,51.256516839709015,0],[34.26191652933396,51.25651637613753,0],[34.26235904782604,51.25651606825542,0],[34.262529266332095,51.2565202868695,0],[34.26296651455281,51.25653780210844,0],[34.26326066312407,51.25655152809183,0],[34.26347671518851,51.25654887377759,0],[34.26366655729435,51.25648827021146,0],[34.263760199762125,51.256403761887526,0],[34.263866404410415,51.25631139693985,0],[34.26535911809992,51.25501313470308,0],[34.26556313221517,51.254889457455135,0],[34.26599964005517,51.25474587575862,0],[34.26609212589685,51.25472041090286,0],[34.26641290833592,51.254643535331375,0],[34.26648442789561,51.25463480630341,0],[34.26680385964704,51.25459580804171,0],[34.26766891701214,51.254490192936444,0],[34.26945652435014,51.254271943102815,0],[34.26983748388917,51.25422688690173,0],[34.27175079797255,51.254042563971204,0],[34.27262645258004,51.253979883186325,0],[34.27453052269984,51.253915567141654,0],[34.27588217887711,51.25396916568021,0],[34.2759949601955,51.25397924524391,0],[34.27603999606304,51.25398326897014,0],[34.27666572268707,51.2540391625664,0],[34.277182946231676,51.254085364377374,0],[34.27780019346906,51.254156006923594,0],[34.27817064903124,51.25420270788833,0],[34.278455301510654,51.25424319493266,0],[34.278809269326786,51.25432434551693,0],[34.27896134810243,51.25436785649848,0],[34.27900087955045,51.25437916616677,0],[34.27921835835824,51.25447089108553,0],[34.27936394394354,51.25454046903018,0],[34.27940826749685,51.254561652462044,0],[34.27945881581569,51.25459772841987,0],[34.27960235875533,51.25470017781086,0],[34.27997507112483,51.254967601846054,0],[34.28023632742478,51.255209201993274,0],[34.2804919694362,51.25549960127501,0],[34.28100153745514,51.25617136909166,0],[34.283253302539194,51.25968384597261,0],[34.284934857405936,51.26278338369431,0],[34.28501736100024,51.26294880592157,0],[34.28567009858681,51.26425752096004,0],[34.28567335493869,51.264264049384956,0],[34.28595524914235,51.264829221681474,0],[34.28745889181402,51.26784378101614,0],[34.28754328232291,51.267939732926656,0],[34.2878533286133,51.2682922612035,0],[34.28810802337581,51.268481253744156,0],[34.28821871166936,51.26856338923336,0],[34.288540820071354,51.26871657680328,0],[34.28876822014184,51.26882472328868,0],[34.28896450813205,51.268918074088134,0],[34.289453909107486,51.269108496206016,0],[34.290193744634784,51.269371322697786,0],[34.290193801883,51.269371342548624,0],[34.29026925876859,51.26939814988685,0],[34.290344772992945,51.26942497702768,0],[34.29066001152287,51.269518815447256,0],[34.29072397393729,51.269511650309006,0],[34.29120070452966,51.26960510898713,0],[34.2953846673234,51.27042532282707,0],[34.296053241193775,51.27056058267802,0],[34.29932287929985,51.27122206396371,0],[34.29987996558217,51.2712806625943,0],[34.30259447898313,51.27156615854824,0],[34.30367345031764,51.27172091970673,0],[34.304564116026846,51.27186275061058,0],[34.30857645782261,51.27248274350877,0],[34.3108438603382,51.272833100663675,0],[34.311126466563515,51.27290773717484,0],[34.311255934221954,51.27294193030075,0],[34.31119674266913,51.27291893655536,0],[34.31397034203536,51.273360602730016,0],[34.314224075412554,51.27340100695183,0],[34.31555540133909,51.2736130002306,0],[34.31697910621304,51.27380745400197,0],[34.31778359065042,51.27385797137744,0],[34.31857153990516,51.27383432210395,0],[34.3189026751585,51.2737528289122,0],[34.31928724871759,51.27351676360232,0]]]},"properties":{"GlobalID":"{A9116220-0AE0-45AE-A55C-C806A4AE2B45}","Creator":"hhurwitz_understandingwar","EditDate":"2026-06-18T00:00:00.000Z","Editor":"dmealie_understandingwar","Shape__Are":14263188.7353,"Shape__Len":21712.9318985,"CreationDa":"2026-01-11T00:00:00.000Z"}},{"type":"Feature","geometry":{"bbox":[34.32931207760453,51.26050561097217,34.373153017537284,51.26720595997699],"type":"Polygon","coordinates":[[[34.373114809584706,51.2671384171933,0],[34.37222055587888,51.26665317742525,0],[34.37132630325758,51.26616793371991,0],[34.37110123194236,51.26604580380182,0],[34.36946417689214,51.26519654267391,0],[34.368461183066756,51.26462535823893,0],[34.36743537421923,51.26392357280198,0],[34.366487531054936,51.26329224678624,0],[34.36553513491672,51.262506313173354,0],[34.36434757335974,51.26146139869322,0],[34.363207558589544,51.260623660768836,0],[34.362126854128086,51.259878102415485,0],[34.36177646325254,51.25963637048166,0],[34.359285391802324,51.25810215990836,0],[34.356903997238575,51.25642387332531,0],[34.35503016668502,51.255095545574356,0],[34.3546913416876,51.25514844163242,0],[34.354408745319006,51.25575513193852,0],[34.35379836781844,51.25706549512464,0],[34.35358771205865,51.257517719571226,0],[34.3528396532695,51.258801802678384,0],[34.35246918863289,51.259437705499046,0],[34.351577734851524,51.26096785662169,0],[34.34939546006195,51.26305219064682,0],[34.34675374984169,51.264597418813956,0],[34.3451457508385,51.26531611193976,0],[34.34383478942418,51.26588901434156,0],[34.34152774667541,51.26689719731177,0],[34.33871374819416,51.26833450017134,0],[34.33538289297286,51.27005920417015,0],[34.33522090474897,51.27023847557148,0],[34.335085412799934,51.27047394666728,0],[34.33508541190461,51.27053987758174,0],[34.3351907978159,51.27090721107329,0],[34.33525101897735,51.27101081661365,0],[34.335371458087806,51.27123686619826,0],[34.33546178522698,51.27136872625484,0],[34.33561233489884,51.27151000560599,0],[34.33579299286833,51.271604190538014,0],[34.33612419508226,51.27178314320537,0],[34.33633496083648,51.2718584914547,0],[34.33677154329141,51.27195267449005,0],[34.33711780021468,51.272009184548615,0],[34.33773504026814,51.27203743782769,0],[34.33872864827085,51.27204685347859,0],[34.339812581040036,51.27204684872234,0],[34.34107716892155,51.2719903318672,0],[34.34154386141994,51.27194323732505,0],[34.3427331782784,51.2717925383287,0],[34.34339557748537,51.27154765010062,0],[34.34566881794092,51.270686416677684,0],[34.347056659783895,51.270171318233025,0],[34.348420981077915,51.26964149669504,0],[34.34959441793464,51.26930062603882,0],[34.34973825718728,51.26925884134918,0],[34.35093792101512,51.26872901163506,0],[34.352043485617976,51.26811086639747,0],[34.353501895196075,51.26755158311076,0],[34.35463099133527,51.267154196820165,0],[34.35580712893417,51.26672736508884,0],[34.3584652001807,51.26587369394853,0],[34.36117032536293,51.26544684714558,0],[34.3614393051675,51.26542110696002,0],[34.36316976835078,51.2652554986741,0],[34.364863412168134,51.26529964672924,0],[34.36716865549147,51.26546154282842,0],[34.36829741789431,51.26580303509944,0],[34.36930924217368,51.26610914613321,0],[34.371120504902905,51.26668314995102,0],[34.372179036797,51.26706581528164,0],[34.37283320462689,51.26727354542878,0],[34.373114809584706,51.2671384171933,0]]]},"properties":{"GlobalID":"{C58A96C4-E8DF-4120-ACBC-3C7C5B5A0A07}","Creator":"hhurwitz_understandingwar","EditDate":"2026-01-11T00:00:00.000Z","Editor":"hhurwitz_understandingwar","Shape__Are":1534821.74058,"Shape__Len":7124.29223378,"CreationDa":"2026-01-11T00:00:00.000Z"}},{"type":"Feature","geometry":{"bbox":[34.509368060970004,51.26054124909805,34.609094046034386,51.29105860474588],"type":"Polygon","coordinates":[[[34.5305912202728,51.29746735607524,0],[34.53082815643153,51.297978888068734,0],[34.53106509842737,51.298490417415486,0],[34.53142875718252,51.299275494279065,0],[34.533757081905705,51.30181495591401,0],[34.53438045269628,51.302494798421804,0],[34.53637301999702,51.304311091968216,0],[34.53795669135783,51.30485082615106,0],[34.540681462377535,51.305293923108266,0],[34.54341503305317,51.305053320380765,0],[34.55083228024675,51.30337772125958,0],[34.558457780824156,51.300390947450374,0],[34.565528460139994,51.297132002513905,0],[34.57154351057239,51.293732364550436,0],[34.57293429013695,51.292947167241465,0],[34.57327901801722,51.29275253484873,0],[34.57449361793414,51.292067983911465,0],[34.57525083279881,51.292523816627074,0],[34.578406153385565,51.29328306204851,0],[34.58201298167945,51.294064349892466,0],[34.5833875270385,51.29444892345841,0],[34.58471164206508,51.29461219127185,0],[34.58660267249597,51.294378884872806,0],[34.59109326434998,51.2936027099777,0],[34.595288970229014,51.292594845319925,0],[34.5979722569843,51.29195018015884,0],[34.598661043410445,51.29178471341926,0],[34.60478725761938,51.29029070236976,0],[34.60539164087776,51.2901900781591,0],[34.60585291077436,51.29012435126623,0],[34.605772411656936,51.28984861398828,0],[34.60549035956333,51.289487322241094,0],[34.60512355348189,51.28935485698649,0],[34.603459575281164,51.28893570558037,0],[34.59964770435982,51.28755277595717,0],[34.595504562695005,51.2861053911969,0],[34.59536768151048,51.286025229386496,0],[34.59321053286533,51.28476190918376,0],[34.59112594138335,51.282955733345354,0],[34.59082181598895,51.282484638539735,0],[34.59040169841462,51.28183386243468,0],[34.58976520696739,51.28068516139273,0],[34.588553108405954,51.27924151253194,0],[34.58837035073928,51.27902383797879,0],[34.584816335282646,51.27493601247502,0],[34.58405203155735,51.27403951223495,0],[34.57966631972044,51.26914967161874,0],[34.579712655281305,51.26807815762065,0],[34.57957162524066,51.26661984650557,0],[34.579668489741,51.26566016490529,0],[34.579708411707884,51.26465646504545,0],[34.5798218959021,51.263214781534884,0],[34.57988188366401,51.26209158227927,0],[34.580454130585785,51.260599471061546,0],[34.584028458460246,51.25294286063712,0],[34.585342106021166,51.25011916231582,0],[34.58529775468763,51.24989845185411,0],[34.585145758364966,51.249142115157845,0],[34.584907263454724,51.249066924312196,0],[34.58286923125691,51.24842441131867,0],[34.58086938267329,51.24787242747741,0],[34.57784515419974,51.24720804446523,0],[34.574466494399566,51.246676888740794,0],[34.57367255554601,51.24722146120841,0],[34.57303271518102,51.24774474692477,0],[34.572113430972934,51.248438105761956,0],[34.571387453690186,51.24917557848451,0],[34.5702279132293,51.25010438008746,0],[34.56898223178575,51.25124734620379,0],[34.56757722096959,51.2524426228073,0],[34.5674806436715,51.252718927290026,0],[34.56693754288884,51.25356257940477,0],[34.56505455664157,51.254914783037904,0],[34.56275871355149,51.255737323368194,0],[34.560462871574785,51.25655984507082,0],[34.558012763226415,51.256806943745005,0],[34.55626199215488,51.2567295912637,0],[34.55403848905125,51.25631213520028,0],[34.552220503603124,51.255970811975395,0],[34.549316994393784,51.25542567752028,0],[34.54888197591829,51.25537073575066,0],[34.54796462956595,51.25516557656524,0],[34.54712393061593,51.25500193339793,0],[34.546333904460596,51.25476323136109,0],[34.54574995263994,51.254537752726215,0],[34.545260962097686,51.25430836272752,0],[34.54493258452663,51.25418556702599,0],[34.54455441093006,51.25411000741094,0],[34.544398456830315,51.254121068914124,0],[34.544241318980724,51.25415829933511,0],[34.54416369046775,51.25420102694706,0],[34.54409980046794,51.254263222143365,0],[34.54400894259899,51.254351661022,0],[34.543914873164795,51.254514498575524,0],[34.54386749938839,51.254738790113976,0],[34.54400173856836,51.25497438050995,0],[34.544245632824705,51.25527943714174,0],[34.5446454097555,51.25569409343795,0],[34.54486250542326,51.25599512405506,0],[34.544875342766225,51.25648139283837,0],[34.5448814168195,51.256711456512775,0],[34.54488737077461,51.25693694594804,0],[34.543723375721456,51.25810330508245,0],[34.54175223466146,51.25838292101892,0],[34.53773109928555,51.25811977617442,0],[34.53697979123363,51.257994088733675,0],[34.536323174164764,51.25788423866492,0],[34.53507661931621,51.257675696798344,0],[34.534911558995326,51.25764939155482,0],[34.532336648757244,51.25730861174366,0],[34.530944939159056,51.257261188427826,0],[34.530269158542474,51.257431407401285,0],[34.52972246523158,51.25783953278647,0],[34.52962534529215,51.25816370267005,0],[34.5295710901038,51.25834480600868,0],[34.5296416465791,51.258537395502636,0],[34.52983033601205,51.25905241535704,0],[34.53215935055121,51.26009346120105,0],[34.53533948001885,51.26191901622977,0],[34.53815249248157,51.26444933835444,0],[34.54257991915149,51.269989640419254,0],[34.54381186571634,51.27377668852499,0],[34.54390185918715,51.2750229236068,0],[34.54391978684384,51.27527115754674,0],[34.5439932159175,51.27584548376421,0],[34.54401552407766,51.276019962256434,0],[34.544144886355056,51.27703173218626,0],[34.54429360121593,51.278113699328784,0],[34.54433273790508,51.278755034633484,0],[34.54404249648121,51.27955209430628,0],[34.543758022632254,51.27998980761397,0],[34.54375800447064,51.27998983778526,0],[34.543371821237706,51.28058404798229,0],[34.54299295267995,51.28089009647375,0],[34.541932713295616,51.28174653498035,0],[34.54188560501537,51.28177534410066,0],[34.54188556555935,51.281775366590345,0],[34.54147008646334,51.282217130170345,0],[34.54127451915599,51.28214905514882,0],[34.54103800875041,51.282293692413596,0],[34.540583239326786,51.28275910809842,0],[34.54059182270368,51.2831496901337,0],[34.54075182609309,51.283328964667206,0],[34.540937504394094,51.28345777869723,0],[34.541149978852076,51.28369622671399,0],[34.541277790133954,51.28396516230492,0],[34.54140773772829,51.28491572983067,0],[34.54135174838514,51.28529294373633,0],[34.54116634055442,51.285415200285044,0],[34.54092438216972,51.28556410782868,0],[34.54028730520956,51.285719159778566,0],[34.53974449564651,51.28582979893181,0],[34.539180111954295,51.28604244035828,0],[34.53896593610562,51.28615620080562,0],[34.53847528468022,51.2861485794031,0],[34.537874484897095,51.28600366713138,0],[34.53655711539932,51.285972249544315,0],[34.53587584516251,51.28617564504082,0],[34.535700084995916,51.28640270291666,0],[34.53560955077712,51.2865196601461,0],[34.535703366634884,51.28669250920638,0],[34.535768332802235,51.286812203728594,0],[34.536213605552256,51.286922031653596,0],[34.53671851147161,51.28729105113548,0],[34.538317491191606,51.28846572808929,0],[34.538676974286304,51.288729804966756,0],[34.539521073573596,51.289349876258136,0],[34.54051001164425,51.29012418463311,0],[34.54198843722326,51.29085007362443,0],[34.545216325800034,51.29181679679242,0],[34.54758005612196,51.293134614535205,0],[34.54896260966802,51.294722196986896,0],[34.549222644503054,51.2951317116222,0],[34.54953205929792,51.295618976057725,0],[34.5497377981656,51.295942970092895,0],[34.54970741476952,51.29607137247582,0],[34.54960883278866,51.29613619488097,0],[34.549388171706724,51.296280574313954,0],[34.548961505542295,51.29637138090079,0],[34.5469352238056,51.296834224453896,0],[34.54477638091473,51.297270605671955,0],[34.54264196863988,51.29770197954533,0],[34.5402669224656,51.29818198344567,0],[34.539548753162485,51.298327103956844,0],[34.53876588743914,51.298485299663625,0],[34.5350122253755,51.298867544093746,0],[34.533368460688116,51.29868206034116,0],[34.53220406186434,51.29834705110741,0],[34.53112121932033,51.29801847189982,0],[34.5305912202728,51.29746735607524,0]]]},"properties":{"GlobalID":"{B48AE54A-4ACE-472E-AF66-B6AC576CFD34}","Creator":"hhurwitz_understandingwar","EditDate":"2026-01-11T00:00:00.000Z","Editor":"hhurwitz_understandingwar","Shape__Are":16496753.7588,"Shape__Len":23573.2436073,"CreationDa":"2026-01-11T00:00:00.000Z"}},{"type":"Feature","geometry":{"bbox":[35.319127516467525,50.93523342872112,35.416917499339895,50.94922519954373],"type":"Polygon","coordinates":[[[35.34836888055885,50.955233937157665,0],[35.34857749524707,50.955152304913454,0],[35.35092117984325,50.95501498009401,0],[35.354009585213475,50.95473961885616,0],[35.354401455593226,50.95471695018419,0],[35.35657155830033,50.95457700101197,0],[35.356923666478046,50.95450225302517,0],[35.357186621851575,50.954368116064416,0],[35.35743406471041,50.95407248435352,0],[35.35777872890546,50.95370305813117,0],[35.35781475068113,50.953402342568275,0],[35.35761647561394,50.95297913385724,0],[35.357518452936866,50.95280326086871,0],[35.357055191100116,50.95236271499866,0],[35.35705611673126,50.95235535045578,0],[35.35676091174626,50.95213289674931,0],[35.35635384213547,50.95182614276066,0],[35.35700853740758,50.95154547620032,0],[35.35700887590568,50.951545389670144,0],[35.35764458381308,50.95127285838016,0],[35.35765101630073,50.95127009981333,0],[35.35765119671913,50.95127009652058,0],[35.357982374276304,50.95112811830132,0],[35.3588686765379,50.950748157719985,0],[35.360138567621554,50.95020374666501,0],[35.36216540658712,50.949334805728206,0],[35.365306080540975,50.9495395194848,0],[35.366183499830434,50.94959670810099,0],[35.36708949602796,50.94965576286154,0],[35.367605243603464,50.94968937874151,0],[35.36855343654717,50.949789101594796,0],[35.368985899774046,50.949855210087875,0],[35.36898594356742,50.949855222052996,0],[35.36898599150478,50.94985521233968,0],[35.37006579751542,50.950121357684566,0],[35.37428248931005,50.95116065152846,0],[35.37717728133972,50.95178575382781,0],[35.378078097218065,50.95182265770387,0],[35.37894734913978,50.951753572162694,0],[35.37954074470038,50.95159549992018,0],[35.382487508412645,50.95020683339457,0],[35.38283302011382,50.949895802433815,0],[35.383015984956955,50.94954654102354,0],[35.38359922339279,50.948433161121876,0],[35.38397514541904,50.94675750395035,0],[35.384061309848434,50.94637342792163,0],[35.38422891271076,50.94601242003139,0],[35.38441631231132,50.94560875507616,0],[35.384712860639254,50.944969984583,0],[35.385006404738064,50.9446886292055,0],[35.38559291209487,50.944427790017606,0],[35.3861189543607,50.94432552020479,0],[35.386835083857406,50.944343328770344,0],[35.387127465865795,50.94449345983778,0],[35.387131713736665,50.94449564078948,0],[35.38713964848699,50.944499715166025,0],[35.387243441365484,50.94534109142143,0],[35.38732456472044,50.94547403244295,0],[35.3884790914699,50.94657516674917,0],[35.38940252286746,50.94742614461148,0],[35.38946758938654,50.94749017896226,0],[35.3895030299899,50.947520272048216,0],[35.38953076869616,50.94753580552305,0],[35.38956774799512,50.94754939606833,0],[35.38964479591036,50.947565899785076,0],[35.38969718541282,50.94756978162169,0],[35.38974803695363,50.947570753052645,0],[35.38980043010389,50.94756201615222,0],[35.38987680752039,50.94753778441531,0],[35.389980651135694,50.94748404701895,0],[35.39002828277082,50.94746297502272,0],[35.39023117335162,50.947376904569744,0],[35.39048904170327,50.947267509505885,0],[35.390658113246396,50.94719578483408,0],[35.390658101517424,50.94719583273735,0],[35.39077527266371,50.94714612349767,0],[35.39083505081817,50.947120765639625,0],[35.39105742627585,50.94702642697686,0],[35.39107025713658,50.94702098244643,0],[35.39132358435477,50.946913513312644,0],[35.391323551610625,50.946913548907716,0],[35.39132427579771,50.946915795850465,0],[35.39137299532943,50.946920072656475,0],[35.391473975932804,50.94694037305409,0],[35.391482687036586,50.9469421287727,0],[35.39154862500144,50.946955384303045,0],[35.39170784099487,50.946985118913524,0],[35.39221797757736,50.94708039573195,0],[35.39248749365018,50.9471028456247,0],[35.39275195798198,50.94712487545184,0],[35.392846098543046,50.94712262447409,0],[35.392904139807875,50.947119490038325,0],[35.39290494904943,50.94711944582459,0],[35.39291013626248,50.947119166157,0],[35.39291077135906,50.94711913333385,0],[35.392932855577556,50.94711793734122,0],[35.392942408675985,50.947116923844796,0],[35.39294355675252,50.94711684857388,0],[35.39296608249024,50.94711445971618,0],[35.392975825654375,50.94711342279031,0],[35.39307783338637,50.94709702539483,0],[35.393099251299354,50.947093584632185,0],[35.39315311615597,50.947084922324386,0],[35.39318303462303,50.9470782884888,0],[35.39319319363521,50.947076033255144,0],[35.393396406781534,50.94703096915364,0],[35.39391070887591,50.94682528435198,0],[35.39420591787305,50.94664452618384,0],[35.39430249936585,50.94658539604685,0],[35.39433311946782,50.94656664612371,0],[35.39448980476978,50.94647070470862,0],[35.394560485546414,50.9464259409303,0],[35.394647361245354,50.9463709304039,0],[35.3947300739631,50.94631092976333,0],[35.39472995833148,50.94631093379587,0],[35.395222083878544,50.945904074504526,0],[35.39523499650448,50.94589339757307,0],[35.39524062262745,50.94588874637078,0],[35.39537992173602,50.94577358279705,0],[35.39537978202017,50.945773611063906,0],[35.395436894471445,50.94572638286494,0],[35.39553990597245,50.945641214455165,0],[35.39558514545566,50.94559600788739,0],[35.39559566673809,50.94558549701333,0],[35.39560278623565,50.94557838548488,0],[35.39565856969031,50.94552264688391,0],[35.39585889266072,50.94532009481789,0],[35.39592110750118,50.945257190878166,0],[35.39599938875695,50.94517803482975,0],[35.39622804367079,50.94494683536899,0],[35.39636070935057,50.944812681213016,0],[35.39688814130624,50.94427936215959,0],[35.39710106333383,50.94410388587882,0],[35.3979323795458,50.943418754702655,0],[35.39796479481017,50.943392041908474,0],[35.39797236193179,50.943386599753005,0],[35.39807089974584,50.94331571578223,0],[35.398180670437206,50.943236756892,0],[35.39925031770839,50.943053431725744,0],[35.40106169283985,50.94274461478605,0],[35.40160972000616,50.94179772119839,0],[35.401351321270845,50.940525163798114,0],[35.40130097990194,50.94027729643236,0],[35.40191114511136,50.93950744904658,0],[35.40261113866019,50.93862425153364,0],[35.40376339881174,50.93749650510964,0],[35.404346661218035,50.93692907164759,0],[35.40521600124802,50.93589856295635,0],[35.40548455506599,50.935425990845424,0],[35.405645808592695,50.93435759683492,0],[35.40577607819008,50.934147057615455,0],[35.40596097575668,50.93397363443245,0],[35.40602754942024,50.93391116919749,0],[35.406045692134086,50.93389414853859,0],[35.40607868792348,50.9338561299725,0],[35.406101126113725,50.933807344733054,0],[35.40610485396574,50.93379546374657,0],[35.40610489487812,50.93379540556164,0],[35.4064607864001,50.932662050633276,0],[35.40653193147832,50.93243548614686,0],[35.406597890261764,50.93222538060294,0],[35.40662267198329,50.93214644362387,0],[35.406623831812546,50.93212103481682,0],[35.4066151278413,50.93208710000344,0],[35.40659151873854,50.93202339090878,0],[35.40653661395463,50.931875239157236,0],[35.406396995480506,50.93149850484719,0],[35.40630322457353,50.9312454465852,0],[35.40621068715614,50.930995737447226,0],[35.406210633836785,50.93099565967339,0],[35.40615664592647,50.93091687218833,0],[35.40605519674383,50.93084930629459,0],[35.4054889146149,50.93065074012887,0],[35.405146274754905,50.9305305925197,0],[35.40457331722173,50.9303296821195,0],[35.40431054430721,50.93021838436487,0],[35.404200967548164,50.93014888268288,0],[35.40417560732543,50.93012880846916,0],[35.40403192165973,50.92999531997543,0],[35.40395147676599,50.929891335883255,0],[35.40357803347959,50.929174366542235,0],[35.40329811925213,50.92863695943663,0],[35.40279780718628,50.927440431756835,0],[35.40266123754781,50.92711381236706,0],[35.40264794825193,50.92708202798428,0],[35.40255759806647,50.92686597291369,0],[35.40243622311461,50.92657567566869,0],[35.402372869594195,50.92642417875601,0],[35.40223304896698,50.92605383294135,0],[35.40219223142134,50.92594573193574,0],[35.40218302498385,50.92592134917843,0],[35.40211678299534,50.92574589029733,0],[35.40197213503488,50.92533272392395,0],[35.40194382167692,50.925249126186564,0],[35.40186267307827,50.92500954495543,0],[35.40179649379674,50.9248141380633,0],[35.40169611462492,50.92451776370368,0],[35.40147298641258,50.92385895994114,0],[35.40117419474268,50.922976753098304,0],[35.4011093751084,50.92333650240888,0],[35.40085009744419,50.9241675550943,0],[35.40021447331675,50.924875491128745,0],[35.39964491424849,50.9252751414084,0],[35.399015561323736,50.92542696849304,0],[35.39814201890177,50.92555913763799,0],[35.39740055640653,50.92554647363186,0],[35.39609442881581,50.925349227134355,0],[35.39312239231977,50.92441082766623,0],[35.39173659789467,50.92410249178875,0],[35.39038453205469,50.923801658874524,0],[35.38925652205207,50.9235506768747,0],[35.38845877922369,50.92341232730769,0],[35.3880226052525,50.923349863939,0],[35.38763496499981,50.923316151018355,0],[35.38690477753536,50.9233102205722,0],[35.37971577629998,50.92325183101997,0],[35.37679472045195,50.923153256798344,0],[35.374931190722876,50.92309036996387,0],[35.37486946272607,50.9230887886364,0],[35.374218860714485,50.92306633242923,0],[35.37384396249725,50.92309775445916,0],[35.37349848378692,50.92315237421104,0],[35.37307140366637,50.92326814321484,0],[35.37125256829014,50.923882055237875,0],[35.36621449848486,50.92558251456748,0],[35.371164257350614,50.93025754048922,0],[35.37070867490557,50.9304551126733,0],[35.37261913297735,50.93220784373133,0],[35.36505934116056,50.93231878017995,0],[35.35514857674972,50.93127985142511,0],[35.35487165469749,50.931761367717804,0],[35.354332874310934,50.93197926560434,0],[35.35331957603201,50.932047295143086,0],[35.35220142957339,50.93190325967764,0],[35.35088680420846,50.9315965958247,0],[35.348853020536495,50.93158995041012,0],[35.348272930684175,50.931661114814915,0],[35.34800097284008,50.93186885603941,0],[35.34785503928252,50.93233582179847,0],[35.34782939640269,50.93257430237698,0],[35.34690593215244,50.932557180830486,0],[35.346189970386604,50.932547778274326,0],[35.34563198867682,50.93268699741731,0],[35.34530505585797,50.933181375313424,0],[35.34476914125102,50.93399175924508,0],[35.344185589735446,50.93536487427302,0],[35.342433527598416,50.934655441916426,0],[35.33979201188552,50.9341730062921,0],[35.33813073877083,50.93408731583398,0],[35.33629447839233,50.93426686490955,0],[35.33474569770432,50.93435525452409,0],[35.33364617662916,50.93441800573959,0],[35.33040650841722,50.93978392854521,0],[35.32983669365083,50.940618476372485,0],[35.329536235762134,50.94110634912453,0],[35.329236960834805,50.94161799382217,0],[35.32903217969788,50.94193264061112,0],[35.32740142284529,50.94455180939472,0],[35.327272099170386,50.944727232740064,0],[35.32582833996087,50.9466855751604,0],[35.325828340951325,50.946685600409964,0],[35.3293348252617,50.947762661810145,0],[35.32974126731963,50.9492801624158,0],[35.330092124715435,50.950590076887714,0],[35.33044345768438,50.95190170838458,0],[35.33069717509551,50.951942465142594,0],[35.33113139249538,50.95203730824478,0],[35.33148271661827,50.95216950075752,0],[35.33185894503054,50.95234759675887,0],[35.332162688418435,50.95254499839658,0],[35.332371706052214,50.952769265688225,0],[35.332792505736194,50.953246060463016,0],[35.33349020438514,50.95403658632796,0],[35.333575930448475,50.954133714662134,0],[35.334153044585825,50.954711140214094,0],[35.334734822147745,50.95515637802406,0],[35.33530176131366,50.95553053744953,0],[35.33557218505112,50.95573928699052,0],[35.33557220736586,50.95573930939458,0],[35.335572230547726,50.955739330662844,0],[35.33573922594359,50.95591443718764,0],[35.33585399955287,50.95606204541762,0],[35.33587584358323,50.95627220544135,0],[35.33587222026353,50.956650637843524,0],[35.33588527855737,50.95691094815151,0],[35.33607784276377,50.95803067337729,0],[35.336101194377314,50.958166428238144,0],[35.334912249520265,50.95852595848563,0],[35.3349122629426,50.95852598663697,0],[35.335943447138,50.96087893211633,0],[35.33594345909478,50.96087895776296,0],[35.336021245846325,50.96104819114993,0],[35.336021256446976,50.96104821709754,0],[35.33644122454335,50.962042681146876,0],[35.336441236122475,50.96204270876409,0],[35.33686917911298,50.96307770144497,0],[35.33897700466426,50.963304367879346,0],[35.34288717693133,50.963739565655615,0],[35.34288719111616,50.963739589864595,0],[35.34315818975081,50.96425764495551,0],[35.34315820393596,50.96425766916442,0],[35.3435881635211,50.964939107484064,0],[35.343588175483305,50.9649391331299,0],[35.34379727697291,50.96548538046434,0],[35.34437404785908,50.964855643066365,0],[35.34444387597523,50.96461975584742,0],[35.344843062458985,50.9632712313334,0],[35.34521470947308,50.9622349903441,0],[35.345570445052985,50.961243072034755,0],[35.3455890053979,50.96119132330011,0],[35.34558900771677,50.9611910369388,0],[35.34602867509778,50.95996508598642,0],[35.34603675216207,50.95972299113814,0],[35.3459743805897,50.95955521744031,0],[35.34597434912935,50.95955517159585,0],[35.346194258705204,50.959503247804,0],[35.346302048584526,50.95920267741877,0],[35.34664654375693,50.9582420554299,0],[35.34691482424353,50.95749393000737,0],[35.347321049759145,50.95667509036361,0],[35.34759452088399,50.95612383824954,0],[35.34783618085322,50.95563671562313,0],[35.34802636800429,50.95541151199789,0],[35.34836888055885,50.955233937157665,0]]]},"properties":{"GlobalID":"{FE2C3CE9-AC63-42DA-822B-1FA4904E87B5}","Creator":"hhurwitz_understandingwar","EditDate":"2026-04-23T00:00:00.000Z","Editor":"nkramer_understandingwar","Shape__Are":13321822.4683,"Shape__Len":19941.0329011,"CreationDa":"2026-01-11T00:00:00.000Z"}},{"type":"Feature","geometry":{"bbox":[34.69207930414486,51.16537550541154,35.65781710517472,51.359267782506045],"type":"Polygon","coordinates":[[[35.25644764101035,51.44744183584139,0],[35.25645490101697,51.44731428929227,0],[35.257068443161266,51.44727902908959,0],[35.25870838497309,51.44714454035218,0],[35.25935573579996,51.44703695250083,0],[35.259981504819415,51.44672763929675,0],[35.260268748504814,51.4463611634118,0],[35.260740773081324,51.44570974393556,0],[35.260909349997796,51.4448691902145,0],[35.26070704899568,51.44400760708239,0],[35.25813618064162,51.44159483016212,0],[35.256958321131044,51.44025638361518,0],[35.256728675828946,51.44035523272149,0],[35.25615257850075,51.44054432291844,0],[35.25584872441841,51.44049633737348,0],[35.25559469889516,51.44053102630415,0],[35.255439124187674,51.440617931896874,0],[35.25519761680627,51.44062172739021,0],[35.255382243637364,51.44075313290125,0],[35.25538223636563,51.44092362603041,0],[35.25516224268038,51.4410173243676,0],[35.25489482950254,51.44098421948527,0],[35.254765349633374,51.44080992882035,0],[35.25466214701763,51.44084052665919,0],[35.25443606978516,51.440838633281224,0],[35.25384087331529,51.44105272389637,0],[35.25376547053236,51.441173017594494,0],[35.253628081113284,51.44118782067787,0],[35.25321778558095,51.44103082384682,0],[35.252960895008314,51.44077843312798,0],[35.25296729742588,51.44067183695533,0],[35.25315940181087,51.4405644420214,0],[35.25336528201997,51.44057593710545,0],[35.25345977441821,51.44052433688208,0],[35.254055458537074,51.440509936733115,0],[35.25450573847359,51.44039723759717,0],[35.254635538414085,51.44032103927943,0],[35.25476324722805,51.44034714219823,0],[35.255149445025715,51.440280246132154,0],[35.25557932543958,51.44024184347375,0],[35.255809319552824,51.44027024272883,0],[35.25611499675486,51.44025343856799,0],[35.256343293576066,51.44027353813448,0],[35.25685275052447,51.44013641063622,0],[35.25203725891387,51.434663394310746,0],[35.25208847644717,51.434546910803796,0],[35.25209926393121,51.43430271378757,0],[35.252126064169744,51.4341355192767,0],[35.25193297820286,51.433928228877924,0],[35.25199726081906,51.43377772758289,0],[35.251707682053,51.433610539147566,0],[35.251578867470805,51.433316241701036,0],[35.25121948567954,51.43301195497039,0],[35.250672303993134,51.432704265513394,0],[35.2503397060688,51.432630667072154,0],[35.250168072296795,51.43267624244815,0],[35.25008855874201,51.432596497545404,0],[35.24796252752668,51.43046409943709,0],[35.24777557309188,51.43043683975215,0],[35.24789380467425,51.430395161333216,0],[35.24774443756465,51.43024532982568,0],[35.247539573851824,51.430239443225666,0],[35.247223088977684,51.43014244883587,0],[35.24721237727058,51.42990505247035,0],[35.2473238216764,51.429823428407616,0],[35.24544483384953,51.427938553739466,0],[35.2445198016951,51.427010553074936,0],[35.243850499610986,51.42633907173386,0],[35.241804831273235,51.42428659942987,0],[35.23742045440957,51.41954407694677,0],[35.236780483059,51.41885172914338,0],[35.23226945597892,51.413970807437614,0],[35.23131840365683,51.41101247346367,0],[35.23117683158944,51.40842547025668,0],[35.23130195463739,51.407980967540055,0],[35.23152449111355,51.407190418677466,0],[35.23180506090889,51.406193726377786,0],[35.23272658913821,51.40477201466013,0],[35.2330773493912,51.404230856760144,0],[35.234592276305,51.40280678969795,0],[35.23606129255031,51.40193909173519,0],[35.23823548152121,51.40119028376339,0],[35.23951179423445,51.40081999371512,0],[35.24117591055187,51.400410370731535,0],[35.2419852255091,51.40011592007374,0],[35.24282207660386,51.3995265484367,0],[35.24315783364594,51.39811903859726,0],[35.24499400690634,51.39778795582104,0],[35.2553425042493,51.39584793061199,0],[35.25694236018595,51.39554790624365,0],[35.26096745065181,51.394792978682126,0],[35.2709066248355,51.392825796167436,0],[35.27196939379986,51.39243530163555,0],[35.2724619459148,51.39206466432871,0],[35.27267509282624,51.39176839356614,0],[35.27258223943674,51.39135528951881,0],[35.27217826452167,51.390152568801845,0],[35.2695557746361,51.381306619606285,0],[35.26897439838458,51.378071045193074,0],[35.26846311323853,51.377204010491404,0],[35.267606461164924,51.37642968671435,0],[35.26804645048555,51.37627296873471,0],[35.26870206987336,51.37594432450107,0],[35.268987531459615,51.375620783448085,0],[35.26908839688958,51.375371884843865,0],[35.268430231408,51.37078444462517,0],[35.26961199295486,51.368441466080604,0],[35.270390953570015,51.36766934760854,0],[35.27126076368819,51.36775178618349,0],[35.27183012248919,51.368400867704295,0],[35.27350673374022,51.370104634492,0],[35.27503152082262,51.37159480505418,0],[35.28328231746417,51.37230356928784,0],[35.303032753165226,51.3722248444143,0],[35.323096921782906,51.37184465673299,0],[35.32321573043248,51.371841693760494,0],[35.32473543034386,51.37180379196921,0],[35.32550494276356,51.37178459307632,0],[35.32560689593657,51.37178196599813,0],[35.32560718050417,51.37178195815972,0],[35.327661238145964,51.37173064886049,0],[35.32834965511804,51.37171345391299,0],[35.33128348911561,51.3716401713412,0],[35.33304665118051,51.371375807057504,0],[35.33486352608748,51.371103386072164,0],[35.335436784144484,51.37076950305595,0],[35.34323533254621,51.36955114457599,0],[35.346527907565765,51.36836918732142,0],[35.350232019789324,51.36482314257501,0],[35.35069051838993,51.36427109326474,0],[35.361658333890624,51.358637085247814,0],[35.383583268361676,51.35281521775089,0],[35.38856825843201,51.35078836229965,0],[35.391640347756514,51.349049924381035,0],[35.39322332600552,51.34549402780657,0],[35.393364507471894,51.34517684928972,0],[35.39336445714204,51.34517669908306,0],[35.39129036401788,51.340681186681216,0],[35.3897572764264,51.34025022319028,0],[35.38660120295775,51.3400876769076,0],[35.37939605329175,51.33997079813865,0],[35.37530218924436,51.34025212239017,0],[35.360388933211055,51.34308350124522,0],[35.351052074537456,51.34550729770841,0],[35.349130874599204,51.34600600669611,0],[35.34127593657006,51.34749170121209,0],[35.34121074141607,51.344975673407504,0],[35.341148687730204,51.34258131431552,0],[35.3411485691125,51.342580428473326,0],[35.341175392774296,51.341910009851674,0],[35.34121089220151,51.341022808185805,0],[35.34201587999029,51.339067130658655,0],[35.342978686521576,51.337658981689444,0],[35.343144673142,51.33741612466156,0],[35.34355830837173,51.33681105881217,0],[35.3452750466645,51.33429995895947,0],[35.346718389962945,51.331723387300656,0],[35.34671817228835,51.3317227052627,0],[35.34778832956285,51.32981218652564,0],[35.34879214070887,51.328020072174574,0],[35.349908155883675,51.3260275353483,0],[35.35105311378602,51.3249543085373,0],[35.35123200384543,51.324786617802815,0],[35.35152660573884,51.32466388608024,0],[35.351733568313705,51.32457766672185,0],[35.35173362408231,51.324577693108274,0],[35.35350149557526,51.323841176447175,0],[35.35785131373539,51.323604786871364,0],[35.36142717235791,51.32364081925898,0],[35.36957692684581,51.32372293368231,0],[35.379505889613725,51.32407746040365,0],[35.38461218472133,51.32366378742906,0],[35.392839000293144,51.32159544442847,0],[35.395220133480414,51.320977730537265,0],[35.3970297322989,51.32050827734768,0],[35.39785073112777,51.32029529270934,0],[35.398908099644046,51.31987920843199,0],[35.40040388079929,51.319290609673445,0],[35.40153956733054,51.31754811555906,0],[35.40576932377897,51.31105781479216,0],[35.40741533965111,51.309401819093694,0],[35.40820943215076,51.309667644636896,0],[35.408566262908835,51.30978709562996,0],[35.40848314390858,51.30982599294859,0],[35.40975321481332,51.31019058342046,0],[35.40975332155874,51.31019058626154,0],[35.410106479097294,51.31030263329947,0],[35.4102213939487,51.310341096790125,0],[35.410671402439,51.31044400050255,0],[35.414157720107475,51.311241217863085,0],[35.41416449549529,51.311394262098894,0],[35.414555172091504,51.312256277290636,0],[35.41466499558991,51.312498595288105,0],[35.414702819938945,51.31252565030426,0],[35.41503378939375,51.31276237758405,0],[35.415147934918814,51.31315242009146,0],[35.415227517944224,51.313523446048045,0],[35.41526989428116,51.31391656628041,0],[35.415435872994834,51.314012129528244,0],[35.415821061660615,51.31415630131857,0],[35.41613051517301,51.314282309255766,0],[35.41634021514753,51.31440913318496,0],[35.416402468776056,51.31461345893922,0],[35.41630397141179,51.31497162519847,0],[35.416339884476116,51.315145572471216,0],[35.41652976038508,51.31529536994044,0],[35.41682890570163,51.31536614509489,0],[35.417111168679064,51.315364938942125,0],[35.41734477171361,51.315416806147276,0],[35.4175471128479,51.31565182520667,0],[35.41765989578038,51.315886914800636,0],[35.41767943936334,51.316046978880415,0],[35.4177664479449,51.31614398649218,0],[35.41775480118112,51.316372266665184,0],[35.417793089216644,51.31649979470089,0],[35.417928370445004,51.31684071071349,0],[35.41817991229161,51.31697712739409,0],[35.41849198951435,51.31725352385641,0],[35.41869583548956,51.31743405871443,0],[35.4194737700544,51.31773708467228,0],[35.42026375158437,51.317947062227034,0],[35.4213987781116,51.31803218442885,0],[35.422397596258484,51.31789030441384,0],[35.42491207972216,51.31737635437059,0],[35.43293529628775,51.317040430515334,0],[35.43561981028996,51.31693422332515,0],[35.437004733897865,51.316844422326234,0],[35.43735833440227,51.31678855758131,0],[35.43775672354492,51.31683324732806,0],[35.437940597484456,51.31700563075316,0],[35.43824194525249,51.317072667487835,0],[35.43830323914947,51.3171812062547,0],[35.43937072912997,51.31715247125812,0],[35.439626108617055,51.31708224005402,0],[35.44025945425799,51.31713969938133,0],[35.44095920004088,51.31727058278781,0],[35.44165893796278,51.31713969561604,0],[35.442441496286456,51.31709228088062,0],[35.44693927396472,51.31636295227846,0],[35.44866622045277,51.31591936508533,0],[35.44880077591696,51.31586699051347,0],[35.44932394550045,51.3156035776547,0],[35.44943301934344,51.315490502195736,0],[35.44950137967173,51.31536670262463,0],[35.44952983125656,51.315271283590846,0],[35.44953706845391,51.31521428184665,0],[35.4495046304485,51.31510035401609,0],[35.44945238777489,51.31501081570483,0],[35.44935621123598,51.31490857007333,0],[35.448620717428696,51.31442218301437,0],[35.447429300010754,51.31370452231594,0],[35.447040805541874,51.313507403037825,0],[35.44518397319254,51.31270209269116,0],[35.4446579631973,51.31247396013972,0],[35.44465791589856,51.31247396116476,0],[35.44138495624879,51.31105443650568,0],[35.424988262267945,51.30394231237102,0],[35.423318113616006,51.30312324046554,0],[35.42194988073667,51.3023151191886,0],[35.41741978765564,51.29824737970743,0],[35.41376661758051,51.29699478375366,0],[35.41384456702549,51.29659215953678,0],[35.4142019182729,51.29547487982924,0],[35.414678388550605,51.29461828016635,0],[35.41515485920591,51.29398512868484,0],[35.41541447619758,51.29341632856003,0],[35.415441222082286,51.29257938625602,0],[35.414269234829,51.289769921232924,0],[35.41248040120661,51.287112966859695,0],[35.41113878385262,51.2860641273697,0],[35.404848064629704,51.28419086812635,0],[35.402909736545375,51.283382643216804,0],[35.40147068787381,51.2830336380878,0],[35.4004979665427,51.282782322603936,0],[35.40052967242866,51.28276506609784,0],[35.40085998532518,51.28258796298825,0],[35.4039464852211,51.280933149345906,0],[35.409976603484665,51.277730982950374,0],[35.413015402425735,51.276170437794484,0],[35.414133657953606,51.275432823245026,0],[35.41564346665589,51.27442471080277,0],[35.41713806379352,51.27305211245635,0],[35.41748618542781,51.272454061822415,0],[35.41730679445931,51.27172743815748,0],[35.416684824045355,51.27076150613243,0],[35.415038494840424,51.26947889879048,0],[35.41503854117108,51.26947896402352,0],[35.41417190944006,51.26880378950769,0],[35.412168690498376,51.26762217544356,0],[35.41109966051998,51.26666313511622,0],[35.40979292073828,51.2657259996075,0],[35.407716297892094,51.264999536050766,0],[35.40696898493364,51.2644554754613,0],[35.40659019166727,51.26374440215774,0],[35.406369210872114,51.26206542429178,0],[35.40630606886461,51.26066293765518,0],[35.40661511194307,51.260193251613124,0],[35.40696895225015,51.259655485559264,0],[35.40776890670817,51.25922472251438,0],[35.408326305137486,51.258924572969555,0],[35.41411150348203,51.255282436911514,0],[35.41885314525199,51.251937896631965,0],[35.42065946939206,51.25061885181561,0],[35.42193895945566,51.249441106549476,0],[35.422917374949975,51.24783932309465,0],[35.423368928971556,51.24567211698006,0],[35.42276681748617,51.24510674850994,0],[35.4210357399695,51.245059642114775,0],[35.42000771033574,51.24498756999025,0],[35.42000772141122,51.24498750526821,0],[35.420135902239956,51.24417192897291,0],[35.42014119073602,51.24389252545734,0],[35.41830310698751,51.24078580995813,0],[35.41525516166553,51.23626651361685,0],[35.414874809922864,51.235556882860884,0],[35.41431064525427,51.23541169301554,0],[35.41402896771921,51.23533762231665,0],[35.41320326828846,51.23497554782362,0],[35.41308363721897,51.234874925341536,0],[35.41308362418662,51.23487488765553,0],[35.41320323424355,51.23497549025636,0],[35.41402893230898,51.235337565051445,0],[35.414310611701026,51.23541163628291,0],[35.4148747763688,51.23555682612839,0],[35.413523237014694,51.233035177368826,0],[35.41347793225825,51.232950644455386,0],[35.41332933747552,51.232673394557736,0],[35.41163223983435,51.229506787852586,0],[35.40904147495186,51.22343528036434,0],[35.40674471356799,51.219971940601056,0],[35.402980330702626,51.217826234615885,0],[35.3978824412896,51.21574637643397,0],[35.39150035693419,51.21402678994197,0],[35.38614279620514,51.21192770013888,0],[35.38498756144652,51.21041562758494,0],[35.38553769730251,51.20963845904227,0],[35.386392714800614,51.20816178839387,0],[35.38639274217167,51.208161751209445,0],[35.38639276483175,51.20816178959355,0],[35.38711664397749,51.20691152278866,0],[35.387317541542025,51.20624516065149,0],[35.38732961077029,51.20620512302534,0],[35.38756593663155,51.20574502681201,0],[35.38795340492331,51.205050377353196,0],[35.388418378603525,51.2046115773997,0],[35.38911631106892,51.20409265703504,0],[35.391093599524076,51.20319246871659,0],[35.39285231528626,51.20245226364485,0],[35.408033227374844,51.196060915118444,0],[35.40933592853567,51.19561016239531,0],[35.41007538231425,51.19527749757195,0],[35.41044286351613,51.19505700195908,0],[35.41055361850527,51.19493310860635,0],[35.41058405187503,51.19477399884408,0],[35.41048396271314,51.19461268354447,0],[35.410433605399916,51.19457211510119,0],[35.40980798493101,51.194068101995434,0],[35.409550588122194,51.19325462693808,0],[35.40943248613478,51.19300583281781,0],[35.408829081390905,51.192312069458886,0],[35.40787692262169,51.19121728924617,0],[35.40799021393321,51.19090199680174,0],[35.40722393920548,51.19101239559984,0],[35.407104141511425,51.19071200357452,0],[35.40647076188758,51.19041161628239,0],[35.40595727995667,51.19056181386234,0],[35.404519420064695,51.18997183599771,0],[35.40407442596173,51.189553446241995,0],[35.40433112317105,51.18878097153995,0],[35.40332124261838,51.18806219207457,0],[35.40392030822038,51.18731120802989,0],[35.40387860458203,51.18724876441039,0],[35.40382080154114,51.1871913431941,0],[35.40369896089001,51.1871356265271,0],[35.403429614103096,51.18704476567222,0],[35.40342959143911,51.187044727290626,0],[35.4038107264515,51.18518310257261,0],[35.40332633939678,51.183980684369246,0],[35.40259273811871,51.18215955979636,0],[35.40259278770489,51.182159617689734,0],[35.40216444622612,51.181020749638144,0],[35.40153869878662,51.17896369444847,0],[35.400550775696594,51.17571590892513,0],[35.39878028264178,51.173259169580895,0],[35.39616063431117,51.16962357880568,0],[35.39541370577053,51.168586855230586,0],[35.3934432788474,51.16585168547259,0],[35.39297710465533,51.16520452713501,0],[35.39263736357886,51.16473287641329,0],[35.391034304410404,51.162507203135185,0],[35.38977597941774,51.16076007700537,0],[35.38851922475226,51.158312904338224,0],[35.388215951771336,51.1574184519301,0],[35.38818551429291,51.15733305288012,0],[35.38813170457597,51.157182093873395,0],[35.38804744752272,51.15694573054218,0],[35.38568097831672,51.154025105970035,0],[35.38359530546128,51.151450677229406,0],[35.38310619009461,51.1510053328976,0],[35.382822966819866,51.150744316893956,0],[35.38250880487806,51.150615364197755,0],[35.38120789181156,51.15039494220341,0],[35.379906984490034,51.15017450189935,0],[35.37723158024169,51.149653846553136,0],[35.37650441001391,51.14950296791689,0],[35.3756789543665,51.149331680888146,0],[35.37560856643996,51.149311241190475,0],[35.37722338316683,51.147827363597294,0],[35.37791514161242,51.14722443008296,0],[35.37800593646594,51.1470627013148,0],[35.378044323385154,51.146927132845164,0],[35.377996828230195,51.14676781342208,0],[35.377887956085935,51.14665379656528,0],[35.377744463571105,51.14655026003299,0],[35.37726563050919,51.146276512279414,0],[35.37650716115773,51.14577063059674,0],[35.375225877421805,51.14491602958665,0],[35.37306103533286,51.14298028480401,0],[35.372410137168494,51.142102697925246,0],[35.37227505063235,51.14192057884751,0],[35.372052045375135,51.14171995900701,0],[35.37237500248498,51.14197280817011,0],[35.372032014005306,51.1407026255777,0],[35.37191269276319,51.14050124340536,0],[35.371401094307956,51.139884291069095,0],[35.370934351536654,51.13962862210379,0],[35.369031821432124,51.13904739358671,0],[35.36798715335753,51.13886515752231,0],[35.36789785990813,51.138838524091874,0],[35.36769420356328,51.138727596825454,0],[35.36755690409021,51.13859324855583,0],[35.367536156307935,51.13854870367391,0],[35.36755941156223,51.13842160022766,0],[35.36764042898435,51.138276651324865,0],[35.367961855754444,51.137983919896264,0],[35.369305147772444,51.136760511027994,0],[35.37637199465757,51.13401267571667,0],[35.37892146891356,51.133298351302344,0],[35.379235523026225,51.133224844586984,0],[35.37927029501062,51.133214941005974,0],[35.382138734036694,51.13232694067448,0],[35.382920357053614,51.132025507985176,0],[35.38654777315514,51.13069545916124,0],[35.38738207189923,51.130315112340945,0],[35.38890263869588,51.12935749597233,0],[35.39017855858219,51.128938407261344,0],[35.39124681560713,51.12858752904366,0],[35.39213764055197,51.12839099354285,0],[35.392540928112666,51.12755213775838,0],[35.395120789835666,51.12771686866346,0],[35.39701161132682,51.127251194088366,0],[35.39958229093288,51.1266523220779,0],[35.40056891753192,51.1263932077283,0],[35.402599326407824,51.12585996063494,0],[35.40610712643565,51.124938709356165,0],[35.407344141614516,51.1246137997531,0],[35.41737067923135,51.121330923632065,0],[35.421290545929175,51.12004712794167,0],[35.430514423163764,51.11564177993999,0],[35.43189932789878,51.114596764687846,0],[35.433177525470455,51.11363220713641,0],[35.43371245888368,51.112426265330804,0],[35.43391962924804,51.11195919641613,0],[35.43408434095792,51.111587855921016,0],[35.43512973343065,51.1092308898652,0],[35.435659603938255,51.108036133533155,0],[35.43605104219535,51.107153478150686,0],[35.435679734476274,51.10297150718666,0],[35.433882275656515,51.0984665892066,0],[35.43226852927661,51.095571715221546,0],[35.43094498938173,51.09319713494287,0],[35.426380984232004,51.08890329862204,0],[35.425992942338034,51.0883643496119,0],[35.42545035981487,51.087610742975336,0],[35.424961303885794,51.08693145569511,0],[35.42482806941882,51.086746392306715,0],[35.424899999437635,51.08592754272135,0],[35.42509420069981,51.08539891710399,0],[35.42561207512241,51.0849380587173,0],[35.425742313935515,51.0849111331582,0],[35.425812403118016,51.084896639396526,0],[35.42581280756885,51.08489655615236,0],[35.42678136866074,51.08469631050449,0],[35.42711004434939,51.08458888718659,0],[35.42748423290132,51.08446658830222,0],[35.43012050931236,51.08360495836408,0],[35.43037390188246,51.08355028954464,0],[35.43226599809874,51.08314207247835,0],[35.43460144787709,51.08263815510788,0],[35.438353310493135,51.08203606145677,0],[35.441676236413954,51.08158714712142,0],[35.443181202636005,51.0814921113402,0],[35.444224914792706,51.08142619298963,0],[35.44592235660981,51.081275066657774,0],[35.44705057197616,51.081174603313976,0],[35.450757054633364,51.08075486415592,0],[35.45182535008721,51.080517253204874,0],[35.45279006540285,51.08010097366611,0],[35.45397056047112,51.07946164493996,0],[35.45508689191667,51.07863370645254,0],[35.45556163035422,51.07825047699032,0],[35.45591099150742,51.077800873541726,0],[35.45596772815432,51.077654919696315,0],[35.456193310395186,51.07769788083672,0],[35.456585694471784,51.07724238286075,0],[35.45728181890055,51.07643428199023,0],[35.4577889438744,51.07481445972111,0],[35.458331564214035,51.07237525898683,0],[35.45909530127885,51.06919129517711,0],[35.45929473971228,51.068197437868626,0],[35.46024823266819,51.06434860124815,0],[35.46258688644278,51.05471411805635,0],[35.463821861268656,51.04952059082378,0],[35.466208911330895,51.04155088709208,0],[35.46596193508316,51.038186643509654,0],[35.46538571238021,51.0356503622397,0],[35.463657098154194,51.03425276569147,0],[35.459705998399095,51.03316572836797,0],[35.44392656715447,51.03096451905923,0],[35.43975572061948,51.03038267519844,0],[35.43521475818484,51.029749187703295,0],[35.41840381514918,51.02740391320143,0],[35.41712311687244,51.02782778337768,0],[35.41464874106805,51.02821166890768,0],[35.41420226256004,51.028327411195946,0],[35.412741047920086,51.02870619408474,0],[35.41120451700996,51.029255704374265,0],[35.409943130286386,51.030063072045365,0],[35.40904498133348,51.03063793283725,0],[35.40783537511535,51.03246635418212,0],[35.407451304890614,51.03408511856751,0],[35.407893201138926,51.035733681881055,0],[35.4083675211351,51.03623030178612,0],[35.40869900449132,51.036492999369486,0],[35.40934735775822,51.03680983858003,0],[35.41158423218573,51.03738526591067,0],[35.41278891310646,51.03809441962856,0],[35.41358349536757,51.039093666621454,0],[35.414622016592205,51.04115297522655,0],[35.41485973618496,51.04351431841509,0],[35.4157326271461,51.054030880670865,0],[35.41573264985205,51.05645392580443,0],[35.416096329765345,51.058328266330314,0],[35.41682367328834,51.05969968694672,0],[35.41762374275874,51.06056823173436,0],[35.417877427904095,51.06266596577297,0],[35.41753617257667,51.06367161397412,0],[35.416444808540746,51.06745254097881,0],[35.414780719905494,51.07132247395926,0],[35.41349449618407,51.072965663257506,0],[35.412157138641625,51.07413338583524,0],[35.41007171753458,51.075042146245224,0],[35.40696272247838,51.0759829987038,0],[35.401837203096406,51.07631284289039,0],[35.39542315981627,51.07679260782461,0],[35.38893139945979,51.07694654546994,0],[35.38562568341084,51.07683149069168,0],[35.3786834550542,51.07620782052405,0],[35.375876883283524,51.075639591917614,0],[35.37088693352543,51.07483463904637,0],[35.364640454620535,51.07416601728751,0],[35.354674745183424,51.07239833368519,0],[35.3530085037598,51.07235911268253,0],[35.35208063967767,51.072444563006684,0],[35.349528558710844,51.072961808889644,0],[35.34720911560911,51.073475514699616,0],[35.34574317724144,51.0740262102349,0],[35.344253250861875,51.074808267022455,0],[35.341970822368744,51.07608491006488,0],[35.33505640252156,51.08195269073514,0],[35.33460452834335,51.08221760925269,0],[35.331307812900256,51.08378814449679,0],[35.33050549878486,51.08405459159065,0],[35.32864693029213,51.084552027896336,0],[35.32610147888216,51.085106291550524,0],[35.322807100866804,51.085717904256484,0],[35.321350398705526,51.08593374117037,0],[35.31962701447089,51.08609372213551,0],[35.31962699313971,51.08609358632133,0],[35.318412214365715,51.086162159055895,0],[35.31764812988244,51.08616499432615,0],[35.316510011252596,51.08610012885612,0],[35.31575733785537,51.08603712235278,0],[35.31518563556756,51.08590615951911,0],[35.314706626236166,51.08572804755525,0],[35.31372441204146,51.085205306531975,0],[35.3107039490455,51.0836215131634,0],[35.3069021607621,51.08135942706081,0],[35.304085099732234,51.07968318551548,0],[35.30516214230319,51.07832346424345,0],[35.30476938008873,51.07828334693807,0],[35.304473115653224,51.07809882350334,0],[35.30405343196269,51.077678552615374,0],[35.30378331675363,51.07638009335116,0],[35.30391961601975,51.076082338775414,0],[35.304139893496995,51.0759542566897,0],[35.30431328478665,51.07592542148238,0],[35.304313348102745,51.07592540371416,0],[35.304810406796214,51.07572727334662,0],[35.30467804475053,51.07561713792835,0],[35.30460491659419,51.07558258959995,0],[35.30450732747588,51.07551907607751,0],[35.304426252921694,51.075407658815365,0],[35.30439026746494,51.075253689479396,0],[35.30439306618815,51.07523876962315,0],[35.30439306460827,51.0752387407362,0],[35.30431052021545,51.074818583698125,0],[35.304310511618326,51.07481855070376,0],[35.304278776631904,51.074720475999904,0],[35.30422156676116,51.074519339225304,0],[35.30419118247781,51.074287930198594,0],[35.30416079959555,51.07405652559285,0],[35.303999232078,51.07384555013514,0],[35.30375305789141,51.073642192199834,0],[35.30343672779537,51.073547297894244,0],[35.30296209561291,51.073497163950066,0],[35.30261852583973,51.07348316538295,0],[35.30261838316486,51.07348315259491,0],[35.30247006723066,51.07347710864462,0],[35.30204176549374,51.07340232942944,0],[35.302041428306985,51.07340227570015,0],[35.301779640152255,51.073264653869465,0],[35.30167298923599,51.07304809875451,0],[35.30167290755748,51.07300820991649,0],[35.30176936462241,51.07266949087726,0],[35.30192477232552,51.07245226723054,0],[35.302065794298805,51.07224960415126,0],[35.30217662913505,51.07204753606512,0],[35.30218511052889,51.071914109077284,0],[35.302054927089806,51.07172631086475,0],[35.301845268876896,51.07161146347983,0],[35.301041791162795,51.071555900888576,0],[35.300330004524355,51.0716969330481,0],[35.30032368548272,51.07169853911785,0],[35.30000979264265,51.071766587025394,0],[35.29995482301117,51.07177127042658,0],[35.29979164859622,51.07178515872289,0],[35.29952208916068,51.07183329639606,0],[35.29920159274004,51.0719205094491,0],[35.29920150457108,51.07192051101759,0],[35.29899853642399,51.071938776779,0],[35.29889101654935,51.07190282565382,0],[35.29883086781817,51.07175647418604,0],[35.29881837169314,51.07165677901749,0],[35.29876437311104,51.07148175204415,0],[35.29880517440547,51.07139052416412,0],[35.298952567065285,51.071316231395876,0],[35.29898129456976,51.07131319224814,0],[35.2991178880048,51.07129870640279,0],[35.29929311254686,51.07117628029133,0],[35.2992004410783,51.07083068612936,0],[35.29906697166544,51.070576320681944,0],[35.298547691126444,51.07031050347478,0],[35.298266352412924,51.07027320534007,0],[35.297988550323495,51.07030722504427,0],[35.29793049746839,51.07031599098195,0],[35.29793038988506,51.070315998727196,0],[35.29777111432516,51.07034004814622,0],[35.29766435144144,51.07031836620691,0],[35.2976642908517,51.07031835979342,0],[35.29766408973414,51.07031812414988,0],[35.297592129189255,51.070234108673894,0],[35.29758965674672,51.070230098180105,0],[35.29736741008092,51.06996726179208,0],[35.29719667985358,51.06987543572336,0],[35.297002244102536,51.069836223918315,0],[35.29700215952934,51.06983620017156,0],[35.29696014993658,51.069827728511164,0],[35.29677772265741,51.06978369055946,0],[35.296716136301576,51.06973355942862,0],[35.29669430078845,51.069618737862996,0],[35.29657014753505,51.069431428176834,0],[35.29640797870936,51.06924543874465,0],[35.29627905266785,51.06915873909729,0],[35.29610626096865,51.06910145631822,0],[35.29574634849072,51.06904071009798,0],[35.295422866505525,51.069029220111496,0],[35.29540035254619,51.06902714058479,0],[35.295400116504794,51.069027112588934,0],[35.29510415619901,51.06899977977844,0],[35.29491369904445,51.06895426485836,0],[35.29491357237776,51.06895424003938,0],[35.29473151731601,51.068910732769,0],[35.29446800314098,51.068851660611,0],[35.294040353445496,51.06879580845902,0],[35.293750653260204,51.068780079078856,0],[35.29348517845555,51.06879599839154,0],[35.29302408635785,51.068865728925694,0],[35.292197931719926,51.06899972830769,0],[35.29162150769974,51.06914310219082,0],[35.29116677085878,51.06922697725244,0],[35.291166625095016,51.06922699059903,0],[35.290789679528004,51.06927719661722,0],[35.29055179633113,51.069278290810466,0],[35.29033577392227,51.06926111984554,0],[35.29033567466373,51.06926111820056,0],[35.29033560282245,51.06926109257998,0],[35.28987620421049,51.06913448140991,0],[35.28927474870607,51.068885705220985,0],[35.28887286568395,51.06866161183309,0],[35.288872797218424,51.068661578864926,0],[35.28887272457175,51.0686615204156,0],[35.28858456092867,51.06844591625267,0],[35.28817202959128,51.068122046143,0],[35.28793737222187,51.06786504787486,0],[35.28784865118954,51.06776788032679,0],[35.28755796800213,51.06750230025773,0],[35.28731165264937,51.067332223197525,0],[35.286385148657835,51.067154042296906,0],[35.28638422306385,51.067154043087804,0],[35.285756593253105,51.0671591957077,0],[35.28527005462641,51.067172281534084,0],[35.284902188128655,51.067179477441044,0],[35.28457762306341,51.06714300910517,0],[35.28457747796792,51.06714299212069,0],[35.28440489760768,51.067089259526746,0],[35.2842747691816,51.06697758374391,0],[35.28412042481796,51.066834258130875,0],[35.28407368136559,51.06679169678349,0],[35.28407363700046,51.066791660376154,0],[35.283128578590784,51.066132669692536,0],[35.2831285290035,51.06613264009676,0],[35.28286609181502,51.06609493536916,0],[35.28270938575508,51.0661336914658,0],[35.28258015222155,51.066456217996006,0],[35.282561362897745,51.06657918449739,0],[35.282528065261616,51.06670833180411,0],[35.282460984916,51.06684170762928,0],[35.282386490182226,51.06693953641132,0],[35.282146467511886,51.06701204271221,0],[35.281904162226304,51.06703819183324,0],[35.28157982399859,51.06700883941299,0],[35.281350812662424,51.06695976993502,0],[35.281225249671984,51.066940798686154,0],[35.28109087661674,51.06685776508521,0],[35.28101081528922,51.066727260713044,0],[35.28098894705522,51.06668791503636,0],[35.280334326533406,51.06598734436806,0],[35.279862496771734,51.06587264398634,0],[35.27980769252526,51.06587625203054,0],[35.279619708537815,51.06585493475832,0],[35.27949151379126,51.065782463064316,0],[35.279235308817256,51.06529490446535,0],[35.279215248512855,51.06520883694991,0],[35.27905144934407,51.06463876042499,0],[35.27890223823888,51.06452267880908,0],[35.27890215700111,51.064522658088926,0],[35.278492726986585,51.06444671972846,0],[35.278492621763306,51.06444670524859,0],[35.27841097348693,51.06443887005226,0],[35.27827245284383,51.064405869429294,0],[35.277961919101564,51.064285820710055,0],[35.27796186000174,51.06428579321421,0],[35.27761331450328,51.06415104725217,0],[35.27761323441184,51.06415102062037,0],[35.27761306875387,51.06415103928992,0],[35.27732758842008,51.06419523253112,0],[35.27732745875823,51.0641952602241,0],[35.27732729420698,51.064195451215056,0],[35.277134617452155,51.06443571194733,0],[35.277134502624975,51.06443586460965,0],[35.27700273966914,51.06460016725722,0],[35.27686063108507,51.064686228287805,0],[35.27674655765135,51.06471195822148,0],[35.27674650075708,51.06471197644412,0],[35.27638617944723,51.064869213262256,0],[35.276386110958455,51.06486925101881,0],[35.27625997397214,51.065588385390825,0],[35.27625886727151,51.06560219171517,0],[35.276229067702666,51.06576457617944,0],[35.2760042451955,51.065954562837575,0],[35.275548464828724,51.06590157176854,0],[35.27526958563732,51.06575946982604,0],[35.274436860464135,51.06510463593616,0],[35.27435185089182,51.06491118076606,0],[35.27432044615842,51.064578690333136,0],[35.27432043802755,51.064578644980045,0],[35.2743204497106,51.06457856790541,0],[35.27434535135022,51.064316415885685,0],[35.274524397944376,51.06365637397191,0],[35.2745244500583,51.063656158781576,0],[35.27510493701461,51.062864356740455,0],[35.27529123711161,51.06281313695537,0],[35.27529139904172,51.06281316437432,0],[35.275443313825406,51.06283397910485,0],[35.2756334046592,51.06288284285857,0],[35.27563359279245,51.06288288617894,0],[35.27612277167262,51.062982546982404,0],[35.27646021242365,51.06293314111011,0],[35.276670011311936,51.062552388130406,0],[35.276917340911474,51.06210350591516,0],[35.27693950617684,51.061768282759935,0],[35.276692534591255,51.06131142551126,0],[35.27633447692516,51.06064906228345,0],[35.276159789540856,51.060325905000354,0],[35.27605048972815,51.06012370834253,0],[35.276050553724076,51.06012342168633,0],[35.27608098721623,51.05997558651128,0],[35.27613769355221,51.05974604313201,0],[35.27618335835772,51.05944532702968,0],[35.276248621879915,51.05908236105173,0],[35.2764027574095,51.05868442406787,0],[35.27640278344638,51.058684340049226,0],[35.27621449400072,51.05846843139658,0],[35.2760051837663,51.05843033900228,0],[35.275733813189454,51.05844038542494,0],[35.275447583328585,51.058455479274606,0],[35.27512619834145,51.058523608272765,0],[35.274807141418094,51.058639280901666,0],[35.27452976699387,51.05883504651296,0],[35.27431298346043,51.05903439265686,0],[35.27420657080512,51.059174478473764,0],[35.274045713902254,51.05928231139781,0],[35.273939856802,51.059279613355464,0],[35.27387008744953,51.05924289771658,0],[35.273812381631565,51.059144078537585,0],[35.27373204142481,51.05904569971305,0],[35.273614678274996,51.05896231957793,0],[35.27348222286383,51.05887923039994,0],[35.27325402008445,51.058845598811175,0],[35.27315905845949,51.058757024298096,0],[35.27317680099308,51.05865673633243,0],[35.27324074178727,51.05857458684198,0],[35.27397860268419,51.05791298389186,0],[35.27406471097283,51.05782088419805,0],[35.274059816274146,51.05772103760489,0],[35.273955911986434,51.05760407881082,0],[35.27369092539742,51.057590201939156,0],[35.2732328083849,51.057641947644356,0],[35.27253722649784,51.05777921722077,0],[35.27220666488011,51.05781420180034,0],[35.27198577958133,51.05777566601826,0],[35.27185142559355,51.057708053861596,0],[35.271742356395066,51.05758527402942,0],[35.27150242618097,51.05746620302658,0],[35.26986700751128,51.05737901005406,0],[35.268125990176294,51.057603187620394,0],[35.26766613210739,51.057773925986595,0],[35.26728972468906,51.05795256104608,0],[35.26706966088847,51.05808532763972,0],[35.26695545143012,51.05822080065759,0],[35.26700582924233,51.05832452464769,0],[35.26714999684262,51.0584930549614,0],[35.2672516834446,51.05871952037522,0],[35.26727084530158,51.05895710656025,0],[35.267102195304496,51.05906032007013,0],[35.26691566769781,51.05910677359985,0],[35.26672043200047,51.059129596555785,0],[35.26651672474649,51.05913354950339,0],[35.26593160045881,51.0590592352096,0],[35.26566068559678,51.059078767152855,0],[35.2653845480546,51.05914598992528,0],[35.26524491067177,51.0592248441254,0],[35.265044797311575,51.05945716284071,0],[35.264888211779045,51.05980761528861,0],[35.264779444288735,51.06020949255472,0],[35.26474217934596,51.06052907631761,0],[35.26471501199846,51.06090081617962,0],[35.264635261365434,51.0612783342033,0],[35.264641058598464,51.06170654439545,0],[35.264637917096096,51.06210637097427,0],[35.26453367224133,51.06244629162086,0],[35.26439622713711,51.06272498475304,0],[35.26413910001837,51.06287274348348,0],[35.263756144443725,51.062918238634104,0],[35.263454328455744,51.06292408557585,0],[35.263203010017335,51.062881362125125,0],[35.26294136454881,51.06278172963374,0],[35.262798140269695,51.062667162521564,0],[35.26273150421174,51.06250500437264,0],[35.26244075140871,51.06196333391371,0],[35.26221454230969,51.06150607809764,0],[35.261980432433916,51.06119650744703,0],[35.261775219098745,51.06101487443992,0],[35.26105462852723,51.06079562518364,0],[35.26079915438161,51.0606673123432,0],[35.26060903823789,51.06048538473249,0],[35.26021871928507,51.060069374406,0],[35.259801835719884,51.05957296913155,0],[35.25956576256314,51.059377651677046,0],[35.25924392284116,51.05912688321333,0],[35.2588021236534,51.05864296716674,0],[35.25859715216865,51.05840647971748,0],[35.258344151444696,51.058173413265955,0],[35.25814021401146,51.05817259658696,0],[35.257948220541884,51.05826197303855,0],[35.25787170646042,51.05839670694734,0],[35.25785693768253,51.05855880350328,0],[35.25781194230493,51.059030828021115,0],[35.25782267597912,51.05940659093094,0],[35.25784155640614,51.05963942371136,0],[35.257970326213076,51.06011284935726,0],[35.258167554493895,51.060751521333216,0],[35.25819523329601,51.06116503052479,0],[35.258197870880466,51.06137438116651,0],[35.258161856086694,51.061565442849464,0],[35.25803715084898,51.06179629062155,0],[35.25784837928179,51.06195223068869,0],[35.25764789623858,51.062022733365836,0],[35.25736000258089,51.06203925620243,0],[35.25673815301226,51.06197435684013,0],[35.25421322928519,51.061449380199484,0],[35.24921788434754,51.0648637469727,0],[35.24375019887463,51.063469753359115,0],[35.24273554782328,51.06122865160689,0],[35.22759182815014,51.054616061151755,0],[35.22691345491102,51.054248263841494,0],[35.226480275313335,51.05387578941857,0],[35.22616197668996,51.05353682170597,0],[35.22607798159022,51.0533599533597,0],[35.22612486958618,51.053156798890235,0],[35.22634434721114,51.05300984213884,0],[35.226523251396614,51.05280417010026,0],[35.22662557447806,51.05257616128804,0],[35.22657872872859,51.05238669024691,0],[35.2265654662511,51.052376218029714,0],[35.22649817946541,51.052323097856785,0],[35.22412461782912,51.0524920736946,0],[35.2241235183804,51.052492146326365,0],[35.22227719155866,51.05261303922835,0],[35.21997523954505,51.052617492297344,0],[35.215189920111094,51.05262674942025,0],[35.21404263545245,51.05262897263255,0],[35.21289534806435,51.052631188206604,0],[35.2128946977965,51.05263119948325,0],[35.21289428559587,51.052631161141726,0],[35.21142699932392,51.05264517029356,0],[35.211118426997956,51.052673412554874,0],[35.21038852086043,51.05274021106571,0],[35.20907868045385,51.05291073326206,0],[35.209063517179295,51.05291270910864,0],[35.209055237932276,51.052916755553206,0],[35.20833301017093,51.05310223491387,0],[35.20749855630573,51.05338907265858,0],[35.206684864011876,51.053741937359675,0],[35.20579273380917,51.05456400083294,0],[35.204838958952465,51.055754698150146,0],[35.20476470383702,51.055923444280964,0],[35.20320451498186,51.057725850225566,0],[35.20258113751053,51.0582971674816,0],[35.20097933408631,51.05962049290637,0],[35.198635720679775,51.0612520446537,0],[35.19734663035497,51.06216212573989,0],[35.196710584462345,51.062809104191174,0],[35.19658179098124,51.0633364758769,0],[35.1966919093667,51.06413479483559,0],[35.19750162691392,51.06487723790799,0],[35.19923081009289,51.06570591510043,0],[35.19958627928793,51.06588956914605,0],[35.19693905022089,51.06853401874771,0],[35.19502970062963,51.070553821976794,0],[35.191632896594705,51.07375986793501,0],[35.18799875689415,51.07691548480591,0],[35.178570089682566,51.08407403227757,0],[35.173845054333405,51.087054341420085,0],[35.17485647422377,51.09005542376059,0],[35.175102209337275,51.09097874634678,0],[35.17653647562237,51.096344054919484,0],[35.177260024994524,51.098593507428596,0],[35.17612690217263,51.09908932843401,0],[35.174493548132986,51.099797895375644,0],[35.17430814783109,51.099859991250085,0],[35.17358140106979,51.10017179232214,0],[35.17271823363965,51.100766061455744,0],[35.17039118900968,51.103042504652706,0],[35.16879767378301,51.10049563772993,0],[35.164864219804016,51.10080277174584,0],[35.16483345041841,51.1051756949408,0],[35.16543551673223,51.10537972854838,0],[35.16644834040532,51.1057229612691,0],[35.16670842730343,51.10581110087895,0],[35.16608220856717,51.1062412058638,0],[35.16537783546705,51.10661953319768,0],[35.165106502161684,51.10676526833959,0],[35.1649738004509,51.106865011054275,0],[35.164931229181136,51.10689700886782,0],[35.1646663187672,51.107051825032265,0],[35.16452570108346,51.10719720138019,0],[35.164430731799314,51.10734886994867,0],[35.16432360156699,51.107604272464016,0],[35.16422130107401,51.10784173904244,0],[35.163491409572956,51.10852151766982,0],[35.163467799887,51.108825342814455,0],[35.16360720227504,51.10917969004512,0],[35.163811864772214,51.109717241944935,0],[35.164440053968164,51.11244205792629,0],[35.16541660748431,51.113838608530564,0],[35.16636857963263,51.11506444919082,0],[35.16876553093534,51.118619021146934,0],[35.169080003686965,51.11907719076241,0],[35.1692755607256,51.119216333276285,0],[35.16961249916847,51.11934690123345,0],[35.1714054365424,51.11995553570597,0],[35.17507981611437,51.12120282383557,0],[35.17413503976876,51.12205880373653,0],[35.17335961597031,51.122656206513824,0],[35.171959785362844,51.12364592934639,0],[35.17162285341105,51.1238977061556,0],[35.16995965942372,51.125140529815084,0],[35.16878968414477,51.12599507167952,0],[35.16842967600496,51.12618021430108,0],[35.16788964623969,51.12635679574067,0],[35.166379598088255,51.12670649659531,0],[35.16593505495576,51.12680944490749,0],[35.164908020202354,51.12708426752671,0],[35.16378151561129,51.127456101697035,0],[35.162136313099055,51.12805762660692,0],[35.16078157458312,51.128562294060224,0],[35.159716247938114,51.12895914586029,0],[35.158287175561426,51.129505114421086,0],[35.15454646906747,51.130934196578984,0],[35.15382933886483,51.13116751514606,0],[35.15354510199427,51.13123565077715,0],[35.15296912470326,51.131373720698676,0],[35.14930210626554,51.13217557480678,0],[35.14687753653361,51.13265124324015,0],[35.1468773810913,51.132651274496915,0],[35.14647117587391,51.1327379701779,0],[35.144879824596906,51.13307760568432,0],[35.1430313354578,51.13347211984026,0],[35.14305912638203,51.13358225734351,0],[35.14305914568264,51.13358229834312,0],[35.143434860001626,51.13435316621205,0],[35.143936760607005,51.13538292299462,0],[35.144065835995384,51.13608725014636,0],[35.14405225247782,51.13628381934771,0],[35.14402050569992,51.13645572591425,0],[35.14396558694695,51.136617348759124,0],[35.143898341987544,51.13675778416875,0],[35.143838859639715,51.137065829173096,0],[35.14372517095191,51.137428409468036,0],[35.14343652587455,51.13793339686375,0],[35.143107644839084,51.13854976896196,0],[35.14281463970531,51.13908338905638,0],[35.14264012179008,51.13935785187782,0],[35.14222684744381,51.1399900429948,0],[35.14207587763763,51.140160564305255,0],[35.141859191095314,51.140382259529,0],[35.14163485202485,51.140561263068314,0],[35.141410512527855,51.14074026586041,0],[35.14080622447942,51.141291478939635,0],[35.140251039578835,51.14175969655037,0],[35.140250954821404,51.14175978579759,0],[35.14003473982729,51.141994870567935,0],[35.1400346984722,51.14199491826509,0],[35.13978433415139,51.14230453639569,0],[35.1392777129522,51.14281795796388,0],[35.138806161117714,51.14360658987358,0],[35.13880613699211,51.14360663285172,0],[35.13879329841324,51.14363108011026,0],[35.13862461530208,51.14391020145594,0],[35.13755748007671,51.14512893947385,0],[35.137557453703636,51.14512897069414,0],[35.13713055934307,51.14555080721573,0],[35.136924778702735,51.145763965171895,0],[35.136750598630975,51.145924195848494,0],[35.136064358438965,51.1463007979625,0],[35.136010076215946,51.14635413856256,0],[35.13601508059067,51.146393051700166,0],[35.136049838077895,51.14647082652188,0],[35.1360703426218,51.14651671044174,0],[35.136247768444505,51.146913735362006,0],[35.136265037491206,51.14704191441758,0],[35.13616869199098,51.14716740855913,0],[35.13599630703998,51.1472847739996,0],[35.13591091641366,51.14733640610178,0],[35.13583805235735,51.14738046548007,0],[35.13568577423155,51.147523636698274,0],[35.13561862838935,51.14770808506304,0],[35.13561310632554,51.14783429839735,0],[35.13567474439861,51.14794025077458,0],[35.13583006717803,51.148108735884506,0],[35.13596829528011,51.148234704812715,0],[35.1360803924568,51.14836828795034,0],[35.136219719931745,51.14851803061817,0],[35.136396297931654,51.14865519383594,0],[35.13668906860855,51.14876881776827,0],[35.136887247935164,51.14883301277664,0],[35.13787594154355,51.14922897007677,0],[35.139759173891754,51.15002642163824,0],[35.139855525685846,51.150067222147186,0],[35.14044791125464,51.150359763772556,0],[35.14068814641985,51.15052311959107,0],[35.14085599187426,51.15071635486314,0],[35.14098915542535,51.150895948723566,0],[35.141070732306304,51.15155476485233,0],[35.14094168687808,51.15183196070827,0],[35.140516284973536,51.15232754481346,0],[35.140016297234276,51.15276500625196,0],[35.13936811282091,51.15327061457357,0],[35.139282828934654,51.15333046493986,0],[35.13917033255777,51.1534094238498,0],[35.13884591555754,51.15363710714549,0],[35.13760832565619,51.154284356683085,0],[35.13592445467413,51.15510036243708,0],[35.13456925648466,51.155660495220225,0],[35.132316679191746,51.15665934306865,0],[35.130314826693336,51.157558399597704,0],[35.12914714401515,51.15837336889342,0],[35.12768063930005,51.15931364511772,0],[35.12625994022881,51.16051138632243,0],[35.125228964208375,51.16133915579698,0],[35.12503439293318,51.16163417979874,0],[35.124978333721465,51.16185530091636,0],[35.124475248822925,51.16305418664044,0],[35.12375901678855,51.164762580572436,0],[35.123675134361086,51.16499610488432,0],[35.12370168664054,51.165162186081524,0],[35.123813593963895,51.165332667135296,0],[35.12650263487755,51.1666103600228,0],[35.126841992139546,51.166788597432735,0],[35.12720862122804,51.166942544990064,0],[35.13461470900339,51.17075722428185,0],[35.13321889037909,51.171860038979325,0],[35.13191237772394,51.17296026603661,0],[35.131029428989194,51.17367461785399,0],[35.131044659631485,51.17408968015392,0],[35.13103543563463,51.17428187739329,0],[35.13088829274343,51.17734766612482,0],[35.130891934017924,51.180873994675686,0],[35.130613014092916,51.18467673019625,0],[35.130474039013166,51.18782017806103,0],[35.13042009145293,51.19059087493481,0],[35.13044132501009,51.19326739989637,0],[35.130450047929564,51.193702686041746,0],[35.13056668615638,51.19401465204334,0],[35.13082826002312,51.19426687216443,0],[35.13123872121975,51.194544929528796,0],[35.13236647627471,51.19510258804491,0],[35.1337175152911,51.195820346581144,0],[35.134197436643994,51.196125681761224,0],[35.13470336284027,51.1965019226076,0],[35.13560667493795,51.19736346181425,0],[35.13599547647485,51.19766331464049,0],[35.136617267487985,51.19808740217402,0],[35.13726705710861,51.19862518884729,0],[35.13815943496728,51.19949404531669,0],[35.13864735105307,51.199970538999125,0],[35.13910596437666,51.20030479638522,0],[35.13961506852188,51.200502499604845,0],[35.14023692995317,51.20092656707922,0],[35.140538277710235,51.20129939108237,0],[35.14077415682429,51.20173051754756,0],[35.14090731046145,51.20190654159713,0],[35.14122509118953,51.2021434321255,0],[35.14153923258779,51.20230186467559,0],[35.1419552270482,51.20245129201744,0],[35.14253480279123,51.20269766130222,0],[35.14279284877728,51.20287139473606,0],[35.143132358563136,51.203086466351756,0],[35.143361318798824,51.203367809143195,0],[35.14352447908645,51.20370032482937,0],[35.14353408223306,51.203907163434614,0],[35.14348294528787,51.20402945462367,0],[35.14347920980757,51.204193707360346,0],[35.14353389738037,51.20439258140689,0],[35.143567865120424,51.20463466539873,0],[35.14353503579609,51.204906528425106,0],[35.14344610170432,51.205193694621634,0],[35.1433347879339,51.2054884101084,0],[35.14324476212353,51.20599688861809,0],[35.1430822123708,51.206656602821475,0],[35.1427510909547,51.20711239140268,0],[35.14255432863111,51.20728017870069,0],[35.14220929695606,51.20743640503821,0],[35.14185774330067,51.207594238030055,0],[35.141529467479884,51.207700244776646,0],[35.140982510584756,51.20795415411346,0],[35.140443081115684,51.20816628336282,0],[35.13976959476618,51.20842844790745,0],[35.13914547020148,51.20869327801191,0],[35.138823125111806,51.208849081047994,0],[35.1385570533076,51.20899314560058,0],[35.13835277322754,51.20912180084573,0],[35.13817787086612,51.209271336217654,0],[35.13804838740772,51.20942004110325,0],[35.137933228258966,51.20963272910341,0],[35.13783460694324,51.209834407544356,0],[35.13779011742203,51.209977990190495,0],[35.13775731496682,51.21012849543757,0],[35.13778514388493,51.21023863292908,0],[35.13783066750041,51.210362722124565,0],[35.13796119134836,51.21048169074439,0],[35.13813228516711,51.21061776297551,0],[35.13824495132698,51.21071921154107,0],[35.13831219738985,51.210821489186344,0],[35.13831048511563,51.21090718052396,0],[35.13828253346207,51.21103975322077,0],[35.13825959929877,51.2111579568321,0],[35.13827073005998,51.21127553660068,0],[35.13832077576831,51.21137455994357,0],[35.13841089885549,51.21147998839009,0],[35.13858965794986,51.211658749603025,0],[35.138704476838065,51.21180655709374,0],[35.138772553409616,51.211926665831534,0],[35.13879338722273,51.212008378878586,0],[35.13879068637659,51.21207267286299,0],[35.13878230267424,51.21213707198516,0],[35.13878560982952,51.21220839583302,0],[35.13882314947897,51.212282662302606,0],[35.13888257113406,51.21233868432244,0],[35.13897556195573,51.21238338269411,0],[35.13909209384241,51.21244549682124,0],[35.13916304035726,51.21250487678271,0],[35.13920658668118,51.21258617159064,0],[35.13921887715093,51.212728715836064,0],[35.13923811328818,51.21302103978322,0],[35.13921026203388,51.21364616051214,0],[35.13915485778523,51.213922003308156,0],[35.13913958460742,51.2140828975553,0],[35.13916874746073,51.214221562775755,0],[35.13925600810701,51.21438772017033,0],[35.13926780411989,51.21451956516591,0],[35.139253357361234,51.2146982902098,0],[35.13917110506917,51.214885393576694,0],[35.13910572187031,51.215068618612015,0],[35.13905687417445,51.21524083411389,0],[35.13905130671545,51.215365858787145,0],[35.139073961571796,51.2154867970511,0],[35.13912903211838,51.21557145149967,0],[35.139219331788276,51.215680444734225,0],[35.139431957374754,51.21597637022133,0],[35.13952071294711,51.216174622201834,0],[35.13957589784714,51.2163841958708,0],[35.139622920652734,51.216540382163615,0],[35.139681303321154,51.216696358709434,0],[35.13978296167894,51.21680514457343,0],[35.13994476659141,51.21686286213484,0],[35.14008788330174,51.216885227346395,0],[35.14028094878071,51.21688169634947,0],[35.14045146492453,51.21688214582856,0],[35.140588903961536,51.2169046144655,0],[35.14070379529388,51.21693106628549,0],[35.14075705285372,51.216976491057146,0],[35.140784066040375,51.217068795574235,0],[35.140767639891074,51.21720472781886,0],[35.14081450260629,51.21735734467718,0],[35.14094053503539,51.217501376019676,0],[35.141155602663936,51.21760451655304,0],[35.14141477417159,51.217678296005715,0],[35.14169065055562,51.21774462773158,0],[35.141937970894354,51.217807916350914,0],[35.14225993751969,51.21788768123398,0],[35.14253465856871,51.21792904810647,0],[35.14277029269309,51.21798541060484,0],[35.142961820523134,51.21807113115516,0],[35.143136317882835,51.218157164089526,0],[35.14330982105231,51.218221802200866,0],[35.14351138631957,51.21827878400823,0],[35.14371179229221,51.21831080570327,0],[35.144463627693696,51.21853342465347,0],[35.144843690893104,51.21872157328266,0],[35.145072601676354,51.218755448123524,0],[35.145285485519196,51.21877058018218,0],[35.14548814479588,51.218728790809884,0],[35.14569213070135,51.21871553332572,0],[35.14587450926352,51.21872646406301,0],[35.145976917555096,51.218810245883816,0],[35.14604523115118,51.21897555633774,0],[35.14605833228149,51.21909429134226,0],[35.14606518795752,51.21924169108067,0],[35.14610299538963,51.21940280156485,0],[35.14616865500351,51.219511054194236,0],[35.14630201930677,51.2196085441509,0],[35.14657100414514,51.219689269641016,0],[35.14690810822963,51.21975145310627,0],[35.147379093845984,51.2199104476653,0],[35.14778757691741,51.21998277728088,0],[35.148191026656946,51.21999499870903,0],[35.148636829085845,51.220007631078595,0],[35.149099318671034,51.22007349466465,0],[35.14939659540493,51.22015131522924,0],[35.1497326777434,51.22035036792231,0],[35.14985931845625,51.220425375005256,0],[35.15001839304012,51.220484912620414,0],[35.15021338813363,51.220502149565895,0],[35.150408593696795,51.22056459100689,0],[35.150458844250515,51.22066717507794,0],[35.15053062065858,51.220865731081126,0],[35.15058816082874,51.221246580151934,0],[35.15062786035468,51.22148855562276,0],[35.15061930240659,51.221670742228426,0],[35.15058736545076,51.22183908301703,0],[35.150584320082395,51.2220175990339,0],[35.15064573726762,51.22223776075535,0],[35.15073200798357,51.22262521823375,0],[35.150748826567934,51.22286404684455,0],[35.15073459381384,51.22304633883782,0],[35.150470217111966,51.223123034607646,0],[35.14284299015137,51.22509354507506,0],[35.13718697702848,51.226560444154366,0],[35.131786351629394,51.2280259857339,0],[35.12817621718477,51.22900185715473,0],[35.125375797679794,51.229788021548764,0],[35.12414130748487,51.23013880782247,0],[35.12246867489452,51.230604606258446,0],[35.11979494601198,51.231396436094236,0],[35.11932035780648,51.230875831688465,0],[35.118052654437406,51.22975346438796,0],[35.1144047106709,51.23074102618061,0],[35.1123798875707,51.231215422547734,0],[35.11031511654462,51.23159696501255,0],[35.10607488005096,51.23240936677025,0],[35.10535499529242,51.232504221048245,0],[35.105273132791446,51.23249386969533,0],[35.10388249664569,51.23231804302555,0],[35.10077566458125,51.23192532728319,0],[35.09114654574996,51.230835447170655,0],[35.086557706811114,51.23026540771161,0],[35.0850823106132,51.23011880687761,0],[35.08466779267744,51.2302086792452,0],[35.08390151466528,51.230360339446946,0],[35.080531902175274,51.23093902870908,0],[35.07705724306003,51.23154328211941,0],[35.07559818380212,51.231797602448644,0],[35.07431416592152,51.23206783734875,0],[35.07310077241154,51.232382047128475,0],[35.0728529485165,51.23223568428305,0],[35.06826579501064,51.22952742414,0],[35.06681174434077,51.22872750448746,0],[35.06622372510608,51.22768014029424,0],[35.066129128112934,51.2274295888066,0],[35.06603623810736,51.22721707895084,0],[35.06584255298663,51.22695400169606,0],[35.06555799458001,51.22669252804634,0],[35.065453795330065,51.22656587732848,0],[35.06537882366853,51.22641491710688,0],[35.06537179876362,51.22625799731801,0],[35.06537757399408,51.22604850463355,0],[35.06530613117757,51.22580706115066,0],[35.06516173052194,51.225628774964754,0],[35.06500430911817,51.22549830428413,0],[35.064807535603975,51.22533521566799,0],[35.064526397976884,51.22514982015168,0],[35.0642951698604,51.225063483413614,0],[35.063974042448294,51.22483120445827,0],[35.06382398929419,51.22469584275303,0],[35.063712012818925,51.22456456990565,0],[35.06355502696343,51.224443609196086,0],[35.063222166351636,51.224287676041136,0],[35.06300962156641,51.224110587507745,0],[35.06279580273345,51.22390496585791,0],[35.06257249884384,51.22365668275792,0],[35.062264412735104,51.22337658007919,0],[35.06203545293091,51.22317122375183,0],[35.0619371426342,51.2230063968047,0],[35.061901844143414,51.22287268239204,0],[35.061774271292876,51.222414404415396,0],[35.06170893835865,51.222139540270696,0],[35.06159378665973,51.22193693759408,0],[35.06153857792821,51.22171900236941,0],[35.06157381508858,51.22148995351533,0],[35.06163155075387,51.22125574987584,0],[35.0618705176014,51.22083751577621,0],[35.06220557891832,51.22036523825053,0],[35.06282884481895,51.21955951297949,0],[35.06343864911035,51.21879209682335,0],[35.06384241931201,51.218443124797204,0],[35.06392148876507,51.21830491234807,0],[35.06392850792431,51.21814417693824,0],[35.06387993260906,51.21801118898525,0],[35.06369880193223,51.21777346505383,0],[35.0633296076026,51.21735465164679,0],[35.06319386231543,51.2171785859168,0],[35.06313989591277,51.217030823129846,0],[35.063136653627076,51.2168524219774,0],[35.063135747240835,51.21661384733945,0],[35.06308072461469,51.216448901550606,0],[35.06299916628751,51.216319471432165,0],[35.06288756619312,51.21604780303289,0],[35.06274063662874,51.215833269109226,0],[35.06258110558942,51.21565464837904,0],[35.06240857336082,51.215503023599815,0],[35.06205330615404,51.215289190708276,0],[35.06165912296487,51.21505224421737,0],[35.06112859516845,51.2147314447837,0],[35.06053463279683,51.21440926198357,0],[35.059968596864685,51.21410050347759,0],[35.05946453860152,51.21384169143623,0],[35.059116942869366,51.213693146269705,0],[35.05880473149034,51.21359453977046,0],[35.05843074064345,51.21349107282072,0],[35.05827220150988,51.21344032405809,0],[35.058000589309565,51.21329638650978,0],[35.057820078253506,51.213177615811055,0],[35.05765061869034,51.21309434050058,0],[35.057428848348565,51.213006039219664,0],[35.05716816330547,51.21289462548175,0],[35.056956518440934,51.21282101489528,0],[35.056799273021916,51.21269291041087,0],[35.05671707372243,51.21254861523715,0],[35.0566661436068,51.212362128002134,0],[35.056604690972556,51.21215203212224,0],[35.05653377555096,51.211942102455296,0],[35.056399891159636,51.21170056330408,0],[35.05627272658584,51.21150351959366,0],[35.05614069822794,51.211303588111655,0],[35.05595003975633,51.21106304748598,0],[35.05574283845309,51.21087632999742,0],[35.05549950649894,51.21072891791141,0],[35.05530114650159,51.210634252985166,0],[35.05501814247993,51.21055296738009,0],[35.054583204135575,51.210462453966784,0],[35.054223441003224,51.21035872500127,0],[35.05389299564983,51.21027529670427,0],[35.053715680227015,51.210227847450845,0],[35.053486053720206,51.21017536659101,0],[35.05327508881928,51.21011660866955,0],[35.053019954700474,51.21002293496288,0],[35.05274705693406,51.20984926668004,0],[35.05261021414177,51.20975351581984,0],[35.0524957047373,51.20962762897451,0],[35.05240459067769,51.2094953839178,0],[35.05215824018187,51.20927960757854,0],[35.051953437146935,51.20914638065556,0],[35.051734843068175,51.20902231945473,0],[35.051517306560065,51.20892203480136,0],[35.05134827065847,51.20884766786184,0],[35.050724868930175,51.208671218155125,0],[35.05052261419177,51.20861646519917,0],[35.05028834391905,51.20854443107642,0],[35.05008498858601,51.208486128563145,0],[35.04992464087853,51.20845800603759,0],[35.049730647646086,51.20843998883539,0],[35.049552539289074,51.20843835123428,0],[35.04936243947994,51.208422647475125,0],[35.049148676872115,51.20838594113316,0],[35.048961728981666,51.208355902865904,0],[35.048554811780924,51.20823454066518,0],[35.04818196250558,51.20811257943038,0],[35.04785043214467,51.207982755195076,0],[35.04688818125198,51.20764015329255,0],[35.04659218822323,51.20752015690036,0],[35.04616350620288,51.20735614327155,0],[35.04591601908626,51.20722067902215,0],[35.04569863419715,51.20712335498445,0],[35.04558126493645,51.20703915285456,0],[35.04547283171796,51.206942897656106,0],[35.0453548021325,51.206843833653764,0],[35.04519630181148,51.206793068120746,0],[35.04506145801286,51.206741886973646,0],[35.044943302890744,51.20663985341033,0],[35.04485181806801,51.20649868470069,0],[35.04475350863894,51.20641712372162,0],[35.044564252124886,51.206313355222306,0],[35.044466339454246,51.20624071133052,0],[35.04439819507393,51.206103273223704,0],[35.044376641599335,51.20603288736959,0],[35.044276648286264,51.20591328209843,0],[35.04389309458106,51.205634451139275,0],[35.04358619416973,51.205461356073805,0],[35.04325406326251,51.20531725118015,0],[35.042954427655786,51.20522254839806,0],[35.04234390299916,51.20503571614199,0],[35.04188866899776,51.204934209247355,0],[35.04151586347076,51.2048122263636,0],[35.04079348786031,51.20457974806865,0],[35.040155464633834,51.2043978730136,0],[35.03992737128206,51.20432026919424,0],[35.039468702569735,51.2041809082839,0],[35.0393283895304,51.204138276350655,0],[35.03909839410838,51.2041012791087,0],[35.03872440648122,51.20406128102252,0],[35.038687411076964,51.20423827546631,0],[35.03866141431017,51.20436427311558,0],[35.03871441289859,51.204609265669085,0],[35.03880341094653,51.20475326175932,0],[35.038909411136025,51.2049312573186,0],[35.03898040926558,51.20513124992433,0],[35.03900081386154,51.20531374732029,0],[35.03895732222031,51.20655482293358,0],[35.038828024450204,51.20877293259788,0],[35.03872083357954,51.210312516001494,0],[35.038727104224236,51.21109762336945,0],[35.038530584618655,51.21404560675184,0],[35.03842098456813,51.21606706772262,0],[35.038459825587964,51.21737508321808,0],[35.038455219397854,51.217485213303185,0],[35.0383768698562,51.21753416634369,0],[35.037667137372786,51.21776365546817,0],[35.03634677205781,51.2181078690753,0],[35.03494027744505,51.21853982258982,0],[35.0333365168035,51.21896922105114,0],[35.032476792812005,51.2191685847737,0],[35.03219716238503,51.21927159472293,0],[35.03170218519009,51.21943187997836,0],[35.03140152710179,51.219487664255716,0],[35.03115096303467,51.21949796373128,0],[35.03088962661875,51.219478706260546,0],[35.03040389449332,51.219418728882935,0],[35.03018959550672,51.21941391010708,0],[35.029994789194355,51.219388650159075,0],[35.02973313490514,51.219383673019244,0],[35.02945233880161,51.219374265984236,0],[35.02896741000082,51.21937553961949,0],[35.02852117957646,51.21939517600936,0],[35.028240909289806,51.21939765667073,0],[35.02798450056917,51.219425895895284,0],[35.027725143438964,51.21947322170494,0],[35.02751427541594,51.21950304823981,0],[35.027250921216655,51.219545684078454,0],[35.0270516185208,51.21958007068745,0],[35.026812443668135,51.21965559670486,0],[35.02662626996262,51.21973020548866,0],[35.02636385730472,51.219794237593625,0],[35.0261579188141,51.21985015155581,0],[35.02588591900027,51.21995479912559,0],[35.02570562075633,51.22007689196276,0],[35.025602637383464,51.220147679406956,0],[35.02550749902187,51.220181449872285,0],[35.025383809403905,51.22021214354092,0],[35.025197808188004,51.22024748687004,0],[35.02501748165169,51.22028273028518,0],[35.024741548590335,51.22034104270494,0],[35.0244257031329,51.22039647714203,0],[35.02415607442062,51.22046895640773,0],[35.023776770058014,51.2206325612483,0],[35.023503964003595,51.22076220051887,0],[35.02323855255802,51.22093097249917,0],[35.02311340358875,51.221058058442,0],[35.022973559932055,51.22123893279919,0],[35.02287837089654,51.22140119145289,0],[35.02277937628068,51.22160634334052,0],[35.022712894091,51.221775241412715,0],[35.022641981723375,51.22197277217491,0],[35.02258670030118,51.22213790902722,0],[35.0225326721212,51.22233157727933,0],[35.02240939457877,51.22250145827889,0],[35.02223624855528,51.22270075475308,0],[35.02210791265707,51.22288499943112,0],[35.02199677208856,51.223072516009346,0],[35.021785428301435,51.223308164434094,0],[35.02156996636591,51.22357957297235,0],[35.02133954894785,51.22376914877953,0],[35.021052021993924,51.22395257453914,0],[35.020757875592864,51.22411469996989,0],[35.02049701842476,51.22425840040188,0],[35.02020255383431,51.22441338898966,0],[35.01982888642372,51.22457688408045,0],[35.019650725752236,51.22466205092295,0],[35.019422226496296,51.22476593050447,0],[35.019234578804415,51.2248940894773,0],[35.01901868570259,51.22502630540895,0],[35.018791590276265,51.22516228220405,0],[35.01857507326418,51.22528022972119,0],[35.01835224730468,51.22538401093498,0],[35.018112540256844,51.225491651983226,0],[35.017913837059155,51.22562713679911,0],[35.017633524242015,51.22584612162586,0],[35.01727905724758,51.22605924308781,0],[35.01683464018586,51.22629533071002,0],[35.01656667869958,51.22640702448484,0],[35.016265571951436,51.2265407021773,0],[35.01610428378948,51.226622004090565,0],[35.015960345144734,51.226710143524286,0],[35.01586277969929,51.226818899181865,0],[35.015703201258994,51.22693943028557,0],[35.015539034414786,51.227085025906696,0],[35.01536700396347,51.22718078495185,0],[35.015178244679284,51.22728397401006,0],[35.01502247361146,51.22736160793195,0],[35.01482313183727,51.227482823766756,0],[35.01470206189128,51.227574136401685,0],[35.014507309710375,51.22767028723322,0],[35.01429675898311,51.22779526390946,0],[35.01414744375478,51.227890632337065,0],[35.01394848921716,51.22815103596302,0],[35.01384492703909,51.22825275434881,0],[35.01358613432214,51.22857486257395,0],[35.01348459393321,51.22872294463369,0],[35.0134008695975,51.2288885657734,0],[35.013363056251684,51.22906410529546,0],[35.01330080680059,51.229200802907314,0],[35.01324299396271,51.22930887188439,0],[35.01308511441663,51.229468630570935,0],[35.01299033854786,51.22964157936283,0],[35.01294022834475,51.22979591584099,0],[35.012933537372355,51.22990310476133,0],[35.01288186962067,51.23002177546923,0],[35.01276016853994,51.230098822327875,0],[35.012608119303316,51.230262048504855,0],[35.012390082244316,51.23047637809587,0],[35.01216480890044,51.23065514085892,0],[35.01190326787396,51.23078455870466,0],[35.011630054226856,51.230907036903716,0],[35.01122221816581,51.23107109229799,0],[35.01097079158995,51.23117178056853,0],[35.010781539785675,51.23126426128222,0],[35.01058614165146,51.2313461412848,0],[35.010327629718944,51.23141482598894,0],[35.01010764078013,51.2314542985689,0],[35.00971754221091,51.23150382875365,0],[35.00946284516374,51.231529619315566,0],[35.00903679932008,51.23153693549083,0],[35.008487018030166,51.231574926658226,0],[35.00782961767983,51.23162190269053,0],[35.007109416007864,51.23166281190224,0],[35.00661122501596,51.231710618410254,0],[35.00625840090694,51.23170239129596,0],[35.006029934953155,51.231677757122206,0],[35.00578178740146,51.23159278277149,0],[35.00553131624349,51.231454310625665,0],[35.00537344046963,51.231353511411406,0],[35.00514171976369,51.23125397892554,0],[35.004829696816856,51.23113797606022,0],[35.004501871114165,51.23105079323071,0],[35.004133662616134,51.230950029085264,0],[35.00392022663739,51.23087873159884,0],[35.00364797217626,51.23076204417135,0],[35.00346660490886,51.23064379936058,0],[35.00334819278737,51.23053518425294,0],[35.00325219122719,51.23041904602913,0],[35.003148187163845,51.230249508148724,0],[35.003021772668916,51.23008749340375,0],[35.002775139426795,51.22990611902937,0],[35.00262357748998,51.22981948583075,0],[35.00242734320777,51.22975146217223,0],[35.00216785323864,51.2296666723368,0],[35.001834516775496,51.22958314969954,0],[35.001518533269525,51.22950646535501,0],[35.00129958335787,51.229438828418466,0],[35.00099832289218,51.22930835381331,0],[35.00075495214284,51.22920187285531,0],[35.00045999069018,51.2290855651392,0],[35.0003664755453,51.22902648923019,0],[35.00018563257666,51.22905099634376,0],[35.00004609836113,51.22911048781228,0],[34.99982873734214,51.22921056950334,0],[34.9996036875888,51.229264383600295,0],[34.9993906164072,51.229332269358736,0],[34.999210853665595,51.22938174006608,0],[34.999074214892985,51.22937693784205,0],[34.998964123480775,51.22932885028788,0],[34.998812257336795,51.2292350773511,0],[34.99869416906294,51.22913358963493,0],[34.99864408951902,51.22902737195116,0],[34.99860645240224,51.2289459236081,0],[34.99854196005449,51.22890062709372,0],[34.99840547653253,51.22889939031476,0],[34.998230314202175,51.22892379689588,0],[34.99809093010588,51.228986852598865,0],[34.998005724522976,51.228988305796676,0],[34.99782194596024,51.22894504701993,0],[34.99760883736438,51.22888087142012,0],[34.99744855264546,51.22885505575807,0],[34.99728505735235,51.22888639974025,0],[34.99710974085414,51.228907238469645,0],[34.99695466981367,51.228870624670705,0],[34.9967873155493,51.22881280643047,0],[34.99653182267271,51.228688678031595,0],[34.99633529404908,51.22861350938568,0],[34.996164886126515,51.22861641656591,0],[34.9959944759342,51.2286193249336,0],[34.99585092262882,51.22858608097819,0],[34.99569999535308,51.228513705989556,0],[34.99547077844543,51.228471216097134,0],[34.995267211230896,51.228496101614056,0],[34.995162370809496,51.228569271920485,0],[34.99504033719515,51.22863916728686,0],[34.99483615253977,51.228649787798474,0],[34.99455074767192,51.22862253106095,0],[34.99430387281769,51.22856606375404,0],[34.99403535579122,51.2285349499735,0],[34.99371879929041,51.228576034767045,0],[34.99346534129216,51.22863032186967,0],[34.9932471981813,51.22871256031755,0],[34.993086632814666,51.22881166179643,0],[34.99288614443451,51.22890787442809,0],[34.99269516928883,51.228961094789945,0],[34.99255316050839,51.22896351427018,0],[34.992438629202894,51.22894404990069,0],[34.99228387200569,51.22891456356577,0],[34.9922097192274,51.22890868818346,0],[34.99209734288351,51.22893915407757,0],[34.991986199398674,51.228998151770746,0],[34.99186937906752,51.22905724937823,0],[34.9917134077758,51.22913128578998,0],[34.991533943692744,51.229187877411725,0],[34.991218304284914,51.22925035646644,0],[34.990975277681606,51.229283044857404,0],[34.990706004378204,51.22936614794664,0],[34.9901869583144,51.22958912543328,0],[34.98987776302059,51.22966933621168,0],[34.98950224917496,51.22979350281484,0],[34.98906470870607,51.22992943106277,0],[34.98875612366357,51.23002390600964,0],[34.98836985909023,51.23016252862909,0],[34.98802903517429,51.23030037788016,0],[34.98774393866711,51.23041229598035,0],[34.9874800250876,51.23048816197864,0],[34.98722793155916,51.23057453392082,0],[34.98675798221958,51.230750261387925,0],[34.98634790444297,51.23086430035013,0],[34.98570614909212,51.231010821267425,0],[34.985176160897915,51.23111261185656,0],[34.98444273681176,51.231242835330065,0],[34.983867755141816,51.23135608981085,0],[34.9834900635299,51.23143030900734,0],[34.9831900585638,51.23146037775794,0],[34.98280668281223,51.231534688008146,0],[34.98254336964328,51.231624809558845,0],[34.98243389359611,51.231723030232175,0],[34.98238828421555,51.231852290808405,0],[34.98242313054368,51.232001606698994,0],[34.98249037102846,51.232111109758065,0],[34.982722196676974,51.23234631253955,0],[34.98306824159671,51.23285797166104,0],[34.98317585872043,51.23311312315514,0],[34.9831443746983,51.23330639085846,0],[34.98301263211694,51.2334156976445,0],[34.9828223930348,51.23348673308471,0],[34.98255215898448,51.233548418621886,0],[34.98224891173364,51.233635646411734,0],[34.98200876893378,51.23373608196542,0],[34.98173714541266,51.23389772461811,0],[34.981600637442064,51.23402852323883,0],[34.98138044452247,51.23419643381688,0],[34.98105230990001,51.23436616843586,0],[34.980809390852954,51.23453446094659,0],[34.98060837964841,51.2347520114887,0],[34.98055784888414,51.23489920101592,0],[34.98048888247404,51.235146637572406,0],[34.98048302010515,51.23540728395709,0],[34.97992710695007,51.235112275502054,0],[34.97969857843238,51.23497565546951,0],[34.97922559216865,51.23469566591766,0],[34.97881760337451,51.23450567148874,0],[34.978292616791336,51.23424968331816,0],[34.97784562911608,51.234067688631605,0],[34.977394052911926,51.2338939406947,0],[34.97705852198296,51.233797704080885,0],[34.9766326213644,51.23367641182041,0],[34.97623742567382,51.2336081370285,0],[34.975945552478386,51.23356309814758,0],[34.975618221499836,51.23348653590183,0],[34.97535936783267,51.23341595508504,0],[34.97483137194586,51.23329994900472,0],[34.97456638186232,51.23321876173051,0],[34.974380468303025,51.23312553279177,0],[34.974239240230865,51.2330137041659,0],[34.97407620437567,51.232923658633396,0],[34.973833941748914,51.23284208657242,0],[34.97353086695506,51.23280080023867,0],[34.97322855872719,51.232777346450625,0],[34.972921789563145,51.2327825194447,0],[34.97261669797139,51.23282692290206,0],[34.97246346577822,51.23283307521513,0],[34.972302263648054,51.23278582557465,0],[34.972230889139176,51.23271207767811,0],[34.97216965734265,51.23260960420653,0],[34.972061758570845,51.23247936782974,0],[34.97186342435935,51.232361359224925,0],[34.9715984452094,51.23228016531739,0],[34.97103714836478,51.23218254962837,0],[34.970545091932095,51.23210874889458,0],[34.970108469359076,51.23200188844931,0],[34.96947641957243,51.23184478135612,0],[34.9689195936979,51.2317185260481,0],[34.96838701816634,51.23162755089056,0],[34.96770628505386,51.231528358299755,0],[34.9670683544694,51.23146728788081,0],[34.96702304706826,51.231459146487815,0],[34.96674536665534,51.23143526127164,0],[34.96651884541803,51.23145572579516,0],[34.966325699200134,51.23145897080862,0],[34.966131842412494,51.23144557384641,0],[34.96594732276355,51.2313844297352,0],[34.96568523175537,51.23128175913487,0],[34.96537046988043,51.231099073548066,0],[34.96500086212712,51.23087448015159,0],[34.96457591057648,51.23059608479545,0],[34.96439846012517,51.23052292429254,0],[34.96402327557703,51.23043404654867,0],[34.963459587170746,51.230279328348,0],[34.96316882991073,51.23021520377172,0],[34.96295679856687,51.23013072316305,0],[34.96269911456824,51.2300422481917,0],[34.96248268945289,51.229943565039996,0],[34.96227126267246,51.22987334850874,0],[34.96204979258257,51.22983423332772,0],[34.961632249951414,51.22972940340836,0],[34.96119582225613,51.22953685064665,0],[34.96054696657394,51.22925029596389,0],[34.96002490815414,51.22900444563415,0],[34.959292852790234,51.228721661637934,0],[34.95921251784304,51.22870397132779,0],[34.959109664002504,51.228691416440505,0],[34.95895419440956,51.22868926122728,0],[34.9587124920892,51.228690338150834,0],[34.9586206872888,51.22868230244466,0],[34.95842037243498,51.22863382250097,0],[34.95822602347595,51.2285601138356,0],[34.957829617651754,51.2283645401118,0],[34.95642040177831,51.227884587868694,0],[34.95561533171211,51.22751418026103,0],[34.954351638901535,51.22696287754211,0],[34.95386594827432,51.22667951215285,0],[34.95310586850905,51.226180629411004,0],[34.95268218263743,51.225795099802966,0],[34.952281460763366,51.22550435901233,0],[34.95206388670715,51.22528789617913,0],[34.95194198371316,51.225093627587555,0],[34.95190477844787,51.2248860499156,0],[34.95201058270469,51.22469988148371,0],[34.95234056412421,51.22443858748118,0],[34.95276989278749,51.22406261468645,0],[34.95313097518897,51.22366404081269,0],[34.95326412177028,51.22342976879881,0],[34.95348482464044,51.222825280748076,0],[34.953633823318825,51.22231716885316,0],[34.95375199832857,51.22197612990793,0],[34.953934673598475,51.22159237241641,0],[34.95396020348479,51.221300467457425,0],[34.9539603548779,51.221080371521566,0],[34.953842885788006,51.2207670605705,0],[34.95367834291595,51.220460485724054,0],[34.95323023537165,51.21994449444434,0],[34.95274654291191,51.21948263595662,0],[34.95237176009406,51.219131980100954,0],[34.952306909809685,51.21908566756685,0],[34.950862902460734,51.21847031880476,0],[34.95080322730331,51.218452410721675,0],[34.95018436079693,51.218367219464994,0],[34.94981737240862,51.218325221780205,0],[34.949122395068024,51.2183502247457,0],[34.94878140529027,51.21835922337555,0],[34.94813842541901,51.21840922568887,0],[34.94736545273011,51.21846722852974,0],[34.94667047485152,51.21850822977406,0],[34.94577850223768,51.21854123140864,0],[34.94504452496083,51.21851723357593,0],[34.94444154525586,51.21848423789249,0],[34.94369356690274,51.218377243152695,0],[34.94287496677704,51.21816934828405,0],[34.942394996061935,51.21799359593566,0],[34.94192331508195,51.21781404780267,0],[34.94146894099828,51.21759554589581,0],[34.94100869675825,51.21723734843653,0],[34.94068011314024,51.21696916925619,0],[34.940393750192264,51.21669136263888,0],[34.94007065448356,51.21644093412804,0],[34.939866003509124,51.216191516578846,0],[34.9397497667424,51.21590493861584,0],[34.93972578943277,51.21573104591849,0],[34.939685217076374,51.21541478134182,0],[34.939640352090365,51.214725972332786,0],[34.939639596742374,51.21443759998072,0],[34.93962557046677,51.21415801377371,0],[34.93964408200342,51.214003521000315,0],[34.93967741406385,51.213823084529636,0],[34.939698674861226,51.213679967882534,0],[34.939675558127504,51.213346281037296,0],[34.939660634863465,51.2130452963482,0],[34.939635372673074,51.212768750470715,0],[34.93962417462237,51.21261046778405,0],[34.939626672631654,51.21250763603196,0],[34.939638793237826,51.2124174937679,0],[34.93966018240679,51.212331478382076,0],[34.93971521305039,51.21218066441058,0],[34.9398320356208,51.21193174410888,0],[34.939838066123045,51.21185883473008,0],[34.93984254049269,51.21180308234511,0],[34.93983075490172,51.211739032221196,0],[34.93979821099912,51.21166771568259,0],[34.939751873232346,51.21157925559638,0],[34.93973492977339,51.211514101882756,0],[34.93974177122276,51.21145152921992,0],[34.939757700403014,51.211379883007275,0],[34.9397543276797,51.21129963407667,0],[34.93967944880561,51.21118547243682,0],[34.93947460544646,51.21099851731069,0],[34.93901949565584,51.210625354725444,0],[34.938451608335406,51.21009226135318,0],[34.93792416820178,51.20943952328197,0],[34.9375946126406,51.20916896970709,0],[34.936962016803534,51.2087178407803,0],[34.936322659413435,51.20828585444236,0],[34.935736907450035,51.207867255303874,0],[34.93523213585211,51.207471724229755,0],[34.934458356127415,51.20698734635165,0],[34.93371047176348,51.206676111473946,0],[34.932440642303035,51.206202176569576,0],[34.931617478139486,51.20590169023948,0],[34.93052278930704,51.20562947286057,0],[34.92998271369372,51.20557652032883,0],[34.92939861077023,51.20555760310477,0],[34.928606531786436,51.205456453205414,0],[34.92726364132232,51.20522636802151,0],[34.926519874497366,51.20510721495167,0],[34.92547172581533,51.20495077531201,0],[34.92491383010466,51.204924265207026,0],[34.92427773553684,51.20492997284905,0],[34.92363604995138,51.204983354873434,0],[34.92278398470563,51.20507826442549,0],[34.92185769510775,51.20521007696481,0],[34.92121659861498,51.20527771396152,0],[34.92073707393704,51.20531414076955,0],[34.919719265553304,51.205340365179474,0],[34.918564475898066,51.20541998566466,0],[34.91680137363682,51.2054905276336,0],[34.91506875200429,51.20561110693896,0],[34.913364137243256,51.20572228077553,0],[34.91294340505667,51.20573808401672,0],[34.912387726341834,51.20569660697741,0],[34.911822219005764,51.205646365802,0],[34.91136479818203,51.20557650903915,0],[34.91091972336916,51.205461837706295,0],[34.90994607815216,51.20515949175604,0],[34.90864542267078,51.204734582277496,0],[34.9076374586794,51.20440303753156,0],[34.90655658690869,51.203969601247216,0],[34.906368619003324,51.203880779622274,0],[34.90590587347462,51.20364338118673,0],[34.905757843030365,51.20353600128891,0],[34.90554852362623,51.203335121563285,0],[34.90524813915822,51.20305448674626,0],[34.90503255367408,51.202763546273744,0],[34.90490674229678,51.20246816921708,0],[34.90489146378002,51.20221263329422,0],[34.90496958298307,51.201925831393154,0],[34.90521029166614,51.20144900401525,0],[34.90552963930076,51.20104227871867,0],[34.905717122678105,51.2006525709798,0],[34.905751360485155,51.200449763445505,0],[34.905769930945354,51.200211520341824,0],[34.90575466580936,51.19972696512213,0],[34.905672853303265,51.19935056763234,0],[34.90543210285649,51.19890835131423,0],[34.90520927982985,51.19855625901095,0],[34.90504135015957,51.19834127873799,0],[34.90482232810835,51.198127129130405,0],[34.90453851154624,51.19785692990513,0],[34.90416939788498,51.197584548331996,0],[34.90376069520138,51.19731637938385,0],[34.903076575854165,51.19698130731125,0],[34.90271115386248,51.19679808923204,0],[34.902449527927146,51.196652443122744,0],[34.90222299520301,51.19653120857656,0],[34.90199469775637,51.196367172135595,0],[34.90176161079918,51.196224629207734,0],[34.90159781650864,51.1961095123862,0],[34.901432995760786,51.195969425060575,0],[34.90131329676038,51.19582147044744,0],[34.90121033235899,51.19566610147123,0],[34.90093708880621,51.195266865716185,0],[34.90048500601373,51.19474278296474,0],[34.900329637887474,51.19455614291932,0],[34.89942161806561,51.19365541427475,0],[34.89898482257083,51.19316283282699,0],[34.898705788716775,51.1929383445829,0],[34.898554019452796,51.192815889628214,0],[34.89833072337753,51.19279571936998,0],[34.898091559361056,51.19285016366693,0],[34.8977924913107,51.19294424425416,0],[34.897372144181276,51.19308192931189,0],[34.896755685569424,51.193285254657496,0],[34.89621446974621,51.193384445893486,0],[34.895517240200725,51.193557547053075,0],[34.89316819675882,51.19408098931432,0],[34.89174630842131,51.19431338078026,0],[34.89144531368093,51.194361077848775,0],[34.89103293661971,51.194462921450594,0],[34.89035295016942,51.19468805894646,0],[34.889403793104606,51.194998440766106,0],[34.88867837700964,51.195224301402725,0],[34.88805347650151,51.19531529055563,0],[34.887668826647925,51.19535480817652,0],[34.887236629319375,51.19534274862642,0],[34.88689447905543,51.19531019742262,0],[34.88628994787406,51.195343742706534,0],[34.8857791526312,51.19544715407976,0],[34.88518606980018,51.19557568341455,0],[34.88469642342599,51.195640679785186,0],[34.884297755384715,51.195651040788704,0],[34.8837434974347,51.195528976070584,0],[34.883121743215426,51.19528365787757,0],[34.88240737469428,51.19502535294854,0],[34.881970854750186,51.19490077298473,0],[34.88145681686646,51.194760108157084,0],[34.88083037013967,51.194627417023035,0],[34.88027690536565,51.19442692862178,0],[34.879614603629044,51.19410662732314,0],[34.87863866504283,51.19339204010103,0],[34.87698181516285,51.191954264757626,0],[34.876772291805096,51.19172667858087,0],[34.87655985810345,51.19139102129742,0],[34.876389857799865,51.19116770609279,0],[34.876188778783586,51.19111144555393,0],[34.87597191681057,51.191132769754795,0],[34.87456157266835,51.19136952721581,0],[34.87326570318373,51.19162822669848,0],[34.87289090808179,51.191723455774145,0],[34.871549690427436,51.19264589933733,0],[34.86945067237536,51.19419952653809,0],[34.86289355306732,51.19907332314058,0],[34.852282855556744,51.19381340200095,0],[34.84630524142921,51.19084558117171,0],[34.848373324782415,51.18920439630345,0],[34.844801413329925,51.187086077240664,0],[34.84345237487415,51.18625076402815,0],[34.841775137478066,51.18525404681937,0],[34.84051726093483,51.184565977813925,0],[34.83984495063036,51.18432077112999,0],[34.839077104577115,51.18405326851062,0],[34.83793611978378,51.18368455293921,0],[34.83684504491715,51.18338047490822,0],[34.835898936921296,51.183151442263764,0],[34.83483011034879,51.18293027467505,0],[34.833924525321216,51.18274494341262,0],[34.83383846725472,51.18059766334851,0],[34.833814700033955,51.180004700116974,0],[34.83383313664651,51.17951233184688,0],[34.83404179186755,51.179332207678634,0],[34.834342297052366,51.179034830265905,0],[34.83463357927762,51.17864836944287,0],[34.834868395739385,51.178269931455546,0],[34.835034255194884,51.17801392361871,0],[34.835090584802906,51.17785956964636,0],[34.835192186963134,51.17741540892813,0],[34.83527590311844,51.17709287575403,0],[34.83529705315754,51.17691052222281,0],[34.83520513069898,51.175215454833,0],[34.83531148577113,51.17103081099231,0],[34.835363387157905,51.16966898094049,0],[34.835375883880054,51.169411810723396,0],[34.835315941349535,51.1692366758847,0],[34.83530202640158,51.16922594021263,0],[34.83512853313627,51.16909209203095,0],[34.83494377275751,51.169014094426956,0],[34.83455627400697,51.16897734206537,0],[34.83260099448304,51.168917580084674,0],[34.82971033518292,51.16893904640464,0],[34.82371074564436,51.16901372215791,0],[34.82036487270985,51.16900874389758,0],[34.81975875449768,51.168994382171476,0],[34.81889206420062,51.16889841245494,0],[34.81821842830464,51.168899370956964,0],[34.817977158732916,51.16895566595688,0],[34.81774461756209,51.16905743009016,0],[34.8175970633613,51.169154900919935,0],[34.817476119961334,51.16932405420291,0],[34.817396688973155,51.1694732830028,0],[34.81728036925537,51.16976359152882,0],[34.81715569417719,51.169961828071045,0],[34.81680541805504,51.17031823138677,0],[34.81625947464556,51.170752026648785,0],[34.81600596642421,51.17092252017136,0],[34.81583086204311,51.17099897516198,0],[34.81582305996884,51.17100237982269,0],[34.8155238627642,51.171054922524704,0],[34.81525479010781,51.1710816625332,0],[34.814977844371974,51.1711258573053,0],[34.81425319909281,51.17122632779105,0],[34.813784113228216,51.17132878106684,0],[34.813314202511556,51.17141042147961,0],[34.81248631155229,51.17153255785924,0],[34.811875834157455,51.1716490905028,0],[34.81119536070187,51.17179049629503,0],[34.81067839140075,51.17187880655277,0],[34.81036299421673,51.171919379369086,0],[34.81000585270503,51.17198141744783,0],[34.80984532315733,51.17198985050547,0],[34.80970021655812,51.1720070931487,0],[34.809424089188745,51.17212430928281,0],[34.80907858048156,51.17282855077785,0],[34.80894785797574,51.17299415527685,0],[34.808902592257596,51.17316736044218,0],[34.80891224875058,51.17341407372979,0],[34.808910004750906,51.17359851000464,0],[34.80889357646919,51.17378316629587,0],[34.80890283960777,51.173899018338524,0],[34.808835019056026,51.17422128391223,0],[34.80883580096302,51.174483006111686,0],[34.808863192307236,51.17460369839723,0],[34.80894637879893,51.17470515589638,0],[34.809095656579544,51.174940787292954,0],[34.809202945484,51.17516754668243,0],[34.80924645351278,51.175312015439424,0],[34.80924199377726,51.17548815938652,0],[34.80922249687062,51.17566691531763,0],[34.80918445557752,51.17585547596594,0],[34.80905094094661,51.17611927454719,0],[34.80897900455337,51.176215560963655,0],[34.80889212811159,51.17631684183658,0],[34.80875134540297,51.17639515626988,0],[34.80845658078033,51.17650440695576,0],[34.80808190737477,51.1766029962357,0],[34.807711496904524,51.176678890294326,0],[34.80736204676599,51.17668312542232,0],[34.80687291733434,51.176662129889024,0],[34.8064305379807,51.17660589601115,0],[34.80523456892006,51.1761909108671,0],[34.804378642997925,51.17583613167254,0],[34.80409062731435,51.17573890907794,0],[34.803879727335705,51.17568886282913,0],[34.80379801443636,51.17569012191344,0],[34.80367142833879,51.175705400274374,0],[34.80353826642231,51.17570745337318,0],[34.803419716229996,51.17569595598226,0],[34.80330972839657,51.17567100205557,0],[34.80319235213521,51.17561190069199,0],[34.80310715010649,51.17552374956371,0],[34.80305318067714,51.17545986146268,0],[34.80297588810206,51.17541917500975,0],[34.8028569707697,51.17539816769566,0],[34.80273244190818,51.1753886656448,0],[34.80260223584442,51.175388768623556,0],[34.802453942498744,51.17539105332799,0],[34.80227464857024,51.17537478186276,0],[34.802057697851694,51.17532482545301,0],[34.80187913317116,51.17524953626783,0],[34.801716583697996,51.17519683648515,0],[34.8015674791809,51.17517819591661,0],[34.80144945146955,51.175180014842276,0],[34.80127731601026,51.17519218173108,0],[34.80109714440953,51.175231120603584,0],[34.800874753198535,51.175274521815915,0],[34.80057876341235,51.17529430486141,0],[34.8004168207736,51.175334868450804,0],[34.8001948724356,51.1753896812346,0],[34.799864343075534,51.17545568021657,0],[34.799614118986355,51.1754842778521,0],[34.799436154621716,51.175502244051884,0],[34.79927147954305,51.17551013755023,0],[34.79919714758761,51.17550782258266,0],[34.799084282120866,51.17548671668273,0],[34.79900744061746,51.175457444398596,0],[34.798886235694894,51.17545550040357,0],[34.798732778961224,51.17548070099965,0],[34.79853503947406,51.17553513863917,0],[34.7983948706209,51.175590589950126,0],[34.798214035633684,51.1756904520562,0],[34.79813277813664,51.175781165640984,0],[34.79811351685837,51.17583095216612,0],[34.798010112448964,51.17589726071665,0],[34.797914152142475,51.17592157679845,0],[34.797813034732734,51.17596881655543,0],[34.79774542247002,51.17602124996043,0],[34.79764437557225,51.1760703914149,0],[34.79754436353618,51.1761461654575,0],[34.79742375880436,51.176237484473425,0],[34.79734699490029,51.17628815458969,0],[34.79729185966202,51.17634991480412,0],[34.79728713875393,51.176384250036996,0],[34.79731010176099,51.17642958062951,0],[34.79730604708255,51.17648103861758,0],[34.79727165000627,51.176531056578106,0],[34.797225078662855,51.1765793607732,0],[34.79717163631305,51.17660683027954,0],[34.797136429270466,51.17663592401709,0],[34.79710203606269,51.1766859438433,0],[34.797023948974605,51.17678041649242,0],[34.796789598244715,51.17698388546997,0],[34.796572670750365,51.177182802472444,0],[34.796219881435405,51.17740698453431,0],[34.795467898180284,51.17776190563646,0],[34.79469892473165,51.177994902212916,0],[34.79373095872478,51.17844289398089,0],[34.792534003788184,51.179231876836106,0],[34.79185103071345,51.17984086315523,0],[34.79096806532782,51.180360851740694,0],[34.79034108878948,51.18082684205905,0],[34.78997601680662,51.181221223467794,0],[34.78960335813757,51.181516318891944,0],[34.78946665792101,51.181652250554,0],[34.78930123774667,51.18177969833797,0],[34.789130394373785,51.18188938355067,0],[34.78891179399056,51.181987902239,0],[34.7887116520964,51.182074242021145,0],[34.78849975978382,51.18216844963834,0],[34.788269145280054,51.182256486935174,0],[34.78816832660559,51.18234130662467,0],[34.788058036145195,51.18242626944301,0],[34.78800517808826,51.18252880442238,0],[34.78803610568249,51.18259316380674,0],[34.78811453336509,51.18266334391357,0],[34.78814567023483,51.18273425121038,0],[34.78813424450678,51.18280580676025,0],[34.78808059650725,51.182886929738395,0],[34.78803617746474,51.182961966028344,0],[34.78797676720933,51.18301641104308,0],[34.78774823963602,51.18310318149695,0],[34.78759331645448,51.18313529054614,0],[34.787434697855026,51.18319422483332,0],[34.787318071615076,51.183237645667255,0],[34.78724885056997,51.18328331846606,0],[34.787199701899674,51.18335842381146,0],[34.78719646863943,51.18339713719345,0],[34.787103484693134,51.183440198757104,0],[34.78700992853978,51.18346839723108,0],[34.78693414115767,51.18346657860078,0],[34.78688131271377,51.18344656708846,0],[34.78679076237198,51.183430104500566,0],[34.78668648117131,51.18342574838588,0],[34.78655474312622,51.18344560602549,0],[34.7864667238261,51.18349453841159,0],[34.78642477866817,51.183511657930715,0],[34.78645232722737,51.18355022354866,0],[34.789077344094345,51.18495167780758,0],[34.791729345961784,51.186602905797024,0],[34.79455702804886,51.18864416181316,0],[34.796371710827835,51.19031174245599,0],[34.79652944542163,51.19045668567192,0],[34.79747881206735,51.19132907240413,0],[34.80070195048405,51.19468262010551,0],[34.80186414406555,51.19628532680493,0],[34.80303926230381,51.197046406935335,0],[34.80487348739347,51.19796606877912,0],[34.81599526341787,51.200585872477845,0],[34.82249568769555,51.20190100260374,0],[34.82356528462691,51.20233892538806,0],[34.82423810802879,51.20284754271247,0],[34.82473459457871,51.20362455626527,0],[34.82331605390066,51.206980958790375,0],[34.82259299961744,51.212960069778276,0],[34.82237756082963,51.21777588370485,0],[34.82110097592798,51.22043597819348,0],[34.818496116601565,51.22393711199664,0],[34.814832892755575,51.22827636636684,0],[34.80897647961293,51.23447449006616,0],[34.80174809998812,51.24002488144833,0],[34.79351150293771,51.246346132218186,0],[34.79092797121104,51.24878774184229,0],[34.78856682572067,51.25145855382115,0],[34.789023729784695,51.25429889567514,0],[34.79153990801263,51.25725029647278,0],[34.800491779196776,51.26491529634496,0],[34.81452781237569,51.277141188589894,0],[34.82238843139074,51.28472637476444,0],[34.82251419445408,51.284847703266045,0],[34.82793619627248,51.291232051840254,0],[34.83080463499567,51.29254626786727,0],[34.83352584025696,51.293792889565154,0],[34.83823743330389,51.295716407766534,0],[34.84183301588108,51.29752050397586,0],[34.84392204815386,51.299549379818174,0],[34.844771455741764,51.30090579240143,0],[34.84513113028702,51.301867939417946,0],[34.84459345835586,51.302523676764594,0],[34.84226794645815,51.3034848048567,0],[34.83821612278129,51.304518015543884,0],[34.828158226061234,51.30518553819003,0],[34.81995311286581,51.305773105315225,0],[34.81441908846306,51.30690457031618,0],[34.81069348554635,51.30776643262097,0],[34.80852812409561,51.30855230098446,0],[34.80681308174982,51.309381142444394,0],[34.80465411106643,51.311203961746955,0],[34.803636171504955,51.31379665605113,0],[34.8049695872199,51.318528147985695,0],[34.805808301405705,51.31974568845041,0],[34.80637696277147,51.320571164867204,0],[34.80826666270743,51.32331399558345,0],[34.8088237628943,51.3257957401557,0],[34.809443460055626,51.32855599840566,0],[34.80841456627827,51.330190972556,0],[34.80724631299626,51.33118932341356,0],[34.80574132523495,51.33247534804773,0],[34.804436425113735,51.33323498069566,0],[34.80437149887298,51.33331431656037,0],[34.799362026008446,51.33592654131987,0],[34.79899471736173,51.336658214377856,0],[34.7983168138347,51.33800862869062,0],[34.797655681879185,51.339325511817236,0],[34.79786705647525,51.342444865547115,0],[34.797659480275634,51.34260065187195,0],[34.797277596056695,51.34283044378805,0],[34.797106400036704,51.342960641034615,0],[34.796891822650416,51.343188440159,0],[34.796768511491294,51.343345929102206,0],[34.7966706182171,51.34353192732061,0],[34.79661831951096,51.34366261990138,0],[34.796553931184434,51.34381842020762,0],[34.79651633465349,51.34402951456812,0],[34.796513728241194,51.34413840992677,0],[34.796528722146114,51.34426510216026,0],[34.79654852584856,51.34434110265987,0],[34.796622433124355,51.34442610328143,0],[34.79676311960603,51.34448180014011,0],[34.79687842856067,51.344495302708324,0],[34.79714131190937,51.344488598101904,0],[34.79746319525286,51.34447349703816,0],[34.797701898903796,51.34447440226194,0],[34.79787348456121,51.34447509500488,0],[34.79801568270192,51.34449189397938,0],[34.798148477606,51.3445119939124,0],[34.798169876004856,51.344519495331575,0],[34.798179170400104,51.344532092594996,0],[34.798159174102125,51.34454469271916,0],[34.798130973371045,51.34455388866545,0],[34.798093480157945,51.34455559046789,0],[34.79798488645164,51.34455559513542,0],[34.797908386366416,51.34455889223012,0],[34.79783328260024,51.34456559032009,0],[34.79758119493419,51.34460919227241,0],[34.79723520423584,51.34467279140032,0],[34.79690262283889,51.344728095483546,0],[34.796792613907805,51.34475658812241,0],[34.796717526493765,51.34479179512986,0],[34.79662362811727,51.344842088815426,0],[34.79652713045154,51.3448855895351,0],[34.79644124077744,51.344903990447285,0],[34.79634605190745,51.34491239378354,0],[34.79628034258968,51.344909089242755,0],[34.79620794430296,51.34489399031674,0],[34.796165047015926,51.34487049164504,0],[34.796146253321815,51.34482199723551,0],[34.796143547986745,51.344774995554445,0],[34.79612744963041,51.344740697211186,0],[34.796103339825784,51.344714693216616,0],[34.79600144677971,51.34463099819985,0],[34.79592094819653,51.3445789988945,0],[34.79583245621833,51.34451870227622,0],[34.79574925959182,51.34444830599132,0],[34.79569296795424,51.344391412087816,0],[34.795660765547154,51.34435950985492,0],[34.795632646318126,51.34434610663263,0],[34.79559375727544,51.34433440931305,0],[34.79554816005826,51.34433440944931,0],[34.79550786894809,51.34436121426674,0],[34.79547565676226,51.34439810667904,0],[34.795432763075546,51.34446510498995,0],[34.7953898710353,51.34454220827195,0],[34.79535636347448,51.34459750166886,0],[34.79532817273505,51.34461760234269,0],[34.79526117437618,51.34464940043712,0],[34.795226264565294,51.34468459812481,0],[34.79521558999095,51.34475330301086,0],[34.795215570702624,51.34480019588069,0],[34.79524238025458,51.34484880079469,0],[34.79529067989615,51.34488729566362,0],[34.79545157467819,51.344950996159916,0],[34.795548162264396,51.34499619273232,0],[34.795655451451836,51.34505818194473,0],[34.79574126307249,51.34510168457712,0],[34.795845860539835,51.34513858520091,0],[34.7960040473178,51.34517378320505,0],[34.79619184826402,51.34520058433828,0],[34.79632864433655,51.3452072805149,0],[34.796427843762324,51.345202284660786,0],[34.79663972915027,51.34519558043719,0],[34.79682753154142,51.345182182476826,0],[34.797044706582575,51.34515027725625,0],[34.797227097207056,51.34512847514117,0],[34.79731829078462,51.34512177256243,0],[34.79745510725767,51.345121782197836,0],[34.79758389575571,51.345128473817375,0],[34.79796209281483,51.34514698135684,0],[34.79835627541687,51.34516877438125,0],[34.79890884779637,51.34520386865315,0],[34.7992896438777,51.34524076815977,0],[34.79978852281787,51.345287660626205,0],[34.800217711134394,51.345334563083405,0],[34.800766890856636,51.345400354214924,0],[34.80109162543166,51.34544914924443,0],[34.80146724371645,51.34576957321803,0],[34.80478486269863,51.34710792465087,0],[34.80597226878346,51.34728109455174,0],[34.80597623858319,51.34728288515029,0],[34.806668229936065,51.3475643687418,0],[34.80718320693176,51.34775196572708,0],[34.80747548948635,51.34783236202857,0],[34.80790468172177,51.347952957058226,0],[34.80834728024205,51.34808195416462,0],[34.80867987284832,51.34815405415757,0],[34.80882466625867,51.34817745129548,0],[34.80896416371233,51.348182552847426,0],[34.809173346088826,51.3481724474843,0],[34.80941744494844,51.34814064690919,0],[34.809607838788224,51.34811544919202,0],[34.80984382660669,51.34807024946578,0],[34.80997765912451,51.348041330231254,0],[34.81839004148575,51.352721522392905,0],[34.819424038428,51.353747690308964,0],[34.81966914832517,51.355205891924264,0],[34.82049684709014,51.35561523741597,0],[34.82132456667358,51.356024581497486,0],[34.821774321357616,51.35607997809015,0],[34.82436043726462,51.358645956375184,0],[34.82700239172129,51.36057272643491,0],[34.82805851840706,51.360614945633905,0],[34.830654784073886,51.360672884117385,0],[34.89533391462187,51.35861047674264,0],[34.9067666168704,51.35929753837647,0],[34.91616068297798,51.35985825492044,0],[34.92237922549176,51.36142563447223,0],[34.93154448318979,51.36753125270754,0],[34.950497106871566,51.382050045468354,0],[34.95303959692006,51.38452135952976,0],[34.953330178833546,51.38484022461004,0],[34.9551507286876,51.38683783996514,0],[34.95730747338236,51.389562814752324,0],[34.95811825576018,51.390989482534366,0],[34.958414939490055,51.39138713694732,0],[34.958695987203726,51.39176382712334,0],[34.95934016185024,51.392492792409826,0],[34.95919972146232,51.39265485230998,0],[34.959018910934525,51.39290241953056,0],[34.958948609963144,51.39312178516179,0],[34.95896868235683,51.39330980391308,0],[34.95914951062568,51.39348843454935,0],[34.95949102532533,51.39357617789439,0],[34.96006355752801,51.39355110450036,0],[34.96052626084909,51.393523687869404,0],[34.96045866421085,51.394897170428855,0],[34.95985518426392,51.395756160170784,0],[34.95928527119742,51.39656736823913,0],[34.95520665738651,51.3990833820884,0],[34.94706532302461,51.403723134054104,0],[34.94392599295557,51.4069135265738,0],[34.943483960123615,51.40942465618362,0],[34.94442266698726,51.41376334349788,0],[34.94696604992748,51.41717716170306,0],[34.95005048518786,51.418320885706045,0],[34.9572182557139,51.41828782891929,0],[34.96548209434403,51.417891432026046,0],[34.97151935250102,51.41760147203942,0],[34.97173979290033,51.41759090662547,0],[34.97389935254878,51.41762312820833,0],[34.97664105662714,51.417664092697336,0],[34.97829079930414,51.417688708786585,0],[34.98014311646979,51.41771632435952,0],[34.98113294384029,51.418053694813196,0],[34.98130453288864,51.41784959787923,0],[34.981760521425855,51.418010193146145,0],[34.98186781880709,51.417899794327475,0],[34.982876275474254,51.41823767926158,0],[34.98330006097809,51.41786968989625,0],[34.98303195387579,51.41775933020885,0],[34.98370538966324,51.417751743598416,0],[34.98398595527766,51.41774858828369,0],[34.98470616851711,51.417740466784004,0],[34.98712459438628,51.41771318318278,0],[34.990018132490974,51.41768046447699,0],[34.99495384801941,51.41895380918952,0],[34.99538843032352,51.41941130873529,0],[34.99561674235276,51.41951935388445,0],[34.9959187850687,51.41962610032869,0],[34.9965180811154,51.419674547965805,0],[34.99732863350001,51.41966781292032,0],[34.99848458519247,51.41946764333052,0],[34.99941860576104,51.41921547858556,0],[35.00029407313674,51.4187926020556,0],[35.00175636335028,51.4178509287863,0],[35.00414619395326,51.416078906292626,0],[35.005817468078504,51.414887780070515,0],[35.00735077971675,51.413730020598926,0],[35.008140990797024,51.41326649431113,0],[35.00843190507424,51.413124178432724,0],[35.010268158410895,51.412225905683194,0],[35.010681035367014,51.412050010073834,0],[35.01279443880553,51.41128305672323,0],[35.01313280695138,51.41118185052841,0],[35.01533550181802,51.41063765564446,0],[35.026397093357524,51.40790470848469,0],[35.02905423803561,51.407325618246716,0],[35.02922875904446,51.40728757559479,0],[35.02922921082391,51.407287449412664,0],[35.03997901524023,51.40494389191184,0],[35.041541508913284,51.404711650824154,0],[35.04246095799941,51.40461998016958,0],[35.04370769889628,51.40465341979385,0],[35.04370774487848,51.40465339004466,0],[35.04520681542658,51.404785348227854,0],[35.04884422549799,51.404817546048385,0],[35.0576707660738,51.40450158882382,0],[35.06047694222503,51.404357626425735,0],[35.061699994499044,51.404564822228096,0],[35.06368758476891,51.4044516999988,0],[35.06381036936568,51.40444471374752,0],[35.06377592477731,51.40445801867867,0],[35.072670735882525,51.405094459578045,0],[35.074562878502945,51.40540812793943,0],[35.08008106399751,51.40632270114228,0],[35.080370538655544,51.40641067534072,0],[35.08265247563687,51.40710413727144,0],[35.08496653683915,51.40780729574155,0],[35.086091941015596,51.40814923894576,0],[35.09833575321781,51.4123608359273,0],[35.09926663792426,51.412680954042884,0],[35.09911264913455,51.41304094392414,0],[35.09938204193531,51.41352102849659,0],[35.09959143364551,51.4135863200387,0],[35.100382615947964,51.41383301679442,0],[35.10107539093568,51.413929110485576,0],[35.10115238309705,51.41355701973215,0],[35.10130629356906,51.41318503571955,0],[35.10171036334036,51.41287293815405,0],[35.10236462741689,51.41264493827483,0],[35.10284561558049,51.41257293907663,0],[35.10312891504299,51.412497813301975,0],[35.103615291644914,51.41236884348199,0],[35.10448128402718,51.41248894208738,0],[35.105039243720825,51.412680927010705,0],[35.10525095198477,51.413401009121145,0],[35.1056550503932,51.413689002659154,0],[35.10646324026675,51.413916997619964,0],[35.10673263195822,51.41439708304577,0],[35.107309812470724,51.41462507293755,0],[35.10786790698835,51.4152011584951,0],[35.10898397198439,51.415981229503004,0],[35.10965745494143,51.416377217410655,0],[35.11060032817236,51.41652121082029,0],[35.11117750477642,51.41648520780704,0],[35.112004980304334,51.41637720740576,0],[35.11315944497031,51.416773191464614,0],[35.11425633318616,51.418141254813555,0],[35.11512221032748,51.41892122858746,0],[35.11602658379183,51.4193772130689,0],[35.11662306548353,51.41980919783306,0],[35.11837411845929,51.4204451750562,0],[35.12016367584998,51.42128514760578,0],[35.12089486090169,51.421669034992746,0],[35.12154913874774,51.42174103047035,0],[35.12203024269863,51.42189702992107,0],[35.1225112048124,51.42177702456073,0],[35.12295378794418,51.42150103034045,0],[35.12347338531631,51.421405036810114,0],[35.12455093290032,51.42145302426839,0],[35.12507042161014,51.421705017138365,0],[35.125667009414876,51.422233001478894,0],[35.125974815307416,51.42283298650651,0],[35.12655209426728,51.423036977258036,0],[35.127783660608,51.423684854580856,0],[35.127937558762966,51.42402084462562,0],[35.12838015347347,51.4244047342464,0],[35.1289189362812,51.42450073067385,0],[35.128976642182536,51.424932720174276,0],[35.12870726607469,51.425292613278685,0],[35.12888044284396,51.425844490562774,0],[35.128418653231336,51.42585649210675,0],[35.12847638531245,51.42615649163374,0],[35.12905365090462,51.426324479624206,0],[35.1293422409461,51.426804364250586,0],[35.12980402619715,51.42735624553221,0],[35.13005879158517,51.42766547291093,0],[35.130169721362094,51.42780013250661,0],[35.13157513936301,51.428090868315685,0],[35.132355165584265,51.428204403971485,0],[35.135448308867,51.428292431456825,0],[35.15157432009265,51.4271253775732,0],[35.157667397841124,51.42625242027737,0],[35.16257201010711,51.426234765298645,0],[35.16257244499212,51.426234776047494,0],[35.173474035664626,51.42619484311499,0],[35.180202180629756,51.42609619215227,0],[35.18492269731034,51.42695538669464,0],[35.19123795760376,51.428769998688715,0],[35.197124192946916,51.43214998373464,0],[35.202098111052784,51.43823159987641,0],[35.211630662648794,51.44730615038115,0],[35.21641431668525,51.45078705059925,0],[35.2216652700713,51.45278329919945,0],[35.224484239345806,51.452376216987936,0],[35.226153108580384,51.45165275706224,0],[35.22686131447998,51.45048925702264,0],[35.226767858834755,51.450137752797765,0],[35.226750181558955,51.449741169634436,0],[35.226794371711904,51.44933907596728,0],[35.2270418435409,51.44898104208437,0],[35.22736886442606,51.4487001230118,0],[35.22787313660338,51.44858360788805,0],[35.22977201281705,51.44851635830224,0],[35.23285770204618,51.448435660670555,0],[35.23852210675986,51.44815948379146,0],[35.24886716725184,51.44770336510944,0],[35.248865292421605,51.44771265767382,0],[35.24869369299767,51.44794674958613,0],[35.24844960216142,51.44792835212422,0],[35.24838251016662,51.44816564616667,0],[35.248503198563576,51.44818074345005,0],[35.24849520690743,51.44844983813078,0],[35.248530113204566,51.449161917791564,0],[35.249071896909896,51.449135217605615,0],[35.24912279755001,51.44931401295407,0],[35.249820175046366,51.44932911040377,0],[35.24987376180094,51.44921710886397,0],[35.249849670995545,51.448354538508994,0],[35.24996020116091,51.447655119383995,0],[35.25238598088611,51.44754801533299,0],[35.25569910047956,51.44735771045372,0],[35.25560547022182,51.4478564267596,0],[35.25630823885789,51.44792661921259,0],[35.25644764101035,51.44744183584139,0]]]},"properties":{"GlobalID":"{A085F4EF-BC6A-4A98-8E89-EEF6B66C67BE}","Creator":"hhurwitz_understandingwar","EditDate":"2026-06-30T00:00:00.000Z","Editor":"lhiguchi_understandingwar","Shape__Are":1132802772.55,"Shape__Len":240655.20771,"CreationDa":"2026-01-11T00:00:00.000Z"}},{"type":"Feature","geometry":{"bbox":[34.234325788489976,51.27938313102384,34.32336257882501,51.3324901422585],"type":"Polygon","coordinates":[[[34.27642350352059,51.292125382515756,0],[34.27485380561194,51.29214708083928,0],[34.27331771646538,51.29212169664657,0],[34.27320281585608,51.29207029695884,0],[34.27299622301383,51.29207809803585,0],[34.27272222912966,51.29201599994763,0],[34.27244333907523,51.29193220336282,0],[34.272196545157236,51.2918986044545,0],[34.27193905676738,51.29189860669271,0],[34.27146167190433,51.29190200771819,0],[34.27093058500867,51.29186511073965,0],[34.27042640231318,51.29182481429601,0],[34.26992871961747,51.291742619663715,0],[34.2694714877459,51.29158995311275,0],[34.269396236292025,51.29156482610919,0],[34.26897714121009,51.29136313151025,0],[34.26871935062093,51.29113854001655,0],[34.26862875262223,51.29103219418905,0],[34.26687215024836,51.29038180067961,0],[34.26484829889748,51.28914342097514,0],[34.26350148786605,51.287719310039755,0],[34.263382646112284,51.28691962033181,0],[34.2647375040001,51.28381015602243,0],[34.264756301291854,51.283706158275066,0],[34.26474019858924,51.2834980626599,0],[34.26467580090559,51.283306869218784,0],[34.264722598037906,51.28306467576143,0],[34.264863585616666,51.28272638293487,0],[34.26502447971635,51.28240769126974,0],[34.26513717536575,51.28212919924751,0],[34.265206868611045,51.2819245043049,0],[34.26527126807521,51.281736610469615,0],[34.2652751651654,51.28156381472669,0],[34.265212260702604,51.28131721966884,0],[34.265110264097274,51.28107562857653,0],[34.265064666020066,51.28097158282402,0],[34.26501906257438,51.28086753258931,0],[34.26494396368015,51.28065623869174,0],[34.26485276729828,51.280521945439894,0],[34.264756266475466,51.280376047807074,0],[34.264713367631266,51.280196552050676,0],[34.2646811661223,51.28000855850503,0],[34.26460606674166,51.279773764958186,0],[34.26446116688542,51.27948517389218,0],[34.26433247240689,51.27917648355065,0],[34.26419296938004,51.278901289483805,0],[34.264074970909796,51.27867979633836,0],[34.263989172984424,51.27847180259674,0],[34.26385507450018,51.27827050884652,0],[34.263688782731364,51.27808931720086,0],[34.26350638489881,51.277945020023424,0],[34.263334688767166,51.27783092247719,0],[34.26319938907449,51.277759524594416,0],[34.26308129448418,51.27772622682283,0],[34.26291899879737,51.27776542524017,0],[34.26277680327352,51.277814124632116,0],[34.262632013181346,51.27788292481489,0],[34.26254881431826,51.2778896254366,0],[34.2624925163441,51.27786272602031,0],[34.26244691436807,51.277805727423825,0],[34.262428116310204,51.27774033038318,0],[34.26236371509613,51.277596032062384,0],[34.26229682165121,51.27742123990506,0],[34.262066622056906,51.27709884821708,0],[34.26180592567409,51.27681415644534,0],[34.26150013482979,51.27657256492611,0],[34.26109774470214,51.2763174732904,0],[34.26068475339746,51.27601548273636,0],[34.26023946762587,51.275790690989965,0],[34.25986397407311,51.27560609687194,0],[34.25954218424578,51.27550540003735,0],[34.25923639272274,51.27543830325441,0],[34.25895740653367,51.27539470894583,0],[34.25867591094942,51.275343908862716,0],[34.258457317295495,51.2752395137493,0],[34.25830302102082,51.27518161477236,0],[34.25817962453347,51.275104417164606,0],[34.25812062624433,51.27502722032974,0],[34.25806702550515,51.27498692115491,0],[34.25795433057921,51.274983621927625,0],[34.25787653460008,51.275003722120395,0],[34.25781213626067,51.275054120031086,0],[34.257820243055605,51.275124521137776,0],[34.25781483934316,51.27521181579825,0],[34.257720939065635,51.27527051404016,0],[34.257519849532386,51.2753242155213,0],[34.25727385546745,51.27538141322954,0],[34.25703126277988,51.27540121328255,0],[34.25674347371622,51.27536611754593,0],[34.25639348433164,51.275302418785756,0],[34.256119791864464,51.2752706221329,0],[34.25567720653538,51.275289022133045,0],[34.25539422867876,51.2753114653187,0],[34.25519172438633,51.275327524484865,0],[34.254851134510794,51.27534772588711,0],[34.25460974273901,51.27531592749953,0],[34.25430934939522,51.27525712828959,0],[34.25404115657555,51.27526222918855,0],[34.253846182085624,51.27529933077663,0],[34.253732671184906,51.27532092974077,0],[34.253212287269726,51.27543332839342,0],[34.252636005013166,51.27553672775643,0],[34.25231300408717,51.27560530729245,0],[34.252094015579345,51.275721481571274,0],[34.25551162525872,51.281544301241496,0],[34.24633303914048,51.283951262960684,0],[34.24594356730925,51.284206239201694,0],[34.24595636236067,51.284383922416794,0],[34.245954052455915,51.284508854380505,0],[34.24592850015799,51.28461619044316,0],[34.24586322194708,51.284727518100915,0],[34.24577595766484,51.28486763067083,0],[34.24566333524913,51.28512221581528,0],[34.24553971683921,51.28539119171827,0],[34.24540491115838,51.28566742442682,0],[34.24527473297639,51.28590435094836,0],[34.2451763761811,51.28605528784814,0],[34.245070686897584,51.28614563307238,0],[34.24482372493837,51.28627316637558,0],[34.24447531301838,51.28643746843683,0],[34.24405839665423,51.28666435393091,0],[34.2438073473512,51.28685141081984,0],[34.243631512516316,51.28701387487471,0],[34.243502509922216,51.287224615611294,0],[34.24304730693474,51.2883524369412,0],[34.241877161601955,51.29199108530038,0],[34.24181850229643,51.29234858582801,0],[34.24186760697065,51.29276204946949,0],[34.2419560717213,51.29294668900281,0],[34.242099604963684,51.29308387632432,0],[34.24228092931181,51.29310265043962,0],[34.24326738634312,51.29337768291051,0],[34.244677072502995,51.293726726628925,0],[34.244894949461,51.293785079328856,0],[34.24498310437155,51.293887637288556,0],[34.24499767052001,51.294005253205064,0],[34.24497838431918,51.294133935251175,0],[34.24488849753931,51.29438827613408,0],[34.244814715438515,51.29460675918744,0],[34.24484027535135,51.294709981245624,0],[34.244889369812206,51.294841506894535,0],[34.244881464842344,51.29497006803428,0],[34.2448573541829,51.29513092038177,0],[34.24485455712695,51.2952380136909,0],[34.244917641182816,51.29546574791798,0],[34.245019206621016,51.29564310721906,0],[34.24506695431817,51.29572468317426,0],[34.245223594395505,51.295833650284536,0],[34.245378401882114,51.29587482845496,0],[34.24559561810525,51.2959082078167,0],[34.24652849505956,51.29598478006696,0],[34.24938404070864,51.296228293270026,0],[34.2495895870386,51.296251082652745,0],[34.25013670434811,51.296484353064265,0],[34.2503108183355,51.296607401137244,0],[34.25029723564568,51.29673602396166,0],[34.25022156659604,51.297093712834695,0],[34.25043138902946,51.2980177085806,0],[34.25048823257381,51.29862660511069,0],[34.250545947573904,51.29886509785248,0],[34.250727218456746,51.299041601611044,0],[34.25093588274101,51.299178557387506,0],[34.25129076850755,51.29924971040077,0],[34.25170622166506,51.29924526991846,0],[34.25227290697841,51.299149989851344,0],[34.25362331012133,51.298985648952886,0],[34.25467227324356,51.29883166259861,0],[34.255084258967514,51.29879751271524,0],[34.2555884518235,51.299653375049665,0],[34.256114791109226,51.300582756776045,0],[34.25624350774301,51.30070985478104,0],[34.25633554292422,51.3007445543093,0],[34.25668329579787,51.3007622351634,0],[34.25683416181211,51.30076061587243,0],[34.257145481863006,51.30078923479544,0],[34.25722258223727,51.30083301666618,0],[34.2573447273337,51.300962561563104,0],[34.257486085394724,51.30110082200492,0],[34.25766547003065,51.30124164733421,0],[34.25806858931854,51.30154284113126,0],[34.258127870946836,51.301577066535785,0],[34.2583018656126,51.30169415724585,0],[34.258531647504576,51.30190819570312,0],[34.25870852637439,51.30199194485997,0],[34.25897065991448,51.30200102257583,0],[34.25918235979725,51.30197019533772,0],[34.259456285037366,51.301855427440465,0],[34.25969274190439,51.30172268621985,0],[34.259999259289636,51.30158668333361,0],[34.260531634072535,51.30127760458065,0],[34.260986670575384,51.30105500698702,0],[34.26118381345163,51.30097793934851,0],[34.26145191322973,51.300789473560066,0],[34.26160677025455,51.30062363943656,0],[34.26167576557381,51.30044088622925,0],[34.26175114006699,51.300283046301665,0],[34.26187812423521,51.300138924736515,0],[34.26244874388564,51.29977232514151,0],[34.26276804827291,51.2995833031738,0],[34.263018960469495,51.299391449822934,0],[34.26319342512841,51.299318190855146,0],[34.26339722953943,51.299276736398575,0],[34.26367531287807,51.29924518565076,0],[34.26391374818228,51.299221198889285,0],[34.2641338409798,51.29915101512848,0],[34.26423971607647,51.299067789813385,0],[34.264332837976475,51.298934737875406,0],[34.26444352174073,51.29881934042054,0],[34.264600026583956,51.298714154415485,0],[34.26478596840183,51.298644339125374,0],[34.26521014692661,51.29854339841983,0],[34.2658614732265,51.29842215645935,0],[34.26631606606678,51.29839225818804,0],[34.26664143491074,51.298424427634345,0],[34.26686054213746,51.29852555358137,0],[34.26697367995921,51.29870633771407,0],[34.26708171999407,51.2989085915229,0],[34.267199665470116,51.29905720559226,0],[34.26742686621693,51.29967659908416,0],[34.26803386281062,51.30109155743082,0],[34.26812839801905,51.301463173504025,0],[34.26903407888449,51.30326186129538,0],[34.270260194095925,51.30608577384882,0],[34.2705586219763,51.30692715357913,0],[34.271502131484,51.310462017810075,0],[34.271578513550345,51.31080679383113,0],[34.2716838466421,51.31128226552394,0],[34.2720593779725,51.312887428798135,0],[34.27233452199088,51.31391344451652,0],[34.2725649778469,51.3146960782607,0],[34.273278168489036,51.31456546399773,0],[34.274047799600964,51.314259173677456,0],[34.2747261476271,51.313867115505914,0],[34.27490468211514,51.31376392838969,0],[34.27516754879773,51.31362091737237,0],[34.275665108213985,51.31328716757126,0],[34.27621078070261,51.31304568206201,0],[34.276717087332436,51.312822464041595,0],[34.277367394802496,51.312658344823575,0],[34.277621092656766,51.31256635705714,0],[34.27774865346636,51.31244362596327,0],[34.277785035080925,51.3123183224752,0],[34.27777581737607,51.31214027733705,0],[34.277780186111144,51.31195584250856,0],[34.27776994240921,51.311587177091866,0],[34.27771556673694,51.311337952573055,0],[34.277650881110844,51.31105910312352,0],[34.27766390752562,51.31084483231918,0],[34.27778979574073,51.31059364088707,0],[34.27792615973089,51.310378024337496,0],[34.27820400715308,51.310131122204886,0],[34.278350518818264,51.309939186683884,0],[34.27845857990889,51.309729826496884,0],[34.27848859646036,51.30944399312493,0],[34.27848016934989,51.309140736871214,0],[34.27862849358615,51.309014209899274,0],[34.27936297233204,51.30914893887158,0],[34.28031632258597,51.3093050636408,0],[34.28103199993486,51.30944593784715,0],[34.281406804471494,51.30961432920818,0],[34.281792094240714,51.30981829270183,0],[34.282265424893176,51.31011646021879,0],[34.282557837229824,51.31039281479631,0],[34.2827174298148,51.31067062295263,0],[34.282722903597126,51.310866849574644,0],[34.28264447822033,51.31111752508851,0],[34.282451540634,51.311345663238846,0],[34.282201174608716,51.31155658419642,0],[34.281885886362694,51.311821748811454,0],[34.28168461382509,51.31209161428683,0],[34.28157771905783,51.312342600127835,0],[34.28150144009528,51.312670575381816,0],[34.28146162222821,51.31294462116599,0],[34.28147106424073,51.313283553945254,0],[34.281477525895916,51.31351545618978,0],[34.28145635177797,51.31377740183963,0],[34.28140919691454,51.314128849108734,0],[34.28138557015492,51.31448213893985,0],[34.28116660840045,51.317640053811026,0],[34.282146581390634,51.31815903573475,0],[34.283848541934624,51.31952899348482,0],[34.28481930999723,51.320168273070614,0],[34.28567317563439,51.32068611017013,0],[34.286495472822835,51.321040940318035,0],[34.28926239482872,51.32194890468647,0],[34.289885349205356,51.32218219771752,0],[34.28818382357198,51.3248775313619,0],[34.28682897550871,51.32694091966881,0],[34.28525240514833,51.32922799206892,0],[34.28405838265654,51.330939837821646,0],[34.28324739947153,51.33209074204144,0],[34.28187292242238,51.334282762149115,0],[34.281799154766325,51.33449769599863,0],[34.281889383337656,51.33458262851674,0],[34.283434695986266,51.33566998004948,0],[34.2851523660987,51.33705963103911,0],[34.286723083912214,51.33833413328195,0],[34.28747747730696,51.33895870911807,0],[34.287978861929666,51.33922918387831,0],[34.288370992016375,51.33939617282532,0],[34.28877644847277,51.33949639806748,0],[34.289309411756115,51.33953811605828,0],[34.28981066291472,51.339532596885796,0],[34.29029358521435,51.33944702039158,0],[34.291375128733364,51.33907227365871,0],[34.291812785053764,51.338764096405285,0],[34.292074381334565,51.338273477462515,0],[34.2922467237711,51.33798607165327,0],[34.29247686058065,51.33772776885905,0],[34.29279159136872,51.33743879062476,0],[34.29334240387251,51.337071626957595,0],[34.29423567358096,51.33669060531368,0],[34.294700486640096,51.33647133867237,0],[34.29508148922097,51.33624348215373,0],[34.2961683651188,51.33545583977021,0],[34.29713362743371,51.33493600432298,0],[34.29806546697389,51.33457831668135,0],[34.29860832756699,51.33443430481131,0],[34.29950822926389,51.33429108839353,0],[34.300410278058116,51.334223975555844,0],[34.301077995737124,51.33419752736402,0],[34.30185431251065,51.33425075915518,0],[34.30251209916872,51.3344099900809,0],[34.30301666512033,51.334523339204864,0],[34.30346101827163,51.33465638649994,0],[34.30401452755054,51.3348881468887,0],[34.30440856523585,51.335121679523986,0],[34.30481304044747,51.335455020947215,0],[34.30518165954502,51.33575604650826,0],[34.30529810203025,51.3358439688502,0],[34.30543601244415,51.335885257103406,0],[34.305562122895516,51.3359124013848,0],[34.305732685385934,51.33589979385391,0],[34.305967117212504,51.335929300152195,0],[34.30617449089669,51.33600907028153,0],[34.3065562949466,51.3360119496346,0],[34.30709961743802,51.3358845466209,0],[34.307880323365495,51.335690254244426,0],[34.308745133792165,51.33544862115225,0],[34.30949144848715,51.33524756415795,0],[34.310147241317715,51.33506892792938,0],[34.31059392271672,51.33494972776996,0],[34.31095944380599,51.3347814721533,0],[34.31106917934746,51.33463392339819,0],[34.3112361687188,51.33429658601596,0],[34.311345126370206,51.3341663035228,0],[34.311142650219935,51.33347818614993,0],[34.31092173241239,51.33272736477787,0],[34.31043997619533,51.331089991021834,0],[34.31073794365116,51.330851616894414,0],[34.31108716247056,51.330572241223216,0],[34.312819343191215,51.3291864619515,0],[34.31293738739703,51.3291717039382,0],[34.313307871695024,51.32790299914647,0],[34.31391503482682,51.32655704852263,0],[34.31398440023608,51.32521112299796,0],[34.31276571475364,51.32397714183486,0],[34.311183261574826,51.32302232094231,0],[34.310001189218404,51.322692287383234,0],[34.30824122988471,51.322556215402,0],[34.3072912415917,51.322066184982425,0],[34.306383238987884,51.322016479870065,0],[34.30533403636382,51.32193165262355,0],[34.30494833912839,51.321651630877604,0],[34.30487364544807,51.32098203460551,0],[34.30466129556101,51.320078111099555,0],[34.30464519129441,51.31989371436121,0],[34.3046719904836,51.319726119248905,0],[34.304714886215,51.319592023740114,0],[34.304832881150276,51.319457926955266,0],[34.30498847759834,51.319350628909866,0],[34.305235268092765,51.31923663039962,0],[34.305498056939655,51.31916623160571,0],[34.30564295384105,51.319146131442444,0],[34.305852148825075,51.319129332545025,0],[34.30617403760024,51.31916282959087,0],[34.30637242955216,51.31918302846004,0],[34.306528027135485,51.31918302862109,0],[34.306688922043804,51.31917632747527,0],[34.30691961094675,51.31910252813334,0],[34.307225401010804,51.31895163101941,0],[34.307265874204425,51.318476349057754,0],[34.30700213301206,51.31711527050529,0],[34.30642298644635,51.31529119924174,0],[34.30525914501347,51.31322991411943,0],[34.30459686803236,51.312336520514584,0],[34.304572717482685,51.31230802132391,0],[34.30421062628327,51.31196103274224,0],[34.30402553287155,51.31177823937475,0],[34.30391823170472,51.311634142615475,0],[34.3038780353251,51.311560345492616,0],[34.30387263233017,51.31149494727422,0],[34.303875332552956,51.31137755076036,0],[34.303869932580966,51.311285353451474,0],[34.30382703606925,51.311251855016906,0],[34.30378683179016,51.31124685365955,0],[34.30370903874152,51.3112417562107,0],[34.303660738994914,51.31123335569438,0],[34.30361514146757,51.311198156680874,0],[34.30359103817866,51.31114955768209,0],[34.30358833974689,51.311092559400635,0],[34.30359903997773,51.311043960494814,0],[34.303607135931486,51.31099366132153,0],[34.303572238187165,51.310926563977596,0],[34.30351054145429,51.31085786634211,0],[34.30337374306989,51.31071697045841,0],[34.30327184433826,51.310605673628444,0],[34.30314314437635,51.31040177901341,0],[34.30303854708737,51.310244184474946,0],[34.30292045023839,51.31007148926531,0],[34.302872251697984,51.30998439242223,0],[34.30283195101674,51.30983679674233,0],[34.30281854887782,51.30965070208997,0],[34.30279714673692,51.30950820593499,0],[34.30277564751247,51.30941090775183,0],[34.30273274920063,51.30931701076797,0],[34.30269514904783,51.30922481386419,0],[34.302665648377776,51.30905881914225,0],[34.30266564950257,51.30894652352586,0],[34.30271124418243,51.30884092411265,0],[34.30277024420901,51.30875532752127,0],[34.30286413783704,51.30865312960683,0],[34.302955336739394,51.308540732595965,0],[34.303110924550595,51.308334535292154,0],[34.30316722417787,51.308255738357296,0],[34.3031980218322,51.30817773991092,0],[34.30322222170844,51.308111542444074,0],[34.303230219566146,51.3080637430191,0],[34.30322492050936,51.308051142893994,0],[34.303200720398515,51.308044443761524,0],[34.30316722245812,51.30804194434551,0],[34.3031524223023,51.30804444385085,0],[34.303121621312755,51.30805624268784,0],[34.3030948253155,51.30808804386124,0],[34.3030331259697,51.30815514018213,0],[34.30292043771151,51.30827084146891,0],[34.302722040879715,51.30842843542187,0],[34.302657645955435,51.30850723445118,0],[34.30262274300318,51.30853743196937,0],[34.302579845949595,51.30854913298311,0],[34.302561046828785,51.30853403386305,0],[34.302531545538805,51.30846703500575,0],[34.302515448009785,51.30837983810625,0],[34.30250474722624,51.30834293907387,0],[34.302502045745086,51.30831773965508,0],[34.30250474718356,51.30826414118387,0],[34.30252354245102,51.308195342138106,0],[34.302561042644875,51.30816184286231,0],[34.30266833722391,51.3080897447624,0],[34.302754133024834,51.30804444489305,0],[34.302834633196404,51.30802934568735,0],[34.30292582838581,51.308022644181264,0],[34.30298482924356,51.30799754746089,0],[34.303033127338495,51.307960647291836,0],[34.30305192362706,51.30791034800851,0],[34.30305192348627,51.30786844911438,0],[34.30302772533536,51.30773935403476,0],[34.30301972450053,51.307653755951044,0],[34.30303852469335,51.30758335840054,0],[34.303153817533676,51.30741236188989,0],[34.30320491254989,51.307354361517056,0],[34.303228913273585,51.30731176403196,0],[34.30325301190243,51.30724806693401,0],[34.3032664109578,51.30710546921089,0],[34.303269107429294,51.30692277380057,0],[34.303258408695406,51.306807077909106,0],[34.303242308180344,51.306677981507,0],[34.30322620512745,51.306547184346435,0],[34.30322890196043,51.306426386733115,0],[34.30327720196766,51.30620509426215,0],[34.30333889537331,51.305993798987956,0],[34.303381792926665,51.30583620290885,0],[34.30340859285585,51.30571550781386,0],[34.30345688811597,51.305561211161596,0],[34.303515882700125,51.305406914405644,0],[34.30359368031014,51.30523421870227,0],[34.30365267817818,51.30514202176354,0],[34.30372237506166,51.30506492254186,0],[34.303829671715164,51.30491732723986,0],[34.30391816571042,51.30481002885654,0],[34.304033559563344,51.30464403367241,0],[34.3040538615261,51.30457553648669,0],[34.304049560030975,51.30454003607726,0],[34.304038857924574,51.304501537313776,0],[34.303998658037834,51.304431038427374,0],[34.30399056038734,51.30438414083506,0],[34.304012058666714,51.304358941669,0],[34.30404155799393,51.30435564099906,0],[34.304081755105145,51.304363940022085,0],[34.304159553457936,51.30438913964548,0],[34.30427495018865,51.3044059385184,0],[34.30433655084111,51.304397538432305,0],[34.30440094688087,51.30436734121295,0],[34.304462644508504,51.30433883992462,0],[34.30457263808035,51.30426004144402,0],[34.304765732604274,51.304105745044154,0],[34.3049374229591,51.30395314808746,0],[34.30502857186404,51.30387935089821,0],[34.30511971630098,51.303805551697415,0],[34.3052699134279,51.303716755177405,0],[34.305449705684204,51.303597656162914,0],[34.30562399796563,51.303435059806645,0],[34.30575809321418,51.30329416432452,0],[34.3057822898962,51.30325556378202,0],[34.30579569039362,51.30320196668806,0],[34.305811789498875,51.30316336672446,0],[34.305878785160914,51.30312316641253,0],[34.3059377854558,51.30308786799446,0],[34.30604507861614,51.30302916918809,0],[34.306152378625704,51.30293527209376,0],[34.306161126864,51.302758897641404,0],[34.30577800018789,51.30194810862662,0],[34.30517012358531,51.3007396563865,0],[34.30467637917514,51.299408125610604,0],[34.303623496330246,51.29934268824324,0],[34.30234528676223,51.29963029187226,0],[34.29996364018584,51.30008531780697,0],[34.298433544324766,51.30022215407298,0],[34.296664878735875,51.29964052489006,0],[34.294844478269276,51.29882261636753,0],[34.29397811611012,51.29822389813981,0],[34.29382062145571,51.29815145009204,0],[34.29350062804929,51.29799965419972,0],[34.29328813572772,51.29786165997472,0],[34.29321314109709,51.29772126523041,0],[34.29321513479962,51.29758316721609,0],[34.29322413511542,51.29746597158117,0],[34.293153532324126,51.29734147453576,0],[34.2930969355301,51.29720427882916,0],[34.29310008417098,51.297123431429,0],[34.29159612909838,51.29512182864075,0],[34.290531874515494,51.293169448168655,0],[34.28890618027503,51.29262028536789,0],[34.28692377865438,51.292428889539586,0],[34.28594193605367,51.292334077396035,0],[34.28452225652194,51.292197002201945,0],[34.28244500475973,51.29216570009199,0],[34.28244612125805,51.29216575422305,0],[34.28133560254911,51.29214901095886,0],[34.27816768346993,51.292101247471415,0],[34.27642350352059,51.292125382515756,0]]]},"properties":{"GlobalID":"{754CF5C6-483E-42E1-84E9-918AE5EB7AE0}","Creator":"nkramer_understandingwar","EditDate":"2026-03-12T00:00:00.000Z","Editor":"nkramer_understandingwar","Shape__Are":12721098.9259,"Shape__Len":24536.849277,"CreationDa":"2026-03-12T00:00:00.000Z"}},{"type":"Feature","geometry":{"bbox":[35.3871658249199,50.91425500065505,35.41001021940854,50.922977621094006],"type":"Polygon","coordinates":[[[35.40189361219312,50.910974525684075,0],[35.40188953934943,50.91132090188337,0],[35.40138067478898,50.91254976527127,0],[35.400558530091594,50.91421275481313,0],[35.40038143702983,50.91450195750719,0],[35.400042466492565,50.91493727009803,0],[35.399480068891734,50.9154200088826,0],[35.3987859540917,50.91597684343124,0],[35.39793058409451,50.916472734612384,0],[35.39793037678622,50.916472845904124,0],[35.39621684827146,50.91740745053852,0],[35.39532619458061,50.9178754494163,0],[35.39532611027478,50.9178754936717,0],[35.39532602720914,50.91787553481991,0],[35.39467623137594,50.91819580724513,0],[35.394261189789425,50.91838694363965,0],[35.39412458768253,50.91844985299161,0],[35.39387641758425,50.91856559834403,0],[35.39362824707754,50.91868134202971,0],[35.39320758391157,50.91884702699238,0],[35.39296523434955,50.918966220657076,0],[35.392857171942104,50.91906124353655,0],[35.39286485546839,50.919211005147766,0],[35.39283832951774,50.919354328349826,0],[35.39286329055589,50.91955033757445,0],[35.39302950526294,50.9209469303081,0],[35.39321080381038,50.92247019648586,0],[35.393268892561935,50.92329704044534,0],[35.39327941930343,50.92344688220716,0],[35.393350615433576,50.92446029613241,0],[35.39312239231977,50.92441082766623,0],[35.396094427836424,50.92534922546517,0],[35.39740055493735,50.92554647112806,0],[35.3981420179223,50.92555913596883,0],[35.39901556034423,50.92542696682387,0],[35.399644913268965,50.92527513973921,0],[35.40021447233721,50.9248754894596,0],[35.40085009594374,50.92416756297793,0],[35.40110937891189,50.92333650628003,0],[35.40117419794173,50.922976753329344,0],[35.401108358861435,50.92278237723469,0],[35.40105279308376,50.922338976726984,0],[35.40101122299288,50.922007259068344,0],[35.400991401287584,50.92184907858816,0],[35.40095619741743,50.92156816603787,0],[35.40085844854583,50.92078815385971,0],[35.40079301432619,50.92026599359277,0],[35.400691687315394,50.919243318825444,0],[35.40209850864134,50.918436537464466,0],[35.401898800615186,50.9178635852685,0],[35.401208846772185,50.915884103116056,0],[35.402495294009135,50.91299063101557,0],[35.40320798974316,50.91138753639465,0],[35.40303265358409,50.911314686393396,0],[35.40285266856322,50.911246277674884,0],[35.402668330731125,50.91118242275521,0],[35.402479943293685,50.91112322665987,0],[35.402287816113564,50.9110687867516,0],[35.402092265200785,50.91101919256986,0],[35.40189361219312,50.910974525684075,0]]]},"properties":{"GlobalID":"{94256C13-3D33-4603-8A51-FBE2112C650B}","Creator":"nkramer_understandingwar","EditDate":"2026-04-23T00:00:00.000Z","Editor":"nkramer_understandingwar","Shape__Are":565323.312964,"Shape__Len":4030.64668853,"CreationDa":"2026-04-23T00:00:00.000Z"}},{"type":"Feature","geometry":null,"properties":{"GlobalID":"{DF161302-DA0C-490D-B802-F95C02E9657B}","Creator":"lhiguchi_understandingwar","EditDate":"2026-06-24T00:00:00.000Z","Editor":"lhiguchi_understandingwar","Shape__Are":0,"Shape__Len":0,"CreationDa":"2026-06-24T00:00:00.000Z"}},{"type":"Feature","geometry":null,"properties":{"GlobalID":"{0919194F-4C33-4159-A326-7DFC9D9C13AD}","Creator":"lhiguchi_understandingwar","EditDate":"2026-06-24T00:00:00.000Z","Editor":"lhiguchi_understandingwar","Shape__Are":0,"Shape__Len":0,"CreationDa":"2026-06-24T00:00:00.000Z"}},{"type":"Feature","geometry":null,"properties":{"GlobalID":"{450F933C-7594-48AE-95CC-0F624D819E4F}","Creator":"lhiguchi_understandingwar","EditDate":"2026-06-24T00:00:00.000Z","Editor":"lhiguchi_understandingwar","Shape__Are":0,"Shape__Len":0,"CreationDa":"2026-06-24T00:00:00.000Z"}},{"type":"Feature","geometry":null,"properties":{"GlobalID":"{7D7042D2-5524-4601-B9E3-FA2B19424D86}","Creator":"lhiguchi_understandingwar","EditDate":"2026-06-24T00:00:00.000Z","Editor":"lhiguchi_understandingwar","Shape__Are":0,"Shape__Len":0,"CreationDa":"2026-06-24T00:00:00.000Z"}},{"type":"Feature","geometry":null,"properties":{"GlobalID":"{96675A79-1882-4119-8FFB-CCD1851A069E}","Creator":"lhiguchi_understandingwar","EditDate":"2026-06-24T00:00:00.000Z","Editor":"lhiguchi_understandingwar","Shape__Are":0,"Shape__Len":0,"CreationDa":"2026-06-24T00:00:00.000Z"}},{"type":"Feature","geometry":null,"properties":{"GlobalID":"{6A9FD30B-1C6D-42D2-B067-C2FE4BDFB2E6}","Creator":"lhiguchi_understandingwar","EditDate":"2026-06-24T00:00:00.000Z","Editor":"lhiguchi_understandingwar","Shape__Are":0,"Shape__Len":0,"CreationDa":"2026-06-24T00:00:00.000Z"}},{"type":"Feature","geometry":null,"properties":{"GlobalID":"{6FB55C40-4F08-4E2B-926F-F701B22BE458}","Creator":"lhiguchi_understandingwar","EditDate":"2026-06-24T00:00:00.000Z","Editor":"lhiguchi_understandingwar","Shape__Are":0,"Shape__Len":0,"CreationDa":"2026-06-24T00:00:00.000Z"}},{"type":"Feature","geometry":null,"properties":{"GlobalID":"{6C0E1A8F-3849-49AB-BFDA-0C1D9E931219}","Creator":"lhiguchi_understandingwar","EditDate":"2026-06-24T00:00:00.000Z","Editor":"lhiguchi_understandingwar","Shape__Are":0,"Shape__Len":0,"CreationDa":"2026-06-24T00:00:00.000Z"}},{"type":"Feature","geometry":{"bbox":[35.14453499624866,51.133111410733925,35.14686724469853,51.13265326340017],"type":"Polygon","coordinates":[[[35.14453499624866,51.133111410733925,0],[35.14686724469853,51.13265326340017,0],[35.1457492330057,51.13287260168679,0],[35.14453499624866,51.133111410733925,0]]]},"properties":{"GlobalID":"{FA04C78D-FB87-4D9A-A28B-20C3054D8092}","Creator":"lhiguchi_understandingwar","EditDate":"2026-07-11T00:00:00.000Z","Editor":"nkramer_understandingwar","Shape__Are":2.64286053116,"Shape__Len":338.454514,"CreationDa":"2026-06-30T00:00:00.000Z"}}],"fileName":"Kursk Incursion Russian Advances in Russia July 23, 2026"}