{"type":"FeatureCollection","features":[{"type":"Feature","geometry":{"bbox":[37.5784815811677,49.759698129095,37.5948205680517,49.7712916698126],"type":"Polygon","coordinates":[[[37.5912375638791,49.7677300602968],[37.5902060284383,49.7673836058745],[37.5893395386681,49.767134868226],[37.5888581557619,49.7669038962437],[37.5885319550243,49.7666520908116],[37.5882239343915,49.7658152518142],[37.587988726704,49.764516797732604],[37.5878025930822,49.7643040842501],[37.5871153297876,49.7638509077503],[37.5865998818674,49.76360119570611],[37.5857404905846,49.7632194798473],[37.5850380547448,49.76306420130731],[37.5843980581054,49.7629109381229],[37.583807873947,49.7627595649748],[37.5833926519614,49.76250984788961],[37.5830070519223,49.76228804254221],[37.58293631588191,49.7617861110778],[37.5829917482231,49.76135373291],[37.5829487943795,49.7609190268155],[37.582734024263004,49.7603270802975],[37.5824333464594,49.7600311040384],[37.5821899407466,49.7599016133128],[37.5814597236083,49.7597721234021],[37.5809156400919,49.759698129095],[37.5795809313276,49.7600026738254],[37.578891887572,49.7601794669782],[37.5785485739284,49.76049513589031],[37.5784815811677,49.7608820296807],[37.5789069765739,49.7610798470365],[37.5795411126043,49.76102076704961],[37.5802426941462,49.7607432924951],[37.5807151882228,49.76055830993071],[37.5811326182673,49.7605401211078],[37.5814167697647,49.7606785495774],[37.5814167697647,49.7610300157291],[37.5814167697647,49.7615942067994],[37.5814597236083,49.7621491428402],[37.5814812005301,49.7624034865721],[37.5815713554521,49.7626579444437],[37.5818033552557,49.7628613025073],[37.5831206106523,49.7634532169252],[37.58373628360871,49.763712178479906],[37.58463831701981,49.7639711386513],[37.5854017601455,49.7641796682274],[37.5860412186939,49.7645460225607],[37.5864137482456,49.7649607218206],[37.5866829131491,49.76643575564201],[37.5869768113674,49.7673264894762],[37.587180279779204,49.7676331324955],[37.58803936653321,49.7679251714694],[37.5890114909943,49.7681149955979],[37.590571411892,49.768611454072904],[37.5911818162292,49.7689764955829],[37.5914078916435,49.7696481628755],[37.5914531065467,49.7704074267794],[37.5914531065467,49.7709622677422],[37.5917470047649,49.7712250844402],[37.5923260435257,49.77128452097921],[37.5923792381636,49.771289981523005],[37.5923956782316,49.7712916698126],[37.5925866304166,49.771060615526906],[37.5927689794361,49.7708354367195],[37.5929625052944,49.7705964544677],[37.5933323183407,49.7701302542649],[37.593696039911,49.7696620537321],[37.5940536556324,49.769191895746],[37.5944051304704,49.768719805778304],[37.5947504392724,49.7682458110425],[37.5948205680517,49.7681474093892],[37.594427700642,49.7680417445039],[37.5939471666436,49.768028250625],[37.5928920809694,49.7680484911519],[37.5922444046327,49.7680147561621],[37.5918564851435,49.767978794311],[37.5912375638791,49.7677300602968]]]},"properties":{"OBJECTID":1922,"GlobalID":"2ebd8983-76f6-4eb8-b831-f29837723025","Shape__Are":533985.865234375,"Shape__Len":6246.637216965364,"CreationDa":"2026-07-21","Creator":"NMesplay_understandingwar","EditDate":"2026-08-20","Editor":"mewert_understandingwar","Area_KM":0.223029340525894}},{"type":"Feature","geometry":{"bbox":[36.1253277520651,47.7879919259139,36.1288288002393,47.7917771261841],"type":"Polygon","coordinates":[[[36.1253277520651,47.7889396105585],[36.1253693611307,47.7894439637794],[36.1254178503932,47.7899307112523],[36.1254813936231,47.7902728214587],[36.1256029958681,47.7909358502856],[36.1256478226991,47.7910627696301],[36.1260521580018,47.7915850972451],[36.1263107668024,47.7916948269472],[36.1267463185612,47.7917771261841],[36.1282435271705,47.7916948269472],[36.1285021359711,47.7916033855448],[36.128801577693,47.7913656347316],[36.1288288002393,47.7908901280314],[36.1288288002393,47.7899208151074],[36.1288015570317,47.7893447683521],[36.1287922253325,47.78845176741161],[36.1287421128144,47.7883418063405],[36.1286436556626,47.7882436831346],[36.1284324401798,47.7881114287226],[36.128188669751,47.7880303458814],[36.1278949413144,47.78799291152141],[36.1272655304223,47.7879919259139],[36.1266054492499,47.7880500586164],[36.1261638859652,47.7881356560159],[36.1259361405828,47.7881813372374],[36.1257481519399,47.78826752590291],[36.1256055309139,47.7883872755341],[36.1254555059732,47.788573039374],[36.1253540951608,47.7887557775701],[36.1253277520651,47.7889396105585]]]},"properties":{"OBJECTID":1923,"GlobalID":"541494d8-c57c-42d8-bd1a-071f8620b5bb","Shape__Are":217606.00390625,"Shape__Len":1775.022300370532,"CreationDa":"2026-07-21","Creator":"NMesplay_understandingwar","EditDate":"2026-08-20","Editor":"mewert_understandingwar","Area_KM":0.098287110848537}},{"type":"Feature","geometry":{"bbox":[37.6663570028957,49.6576647432796,37.66734698316971,49.6588663567297],"type":"Polygon","coordinates":[[[37.6667219371916,49.6576647432796],[37.6666596363317,49.6576669833223],[37.6665203929711,49.6577156094382],[37.6664183802875,49.6577501294266],[37.6663570028957,49.6578222415285],[37.6663631006598,49.6580472587453],[37.6664360115215,49.6583572581731],[37.6664842267978,49.6586172365677],[37.666456826385,49.65882351433301],[37.6664363582712,49.6588663567297],[37.6671529623397,49.6587322934091],[37.66720106532651,49.6587232927276],[37.6673194929254,49.6587011370177],[37.6673208951955,49.6586956114635],[37.66734698316971,49.6585928035925],[37.6672726924957,49.6582884417551],[37.6671848911598,49.6579894210507],[37.6670794487084,49.6578513003406],[37.6670396416632,49.6578174840696],[37.6668329959102,49.65769088640991],[37.6667219371916,49.6576647432796]]]},"properties":{"OBJECTID":1925,"GlobalID":"d5c7a168-a271-4796-9b57-bdcb92e5f1fb","Shape__Are":16684.142578125,"Shape__Len":537.6698464458209,"CreationDa":"2026-07-21","Creator":"NMesplay_understandingwar","EditDate":"2026-08-20","Editor":"mewert_understandingwar","Area_KM":0.006999114204797}},{"type":"Feature","geometry":{"bbox":[37.675719764013,49.69129655230971,37.6800627662721,49.6942570022035],"type":"Polygon","coordinates":[[[37.6758226247063,49.6916953356453],[37.675719764013,49.6922303365866],[37.6757537957892,49.6923871034698],[37.675909357047,49.692518229511],[37.6764608920887,49.692804873674],[37.6769844113717,49.6930122093666],[37.6771303938935,49.6930569108249],[37.6773329711766,49.6931189442358],[37.6783525778887,49.693469480826],[37.6787518646595,49.693736994350104],[37.6792509731229,49.6940414034582],[37.6793148972385,49.6940762184342],[37.67934262284151,49.6941240434424],[37.679382425395104,49.6942570022035],[37.6793973652766,49.6940680238744],[37.6794082878921,49.6939298579969],[37.6794596320005,49.6932803500917],[37.6795607814031,49.6932698309914],[37.6798607127068,49.6931935386814],[37.6798787113519,49.6931889595932],[37.6799875656048,49.6931612700472],[37.6800627662721,49.6931208531605],[37.679993458553,49.6931389028097],[37.6799526786324,49.69314306873831],[37.6797462960857,49.6931435876634],[37.6796008345867,49.6931329284876],[37.6791582813586,49.693100494779806],[37.6785094408053,49.6928652640375],[37.6779777729044,49.6926062560654],[37.6774613134813,49.6924409254682],[37.6773796952495,49.6924105716792],[37.6770862686468,49.692301445135904],[37.6769550741911,49.6921318916999],[37.6769544067429,49.6920976762046],[37.6769517549161,49.6919618448849],[37.6769899018747,49.6918779431032],[37.6770379329963,49.6916724714562],[37.6770389139566,49.6916096853902],[37.6770326167664,49.6915682641967],[37.6770242148236,49.6915130046969],[37.6769292934408,49.6914362487981],[37.6766919908821,49.6913211141416],[37.6762624722087,49.69129655230971],[37.6760085580038,49.6913410711294],[37.67591036136341,49.6914411633597],[37.6759056317335,49.691454864506],[37.6758953855494,49.6914845488571],[37.6758226247063,49.6916953356453]]]},"properties":{"OBJECTID":1927,"GlobalID":"c26cfe22-3923-4bcf-9f38-6c0d94b27e16","Shape__Are":69266.107421875,"Shape__Len":1594.0135454883828,"CreationDa":"2026-07-21","Creator":"NMesplay_understandingwar","EditDate":"2026-08-20","Editor":"mewert_understandingwar","Area_KM":0.029016799835368}},{"type":"Feature","geometry":{"bbox":[37.6728837907459,49.6804227729654,37.6733236939439,49.6808177807739],"type":"Polygon","coordinates":[[[37.6732981233993,49.6804633253805],[37.6732702693373,49.6804385441604],[37.6731553703209,49.6804227729654],[37.6729865032171,49.6804261529643],[37.672922090418,49.6804554412408],[37.6729029410311,49.6804959918849],[37.6728837907459,49.6806165223773],[37.6728918162946,49.6806766081952],[37.6729137594421,49.6807250224082],[37.6729469656665,49.6807572510546],[37.6730016317448,49.6807828644636],[37.6730758990626,49.6808095165539],[37.6731169493762,49.6808142386333],[37.6731762426765,49.6808177807739],[37.6732245900051,49.6808106970738],[37.6732556052386,49.6808000723935],[37.6732647276303,49.680792400465],[37.6733094260022,49.680758755914],[37.6733221973506,49.6807192087294],[37.6733236939439,49.6806380740672],[37.6733085690094,49.68051551970151],[37.6733062244065,49.6804965231513],[37.6732981233993,49.6804633253805]]]},"properties":{"OBJECTID":1928,"GlobalID":"a6184388-7db5-43f8-9e7b-f546f485e980","Shape__Are":2856.890625,"Shape__Len":197.8611295953372,"CreationDa":"2026-07-21","Creator":"NMesplay_understandingwar","EditDate":"2026-08-20","Editor":"mewert_understandingwar","Area_KM":0.001197389704831}},{"type":"Feature","geometry":{"bbox":[36.95103937583361,50.27350140799881,36.9712655301571,50.28074465782],"type":"Polygon","coordinates":[[[36.9675142966847,50.2763341578259],[36.9675142391925,50.2763341434734],[36.967514180802,50.276334129695],[36.967514064021,50.2763341015641],[36.9675138313574,50.2763340510433],[36.9675135519813,50.2763339861699],[36.9673626898108,50.2763004443464],[36.9672118276403,50.2762669002028],[36.9672115824002,50.2762668485337],[36.9672115213148,50.2762668347552],[36.967211459331,50.2762668204027],[36.9672113335669,50.2762667922718],[36.9672110847336,50.2762667417509],[36.967210815239,50.2762666826184],[36.967058883175,50.276235162158905],[36.966906951111,50.2762036405304],[36.9669067328204,50.2762035968986],[36.9669066672433,50.2762035825461],[36.9669066016663,50.2762035687677],[36.9669064678174,50.2762035406367],[36.9669062028144,50.2762034901157],[36.9669059234383,50.2762034338537],[36.9667530202955,50.27617395486],[36.9666001162543,50.276144475274],[36.96659988448901,50.2761444316422],[36.9665998135221,50.2761444178637],[36.9665997425552,50.2761444052335],[36.966599599723,50.2761443771025],[36.9665993158554,50.27614432658141],[36.9665990984631,50.2761442858201],[36.9664452062752,50.2761168437071],[36.9662913140872,50.2760894027265],[36.9662910877117,50.2760893636875],[36.9662909763207,50.2760893453162],[36.9662908631329,50.2760893240744],[36.9662906394524,50.2760892890541],[36.9662903600764,50.2760892402553],[36.9661356540148,50.2760638689022],[36.9659809488515,50.2760384986839],[36.9659806488142,50.2760384510333],[36.9659805850338,50.2760384395512],[36.9659805221517,50.2760384297914],[36.9659803936927,50.2760384091237],[36.9659801385711,50.2760383706587],[36.9659798807546,50.2760383304714],[36.9658243895655,50.2760150321815],[36.9656688983763,50.2759917344542],[36.9656686037289,50.2759916925446],[36.9656685345586,50.275991682784806],[36.9656684662867,50.2759916713027],[36.9656683279461,50.27599165178321],[36.9656682470977,50.2759916351342],[36.965668165351,50.275991617911],[36.9656680009593,50.27599158461301],[36.9656676730743,50.2759915168687],[36.9656669526254,50.2759913653051],[36.9652737950598,50.2759102620729],[36.964880636596,50.275829157554305],[36.9648800940135,50.275829046177705],[36.9648800113685,50.2758290295285],[36.96487992962181,50.2758290128795],[36.9648797634335,50.27582897900721],[36.9648794319551,50.2758289101144],[36.9648787698968,50.2758287769217],[36.9648781662289,50.2758286546371],[36.9644839800924,50.275749557633],[36.9640897939558,50.2756704610717],[36.9640892414919,50.2756703514169],[36.9640891516604,50.27567033476781],[36.9640890627271,50.2756703163963],[36.9640888830641,50.2756702796534],[36.964088523738,50.2756702078899],[36.9640878059841,50.2756700678075],[36.9640871035015,50.2756699288732],[36.9636920738469,50.2755928777309],[36.96329704419231,50.2755158247416],[36.963296313862,50.27551568465871],[36.963296231217,50.2755156680095],[36.963296148572,50.2755156525085],[36.9632959850786,50.2755156197843],[36.96329565449861,50.2755155554839],[36.9632949960335,50.2755154303279],[36.9632944013487,50.2755153155059],[36.9628983260551,50.275440268909406],[36.9625022516598,50.2753652216205],[36.962501581516605,50.2753650964641],[36.9625014934817,50.2753650798148],[36.9625014054468,50.2753650631656],[36.962501229377,50.2753650292929],[36.9625008745425,50.275364962121806],[36.9625001675684,50.2753648329466],[36.9624995333578,50.2753647135313],[36.9621025750203,50.2752917013536],[36.961705617581,50.2752186913603],[36.9617049555227,50.2752185707965],[36.96170486479281,50.2752185535731],[36.9617047758596,50.2752185369237],[36.9617045952982,50.2752185047734],[36.9617042332772,50.275218437028],[36.96170351193,50.2752183095747],[36.9617029441947,50.2752182056601],[36.9613050390329,50.2751472181601],[36.9609071347694,50.2750762311283],[36.9609064834908,50.27507611630521],[36.9609063963542,50.27507610080411],[36.9609063092176,50.2750760853029],[36.9609061349445,50.2750760543007],[36.9609057837032,50.275075991148],[36.9609050839156,50.2750758705838],[36.9609043877212,50.2750757482972],[36.9605057297712,50.2750068193659],[36.9601070709228,50.2749378891867],[36.9601063468807,50.2749377657515],[36.960106250761,50.2749377502504],[36.9601061546413,50.2749377336009],[36.9601059624018,50.274937699728],[36.9601055761262,50.2749376337046],[36.96010480627,50.2749375045282],[36.9601041576864,50.2749373937236],[36.959704584353,50.2748704952474],[36.9593050101214,50.2748035949548],[36.959304265418,50.27480347266751],[36.9593041899596,50.2748034600369],[36.9593041145011,50.2748034474063],[36.9593039644824,50.274803422145],[36.9593036617502,50.2748033716226],[36.9593030589806,50.2748032751707],[36.9593022918193,50.2748031471422],[36.9589018399337,50.2747382854536],[36.958501388048,50.2746734231026],[36.9585006954469,50.2746733134456],[36.958500619988506,50.2746733008149],[36.95850054453,50.2746732881843],[36.9585003945113,50.2746732640713],[36.9585000917791,50.274673215271],[36.9584994881112,50.2746731211153],[36.9584988134764,50.2746730131807],[36.95809752256431,50.2746101940378],[36.9576962316521,50.2745473742379],[36.9576956288826,50.2745472829525],[36.9576955399494,50.2745472691736],[36.9576954519144,50.2745472548206],[36.9576952749463,50.2745472266886],[36.9576949192135,50.2745471709988],[36.9573460036757,50.2745081645684],[36.9569970602901,50.2744691540872],[36.9566486783515,50.2744282346141],[36.9563002757517,50.27438731051281],[36.9559524534636,50.274344477413],[36.9556046168025,50.2743016431264],[36.9552573793176,50.274256902131],[36.9549101346462,50.2742121599453],[36.954563508914,50.27416551448821],[36.9542168813853,50.2741188672631],[36.9538708916603,50.2740703207782],[36.9535249073253,50.2740217713731],[36.9531795796587,50.2739713272934],[36.9528342636702,50.2739208814379],[36.9524896241131,50.2738685403257],[36.9521450016241,50.2738162026007],[36.9518010879058,50.2737619736295],[36.9514571723908,50.2737077434483],[36.9514001994388,50.2736531245176],[36.95103937583361,50.27350140799881],[36.9523576975305,50.2752204670943],[36.9560541571268,50.2766139149453],[36.96206225054541,50.2782454929186],[36.9676539802198,50.2797639513244],[36.9712655301571,50.28074465782],[36.9711977360993,50.2776250720794],[36.9709244685899,50.2775052265681],[36.9706531594078,50.2773835241556],[36.9703818951414,50.2772618403769],[36.9701126386097,50.2771383203454],[36.9698433811797,50.277014797697],[36.9698432859583,50.2770147655479],[36.9698431907369,50.2770147305283],[36.9698429742429,50.27701465474811],[36.9697028891608,50.2769655072703],[36.9695628040788,50.2769163626123],[36.969562632500605,50.2769163023325],[36.9695625759067,50.2769162828133],[36.9695625184146,50.27691626272],[36.9695624052268,50.2769162236817],[36.9695621770547,50.2769161461791],[36.9695619704422,50.2769160761397],[36.9694203169017,50.2768688156068],[36.9692786642595,50.2768215556011],[36.9692784342908,50.2768214792465],[36.9692783507475,50.2768214528381],[36.9692782672041,50.2768214247075],[36.9692781001175,50.2768213713167],[36.9692779150645,50.2768213110368],[36.969134720015,50.2767759432011],[36.9689915240671,50.2767305764703],[36.9689913390142,50.2767305190607],[36.9689912770304,50.2767304995414],[36.9689912150467,50.2767304811704],[36.9689910910792,50.27673044040961],[36.9689908422458,50.276730364629],[36.9689906544979,50.2767303083676],[36.9688460499917,50.2766868768713],[36.9687014445872,50.2766434447611],[36.9687012271949,50.2766433804624],[36.968701170601,50.2766433649617],[36.9687011140071,50.276643348313],[36.9687010008194,50.2766433144412],[36.96870077444401,50.2766432484201],[36.9687005911876,50.2766431950291],[36.96840861266921,50.27656021790471],[36.9684083800055,50.2765601518834],[36.9684083162251,50.2765601346605],[36.9684082524447,50.2765601168635],[36.968408124884,50.2765600801212],[36.9684078688641,50.2765600112295],[36.9684076370988,50.2765599480788],[36.9681130750255,50.2764809062549],[36.9681128639214,50.2764808499933],[36.9681127956495,50.2764808333444],[36.9681127273775,50.2764808149733],[36.9681125908336,50.276480778231],[36.9681123177457,50.276480708191],[36.9681121138282,50.2764806565221],[36.9678150131159,50.2764055620747],[36.9678148083,50.276405511554],[36.9678147382314,50.2764054931828],[36.9678146672645,50.2764054765339],[36.9678145271274,50.2764054415138],[36.9678142459547,50.2764053726219],[36.96781403395231,50.2764053221011],[36.967514548213,50.276334215236],[36.9675142966847,50.2763341578259]]]},"properties":{"OBJECTID":1930,"GlobalID":"7ececdc2-c855-4fd9-b61c-c5ef1060159f","Shape__Are":1030187.216796875,"Shape__Len":5570.648132798618,"CreationDa":"2026-07-21","Creator":"NMesplay_understandingwar","EditDate":"2026-08-20","Editor":"mewert_understandingwar","Area_KM":0.421261028164735}},{"type":"Feature","geometry":{"bbox":[36.8879488195442,50.2260090419592,36.9454715045149,50.2624799530099],"type":"Polygon","coordinates":[[[36.8919561653991,50.2492129641075],[36.8915634120754,50.25553377741],[36.8915412677054,50.2557898437022],[36.8914487376379,50.2561204596825],[36.8913500630938,50.2564503485513],[36.8912444445726,50.2567818610812],[36.8910994708588,50.2572053194839],[36.8909762067304,50.257544266017],[36.890851155853,50.2578703246307],[36.8907217068239,50.25819145565251],[36.8906444094886,50.2583760184746],[36.890556581203306,50.2585812564783],[36.8904472059276,50.258826278464],[36.8902934170459,50.2591585124459],[36.8901690012773,50.2594161839626],[36.8900452960762,50.2596647014464],[36.8899475162541,50.2598573596231],[36.8897941432924,50.2601475514477],[36.8896941185805,50.2603308001741],[36.8895992043842,50.2605034536726],[36.8894158977606,50.2608244296897],[36.8892265275088,50.2611439597953],[36.88903111968,50.2614620003731],[36.8888334705546,50.2617725898953],[36.8885964356938,50.2621301258411],[36.8883566735478,50.2624799530099],[36.8985569447843,50.2610961271255],[36.9181068365822,50.2575846406054],[36.93471025424811,50.2538034822265],[36.9362090007732,50.2533412512624],[36.9362828404929,50.2533184754639],[36.9363606992752,50.2532944618697],[36.9364860250371,50.2532558090788],[36.937039179741305,50.2530852091447],[36.9403494751566,50.2520642538545],[36.940758018168,50.2519244171124],[36.9411916080062,50.2517760099661],[36.9416744551664,50.2516107408952],[36.9422960767665,50.2513979717604],[36.9424615078143,50.25132480737971],[36.9429824201863,50.2510944251509],[36.943491419101,50.2508693096982],[36.9448220036999,50.250931004454],[36.9454715045149,50.2513441032575],[36.9454608469024,50.2512020276754],[36.9454501874932,50.2510599510953],[36.9454361647916,50.2509179861009],[36.94542214209,50.2507760224068],[36.9454047596893,50.2506342128061],[36.9453873754919,50.2504924027833],[36.945366636087,50.25035077615091],[36.9453458957837,50.2502091508208],[36.9453218038661,50.2500677404761],[36.9452977119485,50.2499263302863],[36.9452702729081,50.24978516897521],[36.9452428338678,50.249644007246],[36.9452120548912,50.2495031271407],[36.9451812768129,50.2493622477678],[36.9451471641883,50.24922168161561],[36.9451130533604,50.2490811133255],[36.9450756160709,50.2489408927258],[36.9450381778831,50.248800671139],[36.9449974240136,50.2486608294149],[36.9449566701441,50.2485209861315],[36.9449126077794,50.2483815531605],[36.9448685463131,50.2482421186326],[36.9448211880296,50.2481031265906],[36.9447738279495,50.2479641341431],[36.9447231827304,50.2478256163555],[36.9446725375113,50.2476870970164],[36.944618617034706,50.2475490879583],[36.9445646983547,50.24741107620291],[36.944507515197,50.247273602308],[36.9444503338359,50.2471361268677],[36.9444503176662,50.24713609412391],[36.9443898942853,50.2469992019322],[36.9443294691077,50.2468623104961],[36.9442658010119,50.2467260069112],[36.9442021347128,50.2465897017874],[36.9441352479534,50.246454028755],[36.9440683602956,50.2463183564852],[36.9439982728388,50.2461833576753],[36.9439281862804,50.2460483579085],[36.9439281638225,50.2460483148236],[36.94385488465151,50.2459140051837],[36.943839003335604,50.2458833487381],[36.9449537245683,50.2457269416754],[36.9451646993027,50.2456973386869],[36.9452832212246,50.2456807089353],[36.9421782591238,50.244588542984],[36.942151405785,50.2445790984816],[36.9421364677001,50.2445735725276],[36.94204990963261,50.2445415611618],[36.942049791055,50.2445415192246],[36.9420497299695,50.2445414968197],[36.9420496688841,50.2445414744149],[36.9420495476115,50.244541433052],[36.9420494047794,50.2445413830719],[36.9419612243545,50.2445112829929],[36.9418730421329,50.2444811851927],[36.9418729046907,50.2444811386594],[36.9418728274356,50.2444811128077],[36.9418727537737,50.2444810869559],[36.9418726019585,50.2444810398481],[36.9418724788893,50.2444810002087],[36.9417827282092,50.2444528315091],[36.941692978427504,50.2444246639417],[36.9416928580533,50.2444246266002],[36.9416927924763,50.2444246070677],[36.9416927260009,50.2444245858118],[36.9416925939486,50.2444245490447],[36.9416924592013,50.2444245082563],[36.9416012613353,50.2443983094335],[36.9415100634694,50.2443721117454],[36.9415099359086,50.2443720749783],[36.94150986673831,50.2443720571693],[36.9415097966697,50.2443720359133],[36.94150965653251,50.2443719985717],[36.9415095065139,50.2443719583577],[36.941416978243,50.244347762738705],[36.9413244490738,50.2443235671074],[36.9413243143265,50.2443235320637],[36.9413242451562,50.2443235154036],[36.9413241759859,50.24432349702],[36.9413240376454,50.24432346427431],[36.9413238948133,50.2443234275072],[36.9412301367487,50.2443012626735],[36.9411363777859,50.2442790955314],[36.9411362304622,50.2442790616367],[36.9411361550037,50.2442790449766],[36.9411360795452,50.244279026593006],[36.9411359304249,50.2442789944217],[36.9411357615416,50.2442789559311],[36.9410409030409,50.2442588483148],[36.9409460463368,50.244238739541],[36.9409458765552,50.2442387062207],[36.9409458028933,50.2442386907096],[36.9409457274348,50.2442386740494],[36.9409455783145,50.244238647048505],[36.9409454130245,50.2442386137282],[36.9408495367325,50.2442205805693],[36.9407536613389,50.2442025485524],[36.9407534843708,50.2442025163811],[36.9407534116072,50.2442025043169],[36.9407533361488,50.2442024899547],[36.9407531906217,50.2442024664007],[36.9407530145519,50.2442024353783],[36.9406562426396,50.2441865002355],[36.9405594716256,50.2441705668109],[36.9405593225053,50.2441705421079],[36.9405592272838,50.2441705265967],[36.9405591320624,50.24417051166],[36.9405589407213,50.2441704858081],[36.9405587637531,50.2441704570836],[36.9404612112049,50.2441566400684],[36.9403636577583,50.244142823623704],[36.9403635014514,50.2441428029421],[36.940363420603,50.2441427926013],[36.9403633379581,50.2441427788136],[36.9403631744647,50.24414276043],[36.9403629965982,50.2441427385994],[36.9402647496522,50.2441310506308],[36.9401665045029,50.2441193620849],[36.940166348196,50.2441193454247],[36.940166265551,50.2441193356584],[36.9401661820077,50.2441193253176],[36.9401660158194,50.2441193103809],[36.940165832563,50.2441192885503],[36.940067038543,50.2441097485898],[36.9399682463197,50.2441002074784],[36.9399680522836,50.24410019024371],[36.9399679723335,50.2441001827754],[36.9399678932818,50.244100175307],[36.9399677324833,50.2441001638173],[36.9399675644984,50.2441001500295],[36.9398683159308,50.2440927632501],[36.9397690682616,50.2440853776185],[36.9397688652424,50.2440853638308],[36.9397687825974,50.2440853580859],[36.939768699054,50.2440853506175],[36.9397685301708,50.2440853437236],[36.9397683262532,50.24408533051041],[36.93966876058041,50.244080109553],[36.9395691958058,50.244074888595],[36.939569019736,50.2440748817011],[36.9395689245146,50.2440748782541],[36.9395688310899,50.2440748719347],[36.9395686424436,50.2440748661898],[36.9395684484075,50.2440748587215],[36.9394686824104,50.2440718081835],[36.9393689146166,50.2440687582198],[36.9393687008176,50.2440687536239],[36.9393686109861,50.2440687507514],[36.9393685202562,50.244068747879],[36.9393683405931,50.24406874673],[36.9393681582351,50.2440687427085],[36.9391683953738,50.2440669887926],[36.9391682148125,50.2440669887926],[36.9391681070146,50.2440669893671],[36.9391680010134,50.2440669870692],[36.9391677881127,50.2440669905161],[36.9391675815002,50.2440669905161],[36.9390677382479,50.2440682882875],[36.938967893199,50.2440695860589],[36.9389677117394,50.2440695883568],[36.9389676093314,50.244069591229305],[36.9389675051269,50.2440695929527],[36.9389672967177,50.2440696004211],[36.9389670766304,50.2440696055915],[36.9388673600407,50.2440730755068],[36.9387676452475,50.2440765448474],[36.938767470076,50.2440765517413],[36.9387673649731,50.2440765563372],[36.9387672625652,50.244076559784105],[36.9387670550544,50.2440765718484],[36.9387668762896,50.2440765798913],[36.9386674076348,50.2440822167792],[36.9385679389801,50.244087854241],[36.9385677135029,50.2440878686033],[36.9385676101967,50.2440878754971],[36.9385675068904,50.2440878806675],[36.9385673002779,50.2440878961787],[36.9385671134283,50.2440879088175],[36.9384680032013,50.2440957080808],[36.9383688911777,50.2441035067683],[36.9383686827685,50.2441035257264],[36.9383685767674,50.2441035331948],[36.9383684689695,50.2441035418121],[36.9383682578654,50.2441035636427],[36.9383680665243,50.244103580302905],[36.9382694117431,50.2441135344711],[36.938170756962,50.2441234869137],[36.9381705781973,50.2441235064463],[36.9381704802809,50.2441235173616],[36.9381703814662,50.2441235271279],[36.9381701847352,50.2441235518309],[36.9381699844109,50.2441235742359],[36.9380719395858,50.24413566492281],[36.9379738938624,50.244147757330005],[36.9379736728769,50.24414778662901],[36.9379735713673,50.2441477992677],[36.9379734698576,50.244147810183],[36.9378292633051,50.2441634718824],[36.9376849857856,50.244179138747],[36.9375402105995,50.2441925358051],[36.9373953878026,50.2442059368808],[36.9372501320178,50.2442170624077],[36.9371048501818,50.2442281885065],[36.936959200935,50.2442370356117],[36.9368135462982,50.2442458809917],[36.936667591624,50.2442524445074],[36.9365216522213,50.2442590034262],[36.93637547746,50.2442632781841],[36.9362293440211,50.2442675471966],[36.9360830390041,50.2442695291765],[36.93593679507241,50.2442715088583],[36.9356441832417,50.2442708849655],[36.9354979617679,50.2442682825399],[36.9353516819037,50.24426567609261],[36.9352055933806,50.2442607826126],[36.9350594689249,50.2442558845361],[36.9349136013874,50.2442487028727],[36.9347677176802,50.2442415171869],[36.9346221573665,50.2442320502107],[36.934476606036,50.24422258208361],[36.9343314427776,50.2442108378349],[36.93418630557041,50.2441990912853],[36.9340416256057,50.2441850743565],[36.9338969941501,50.2441710585727],[36.9337529196498,50.2441547815988],[36.933608843353,50.244138501747],[36.9330257478004,50.2440019025524],[36.9311344150383,50.2439274675318],[36.92863203564351,50.2437786005888],[36.9270898717441,50.2437227753652],[36.9264791619796,50.2437340084352],[36.9260983849953,50.243911960293],[36.9258718729998,50.2442300699527],[36.9256267182672,50.2448192536726],[36.9242092261562,50.2482258166249],[36.9233653990839,50.2491747497405],[36.92291735894611,50.2498189310978],[36.922208286353,50.2503547769415],[36.9217853011267,50.2506744237996],[36.9209677677429,50.2511197316892],[36.9208277266782,50.2511960056304],[36.9206084218663,50.2510724725494],[36.919455536607,50.2504230447944],[36.9174920403815,50.249086363031],[36.9168928038999,50.248678409963304],[36.9143012478485,50.24655716269881],[36.9129556577912,50.2448361611986],[36.9112950456317,50.2427121639558],[36.9090144800435,50.2391983611914],[36.9078822757987,50.2376566199452],[36.9058009502523,50.2348223152628],[36.90537294164701,50.2336313857158],[36.9049709365742,50.2325127888814],[36.9037277095435,50.2290532825761],[36.90319502564801,50.227061878571],[36.900895409487504,50.2260090419592],[36.8936587908661,50.226275100661],[36.8905960828213,50.2263877016625],[36.8901886186865,50.2264026835773],[36.8896356777814,50.2266571323108],[36.8885974498917,50.2271552852659],[36.8879488195442,50.2275911225219],[36.8956610493962,50.2356375644999],[36.898298074574,50.2382831324493],[36.9008026180103,50.2409004253071],[36.9030460903638,50.2429756074007],[36.9048450951793,50.2451879927525],[36.9069384060482,50.2467214227418],[36.9103866611315,50.2480095903206],[36.9129551628195,50.2484621851381],[36.9147025288792,50.2489952619762],[36.9159780539376,50.2502621733451],[36.9162586292419,50.251178898745],[36.915208023466,50.2521606075992],[36.9117246999506,50.2536870270167],[36.9109339731931,50.2540335021408],[36.9102064168647,50.2543836432148],[36.9087253437946,50.2548753160592],[36.9080153630047,50.25503774854441],[36.9068783707395,50.2552044186423],[36.9054331467373,50.2552961499541],[36.9043537490583,50.2551049316213],[36.901400358797,50.2541741322128],[36.8993906559282,50.2533772285355],[36.898635764764,50.2530189227011],[36.8970386554103,50.2522608273722],[36.8919941398811,50.2486017344834],[36.8919916542427,50.2486417237371],[36.8919561653991,50.2492129641075]]]},"properties":{"OBJECTID":1933,"GlobalID":"ac82ae85-dc45-475c-9bb9-de9b66172fcc","Shape__Are":12903989.845703125,"Shape__Len":29260.939867563808,"CreationDa":"2026-07-21","Creator":"NMesplay_understandingwar","EditDate":"2026-08-20","Editor":"mewert_understandingwar","Area_KM":5.28328636839037}},{"type":"Feature","geometry":{"bbox":[37.75160392445791,49.978128511983,37.82960520472,50.0303243377553],"type":"Polygon","coordinates":[[[37.7626653449803,50.0302029446062],[37.7726632159018,50.0282097220958],[37.7727664538875,50.0281864539402],[37.7728672197095,50.0281590757553],[37.7729651163126,50.0281276954493],[37.773059760116,50.0280924347801],[37.7731507792172,50.0280534357031],[37.7732378151884,50.0280108482525],[37.7733205257716,50.0279648403518],[37.7733985875731,50.027915594929],[37.7734716915726,50.0278633029912],[37.7734952058735,50.0278449936148],[37.7735017968128,50.0278397166904],[37.7735918062076,50.02776714045461],[37.7736794027276,50.0276933550988],[37.7736797449857,50.0276930757857],[37.7736799165639,50.0276929361291],[37.7736800019039,50.0276928663008],[37.773680045023,50.0276928310981],[37.7736800872438,50.0276927964725],[37.7740438411535,50.0273953980408],[37.7744075950632,50.0270979989218],[37.7744082220873,50.0270974858796],[37.7744085373959,50.02709723195541],[37.7744086946011,50.0270971049933],[37.7744087736529,50.027097040358],[37.7744088122804,50.0270970086175],[37.7744088518063,50.0270969762999],[37.7747750554217,50.026800845539],[37.7751412689187,50.0265047042957],[37.7751419902658,50.0265041219942],[37.7751423531852,50.0265038328633],[37.7751425337466,50.0265036874322],[37.7751426244764,50.0265036147167],[37.7751426702905,50.0265035783589],[37.7751427152063,50.0265035420011],[37.7755113649342,50.0262086806886],[37.7758800227471,50.0259138112176],[37.7758806883987,50.02591327911791],[37.7758810234703,50.0259130147994],[37.775881189658605,50.025912882063],[37.775881273202,50.025912816849],[37.7758813154228,50.0259127827993],[37.7758813576436,50.0259127493266],[37.7762525190611,50.0256191067236],[37.7766236867668,50.0253254571313],[37.776624294028,50.0253249763889],[37.7766245994552,50.0253247380377],[37.7766247512704,50.0253246191506],[37.7766248276272,50.0253245591299],[37.7766248662548,50.0253245296967],[37.7766249039841,50.0253244991093],[37.7769984665983,50.025032161253],[37.7773720319075,50.0247398198861],[37.777372785594,50.0247392289063],[37.7773731646831,50.0247389368791],[37.7773733533293,50.0247387902884],[37.7773734476524,50.0247387164159],[37.7773734952631,50.0247386800568],[37.7773735419755,50.0247386436977],[37.7777495066848,50.0244476112118],[37.7781254704959,50.0241565763855],[37.778126143334,50.0241560552319],[37.77812648110061,50.0241557984065],[37.7781266499839,50.0241556685509],[37.7781267344255,50.0241556039118],[37.7781267766463,50.0241555721693],[37.7781268188671,50.0241555386954],[37.7785052566384,50.0238657550688],[37.77888369171481,50.0235759708484],[37.77888434479,50.023575472197],[37.7788846735734,50.0235752234485],[37.7788848370668,50.0235750993628],[37.7788849188135,50.0235750364543],[37.778884960136,50.0235750058657],[37.7788850005602,50.02357497527711],[37.7792657820361,50.0232865386704],[37.7796465581221,50.0229981066803],[37.7796473675041,50.0229974937473],[37.779647774441,50.0229971895895],[37.7796479774602,50.022997037222],[37.7796480789699,50.022996960461],[37.7796481292755,50.0229969229463],[37.7796481804795,50.0229968848544],[37.7800313227279,50.022709784349],[37.78041445778991,50.0224226896307],[37.7804151908152,50.0224221396004],[37.7804155591244,50.0224218671826],[37.78041574327901,50.0224217303964],[37.7804158358055,50.0224216617148],[37.7804158807213,50.0224216282397],[37.7804159274337,50.0224215936103],[37.7808014277597,50.02213582983221],[37.7811869182044,50.0218500724345],[37.7811877922651,50.0218494242799],[37.7811882324396,50.0218491033771],[37.7811884516286,50.0218489411941],[37.781188561223,50.0218488615455],[37.7811886160203,50.0218488211441],[37.7811886708175,50.0218487807427],[37.7815765382044,50.0215643473899],[37.7819643921165,50.0212799210105],[37.7819647712055,50.021279644546],[37.7819649607501,50.0212795048707],[37.7819650550732,50.0212794367647],[37.7819651026839,50.0212794015572],[37.7819651493962,50.0212793651955],[37.7822369382787,50.0210908511875],[37.7825044224344,50.0208998112997],[37.7827675461676,50.0207062882132],[37.7830262528846,50.0205103188373],[37.7832804859915,50.0203119481625],[37.7835301951826,50.0201112188705],[37.78377532655901,50.019908171334905],[37.7840158271201,50.0197028505471],[37.784251645662,50.019495298613],[37.7844827327772,50.0192855593703],[37.785355780249,50.0184287928351],[37.7862259081962,50.0175499031099],[37.787101163727,50.0166731024495],[37.787981534265,50.0157984013595],[37.7888670072338,50.0149258143862],[37.789757570057,50.0140553531908],[37.7906532101582,50.013187029435],[37.7915539158593,50.0123208565129],[37.7924596736855,50.0114568466645],[37.7933713541045,50.0107543566915],[37.7942882528369,50.0100546685034],[37.7952103483232,50.0093577955011],[37.7961376190038,50.0086637551271],[37.7970700451159,50.0079725630925],[37.7980076042016,50.0072842362633],[37.7989502755995,50.006598788042],[37.7998980368518,50.0059162364501],[37.8008508663989,50.0052365954682],[37.8018087435796,50.0045598819638],[37.8027716450377,50.003886112227406],[37.803739550112,50.00321530139551],[37.8047124354461,50.0025474622949],[37.8056902785824,50.001882614104],[37.8066730588594,50.0012207708052],[37.807660752921,50.0005619458036],[37.808653337411,49.9999061565465],[37.8096507898716,49.9992534175942],[37.8106530887431,49.9986037440849],[37.8116602097711,49.9979571505793],[37.8126721304976,49.997313653371],[37.8136888275665,49.9966732647113],[37.8147102776215,49.9960360008939],[37.8150509457267,49.9956859097492],[37.8153973747279,49.9953381588998],[37.815749525099,49.99499278766551],[37.8157682756339,49.9949748168731],[37.8157706148469,49.9949725254075],[37.8158036342219,49.9949409288109],[37.8161073582127,49.994649837677],[37.8161300433685,49.9946285871883],[37.8161359066724,49.9946229762908],[37.8161983611442,49.9945645884996],[37.8164708336446,49.9943093453682],[37.8164975693041,49.9942848665345],[37.8165070635983,49.9942759892871],[37.8165962142038,49.9941945462985],[37.8168463195519,49.9939655456252],[37.81687384033891,49.9939409181993],[37.81688403981071,49.9939316002568],[37.8169773433277,49.993848290783],[37.8172275582703,49.9936243716381],[37.8172558264556,49.9935996418195],[37.8172667894954,49.9935898525685],[37.8173630314017,49.9935058558505],[37.8176145039857,49.9932858598458],[37.817644131322,49.9932605176958],[37.8176552767198,49.9932507907466],[37.8177514548457,49.9931687211579],[37.8180071117823,49.9929500513079],[37.8180376419255,49.9929245166697],[37.8180494457884,49.99291444372341],[37.8181486799828,49.992831645895706],[37.8184053367443,49.9926169847744],[37.8184368325765,49.9925912229961],[37.8184492544803,49.9925808583348],[37.8185514351489,49.9924974829942],[37.8188091321595,49.9922866995736],[37.8188414059327,49.992260880444],[37.8188546560832,49.9922500681343],[37.8189599314479,49.99216605694821],[37.819218450417,49.9919592338795],[37.8192520042895,49.9919329756568],[37.8192656029863,49.9919221240018],[37.8193709708775,49.9918398748458],[37.8196332448045,49.9916346264439],[37.8196681012342,49.9916079412516],[37.819682047579,49.9915970548717],[37.8197889255382,49.9915154415955],[37.8200534650163,49.9913129142866],[37.8200889098425,49.99128636579061],[37.8201039368606,49.9912748908341],[37.8202157223162,49.9911913838621],[37.8204790643401,49.9909941367382],[37.8205155116861,49.9909674263565],[37.8205312268137,49.99095568623561],[37.820645037072,49.9908725038619],[37.8209099924701,49.9906783296643],[37.8209476067276,49.9906513557498],[37.820963865336,49.9906394734773],[37.8210790634914,49.9905570892936],[37.8213461982023,49.9903655295086],[37.8213849263709,49.990338353279],[37.8214018048168,49.9903262838055],[37.821518569634,49.990244575965804],[37.8217876312313,49.9900557732928],[37.8218275667356,49.9900283508537],[37.8218449868655,49.9900161611729],[37.8219639067412,49.9899347288737],[37.8222342403529,49.9897490968838],[37.8222748199492,49.9897218278979],[37.822293362075,49.989709132206],[37.8224160521799,49.9896269231591],[37.8226859743632,49.9894455373038],[37.822727902330804,49.989417964353],[37.822746887326,49.9894052431685],[37.8228697615855,49.9893246732783],[37.8231427784649,49.9891451298428],[37.823186000904805,49.9891173112582],[37.8232054979398,49.9891045276181],[37.8233292696162,49.9890251065641],[37.8236046014542,49.9888479074809],[37.8236490491961,49.9888199131461],[37.8236691427124,49.9888070191129],[37.8237944478131,49.988728335691],[37.8240713876354,49.9885539078188],[37.8241168540669,49.988525882702],[37.8241377695416,49.9885127489009],[37.8242649125953,49.988434622925205],[37.8245430840079,49.9882631615267],[37.8245899724725,49.9882348786455],[37.8246113227319,49.9882217603592],[37.8247393955419,49.9881447480402],[37.8250196357746,49.9879757062055],[37.825067395605,49.9879475144115],[37.8250897438926,49.9879340766502],[37.825220088542,49.9878573826901],[37.8255009863415,49.9876915742586],[37.8255531281538,49.9876614260545],[37.8255729854132,49.9876497423064],[37.825655615148,49.9876021692243],[37.8259419612296,49.987436604228],[37.8260212950456,49.9873916294557],[37.8260609790216,49.9873687816454],[37.8261586070284,49.9873137869826],[37.8263867997718,49.9871844237117],[37.82649605108,49.9871237003944],[37.8265536798021,49.9870912374675],[37.8266464838558,49.9870400891808],[37.8268354615438,49.9869350552793],[37.8269763811608,49.9868582696231],[37.827051022177706,49.98681713178],[37.8271328389372,49.9867730176074],[37.8272879016299,49.9866885249659],[37.8274636938462,49.9865946250186],[37.8275529477579,49.9865465004521],[37.8276198003813,49.9865112392999],[37.827744076911,49.9864448553411],[37.8279612069016,49.9863311672635],[37.8280593981521,49.986279378198],[37.8281084659296,49.9862540635458],[37.8282039442678,49.9862040718625],[37.8284760125264,49.9860644458184],[37.8285703176649,49.9860157928006],[37.828599778813,49.9860009278424],[37.8286674587848,49.9859661947891],[37.8290354230982,49.9857811193027],[37.8290856434142,49.9857557795516],[37.829093996848,49.9857516572417],[37.829134575546,49.985731247845806],[37.82960520472,49.9854992772833],[37.8256994682052,49.9824175741537],[37.82569939903491,49.9824174597816],[37.8253453307606,49.981894893514],[37.8253453109977,49.9818948542343],[37.8253452615903,49.9818947814512],[37.8249486473076,49.9807866367335],[37.8246117691946,49.9805274640192],[37.8239224694192,49.9803584681999],[37.8210727141989,49.9800621810821],[37.8201865926465,49.9798672284478],[37.8189869913992,49.9793356961283],[37.8178995915276,49.9786418612241],[37.8173472713583,49.9781286234769],[37.8173472632735,49.978128562241906],[37.8173472093745,49.978128511983],[37.8171955405169,49.9784234517161],[37.8170438465065,49.9787184370111],[37.8168888601705,49.9790126602734],[37.8167338504783,49.9793069262173],[37.8165755547489,49.9796004191708],[37.816417236561506,49.9798939490376],[37.8162556404217,49.9801866961121],[37.8160940227223,49.9804794760648],[37.8159291324603,49.9807714622683],[37.815764224232,49.9810634767376],[37.8155960506277,49.9813546847683],[37.8154278599554,49.9816459187632],[37.8152564110935,49.9819363336306],[37.8150849469602,49.9822267715832],[37.814910230925705,49.9825163806078],[37.8147355023147,49.9828060069508],[37.8145575289889,49.9830947934104],[37.8143795448834,49.9833835925771],[37.8141983241479,49.9836715409056],[37.814017094429204,49.9839594996405],[37.8138326343688,49.9842465960052],[37.8136481689184,49.98453369701011],[37.8134604794145,49.9848199246906],[37.8132727872157,49.9851061552889],[37.8130818790482,49.9853915004539],[37.812890969084,49.9856768439262],[37.8126968521342,49.985961292167],[37.812502736082806,49.9862457352602],[37.8123054202323,49.9865292698587],[37.8121081070768,49.9868127946996],[37.8119076022071,49.9870954029812],[37.8117071036255,49.9873779980507],[37.8115034205163,49.9876596632983],[37.811299745492,49.9879413124571],[37.81109289492311,49.9882220214197],[37.810886055134,49.9885027091068],[37.8106760469868,49.9887824468013],[37.8104660541111,49.989062159766505],[37.8102529009621,49.9893409100551],[37.8100397648812,49.9896196321609],[37.8098234757136,49.989897382372],[37.8096072081056,49.9901751015243],[37.8093877963941,49.9904518355213],[37.8091684080387,49.9907285350063],[37.8089458836648,49.9910042395409],[37.8087233871386,49.991279906688106],[37.8084977626786,49.9915545662025],[37.8082721687612,49.9918291854541],[37.808043454995,49.9921027861235],[37.807814776263,49.9923763419224],[37.8075830055298,49.9926488485545],[37.8073512338983,49.9929213513324],[37.8045332314284,49.9937909565671],[37.8014616309606,49.994778267281205],[37.7959839451065,49.9955681018346],[37.7916325121585,49.99622628671171],[37.7869739191636,49.9968186449938],[37.78303203264511,49.9967857370334],[37.7792949197906,49.9970160974802],[37.7750458732254,49.9973122726684],[37.7720254668473,49.9977729856807],[37.7713087603709,49.9987602140571],[37.7716396116867,50.00007648625671],[37.7733564934173,50.0005042690989],[37.7770424130803,50.0007017058723],[37.7814962333095,50.0005042690989],[37.7860012458318,50.000043581681005],[37.7895335859207,49.99954998204781],[37.7940897916344,49.9990892854855],[37.7971613921022,49.9990563790792],[37.7996698647696,49.9990892854855],[37.8013052746938,49.9992959225585],[37.8011232661358,49.9994693477357],[37.8009412548828,49.9996427722873],[37.8007579293945,49.9998156245594],[37.8005746039063,49.9999884750553],[37.8000851280777,50.0003539399084],[37.7995956396726,50.0007194077575],[37.7991038273259,50.0010835684526],[37.7986120041994,50.0014477321634],[37.7981178634195,50.0018105835629],[37.7976237136565,50.0021734374203],[37.7971272525282,50.0025349738095],[37.7966307842134,50.002896510944],[37.7961320108215,50.003256726608],[37.7956332329381,50.0036169418824],[37.7951321562659,50.0039758305294],[37.7946310777971,50.0043347153422],[37.7941277059293,50.0046922718351],[37.7936243340615,50.0050498227815],[37.7931186759813,50.0054060408286],[37.7926130196978,50.0057622510396],[37.7921050843884,50.0061171226174],[37.7915971526722,50.0064719852243],[37.7910869473201,50.0068255063508],[37.7905767491545,50.0071790173717],[37.7900642827428,50.0075311823329],[37.7895518253142,50.0078833343219],[37.7890371077244,50.0082341345175],[37.7885224009144,50.0085849234928],[37.7880054465195,50.0089343508999],[37.7874884921246,50.0092837740346],[37.7874884508021,50.0092838034776],[37.7874884085813,50.0092838300341],[37.7874883241397,50.0092838854563],[37.7874881561547,50.0092839945687],[37.7874878192865,50.0092842151028],[37.7867443358281,50.0097719393954],[37.7867442549797,50.0097719936624],[37.786744173233,50.0097720467747],[37.786744010638,50.0097721541541],[37.7867436845495,50.0097723666037],[37.7867430359659,50.0097727978532],[37.7860045974462,50.01026363231281],[37.786004554327,50.0102636617552],[37.7860045103096,50.0102636906204],[37.786004423173,50.0102637495052],[37.7860042488998,50.0102638655431],[37.7860038994552,50.0102640958868],[37.7860032050574,50.010264563502],[37.7852698258494,50.0107584993729],[37.7852697432044,50.0107585553707],[37.7852696614577,50.0107586096365],[37.785269497066,50.0107587216321],[37.7852691682826,50.0107589421594],[37.7852682753572,50.0107595465891],[37.7852681945088,50.0107596025869],[37.7852681127621,50.010759658584604],[37.7852679492688,50.0107597700029],[37.7852676231803,50.0107599922622],[37.7845391290108,50.0112571558693],[37.7845390472641,50.0112572118665],[37.7845389664157,50.0112572672864],[37.7845388038206,50.011257377549],[37.7845384786305,50.01125759980591],[37.784538208237606,50.0112577856935],[37.7845381282876,50.0112578411134],[37.7845380474392,50.0112578971106],[37.7845378857424,50.011258009105],[37.7845375623489,50.0112582325165],[37.7838142927811,50.0117583876544],[37.7838142119327,50.011758443651],[37.7838141310843,50.0117584979157],[37.7838139702859,50.0117586093317],[37.783813648689,50.0117588315863],[37.7838134196186,50.0117589920714],[37.7838133405669,50.011759048068],[37.7838132606168,50.0117591040647],[37.7838131007167,50.0117592154806],[37.7838127809164,50.0117594388898],[37.7830947098991,50.012262601628606],[37.7830946299491,50.0122626570474],[37.7830945508973,50.0122627130434],[37.7830943918955,50.012262825035506],[37.7830940729936,50.0122630467105],[37.7830936849214,50.0122633203405],[37.783093606768,50.0122633774911],[37.7830935277162,50.0122634334872],[37.7830933696127,50.0122635466338],[37.7830930525074,50.0122637700406],[37.7823802546008,50.0127698865982],[37.7823801764474,50.0127699425936],[37.7823800973957,50.0127699985891],[37.7823799401905,50.0127701100027],[37.7823796248818,50.012770333407104],[37.7823791936905,50.0127706405161],[37.7823791164354,50.0127706976661],[37.7823790373836,50.0127707536615],[37.7823788810768,50.012770866807],[37.782378568463,50.0127710913659],[37.7816711478718,50.01328008314],[37.7816710697183,50.0132801402894],[37.7816709915649,50.01328019628421],[37.7816708361564,50.0132803076967],[37.7816705244409,50.0132805310988],[37.7816697860258,50.013281065647405],[37.7816697087707,50.0132811233741],[37.7816696315156,50.0132811805235],[37.7816694770053,50.0132812919359],[37.7816691670866,50.0132815182243],[37.780967261252805,50.0137932841002],[37.7809671839977,50.0137933412489],[37.7809671067426,50.0137933966659],[37.7809669522323,50.0137935086544],[37.7809666441102,50.0137937332086],[37.7809656559634,50.013794459402],[37.7809655796066,50.0137945165508],[37.7809655032498,50.013794572545],[37.7809653505362,50.013794685688],[37.7809650442107,50.013794911974],[37.7802685713877,50.0143095061225],[37.7802684950309,50.0143095621162],[37.7802684186742,50.0143096192643],[37.7802682668588,50.0143097324061],[37.7802679614317,50.0143099558034],[37.7802668816567,50.0143107599183],[37.780266806198206,50.0143108176437],[37.7802667307397,50.0143108747919],[37.7802665789244,50.0143109879337],[37.7802662761922,50.0143112142173],[37.77957533429641,50.0148285603496],[37.779575258838,50.0148286174972],[37.7795751842778,50.0148286734902],[37.7795750333608,50.0148287866308],[37.7795747315269,50.014829011180204],[37.7795732726629,50.01483011026],[37.7795731981027,50.0148301691393],[37.7795731235426,50.0148302245551],[37.7795729735239,50.0148303376956],[37.7795726743849,50.0148305657085],[37.7788872759928,50.015350651610206],[37.7788872014326,50.0153507070254],[37.7788871268724,50.0153507647496],[37.7788869777521,50.0153508778889],[37.7788866795115,50.0153511024359],[37.7788851613586,50.01535226269141],[37.7788850876968,50.01535232157],[37.7788850140349,50.0153523775624],[37.7788848658129,50.0153524918563],[37.7788845693688,50.0153527181349],[37.7782046587848,50.0158755812363],[37.7782045851229,50.0158756372281],[37.7782045114611,50.0158756943744],[37.7782043641374,50.0158758075125],[37.77820406949,50.0158760337887],[37.7782023465213,50.0158773672021],[37.7782022737577,50.01587742608],[37.7782022009942,50.0158774832263],[37.7782020545688,50.0158775963644],[37.778201761718,50.0158778237951],[37.7775274763843,50.0164033514435],[37.7775274036208,50.0164034091663],[37.7775273308572,50.016403466312],[37.7775271844318,50.0164035794488],[37.7775268933777,50.0164038057226],[37.7775258908578,50.0164045919083],[37.7772803291884,50.016570601494],[37.7770310943077,50.0167343356628],[37.7768704000765,50.0168369211209],[37.7767786722045,50.0168954792741],[37.7767782338266,50.0168957580728],[37.7765221995976,50.017054588218],[37.776521798949,50.0170548352686],[37.7762618444721,50.0172115349492],[37.7759498380143,50.0173937990664],[37.7759497014704,50.0173938781451],[37.7756331154013,50.0175726101703],[37.7756327920078,50.0175727931475],[37.775311596683,50.0177480150537],[37.7753112050176,50.0177482286225],[37.7751481293525,50.0178341789861],[37.7749850348228,50.0179201349681],[37.7748197088779,50.0180042979832],[37.7746543757465,50.0180884608508],[37.7744868453359,50.0181708128706],[37.7743193212135,50.0182531595543],[37.7741496447277,50.0183336728917],[37.7739799682419,50.0184141849397],[37.7738090071652,50.0184924694234],[37.773637941884,50.0185707993785],[37.7734649416316,50.0186472215536],[37.7732918488528,50.0187236828568],[37.7731168597304,50.0187982184987],[37.7729417888613,50.0188727880797],[37.7727648602762,50.0189454181585],[37.7725878607241,50.019018075833],[37.7724090420837,50.0190887790099],[37.7722301650528,50.0191595017074],[37.7720495084592,50.0192282566431],[37.7718688051533,50.0192970287964],[37.7716863618107,50.0193638164605],[37.7715038834338,50.0194306138441],[37.7713197036477,50.0194954157829],[37.7711355032004,50.0195602222519],[37.7709496408698,50.0196230194343],[37.770763769556,50.0196858159575],[37.7705762767832,50.0197465899293],[37.77038878940021,50.0198073592068],[37.770199720084,50.0198660909362],[37.7700106687342,50.0199248162448],[37.7698200758753,50.0199814913173],[37.7696295162541,50.0200381553564],[37.7694374546497,50.0200927570483],[37.7692454397577,50.0201473430941],[37.7690519642051,50.0201998558355],[37.7688585488396,50.0202523483182],[37.7686637141359,50.0203027565392],[37.7684689539924,50.0203531439287],[37.768272815833306,50.0204014320587],[37.7680767666074,50.0204496964757],[37.76787937979,50.0204958524067],[37.7676820980755,50.0205419817431],[37.7674835802792,50.0205859772058],[37.7672850606862,50.0206299732055],[37.7672849960075,50.0206299853262],[37.7672849304305,50.0206299980241],[37.7672847992765,50.02063002342],[37.7672845369684,50.0206300719029],[37.7667744708552,50.0207275710407],[37.7667744007866,50.02072758489301],[37.766774330718,50.0207275987452],[37.7667741905808,50.0207276252953],[37.7667739094081,50.0207276783956],[37.7667733497577,50.0207277903679],[37.7662652895824,50.0208295096165],[37.7662652240054,50.0208295217372],[37.7662651584284,50.02082953616661],[37.7662650272744,50.0208295627167],[37.766264764068,50.0208296140853],[37.7662642412485,50.0208297231715],[37.7657582534866,50.0209356486518],[37.7657581852147,50.0209356642355],[37.7657581169427,50.02093567808771],[37.7657579812971,50.0209357063693],[37.76575770820931,50.0209357635095],[37.7657571656268,50.0209358806759],[37.7652533284317,50.0210459979307],[37.7652532655497,50.0210460117829],[37.7652532026676,50.021046025635],[37.7652530778018,50.0210460533393],[37.7652528271718,50.0210461081708],[37.7652523286068,50.02104622129671],[37.7647507677426,50.02116050143861],[37.7647506976741,50.0211605170223],[37.7647506276055,50.0211605337602],[37.76475048657,50.0211605655046],[37.764750204499,50.0211606284164],[37.7647496439502,50.02116076116591],[37.7642504133159,50.0212791937759],[37.7642503522305,50.021279207628005],[37.764250291145,50.0212792226344],[37.7642501689742,50.0212792509158],[37.7642499237341,50.02127930921],[37.7642494368472,50.0212794298386],[37.76375262896921,50.0214019889135],[37.7637525580023,50.0214020073829],[37.7637524888321,50.02140202412081],[37.7637523495932,50.0214020587509],[37.76375207021711,50.021402127434],[37.76375151326161,50.0214022699947],[37.7632572574974,50.0215289254901],[37.763257191022,50.0215289439594],[37.7632571245467,50.0215289606973],[37.7632569906977,50.0215289953273],[37.7632567238981,50.02152906227881],[37.7632561911971,50.0215292048391],[37.7627644956314,50.021659955568104],[37.76276442915611,50.0216599723059],[37.7627643635791,50.0216599907752],[37.762764232425,50.0216600254051],[37.7627639692187,50.0216600952422],[37.7627634446025,50.0216602389565],[37.7622743918804,50.0217950641077],[37.7622743289983,50.0217950808455],[37.762274265217904,50.0217950987376],[37.7622741394538,50.0217951339446],[37.7622738870272,50.02179520205],[37.7622733830723,50.021795346341],[37.7617870926697,50.0219342100961],[37.7617870270927,50.0219342279881],[37.761786959719,50.0219342476116],[37.7617868267684,50.0219342868587],[37.7617865599687,50.021934362467],[37.7617860281661,50.021934518878],[37.7613025620667,50.0220774038869],[37.7613025009812,50.0220774235104],[37.7613024389975,50.0220774414024],[37.7613023159283,50.0220774777635],[37.7613020688916,50.0220775504858],[37.7613015766148,50.0220776999704],[37.7608210048873,50.0222245877282],[37.76082094020861,50.0222246073516],[37.7608208764282,50.022224626975],[37.7608207488674,50.0222246662218],[37.7608204937459,50.0222247441383],[37.760819985299406,50.0222249051656],[37.7603424651489,50.0223757442684],[37.7603423968769,50.0223757667776],[37.760342328605,50.0223757875552],[37.7603421911627,50.022375830842],[37.7603419162783,50.0223759174156],[37.7603413692043,50.0223760963343],[37.7598668826644,50.0225308954021],[37.759866824274,50.0225309150254],[37.7598667658834,50.0225309329172],[37.7598666491025,50.0225309721638],[37.7598664155405,50.0225310477711],[37.7598659502132,50.0225312041802],[37.7593945907089,50.0226899308542],[37.7593945251318,50.0226899533632],[37.7593944604532,50.022689975295],[37.7593943310958,50.0226900185815],[37.7593940705843,50.02269010688601],[37.7593935522564,50.0226902852264],[37.758925492264105,50.0228528829066],[37.7589254266871,50.0228529065698],[37.7589253593135,50.02285293023311],[37.7589252263628,50.0228529764052],[37.7589249595632,50.0228530681722],[37.7589244286588,50.0228532586322],[37.7584596088898,50.023019745748],[37.7584595531943,50.02301976652541],[37.7584594974987,50.0230197861485],[37.7584593852093,50.0230198265489],[37.7584591615288,50.0230199061955],[37.7584587159644,50.0230200695288],[37.7579971741479,50.0231904356512],[37.7579971220456,50.0231904552742],[37.757997069045,50.0231904760515],[37.7579969648404,50.0231905135661],[37.7579967546346,50.0231905909038],[37.757996336918,50.0231907496193],[37.75753829493781,50.023364912175204],[37.757538235649,50.023364936415305],[37.7575381745635,50.0233649600783],[37.7575380541893,50.0233650045185],[37.757537813440806,50.0233650951302],[37.7575373337404,50.0233652838568],[37.7570828374106,50.0235432260674],[37.7570827853083,50.0235432474218],[37.7570827323077,50.0235432681989],[37.7570826272048,50.0235433103304],[37.7570824169991,50.0235433911304],[37.7570819983841,50.0235435602333],[37.7566311204683,50.0237252531998],[37.7566310602812,50.0237252780169],[37.7566310000941,50.0237253016796],[37.7566308806182,50.0237253507366],[37.7566306398696,50.0237254471192],[37.75663016196591,50.0237256456556],[37.7561830497878,50.0239110287356],[37.756182987804,50.0239110541297],[37.7561829267186,50.0239110806781],[37.7561828036494,50.0239111308891],[37.756182557511,50.0239112330427],[37.7561820688275,50.0239114408126],[37.7557387430482,50.024100505306],[37.7557386819628,50.0241005318543],[37.7557386190807,50.0241005595568],[37.7557384942149,50.0241006126534],[37.7557382444832,50.0241007188465],[37.7557377486132,50.0241009352727],[37.7552982685217,50.0242936551649],[37.7552982074363,50.0242936817131],[37.7552981454525,50.02429370941561],[37.7552980223833,50.02429376251191],[37.7552977753466,50.0242938715902],[37.7552972857648,50.0242940909012],[37.7548616693273,50.0244904580684],[37.7548616136318,50.0244904834622],[37.7548615579362,50.0244905082789],[37.7548614465451,50.0244905584893],[37.7548612228646,50.0244906589103],[37.7548607790969,50.0244908643691],[37.754429130518,50.024690831442],[37.7544290712292,50.0246908597213],[37.7544290119404,50.0246908874235],[37.7544288951594,50.0246909416737],[37.7544286598008,50.0246910495969],[37.7544281926769,50.0246912717917],[37.7540005910083,50.024894803520205],[37.7540005371095,50.0248948300681],[37.7540004832105,50.0248948554617],[37.7540003754127,50.024894906826],[37.7540001589187,50.0248950089774],[37.753999729524,50.0248952196287],[37.7535762331564,50.0251022876886],[37.7535761783591,50.0251023159677],[37.7535761226636,50.0251023436697],[37.7535760121708,50.0251023967651],[37.7535757902869,50.02510250411031],[37.7535753501124,50.0251027263031],[37.7531560524704,50.0253132867872],[37.7531559985715,50.025313313334806],[37.7531559455709,50.0253133398825],[37.7531558395697,50.0253133941319],[37.7531556257707,50.0253135003223],[37.7531552026642,50.0253137184743],[37.7527401172225,50.0255277644112],[37.7527400696118,50.0255277892273],[37.7527400220011,50.0255278146206],[37.7527399267796,50.0255278630986],[37.7527397354385,50.0255279612089],[37.7527393563495,50.0255281620464],[37.7523285819228,50.0257456437575],[37.7523285325155,50.0257456685735],[37.7523284831082,50.0257456951209],[37.752328384293506,50.0257457482156],[37.7523281866641,50.0257458515195],[37.752328143545,50.0257458797982],[37.7523281004259,50.0257459074998],[37.7522431476478,50.0258008616705],[37.7522430991387,50.025800893989],[37.75224304883311,50.0258009245762],[37.7522429554083,50.0258009915216],[37.7521625912246,50.0258587394446],[37.7521625211561,50.0258587896536],[37.7521624537824,50.02585884274821],[37.7520868946872,50.0259192285924],[37.7520868237203,50.0259192845725],[37.7520867563467,50.0259193445924],[37.7520162260205,50.0259821929053],[37.752016165833304,50.0259822477311],[37.7520161092395,50.025982303134],[37.7519507972267,50.0260474453888],[37.7519507415312,50.0260475007917],[37.7519506885306,50.0260475608114],[37.7518907771894,50.0261148163627],[37.7518907313753,50.0261148677257],[37.7518906882562,50.0261149225514],[37.7518363374865,50.0261841130629],[37.751836298859,50.0261841632716],[37.751836262028,50.0261842163659],[37.75178762454361,50.0262551519599],[37.7517875948992,50.0262551952432],[37.7517875670514,50.026255241412],[37.7517447758028,50.0263277316346],[37.7517447524467,50.026327770878],[37.7517447308871,50.0263278141613],[37.7517079152318,50.0264016350872],[37.7517078891807,50.0264016881812],[37.7517078658245,50.0264017441607],[37.7516771272721,50.0264766966816],[37.7516771075091,50.0264767457358],[37.7516770904411,50.0264767970984],[37.7516525017552,50.026552704037],[37.7516524909754,50.026552736355],[37.7516524828906,50.0265527698272],[37.7516341168346,50.026629412456],[37.7516341078514,50.0266294499679],[37.7516340997666,50.02662950190751],[37.7516175986131,50.026735500588],[37.7516175932233,50.02673553406],[37.75161758963,50.026735568686306],[37.7516075302954,50.0268419151262],[37.7516075267022,50.0268419503295],[37.7516075258039,50.026841986687],[37.751603924907,50.0269485247777],[37.75160392445791,50.0269485550756],[37.7516067900836,50.0270550978353],[37.751606790982,50.0270551341927],[37.7516067945752,50.0270551717042],[37.7516161190878,50.0271615330181],[37.7516161235794,50.0271615763006],[37.7516161298677,50.0271616224686],[37.751631904284,50.0272676932663],[37.7516319114706,50.02726773250901],[37.7516541160277,50.027373355245],[37.7516827192847,50.0274783735294],[37.7517176718341,50.0275825928853],[37.7517589206753,50.0276858575026],[37.7518064038246,50.0277880115727],[37.7518600476201,50.0278888964027],[37.7519197739084,50.0279883636884],[37.7519854847731,50.0280862558936],[37.7519992828959,50.0281047890883],[37.7520570903827,50.0281824327955],[37.7521344748546,50.0282767414767],[37.7521430438841,50.0282862657073],[37.7522175205093,50.0283690399853],[37.7523061069728,50.0284591921409],[37.7524000959043,50.0285470583016],[37.7524997675783,50.0286328514232],[37.752604590192206,50.02871607465],[37.7527143993542,50.0287965958442],[37.7528290333676,50.0288742949868],[37.7529482541789,50.0289490168575],[37.7529483179593,50.0289490560988],[37.753071979143,50.0290207106874],[37.7530720348385,50.029020743003706],[37.7530720626863,50.0290207580077],[37.753109985066,50.0290410613143],[37.7531999773928,50.0290892408771],[37.7532000510547,50.0290892789641],[37.7532000806991,50.0290892939681],[37.7532376599224,50.0291078608233],[37.7533320647739,50.0291545041436],[37.753332144724,50.0291545433847],[37.753332176165,50.0291545589658],[37.753354970017,50.0291649353628],[37.7534680176056,50.0292163943184],[37.7534681029456,50.0292164324053],[37.7534681460647,50.0292164520259],[37.7535161214908,50.0292365261511],[37.7536076598183,50.0292748277388],[37.753607741565,50.0292748612091],[37.7536077837857,50.0292748779442],[37.7536548986258,50.02929294671281],[37.7537507659346,50.029329709200205],[37.7537508728341,50.0293297495954],[37.7538970610702,50.0293809354189],[37.7538971634781,50.0293809706203],[37.7538971967158,50.0293809815847],[37.7539354658452,50.0293931572459],[37.7540464580885,50.0294284729361],[37.75404652905541,50.029428495442005],[37.7541985698155,50.0294721971155],[37.7541986416807,50.029472216736],[37.7543532615041,50.029512072189],[37.7543533019282,50.0295120819992],[37.7545102726427,50.0295480260323],[37.7546693130755,50.0295799980618],[37.7610503178298,50.030288020367],[37.7611258418908,50.03029705715831],[37.761201709108,50.0303048180641],[37.7613297280192,50.0303149628109],[37.7614583191572,50.0303214732212],[37.761587231892,50.0303243377553],[37.7617162155938,50.0303235500661],[37.7618450205308,50.0303191095765],[37.7619733951748,50.0303110278266],[37.7621010906924,50.0302993198182],[37.7622278591487,50.0302840086312],[37.7623534535069,50.030265122538204],[37.76249119039271,50.0302400197421],[37.7626268503737,50.0302106183907],[37.7626653449803,50.0302029446062]]]},"properties":{"OBJECTID":1934,"GlobalID":"3560dbff-bbed-45ff-98f2-b9a3be876182","Shape__Are":13869761.841796875,"Shape__Len":32546.28721316271,"CreationDa":"2026-07-21","Creator":"NMesplay_understandingwar","EditDate":"2026-08-20","Editor":"mewert_understandingwar","Area_KM":5.735911340207749}},{"type":"Feature","geometry":{"bbox":[37.7732885385609,48.616836927025,37.7806365680405,48.6214517235582],"type":"Polygon","coordinates":[[[37.7749576622577,48.6203860711098],[37.7755266353958,48.6214517235582],[37.7756480040788,48.621449400556905],[37.775769372762,48.6214470787431],[37.7758906066977,48.6214426423564],[37.7760118406336,48.6214382077508],[37.7761328553804,48.6214316615406],[37.7762538710256,48.6214251171109],[37.77637458304021,48.6214164676076],[37.7764952950548,48.6214078169151],[37.7766156207939,48.6213970682733],[37.7767359465329,48.6213863196291],[37.7768558015548,48.621373478972004],[37.7769756574749,48.6213606383116],[37.7770949600328,48.6213457157309],[37.7772142625908,48.6213307919582],[37.7773329282432,48.6213137957637],[37.7774515947939,48.6212968013451],[37.7775695417941,48.6212777445968],[37.7776874896926,48.6212586884351],[37.7778046371921,48.6212375853799],[37.7779217846917,48.621216482316],[37.7780380500457,48.6211933466067],[37.7781543153997,48.6211702091054],[37.7782696186579,48.6211450567695],[37.7783849219163,48.6211199044212],[37.7784991831288,48.6210927526736],[37.7786134443414,48.6210656015053],[37.7787265835581,48.62103646815421],[37.7788397227749,48.6210073365677],[37.7789516618425,48.6209762453591],[37.77906360091,48.6209451523498],[37.7790636817584,48.6209451280032],[37.77906381381081,48.6209450899987],[37.7790638793878,48.6209450709964],[37.7790639449648,48.6209450508065],[37.7791726258428,48.6209130890186],[37.7792813067208,48.6208811278042],[37.7792815420794,48.6208810601086],[37.779281660657,48.6208810274485],[37.7792817190475,48.6208810108215],[37.7792817792347,48.62088099597591],[37.779391709669206,48.6208510032589],[37.7795016814263,48.6208210028043],[37.7795019545142,48.6208209279828],[37.7795020919564,48.620820894135],[37.7795021602283,48.6208208763203],[37.779502230297,48.6208208585056],[37.7796133554909,48.6207928538689],[37.7797245022443,48.6207648438722],[37.7797247582642,48.6207647797393],[37.7797248885199,48.6207647500482],[37.7797249523003,48.6207647352027],[37.7797250178773,48.6207647197633],[37.7798372551855,48.6207387210282],[37.7799494942904,48.6207127228736],[37.77994978803951,48.6207126533963],[37.7799499371598,48.6207126237051],[37.7799500108217,48.6207126076719],[37.7799500853819,48.6207125910449],[37.7800633548543,48.620688619001605],[37.7801766036656,48.620664649916],[37.7801768785501,48.6206645911275],[37.7801770177889,48.6206645655931],[37.7801770860609,48.6206645519351],[37.7801771561295,48.6206645382772],[37.7802914038673,48.62064260302661],[37.7804056102826,48.6206206760799],[37.7804058618109,48.6206206267925],[37.7804059884734,48.6206206066025],[37.7804060513554,48.6206205959137],[37.7804061160341,48.6206205834434],[37.7805212333412,48.6206007069623],[37.78063628776611,48.6205808405685],[37.7806364288016,48.6205808174093],[37.7806364988702,48.6205808055329],[37.7806365680405,48.6205807930626],[37.7805136380855,48.6202218848682],[37.7800505754211,48.6190709147484],[37.7800281148441,48.6190150864212],[37.7798339062661,48.6182062570127],[37.7797173804007,48.6176285148893],[37.779800635363,48.6172427353494],[37.7753246995098,48.6169638128129],[37.7732885385609,48.616836927025],[37.7734055827542,48.6169994074082],[37.773580370654,48.6173588973393],[37.7737745801302,48.61769270687161],[37.7739145466346,48.6181920128668],[37.7744835188744,48.6192577104475],[37.7749576622577,48.6203860711098]]]},"properties":{"OBJECTID":1935,"GlobalID":"03575739-7db8-45a9-9d06-3bb02b1bd99b","Shape__Are":440487.08984375,"Shape__Len":2710.8138218285508,"CreationDa":"2026-07-21","Creator":"NMesplay_understandingwar","EditDate":"2026-08-20","Editor":"mewert_understandingwar","Area_KM":0.192655285953452}},{"type":"Feature","geometry":{"bbox":[37.6493333740011,49.7050563563552,37.6816793852372,49.713245698793],"type":"Polygon","coordinates":[[[37.6546716530012,49.7093745026867],[37.654707310728,49.709363988232],[37.6550054624691,49.7093376951142],[37.65549974158961,49.7092832900062],[37.6561044452181,49.7092254841856],[37.65678276398741,49.7092050814313],[37.6575662494254,49.7092254841856],[37.6577466320327,49.7092305561177],[37.6629648970092,49.7097570222321],[37.66570495535681,49.7100349638923],[37.6687673741441,49.7104345031501],[37.6717492023723,49.7109643224734],[37.6746504409398,49.7117112692751],[37.67887804022761,49.7125736551182],[37.6800223744237,49.7128511368782],[37.6816793852372,49.713245698793],[37.6801084680622,49.7123286159038],[37.6800624042511,49.7123148677829],[37.6800413755886,49.7122603399598],[37.6800356110994,49.7122457176032],[37.6800334030404,49.7122396672119],[37.680028080522405,49.7122258662061],[37.6799779356649,49.7120898105827],[37.6799597196276,49.7120378099037],[37.6799508990698,49.7120136454067],[37.6799424701775,49.7119885683386],[37.6799230944151,49.7119332565442],[37.6798733789523,49.7117830121034],[37.6798725848416,49.7117806293326],[37.6798724159584,49.7117801007316],[37.6798711515796,49.711776279701],[37.679828835989,49.7116410592882],[37.6798065074643,49.711565729298805],[37.6798006738048,49.7115467564999],[37.6797973302754,49.7115347699765],[37.6797886741093,49.7115055649028],[37.6797461802031,49.7113513952583],[37.6797352171634,49.711312094279],[37.6797339155045,49.7113068999973],[37.6797315780881,49.7112984196429],[37.6796780501753,49.7110845642367],[37.6796765625652,49.7110780542179],[37.6796762265953,49.7110767141077],[37.6796751189725,49.7110717364723],[37.6796434776133,49.7109332465897],[37.6796290291102,49.7108645992374],[37.6796237074905,49.710840686844406],[37.6796202085525,49.7108226925649],[37.6796115766409,49.7107816839156],[37.6795855488538,49.710644484533],[37.6795776930867,49.7106040932239],[37.6795762989014,49.7105957242785],[37.679573647973,49.7105817502799],[37.6795403671883,49.7103814701877],[37.6795386406263,49.7103697308388],[37.6795381869771,49.710367009335606],[37.6795372868652,49.7103605294272],[37.6795218394356,49.7102554908923],[37.6795051514326,49.7101294055464],[37.6795051451443,49.710129355589],[37.6795007793321,49.7100807400425],[37.6794706642105,49.7097369874139],[37.6794679665697,49.7097061953883],[37.6794363575498,49.7093285202289],[37.6794347217176,49.7093074059035],[37.67943403809971,49.7092994381434],[37.6794201447555,49.709119274401],[37.6793729975762,49.7085107611056],[37.6793711120124,49.7084834247751],[37.6793700115762,49.7084691602898],[37.6793540628866,49.7082362776703],[37.6793165707999,49.7076927636861],[37.6793145055731,49.7076586570331],[37.6793131356422,49.7076386521386],[37.6792990752114,49.7074037520252],[37.6792675910574,49.7068836669992],[37.6792652132168,49.706838060375],[37.6792634093997,49.7068079322688],[37.67925009546891,49.7065481190585],[37.6792253953918,49.7060744072419],[37.6792253926969,49.7060743642517],[37.679225384612,49.7060741946147],[37.67922183536831,49.7059966611649],[37.6792208292552,49.7059770372699],[37.679219378476,49.7059429994168],[37.6792062873274,49.7056570357755],[37.679189071115,49.7052320275091],[37.6791854032937,49.7051459845625],[37.6791844483845,49.7051178899286],[37.6791819573563,49.705056403413],[37.679181956458,49.7050563563552],[37.6790303909066,49.7053375445776],[37.678901880617,49.7055101571474],[37.6786844029783,49.7056124464122],[37.6783977263166,49.7056827691038],[37.677889764956,49.7057516230462],[37.666671202141,49.7063308552451],[37.6652207256894,49.7064797693423],[37.6649721115446,49.7065052936762],[37.6635682495714,49.7065549166702],[37.6633343722889,49.7065846411784],[37.6631004159546,49.7066143749635],[37.662865897275,49.7066419278751],[37.6626313112217,49.7066694865806],[37.662396199654,49.7066948620939],[37.662161033289,49.7067202422414],[37.6619253764439,49.7067434339729],[37.6616896773779,49.706766628598],[37.6614535246628,49.7067876336493],[37.6612173405066,49.7068086386915],[37.6609807404305,49.7068274495162],[37.66074412148971,49.7068462609145],[37.6605071189682,49.7068628769368],[37.6602701155485,49.706879491791604],[37.66003277076901,49.7068939060449],[37.6597954223962,49.706908320294],[37.6595578341732,49.7069205292967],[37.6593202845778,49.7069327371344],[37.659320210916,49.7069327400391],[37.6593201372541,49.7069327429438],[37.6593199899304,49.7069327493341],[37.6590822247393,49.7069427513468],[37.6588444909893,49.7069527487099],[37.6588444254122,49.7069527516146],[37.6588443607335,49.7069527539383],[37.6588442304778,49.7069527585858],[37.6586062892169,49.7069605524495],[37.6583683910752,49.7069683434071],[37.6583682895656,49.7069683463118],[37.6583681880559,49.7069683492165],[37.6583679850367,49.706968354445],[37.6581299880803,49.706973938418905],[37.6578920450227,49.7069795206494],[37.657891964174404,49.7069795218113],[37.6578918824277,49.7069795229732],[37.6578917198326,49.7069795258779],[37.6578913946425,49.7069795316873],[37.6576533653467,49.7069829063541],[37.6574154043229,49.7069862781161],[37.6574153153897,49.706986279278],[37.6574152273548,49.706986279278],[37.657415051285,49.7069862821827],[37.6574146982471,49.7069862850874],[37.657176685121,49.7069874504482],[37.6569387510466,49.706988614647],[37.6569386342656,49.706988614647],[37.6569385174847,49.706988614647],[37.6569382866176,49.706988614647],[37.6569382578715,49.706988614647],[37.6569378150021,49.706988614647],[37.6564620330916,49.7069865290811],[37.6564619675146,49.7069865290811],[37.6564619028359,49.7069865290811],[37.656461771681904,49.706986527919305],[37.6564615174587,49.7069865250146],[37.6564614851193,49.7069865250146],[37.6564609892493,49.706986520948],[37.6562364436659,49.706984000840606],[37.6562363987501,49.706984003745305],[37.65623643198781,49.7069840316303],[37.6562364598356,49.7069840577725],[37.656236572125,49.7069841036666],[37.6562463808296,49.7069882329711],[37.6562344125751,49.7069887866046],[37.6562185483271,49.7069981141373],[37.6561565331315,49.7070251602542],[37.6559132756408,49.7071859819774],[37.6557252322007,49.707429194543],[37.6553894410491,49.707698464634],[37.6551476711685,49.7079156148596],[37.6550326769307,49.7079982434492],[37.6549581383217,49.7080285421901],[37.654726773627,49.7081305560226],[37.6543166271228,49.7082563717807],[37.6541010377428,49.7083073773227],[37.6537028244588,49.7084097635207],[37.652877720972,49.7083933455406],[37.6514934566451,49.7084375727617],[37.6506272839801,49.7084512348421],[37.6499653298203,49.7084648974996],[37.6496519588217,49.708526374473],[37.6495040754646,49.7086083450052],[37.6494688650987,49.7086789317439],[37.6494257836943,49.7089058154597],[37.6493720572538,49.7093314207105],[37.6493333740011,49.7097469464431],[37.6493591628362,49.7101249483004],[37.6493419708784,49.7106196797782],[37.6493935485487,49.7109198512552],[37.6497116096514,49.7109921151488],[37.6503391367763,49.7110087907465],[37.6511815705616,49.7109643224734],[37.6518950601709,49.7108364713145],[37.6523592583058,49.7105474164923],[37.6523420663479,49.7102972708375],[37.6523357673611,49.7102875570601],[37.6523273115193,49.7102073628464],[37.6523643301939,49.7100158574691],[37.6524551929882,49.709776475557],[37.6525696132026,49.7096676645204],[37.6526993002852,49.7096200157206],[37.653029767122,49.7096024160051],[37.6546716530012,49.7093745026867]]]},"properties":{"OBJECTID":1937,"GlobalID":"f86b6b57-3d92-4867-a971-82fa906a6b65","Shape__Are":2146237.765625,"Shape__Len":9247.960512657566,"CreationDa":"2026-07-21","Creator":"NMesplay_understandingwar","EditDate":"2026-08-20","Editor":"mewert_understandingwar","Area_KM":0.898506671533159}},{"type":"Feature","geometry":{"bbox":[37.6768942232121,49.7325219420287,37.6823642114025,49.7427915201517],"type":"Polygon","coordinates":[[[37.6768942232121,49.740941002909],[37.6768942241104,49.7409410586401],[37.6768942241104,49.7409411114684],[37.6768942241104,49.7409412182862],[37.67689673939321,49.7412495427791],[37.6768967411898,49.7412496554015],[37.6768967420882,49.7412497720876],[37.6768967447831,49.741249833043],[37.6768967456814,49.7412498928374],[37.676896747478,49.7412499926881],[37.6769014070394,49.7414041364924],[37.6769060666008,49.7415582792264],[37.67690607019401,49.7415583721102],[37.6769060737873,49.741558485893],[37.6769060773806,49.7415585456869],[37.6769060800755,49.7415586025783],[37.6769060854654,49.7415587221662],[37.6769141460485,49.7417128080985],[37.6769222057332,49.741866895283],[37.6769222120214,49.7418669951325],[37.676922216513,49.7418670810495],[37.6769222201062,49.741867124008],[37.6769222228012,49.7418671669665],[37.6769222281911,49.7418672505614],[37.6769336915924,49.742021293136],[37.6769451540954,49.7421753363825],[37.6769451621803,49.7421754321678],[37.6769451666718,49.742175491961],[37.67694517296011,49.7421755546568],[37.6769451846382,49.74217568237051],[37.676960040078,49.7423295608411],[37.6769748964162,49.7424834382433],[37.6769749089926,49.7424835549264],[37.6769749188741,49.7424836605797],[37.6769749260606,49.7424837134064],[37.6769749314505,49.7424837662331],[37.6769749413319,49.742483852149],[37.6769931959968,49.74263761934521],[37.67701145156,49.7427913854735],[37.6770114587466,49.7427914406219],[37.6770114641364,49.7427914824185],[37.6770114695264,49.7427915201517],[37.6775148872082,49.7427167325002],[37.6794183301586,49.7424707232657],[37.6806026950804,49.7420060342044],[37.6814063710527,49.7414046670931],[37.6820906375675,49.740086802006],[37.6821184287475,49.7397882168993],[37.6821508210983,49.7394898250196],[37.6821922055851,49.739158536035],[37.6821941450478,49.739144893043],[37.6821947460208,49.7391401011589],[37.6822026574835,49.7390850217433],[37.6822392611364,49.7388275635143],[37.6822428508042,49.73880518536941],[37.6822449420822,49.7387906255783],[37.6822724871238,49.738620457587],[37.6822982382297,49.738459944312],[37.6823005621713,49.7384470094084],[37.6823014461136,49.73844154864861],[37.6823371128236,49.7382436168842],[37.6823642114025,49.7380928181276],[37.6823393792731,49.7379557144836],[37.6822114052777,49.7372501640823],[37.6822055770081,49.737216966758],[37.6821976502741,49.7371731994361],[37.6821444358733,49.7368687104791],[37.6820633835802,49.7364070361608],[37.682050932032,49.73633367562011],[37.6820368563298,49.7362531342625],[37.6819853550162,49.7359473320411],[37.6819202109885,49.7355635365241],[37.6819016589812,49.7354503585343],[37.6818818331629,49.735332638258406],[37.6818356507741,49.7350476866243],[37.6817818848078,49.7347196889583],[37.6817575763962,49.73456594369831],[37.68173258257,49.7344117259156],[37.6816926892866,49.7341555544955],[37.6816484086313,49.733875496349],[37.6816115714164,49.7336346655347],[37.6815891072461,49.7334904134685],[37.6815723572593,49.7333782955046],[37.6815484890222,49.7332222525311],[37.6814589224968,49.7326189992437],[37.6814514107844,49.7325687177337],[37.6794794739885,49.7325219420287],[37.6794794380559,49.7325220058983],[37.6794794021232,49.7325220697678],[37.67947932935971,49.7325221946037],[37.6794791937141,49.732522426276],[37.6793763653602,49.73270180296101],[37.6792735370062,49.7328811772413],[37.6792733851909,49.732881446072],[37.6792733519532,49.7328815058767],[37.6792733178173,49.7328815656813],[37.6792732504437,49.7328816823875],[37.6792731183913,49.7328819198643],[37.6792729773558,49.7328821712762],[37.6791732383081,49.7330622817039],[37.6790734992604,49.7332423926244],[37.6790733779879,49.7332426150032],[37.6790733420553,49.7332426817749],[37.6790733052243,49.7332427485466],[37.6790732315625,49.73324288034821],[37.67907308783201,49.7332431497574],[37.679072942305,49.7332434162637],[37.6789763141231,49.7334242261608],[37.6788796850429,49.7336050359648],[37.6788795862282,49.7336052246661],[37.678879551194,49.7336052914373],[37.6788795152613,49.7336053593697],[37.6788794433961,49.733605492912105],[37.6788793032589,49.7336057646419],[37.678879166715,49.7336060241787],[37.6787856655687,49.7337875010151],[37.6786921644223,49.733968975431],[37.678692049438,49.733969201870806],[37.678692015302,49.7339692698027],[37.6786919802677,49.7339693394765],[37.6786919101991,49.7339694741792],[37.6786917736552,49.73396974881],[37.678691650586,49.7339699932489],[37.678601267492,49.7341521515248],[37.678510884398,49.7343343102782],[37.6785107730069,49.7343345396193],[37.6785107442608,49.7343345994222],[37.67851071461641,49.7343346586444],[37.6785106553276,49.7343347782502],[37.6785105394449,49.7343350186229],[37.67851045230831,49.734335197451],[37.6784231953515,49.7345180261199],[37.678335939293,49.7347008546807],[37.6783358261053,49.7347010962128],[37.6783357946643,49.7347011624019],[37.6783357632232,49.7347012280104],[37.6783357003412,49.734701359808],[37.678335577272,49.734701626306205],[37.6783354802539,49.7347018330019],[37.6782513835703,49.73488526295651],[37.678167286886705,49.7350686910565],[37.6781671736989,49.7350689436183],[37.6781671467495,49.7350690022591],[37.6781671198,49.7350690603192],[37.6781670667994,49.7350691752784],[37.6781670479348,49.7350692240489],[37.6781670281719,49.7350692687552],[37.6781669877477,49.7350693604903],[37.678166923069,49.7350695085438],[37.6781045099197,49.7352155441643],[37.678042095872,49.7353615787648],[37.6780420078371,49.7353617912637],[37.6780419907691,49.735361831325],[37.6780419728028,49.735361873128],[37.6780419386668,49.7353619538312],[37.6780418712932,49.7353621175599],[37.6780418084111,49.7353622702572],[37.6779825663148,49.7355088664335],[37.6779233242184,49.735655461005805],[37.6779232370818,49.7356556822123],[37.6779232218105,49.7356557193704],[37.6779232056408,49.7356557582702],[37.6779231750981,49.7356558349087],[37.677923114911,49.7356559916693],[37.6779230538255,49.7356561472687],[37.6778669944602,49.7358032755415],[37.6778109341966,49.7359504045295],[37.6778108560432,49.7359506170259],[37.6778108281954,49.735950690761],[37.6778108003476,49.7359507627543],[37.6778107464487,49.73595091138561],[37.6778106826683,49.7359510849823],[37.6777578168138,49.7360987209573],[37.677704950061,49.7362463547414],[37.6777048835857,49.7362465463353],[37.6777048602295,49.7362466131029],[37.6777048368734,49.7362466787093],[37.6777047910593,49.7362468116639],[37.6777047425502,49.736246952166],[37.6776550881729,49.73639504183961],[37.6776054337956,49.7365431316419],[37.6776053700152,49.73654332613751],[37.6776053538455,49.7365433760678],[37.6776053376758,49.7365434248368],[37.6776053044382,49.7365435235361],[37.6776052415561,49.7365437220959],[37.677605190352104,49.7365438800147],[37.6775587627233,49.736692380415],[37.6775123350945,49.73684087978031],[37.677512274009,49.73684108124171],[37.677512261432604,49.7368411213018],[37.6775122488562,49.7368411602007],[37.6775122246017,49.7368412391596],[37.677512176991,49.736841400561],[37.6775121347702,49.7368415433838],[37.6774689132286,49.7369905177866],[37.6774256925853,49.7371394911515],[37.6774256512628,49.737139638618],[37.6774256332965,49.7371397036426],[37.6774256144319,49.7371397675061],[37.6774255784993,49.7371398998776],[37.6774255362785,49.7371400537305],[37.6773855648416,49.7372893540807],[37.677345594303,49.737438653391],[37.677345543099,49.7374388519471],[37.6773455296243,49.7374389018764],[37.6773455161496,49.7374389518057],[37.6773454900984,49.7374390505031],[37.6773454397928,49.7374392519621],[37.6773454056568,49.7374393837523],[37.6773086699516,49.7375890698422],[37.6772719342463,49.7377387543091],[37.6772719055003,49.7377388779705],[37.6772718875339,49.7377389546057],[37.6772718695676,49.7377390283381],[37.6772718345334,49.7377391821891],[37.6772718030923,49.7377393168812],[37.6772383183901,49.7378893231],[37.6772048336879,49.7380393282745],[37.6772048184165,49.7380393991036],[37.6772048031451,49.7380394699327],[37.677204794162,49.7380395128946],[37.6772047842805,49.7380395558565],[37.6772047654159,49.7380396417803],[37.6772047294833,49.7380398171112],[37.677204698940606,49.7380399639945],[37.6771744769195,49.7381902363435],[37.6771442548984,49.7383405076465],[37.677144221660704,49.7383406823959],[37.6771442072877,49.7383407590301],[37.6771441920163,49.7383408327616],[37.6771441641685,49.7383409837078],[37.6771441372191,49.7383411253651],[37.6771171670993,49.7384917306039],[37.6770901960812,49.7386423342141],[37.6770901781149,49.7386424387147],[37.6770901700301,49.7386424898039],[37.6770901601486,49.738642539732],[37.6770901439789,49.7386426442326],[37.6770901215211,49.738642781825],[37.6770664230655,49.7387936015143],[37.6770427255083,49.7389444201542],[37.6770426985589,49.738944601868],[37.677042690474,49.7389446546986],[37.6770426814909,49.738944706368],[37.6770426671179,49.7389448143513],[37.6770426473549,49.7389449490401],[37.677022221462,49.7390959918838],[37.677001795569,49.7392470365795],[37.6770017793994,49.739247165462],[37.6770017731112,49.7392472182922],[37.677001765026304,49.7392472711225],[37.6770017533482,49.7392473796856],[37.677001732687,49.73924755036781],[37.6769845901364,49.7393987286988],[37.6769674484842,49.7395499077199],[37.6769674305178,49.7395500772399],[37.676967425128,49.7395501271671],[37.67696741883981,49.7395501759331],[37.6769674098566,49.7395502757874],[37.6769673963819,49.7395504133773],[37.6769535335804,49.7397017631869],[37.6769396707789,49.7398531113633],[37.6769396608975,49.7398532321166],[37.6769396555076,49.7398532959765],[37.6769396501177,49.73985335983641],[37.6769396402362,49.7398534887173],[37.6769396303547,49.73985361353431],[37.6769290535906,49.7400050825705],[37.6769184759281,49.740156552295],[37.6769184705382,49.7401566440205],[37.676918466945,49.7401567038161],[37.6769184624534,49.7401567636119],[37.6769184588602,49.7401568355989],[37.6769184552669,49.7401569052638],[37.676918448978704,49.7401570190498],[37.676911980210306,49.7402874170515],[37.676905511442,49.7404178135416],[37.6769055060521,49.7404179441626],[37.6769055042554,49.7404179859614],[37.6769055024588,49.7404180277601],[37.6769054988655,49.7404181084548],[37.6769054925773,49.7404182733275],[37.6769054889841,49.74041837318],[37.6769014564467,49.7405488413047],[37.6768974248077,49.7406793084981],[37.6768974212145,49.7406794501485],[37.6768974203162,49.740679493108104],[37.6768974185196,49.7406795331649],[37.6768974176212,49.7406796196646],[37.6768974149263,49.7406797642177],[37.6768958204167,49.7408102426697],[37.676894225907,49.7409407213513],[37.6768942250087,49.7409408769337],[37.6768942241104,49.7409409407922],[37.6768942232121,49.740941002909]]]},"properties":{"OBJECTID":1938,"GlobalID":"1fbba27c-c3ee-4a78-81fc-339a80e683c9","Shape__Are":799443.85546875,"Shape__Len":4131.696702380442,"CreationDa":"2026-07-21","Creator":"NMesplay_understandingwar","EditDate":"2026-08-20","Editor":"mewert_understandingwar","Area_KM":0.334280253322985}},{"type":"Feature","geometry":{"bbox":[37.5957365621806,49.8543062418711,37.6520806700749,49.8690002043232],"type":"Polygon","coordinates":[[[37.64820231421,49.8543062418711],[37.6476676369529,49.8544032400838],[37.6475441554322,49.8544228763529],[37.6474206451655,49.8544425143515],[37.6472965420107,49.85446046637221],[37.64717242358451,49.8544784201238],[37.6470477526944,49.8544946826876],[37.6469230818044,49.8545109440875],[37.6467979006712,49.8545255073517],[37.6466727321145,49.8545400677157],[37.6465471099085,49.8545529264711],[37.6464214859059,49.8545657834855],[37.6463094417355,49.8545757805517],[37.6461973813953,49.8545857770368],[37.646085060543804,49.8545944171025],[37.6459727343024,49.854603057166706],[37.6458601762956,49.8546103379167],[37.6457476236787,49.8546176180865],[37.6456348770257,49.8546235354679],[37.6455221294744,49.8546294534278],[37.6453809044303,49.8546349341136],[37.6452396587249,49.8546404165363],[37.6450982630008,49.8546437595049],[37.6449568663785,49.8546471024733],[37.644815378128,49.8546483077257],[37.6446739087421,49.8546495100822],[37.6443909412242,49.8546476382054],[37.6442495455002,49.8546445622343],[37.6441081201317,49.8546414839464],[37.6439668654432,49.8546362719962],[37.6438255999749,49.8546310554121],[37.6436845644753,49.8546237069023],[37.6435435379588,49.854616357233],[37.643402798005006,49.8546068750576],[37.6432620876955,49.8545973957761],[37.6431217465936,49.8545857897785],[37.6429814054917,49.8545741814615],[37.6429813354231,49.8545741768281],[37.6429812653545,49.85457417277391],[37.642981124319,49.8545741617697],[37.6429808826722,49.8545741438154],[37.6428278429854,49.8545635924823],[37.6426748032987,49.8545530417261],[37.642674555363705,49.854553027826],[37.6426744790069,49.8545530220343],[37.6426744017518,49.8545530168217],[37.6426742490382,49.8545530069758],[37.6426739418143,49.8545529901799],[37.6426736777096,49.8545529733839],[37.6425203550536,49.8545446744426],[37.6423670323975,49.8545363766581],[37.6423667206821,49.8545363627579],[37.6423666470203,49.8545363587038],[37.6423665724601,49.8545363546496],[37.6423664242381,49.854536345962],[37.6423661268957,49.8545363349577],[37.6423658205702,49.8545363198993],[37.6422122688437,49.8545302768271],[37.6420587180156,49.8545242337541],[37.6420584107918,49.8545242227498],[37.6420583308417,49.8545242198539],[37.6420582508917,49.8545242169581],[37.6420580900932,49.854524210008],[37.6420577684964,49.854524203058],[37.6420575007984,49.854524193212],[37.6419037631207,49.8545204065899],[37.6417500254429,49.85451661823],[37.641749706541,49.8545166124382],[37.6417496319808,49.8545166112799],[37.6417495574207,49.8545166095424],[37.6417494083003,49.8545166054882],[37.6417491091614,49.8545166025923],[37.6417488028358,49.8545165973798],[37.6415949645468,49.85451506778811],[37.6414411262578,49.8545135381964],[37.6414408235255,49.8545135381964],[37.6414407516603,49.8545135364589],[37.6414406797951,49.8545135364589],[37.6414405369629,49.8545135353005],[37.6414402504003,49.8545135353005],[37.6414399791092,49.8545135353005],[37.6411322198861,49.85451499539171],[37.6411319054757,49.8545149982875],[37.6411318390004,49.8545149994459],[37.6411317716267,49.8545149994459],[37.6411316377778,49.8545149994459],[37.6411313700798,49.8545150052376],[37.6411310682459,49.85451500929181],[37.6409772640928,49.854517997237004],[37.6408234608381,49.8545209869196],[37.6408231661907,49.8545209938696],[37.640823092528805,49.854520995028],[37.640823018867,49.8545209979239],[37.6408228706449,49.8545210008197],[37.6408225750992,49.8545210106656],[37.6408223056046,49.8545210176157],[37.64066862452071,49.8545262643286],[37.6405149425386,49.8545315127784],[37.6405146613659,49.8545315237827],[37.640514594890604,49.8545315266786],[37.6405145275169,49.8545315278369],[37.6405143945662,49.8545315318911],[37.6405141286649,49.8545315457912],[37.6405138591703,49.8545315573746],[37.6403604197333,49.8545390587996],[37.640206980296306,49.8545465590651],[37.6402066685808,49.854546577019505],[37.6402065940207,49.8545465810736],[37.6402065203588,49.8545465851278],[37.640206371238506,49.8545465920779],[37.6402060747945,49.8545466117697],[37.6402057379262,49.854546629724],[37.6400526443405,49.8545563806466],[37.6398995507549,49.8545661298297],[37.6398992264631,49.8545661535757],[37.6398991599877,49.8545661576298],[37.6398990935124,49.8545661616841],[37.6398989605617,49.8545661703716],[37.6398986955587,49.8545661912218],[37.6398983847416,49.8545662132303],[37.6397456513804,49.8545782101727],[37.6395929171209,49.8545902071122],[37.6395926278633,49.8545902325957],[37.6395925506082,49.8545902395458],[37.6395924742514,49.8545902447583],[37.6395923197412,49.8545902575001],[37.6395920125174,49.8545902853002],[37.6395916738525,49.8545903142588],[37.63943944175121,49.8546045479512],[37.6392872087516,49.8546187816394],[37.6392868844598,49.8546188146521],[37.6392868161878,49.8546188204438],[37.6392867479158,49.8546188273938],[37.6392866104736,49.8546188401356],[37.6392863373858,49.8546188690941],[37.6392860436366,49.8546188997901],[37.6391343352532,49.8546353655952],[37.6389826268696,49.8546518331322],[37.6389822900014,49.8546518719366],[37.6389822145429,49.854651880045],[37.6389821399828,49.8546518887325],[37.638981989065805,49.8546519037909],[37.6389816899268,49.854651941437],[37.6389813746182,49.8546519779247],[37.6388303031402,49.8546706665713],[37.6386792325605,49.8546893534732],[37.638678928930005,49.8546893940151],[37.6386788507765,49.8546894038609],[37.6386787726231,49.8546894131276],[37.6386786154179,49.8546894328194],[37.6386783028042,49.8546894756779],[37.6386779982753,49.8546895162198],[37.6385276131103,49.854710419015305],[37.6383772279452,49.8547313235393],[37.6383769288062,49.8547313663977],[37.6383768587376,49.8547313762436],[37.6383767877707,49.8547313860895],[37.6383766458369,49.8547314069395],[37.6383763637659,49.8547314503772],[37.6383760745083,49.8547314920774],[37.6382264681826,49.8547545980119],[37.6380768627552,49.8547777039354],[37.6380765420566,49.8547777554814],[37.6380764665982,49.8547777664856],[37.6380763902414,49.8547777792273],[37.6380762375277,49.8547778029732],[37.63807593479551,49.8547778545192],[37.6380756212835,49.854777904327605],[37.6379268854252,49.8548031983366],[37.637778149567,49.8548284923323],[37.6377778162921,49.8548285519866],[37.6377777489184,49.8548285629908],[37.6377776815448,49.8548285745741],[37.6377775458991,49.85482859658251],[37.6377772773029,49.8548286481284],[37.6377769880454,49.8548286996744],[37.6376291648755,49.85485617306341],[37.6374813417056,49.8548836481744],[37.6374810281936,49.8548837078286],[37.6374809527351,49.8548837228869],[37.6374808772766,49.8548837367869],[37.6374807254613,49.85488376458701],[37.6374806482062,49.8548837802244],[37.6374805709511,49.8548837970203],[37.6374804155425,49.8548838277162],[37.6374800966406,49.8548838902662],[37.6373376966001,49.8549126024614],[37.6371952965596,49.8549413157978],[37.6371949812509,49.8549413812436],[37.6371949129789,49.8549413951436],[37.637194844706904,49.8549414090436],[37.6371947081631,49.8549414356852],[37.6371944368718,49.8549414953393],[37.6371941143766,49.8549415619435],[37.6370527438054,49.8549722936561],[37.6369113723359,49.8550030253491],[37.6369110794851,49.8550030925323],[37.6369109941452,49.8550031104864],[37.6369109088052,49.855003130178],[37.6369107363287,49.8550031660863],[37.6369103958672,49.855003245432],[37.6369101021181,49.855003312036],[37.6367698247966,49.8550360493583],[37.6366295474751,49.8550687855001],[37.6366292348614,49.8550688602124],[37.6366291638944,49.8550688770082],[37.6366290929275,49.855068893804],[37.6366289491971,49.8550689273955],[37.6366286653295,49.8550689980536],[37.6366283850551,49.8550690663951],[37.6364892539839,49.8551037954191],[37.636350123811,49.8551385244182],[37.6363498192821,49.8551386020261],[37.6363497366371,49.8551386228761],[37.6363496530938,49.8551386437259],[37.6363494860072,49.8551386860049],[37.636349153630505,49.8551387734586],[37.6363488742545,49.8551388458541],[37.6362109909432,49.8551755428256],[37.6360731076319,49.8552122380318],[37.6360727914249,49.8552123243271],[37.6360727141698,49.855212345177],[37.6360726360164,49.8552123677643],[37.6360724806078,49.8552124083057],[37.6360721706891,49.8552124957594],[37.6360718715501,49.8552125780005],[37.6359352602532,49.8552512342231],[37.6357986489564,49.8552898909939],[37.6357983641904,49.8552899732349],[37.6357982905286,49.8552899952431],[37.6357982159684,49.8552900160929],[37.6357980677464,49.8552900583718],[37.6355157703717,49.8553869636815],[37.6352334631156,49.855483869376],[37.6349498398276,49.8555791567069],[37.6346662129463,49.8556744426916],[37.6343812862028,49.8557681027965],[37.6340963612559,49.8558617609823],[37.6338101580064,49.8559537863511],[37.6335239538586,49.8560458109654],[37.6334264866503,49.85607648058551],[37.6334266079228,49.8560765738291],[37.63342676333141,49.8560766937137],[37.6331369210066,49.8561675904858],[37.6329868691165,49.8562148052185],[37.6329585730834,49.85622352202],[37.6329375039967,49.8562301301318],[37.6329136941501,49.8562375971232],[37.6325788076021,49.8563405126845],[37.6324476311127,49.8563809239847],[37.6324308191422,49.8563859932761],[37.6323986648449,49.8563958735569],[37.6322415809427,49.8564431685681],[37.6319765779339,49.8565229542894],[37.6319763910843,49.8565230098875],[37.6319062739831,49.856544151656905],[37.631901153586,49.8565456632308],[37.6318873680397,49.8565498133985],[37.6318817086534,49.8565515172491],[37.631362857016605,49.8567045166423],[37.6311012433514,49.8567589116637],[37.630837745919,49.856809390453],[37.63083050998941,49.8568106610947],[37.6305725048566,49.8568559246443],[37.6303056728779,49.8568985003495],[37.6301322800617,49.856923441709],[37.6300474701158,49.8569356413452],[37.6300373847301,49.8569370915178],[37.6297677832453,49.8569716715181],[37.629497014849,49.857002223564],[37.6292852891231,49.8570228769075],[37.6292599728017,49.8570253457871],[37.62922522416991,49.857028734922],[37.6289525558368,49.8570511893828],[37.6286791535801,49.8570695724735],[37.6284099976597,49.8570836328517],[37.6284051728083,49.8570838847779],[37.6281307473705,49.8570941118211],[37.6279309189321,49.8570989609643],[37.6277309943741,49.8571016475968],[37.624411467871,49.8572160491212],[37.621092200981,49.8573335215417],[37.6177731999923,49.8574540642569],[37.614293394279606,49.8575837448375],[37.61406011168181,49.8576037539351],[37.6138278639432,49.8576282686878],[37.6135968648628,49.8576572705566],[37.6133673228498,49.8576907375264],[37.6131394418218,49.857728630786],[37.6129134292896,49.8577709207892],[37.612689492764,49.8578175739348],[37.6124678262811,49.8578685351926],[37.6122486373518,49.8579237709596],[37.6120321236054,49.8579832279411],[37.6118184745864,49.858046849946],[37.6116078861276,49.858114579045],[37.6114005531634,49.858186361362],[37.6111966553568,49.8582621221716],[37.6109963822525,49.8583417989095],[37.6107999108184,49.8584253180076],[37.6106074243109,49.8585126105303],[37.6104190862234,49.8586035803226],[37.6102350753205,49.8586981625024],[37.6100555541975,49.8587962661265],[37.6098806863477,49.8588978025683],[37.6097106298745,49.8590026768309],[37.6095455347967,49.8591107997085],[37.6093855583193,49.8592220715717],[37.6092308324948,49.8593363846835],[37.6090815073417,49.8594536481017],[37.6088432543654,49.8595967436246],[37.6086090276382,49.8597425732755],[37.6083788981271,49.8598910924381],[37.6081529394938,49.8600422472311],[37.607931220908604,49.860195984352],[37.6077138241183,49.8603522678721],[37.6074869743562,49.8605215522495],[37.6072651883974,49.8606935989074],[37.6070485524801,49.8608683522231],[37.6068371429611,49.8610457438342],[37.6066310379939,49.8612257111699],[37.6064303175285,49.8614081916597],[37.6062657910842,49.8615634700174],[37.6061051633283,49.8617204341716],[37.6059484728882,49.8618790458867],[37.6057957547983,49.8620392570824],[37.605542420905,49.8623241051428],[37.6052870945485,49.8626082091504],[37.6048725858252,49.8630632477346],[37.6044529585015,49.86351631784941],[37.604028245815,49.8639674154966],[37.6038037622154,49.86416271056],[37.6035743522547,49.8643556087107],[37.603322267918,49.8645602758835],[37.6030646418743,49.8647620585272],[37.602803760336,49.864959202168],[37.6028015459889,49.8649608785068],[37.6025397760168,49.8651518000887],[37.602539249604,49.8651521845738],[37.6025360794494,49.8651544966962],[37.6025360417201,49.8651545233322],[37.602534653823,49.865155536659],[37.6025330682965,49.8651566918515],[37.6024692169444,49.865201644743],[37.6022944119767,49.8653247086645],[37.6022631272486,49.8653467336744],[37.6022627266,49.8653470133515],[37.602260638017,49.865348483538],[37.602259293239,49.865349431429],[37.6020540174168,49.8654889304449],[37.6020538790762,49.8654890236703],[37.60198499626021,49.8655358627627],[37.6019838032975,49.8655366450448],[37.6019802953763,49.8655390283705],[37.6019150866699,49.865581812406106],[37.6017875241029,49.8656655048603],[37.6017017574511,49.86572181161801],[37.6017001458735,49.8657228336184],[37.601696172625,49.865725441022306],[37.6015081543377,49.8658445331623],[37.6015071113937,49.8658451944209],[37.6014135024495,49.86590453163801],[37.6014114282395,49.8659058014615],[37.6014074909236,49.8659082947856],[37.60140700763,49.865908600516],[37.6013867658917,49.8659209791215],[37.6012175214955,49.8660244750947],[37.6011203201885,49.866083963219],[37.6011179710941,49.8660853505814],[37.6011128920195,49.8660884565129],[37.6010905976307,49.8661016173453],[37.6009286080288,49.8661972398422],[37.6008223013981,49.86626005254781],[37.6008192641941,49.8662617855865],[37.6008154149131,49.8662640577026],[37.6008139111333,49.8662649441984],[37.6006235302768,49.8663734283511],[37.6006232607823,49.8663735817939],[37.600519536808,49.8664327446533],[37.600516519366906,49.8664344064652],[37.6005127787821,49.866436537869305],[37.6005101682779,49.8664380248145],[37.6003219703275,49.8665415104154],[37.6003214340333,49.8665418068774],[37.600212119843,49.8666019874593],[37.6002082786469,49.8666040279489],[37.600202116204,49.8666074164119],[37.6002017398099,49.8666076242824],[37.6000140008987,49.8667072416313],[37.6000138760329,49.8667073070611],[37.5999001457246,49.8667677283111],[37.599896061085,49.8667698220639],[37.5998887407138,49.8667737061603],[37.5996985781479,49.8668710406568],[37.5995837096742,49.86692991571161],[37.5995791471309,49.8669321710046],[37.5995712536345,49.8669362125821],[37.5993759095861,49.8670326411617],[37.5992629096082,49.86708850105891],[37.5992582204024,49.8670907354998],[37.5992493863699,49.8670950972624],[37.5990513240194,49.86718934899051],[37.598937843442805,49.8672434357508],[37.5989326377058,49.8672458270986],[37.5989232305481,49.8672503040719],[37.5987229511555,49.8673421479419],[37.5986086117895,49.867394671185],[37.598603097032,49.8673971117418],[37.5985928921704,49.8674017907781],[37.5984844637189,49.8674502938459],[37.5983364896321,49.8675150915247],[37.5982753161579,49.8675421616542],[37.5982513661741,49.8675523656392],[37.5982125769201,49.8675693510456],[37.5979380805154,49.8676858944542],[37.5977582530668,49.8677566539111],[37.5966443636741,49.868194948324],[37.5960529057045,49.8684546220434],[37.5958730665779,49.868510464084],[37.5958275696037,49.8685251331396],[37.595782062748,49.8685456576509],[37.5957547629466,49.8685808500341],[37.5957365621806,49.8686101817291],[37.595754758455,49.8686482916565],[37.5960459482526,49.868935685977],[37.5960459769987,49.868935716664],[37.5961051059074,49.8689826074191],[37.5961506082714,49.8689943390752],[37.5962188613684,49.8690002043232],[37.596291663534,49.8690002043232],[37.5967830842152,49.8689826074191],[37.597834176878,49.8688828934379],[37.5987098267692,49.8687753419009],[37.5988407077129,49.8687592665286],[37.5989272729669,49.8687435964516],[37.5990119598437,49.8687241229115],[37.5990943658979,49.8687009379647],[37.5991741003626,49.8686741498795],[37.5993519973315,49.8686069931624],[37.5993692404934,49.868600074661],[37.5993979704128,49.868588543244],[37.5995316325406,49.8685342767618],[37.59954078817,49.8685304067031],[37.5995538353011,49.8685248922742],[37.5997141279855,49.8684550574547],[37.5997606517341,49.8684334501663],[37.5997882551661,49.868420628108],[37.5997883171499,49.8684205991578],[37.5998893434833,49.8683734525157],[37.5999406103366,49.8683479583264],[37.5999614737091,49.8683375825447],[37.6000606602929,49.8682880734758],[37.6001064303549,49.8682637274115],[37.6001256920312,49.8682534824673],[37.6002276238665,49.8681991235465],[37.600279144943,49.8681698356065],[37.6002792922667,49.8681697522294],[37.6003899269805,49.8681067642515],[37.6005463048068,49.868011771444],[37.6009398109187,49.8677994788293],[37.6010654250398,49.8677303788866],[37.6013261287117,49.8675863127065],[37.6014031062467,49.8675430817094],[37.601482130144,49.8674987019064],[37.601482175958,49.8674986770087],[37.6017118293621,49.8673686958947],[37.6018733024327,49.8672761155637],[37.6020981660197,49.8671457742794],[37.6020982064439,49.867145751697606],[37.6022545348629,49.8670542525508],[37.602254580677,49.8670542247578],[37.6025402682935,49.8668846390174],[37.6026104554633,49.866842228448],[37.6027433800742,49.866761907956],[37.6029472455414,49.866637984368],[37.603133492351,49.8665226445453],[37.6033479211076,49.8663891733128],[37.6033479525486,49.8663891536258],[37.6035112384195,49.8662855246779],[37.60351935829141,49.8662803730448],[37.6037431376118,49.8661377408558],[37.6037800853194,49.8661137104384],[37.6039001155127,49.8660356452279],[37.6041327486286,49.8658838160809],[37.6042763775644,49.8657880841047],[37.6045166122242,49.8656275332857],[37.6046483941781,49.865537517657],[37.6048950661652,49.8653687088767],[37.6050107880384,49.8652877003485],[37.605010882361604,49.8652876349167],[37.6052684572013,49.8651071291455],[37.6052690339197,49.8651067174448],[37.6053235616574,49.8650675919736],[37.6053273381749,49.8650648803061],[37.6056328605929,49.8648456180626],[37.6056761908307,49.86482129863651],[37.6058845335012,49.8647041466843],[37.6058870254278,49.8647027934461],[37.6058969176757,49.8646974204473],[37.605912862772,49.8646884723966],[37.6060040112307,49.8646392676421],[37.6060040498582,49.8646392467963],[37.6061201427356,49.8645762067324],[37.6061399353163,49.8645654583898],[37.6061677462592,49.8645508784636],[37.6061974930715,49.864534819636106],[37.6062872311751,49.8644882349349],[37.60639901213921,49.8644296319541],[37.6064430718089,49.8644073366874],[37.6064866463884,49.86438471598261],[37.6065681514324,49.8643440438534],[37.606661690308,49.8642967102513],[37.606722423607806,49.8642670568779],[37.6067802149249,49.8642382170585],[37.6068516256001,49.864203974057304],[37.6069278925677,49.8641667373137],[37.6070060145564,49.8641299406242],[37.6070780926799,49.864095377907],[37.6071369341277,49.864068276314],[37.6071975299851,49.8640397357484],[37.6072955604371,49.8639952183853],[37.6072956062512,49.8639951975392],[37.6073798745131,49.8639563867544],[37.6073801691605,49.8639562500967],[37.6073803182808,49.8639561864003],[37.6073803919427,49.8639561528149],[37.6073804665028,49.8639561192295],[37.6074255978627,49.8639361631407],[37.6074705226101,49.8639157605894],[37.6074705738141,49.8639159898966],[37.6074706331029,49.8639162516312],[37.6075331944742,49.8638885923038],[37.6076860221585,49.863821020696],[37.6076863320773,49.8638208840379],[37.6076864883842,49.8638208186041],[37.6076865665376,49.8638207855977],[37.607686644691,49.8638207520122],[37.6078413759055,49.8637551184256],[37.6079961942565,49.8636894471109],[37.6079964682426,49.8636893301405],[37.6079966065832,49.8636892757087],[37.6079966748551,49.8636892479138],[37.6079967440254,49.8636892189607],[37.6081534129059,49.8636255059449],[37.60831015455,49.8635617644709],[37.6083104644687,49.8635616376561],[37.6083106207756,49.8635615780126],[37.608310698929,49.8635615473223],[37.6083107761841,49.8635615166319],[37.6084693054756,49.8634997572087],[37.6086278931575,49.8634379739649],[37.6086282048729,49.8634378529404],[37.6086283620781,49.8634377944549],[37.6086284402315,49.8634377666598],[37.608628518385,49.8634377359694],[37.6087888649682,49.8633779463678],[37.608949255569,49.8633181404783],[37.6089495726742,49.8633180217698],[37.6089497325743,49.8633179661795],[37.6089498116261,49.8633179372261],[37.6089498924745,49.8633179076938],[37.6091119790944,49.8632601174608],[37.6092740962572,49.8632023144193],[37.6092744492951,49.8632021887617],[37.6092746271615,49.8632021291178],[37.6092747160947,49.86320209842721],[37.60927480502791,49.8632020677366],[37.6094385939554,49.8631462890472],[37.6096023990524,49.8630905027656],[37.6096027152594,49.8630903956379],[37.6096028742612,49.8630903441008],[37.609602953313,49.8630903192008],[37.6096030341614,49.8630902925636],[37.6097684894637,49.8630365381715],[37.6099339465626,49.8629827831404],[37.6099342492948,49.8629826841195],[37.6099344011101,49.8629826383729],[37.6099344774669,49.8629826146311],[37.6099345538237,49.8629825908892],[37.61010155333,49.8629309007637],[37.6102685384632,49.8628792157946],[37.610268928332,49.8628790947687],[37.6102691250631,49.8628790374406],[37.6102692220811,49.8628790084871],[37.6102693208958,49.8628789789545],[37.6104378223852,49.8628293670067],[37.6106062942302,49.8627797648523],[37.6106066310985,49.86277966583091],[37.6106067999817,49.862779618926],[37.6106068844234,49.86277959518411],[37.6106069697633,49.8627795714421],[37.6107769382016,49.8627320475293],[37.6109468608258,49.8626845357303],[37.61094723183,49.8626844314971],[37.6109474177813,49.8626843828549],[37.6109475112061,49.8626843591129],[37.6109476046309,49.8626843330546],[37.6111189564747,49.8626389203521],[37.611290247233,49.8625935249791],[37.6112906056609,49.86259343059],[37.6112907862222,49.8625933860013],[37.6112908760537,49.8625933622592],[37.6112909667836,49.8625933396753],[37.6114636454391,49.8625500532511],[37.6116362468395,49.862506787634906],[37.6116366259285,49.8625066932456],[37.6116368163713,49.8625066486568],[37.6116369106945,49.8625066260728],[37.6116370068142,49.8625066023307],[37.6118109754504,49.862465454357],[37.6119848479669,49.862424326616],[37.6119851632756,49.8624242530732],[37.6119853222774,49.8624242177495],[37.6119854013292,49.8624241997982],[37.6119854803809,49.8624241818468],[37.6121606877939,49.862385182758],[37.6123357820192,49.8623462085381],[37.6123360928363,49.8623461390488],[37.6123362491431,49.8623461083577],[37.6123363272966,49.8623460915644],[37.61233640545,49.8623460747712],[37.6125127079093,49.8623092570062],[37.612688880113,49.8622724670089],[37.6126892825582,49.8622723836216],[37.6126894855775,49.8622723448234],[37.6126895861888,49.8622723251347],[37.6126896876984,49.8622723042879],[37.6128670375934,49.8622376788593],[37.613044241063,49.8622030812017],[37.6130446039823,49.862203010554005],[37.6130447872386,49.8622029769674],[37.6130448779685,49.8622029601741],[37.6130449695967,49.8622029433808],[37.6132233247064,49.8621705160889],[37.6134015163228,49.8621381194665],[37.6134019250563,49.8621380453443],[37.6134021307705,49.8621380105995],[37.6134022331784,49.8621379938062],[37.6134023355864,49.8621379758547],[37.6135816375204,49.862107760606406],[37.613760757994804,49.8620775742933],[37.6137611155243,49.8620775140689],[37.6137612960857,49.862077486273],[37.6137613850189,49.8620774723751],[37.6137614748504,49.8620774584772],[37.6139416670149,49.8620494616508],[37.6141216588552,49.8620214972368],[37.6141220415375,49.8620214370124],[37.6141222337769,49.8620214109537],[37.6141223298967,49.8620213970557],[37.6141224260164,49.8620213831578],[37.6143034257664,49.8619956203965],[37.6144842081241,49.86196988831271],[37.6144843895837,49.8619698634122],[37.6144844803136,49.8619698506723],[37.6144845701451,49.8619698367744],[37.6144847767576,49.8619698020294],[37.6144848800639,49.8619697852361],[37.61448498247181,49.8619697684427],[37.6146876828241,49.8619359297704],[37.6148903831764,49.8619020928116],[37.6148907874183,49.8619020244798],[37.6148909904375,49.8619019937884],[37.6148910919472,49.8619019787323],[37.6148911934568,49.8619019619388],[37.615094728344,49.8618703266308],[37.6152983530627,49.86183867740421],[37.6152987141854,49.8618386200748],[37.6152988956451,49.8618385951743],[37.615298986375,49.8618385830135],[37.6152990771048,49.8618385691155],[37.6155034339505,49.8618091383388],[37.6157078680513,49.8617796959625],[37.6157082354622,49.8617796426867],[37.6157084205151,49.8617796189443],[37.6157085121433,49.8617796067835],[37.6157086046698,49.8617795940437],[37.6159136864559,49.8617523828626],[37.6161188311241,49.8617251612427],[37.6161192353659,49.861725108546],[37.6161194383852,49.8617250836453],[37.6161195398948,49.8617250709055],[37.6161196405062,49.861725058165604],[37.6163253942321,49.8617000729578],[37.6165311946704,49.8616750802089],[37.6165315989123,49.8616750315657],[37.6165318019316,49.8616750089814],[37.6165319025429,49.8616749979788],[37.6165320040525,49.8616749869761],[37.6167383803109,49.8616522312231],[37.616944789807,49.8616294725639],[37.6169452093202,49.861629426237],[37.616945419526,49.8616294053899],[37.6169455246289,49.8616293961246],[37.6169456297318,49.8616293845428],[37.6171525943867,49.8616088646209],[37.6173595779063,49.861588342953],[37.6173599498088,49.8615883064706],[37.6173601366584,49.8615882914143],[37.6173602291849,49.861588282728],[37.6173603226097,49.8615882746208],[37.6175678208639,49.8615699969058],[37.61777532450801,49.8615517174466],[37.6177757026987,49.8615516844386],[37.6177758922432,49.8615516705405],[37.6177759874647,49.8615516635915],[37.6177760817878,49.8615516549052],[37.6179840211148,49.8615356269304],[37.618191949662,49.8615195995294],[37.6181923521073,49.8615195688377],[37.6181925542282,49.8615195566769],[37.6181926548395,49.8615195497279],[37.6181927554508,49.8615195427788],[37.618401068477,49.8615057691816],[37.6186093563504,49.8614919973177],[37.6186097794569,49.8614919695215],[37.6186099914593,49.8614919579397],[37.6186100974605,49.8614919527279],[37.6186102034617,49.8614919457789],[37.61881886054261,49.8614804300376],[37.6190274780977,49.861468916031],[37.61902786616991,49.8614688951838],[37.619028060206,49.8614688864974],[37.619028157224,49.8614688824438],[37.6190282551404,49.8614688766529],[37.61923719878391,49.8614596216665],[37.6194460876302,49.8614503678365],[37.6194464963636,49.8614503498848],[37.6194467011795,49.8614503429358],[37.6194468035875,49.8614503400403],[37.6194469050971,49.8614503359867],[37.6196560616413,49.8614433440742],[37.619865148117,49.8614363538979],[37.6198655496639,49.8614363411579],[37.6198657508865,49.8614363371043],[37.6198658505995,49.8614363342089],[37.6198659512108,49.8614363313134],[37.6200752505872,49.8614316059514],[37.6202844655219,49.861426881747],[37.6202849092897,49.8614268719025],[37.6202851311735,49.8614268701653],[37.6202852416663,49.861426869007],[37.6202853530574,49.8614268661116],[37.6204947593333,49.861424407880605],[37.6207040676928,49.8614219496494],[37.6207044566634,49.8614219455958],[37.6207046515978,49.8614219455958],[37.6207047486158,49.8614219455958],[37.6207048456339,49.8614219455958],[37.6211236842367,49.8614215628182],[37.6211240732073,49.8614215628182],[37.6211242681417,49.8614215657136],[37.6211243651598,49.8614215657136],[37.6211244621778,49.8614215668718],[37.6213338486908,49.8614236440627],[37.6215432837127,49.8614257206744],[37.6215436403439,49.8614257235699],[37.6215438182103,49.8614257276235],[37.6215439080418,49.8614257305189],[37.621543996975,49.8614257316771],[37.6217533044362,49.8614300759995],[37.621962646931706,49.8614344203215],[37.6219630394955,49.8614344272705],[37.62196323532821,49.8614344342196],[37.6219633341429,49.861434437115],[37.6219634320593,49.8614344411687],[37.6221725966884,49.861441050305],[37.6223817792837,49.8614476605987],[37.6223821538812,49.8614476716014],[37.6223823407308,49.8614476802877],[37.6223824341556,49.8614476843413],[37.6223825275804,49.8614476883949],[37.6225915197329,49.8614565635018],[37.6228005154787,49.861465438607006],[37.6228008631267,49.8614654525051],[37.6228010365016,49.8614654623496],[37.6228011236381,49.8614654681404],[37.6228012098764,49.8614654721941],[37.6230099603821,49.8614766092153],[37.6232187010064,49.861487746234],[37.6232190495527,49.8614877641857],[37.6232192238259,49.8614877769257],[37.6232193109625,49.8614877821375],[37.6232193980991,49.8614877879283],[37.623427807245,49.8615011828074],[37.6236361930347,49.8615145759454],[37.6236365963782,49.8615146025834],[37.6236367976009,49.861514617639706],[37.6236368982122,49.861514626326],[37.6236369997218,49.8615146332751],[37.6238450216938,49.8615302831128],[37.6240530050383,49.86154593005],[37.6240533841274,49.8615459578462],[37.6240535736719,49.8615459746397],[37.624053667995,49.8615459827469],[37.6240537623181,49.8615459896959],[37.6242613692685,49.86156389159271],[37.6244689205233,49.8615817894291],[37.6244691091695,49.8615818062226],[37.6244692034926,49.8615818131716],[37.6244692969174,49.8615818212788],[37.62446970385421,49.861581836914205],[37.6244699068735,49.8615818438632],[37.6244700083831,49.8615818467587],[37.6244701098927,49.8615818508123],[37.6249009787339,49.8615969759758],[37.6253318475751,49.8616121022928],[37.625332599465,49.8616121271935],[37.6253329749608,49.861612143987],[37.625333163607,49.861612150936104],[37.6253332570318,49.8616121549897],[37.6253333513549,49.8616121578851],[37.6257639327352,49.8616295478451],[37.6261946075403,49.8616469401152],[37.6261954887876,49.8616469748604],[37.6261959289621,49.8616469957075],[37.6261961490493,49.8616470055519],[37.6261962595421,49.8616470113428],[37.6261963691366,49.8616470153964],[37.6266267025818,49.8616666684108],[37.6270571222654,49.861686325470906],[37.62705790918961,49.8616863619532],[37.6270583017533,49.8616863828003],[37.6270584984844,49.8616863926447],[37.6270585972991,49.86168639669841],[37.6270586952154,49.8616864024892],[37.6274888283364,49.8617083214481],[37.6279190405091,49.8617302461878],[37.6279198013822,49.8617302838283],[37.6279201813696,49.8617303058335],[37.6279203718124,49.8617303174153],[37.6279204661355,49.8617303214688],[37.6279205613569,49.8617303266806],[37.6283503971355,49.8617545081033],[37.628780303881,49.8617786947256],[37.6287811087715,49.8617787393151],[37.6287815103185,49.861778765953],[37.6287817115411,49.8617787769556],[37.6287818121524,49.8617787839046],[37.6287819127637,49.8617787896955],[37.6292114161657,49.861805231259],[37.629640983348,49.8618316774406],[37.6296417738655,49.8618317260837],[37.6296421682259,49.8618317521424],[37.6296423658552,49.8618317648823],[37.6296424646699,49.8618317718313],[37.6296425634846,49.8618317787803],[37.6300717650526,49.8618604827935],[37.6305010241128,49.8618891891061],[37.6305017400701,49.8618892377491],[37.6305020975996,49.86188926438691],[37.6305022763643,49.8618892765476],[37.6305023661959,49.8618892823385],[37.6305024551291,49.8618892892875],[37.6309312497603,49.8619202482145],[37.6313600937988,49.861951209438],[37.631360948995,49.8619512719789],[37.6313613756947,49.8619513055657],[37.6313615894938,49.8619513223591],[37.6313616963933,49.8619513304662],[37.6313618032928,49.8619513374152],[37.6317901721225,49.8619845500893],[37.6322185840714,49.862017766794004],[37.6322193440462,49.8620178252813],[37.6322197231352,49.8620178571307],[37.6322199135781,49.862017872186804],[37.6322200079012,49.8620178808731],[37.6322201031226,49.8620178889802],[37.6326481108296,49.86205335944561],[37.6330761535709,49.8620888339386],[37.6330768677315,49.8620888918466],[37.6330772243627,49.8620889242751],[37.6330774022291,49.8620889393312],[37.6330774920607,49.8620889480174],[37.6330775809939,49.8620889561246],[37.6335051602045,49.8621266797388],[37.6339327672629,49.8621644067981],[37.6339334634573,49.8621644681806],[37.6339338111053,49.8621645011881],[37.6339339853784,49.8621645179814],[37.633934072515,49.8621645266676],[37.6339341596516,49.8621645336166],[37.63436122592421,49.8622045051576],[37.6347883137564,49.8622444772446],[37.6347890728328,49.8622445484713],[37.6347894528201,49.8622445872695],[37.634789643263,49.8622446052209],[37.6347897375861,49.8622446150653],[37.6347898328075,49.8622446249097],[37.6352163106836,49.8622868339428],[37.6356428020344,49.8623290452554],[37.6356436401625,49.8623291274845],[37.635644059675805,49.86232917207351],[37.6356442698816,49.8623291946575],[37.6356443740861,49.86232920566],[37.635644479189,49.8623292155043],[37.6360703794484,49.8623736654925],[37.6364962868943,49.8624181142816],[37.6364971088527,49.8624182005641],[37.6364975202811,49.8624182463111],[37.6364977259953,49.8624182688951],[37.6364978293016,49.8624182798976],[37.6364979317095,49.8624182909],[37.6369232696235,49.8624649806728],[37.6373486075375,49.8625116709795],[37.6373494205128,49.862511759578],[37.6373498274497,49.8625118070622],[37.6373500313672,49.86251183080431],[37.6373501328769,49.8625118418068],[37.6373502343865,49.8625118545464],[37.6377750351079,49.8625607881444],[37.6381998286429,49.8626097205346],[37.6382005194473,49.8626098004468],[37.6382008652987,49.8626098432983],[37.6382010377752,49.86260986414501],[37.6382011249118,49.8626098739893],[37.6382012111501,49.8626098849917],[37.6386253731694,49.8626610502407],[37.6390495217139,49.86271221543561],[37.6390503490623,49.8627123161943],[37.6390507631856,49.86271236889],[37.6390509706965,49.8627123937901],[37.6390510740027,49.8627124065297],[37.639051177309,49.8627124204275],[37.639474603608,49.8627658074692],[37.6398980083476,49.8628191915567],[37.6398988527639,49.8628192975268],[37.6398992758704,49.862819354275906],[37.6398994869745,49.86281938207131],[37.6398995920774,49.8628193948109],[37.6398996980786,49.8628194087086],[37.640322427285,49.862875021582],[37.6407451286436,49.8629306291796],[37.64074597306,49.8629307403612],[37.6407463961665,49.8629307988473],[37.640746606372204,49.8629308283799],[37.6407467114751,49.8629308422776],[37.6407468174764,49.8629308561753],[37.6411689097772,49.8629887018137],[37.6415909679421,49.8630465421713],[37.641591654255,49.8630466371387],[37.6415919983097,49.8630466869386],[37.6415921698879,49.8630467106804],[37.6415922552279,49.86304672342],[37.6415923414662,49.8630467344223],[37.642013755539,49.8631068087564],[37.6424351282893,49.8631668766461],[37.642435839755,49.8631669768249],[37.6424361972845,49.8631670312572],[37.642436374252604,49.8631670573153],[37.6424364631858,49.8631670700548],[37.642436552119,49.8631670839524],[37.6428571765727,49.8632293690146],[37.6432777525174,49.863291648785],[37.6432784729663,49.8632917547541],[37.643278834089,49.8632918115026],[37.643279013752,49.8632918398768],[37.6432791035836,49.8632918537744],[37.6432791943134,49.8632918659348],[37.6436990183682,49.8633563634453],[37.6441187876257,49.8634208539209],[37.6441194990915,49.863420962206],[37.6441198548243,49.863421019533405],[37.644120033589,49.8634210473285],[37.6441201225222,49.8634210612261],[37.6441202114555,49.8634210762818],[37.6445392503827,49.863487787381],[37.6449582273261,49.86355448970211],[37.6449588606384,49.86355458988],[37.644959178642004,49.8635546425747],[37.6449593367455,49.8635546692116],[37.6449594157973,49.863554681951],[37.644959494849,49.8635546941114],[37.6453776938514,49.8636236100951],[37.6457958227853,49.8636925149784],[37.6457965028099,49.863692627895404],[37.6457968441697,49.8636926863806],[37.645797013053,49.8636927153336],[37.645797098393,49.8636927292311],[37.6457971828346,49.8636927431286],[37.6462145032847,49.8637638587665],[37.6466317464796,49.8638349615605],[37.6466323690121,49.8638350675284],[37.6466326816258,49.8638351231182],[37.6466328361361,49.8638351497549],[37.6466329142895,49.8638351636523],[37.6466329915446,49.8638351775497],[37.6470494469171,49.8639084957179],[37.6474658187462,49.8639817981401],[37.6474664035495,49.8639818994753],[37.6474666972986,49.86398195390671],[37.6474668428256,49.8639819805434],[37.6474669155892,49.8639819944408],[37.647466989251,49.86398200718],[37.6478824960025,49.8640575116447],[37.6482979138208,49.8641330003569],[37.6482985516247,49.864133114431],[37.648298871425,49.8641331758109],[37.6482990304267,49.8641332047637],[37.6482991103768,49.8641332203983],[37.6482991894286,49.8641332354537],[37.6491124674929,49.8642856491572],[37.6491287575423,49.8642887001942],[37.6495745653667,49.8634235876851],[37.650230437932,49.8621507555706],[37.6520806700749,49.8585598855169],[37.6520689731116,49.8585523580764],[37.6519407314183,49.8584704995464],[37.6519255013809,49.858460023192],[37.6518565323267,49.8584156362025],[37.6516372320063,49.8582682209524],[37.6514229514717,49.85811777177901],[37.6513471165937,49.8580621447427],[37.6513302094017,49.8580505146747],[37.651315062907706,49.858038633841],[37.6512137976224,49.857964354674806],[37.6510364189813,49.8578287894005],[37.6508630432332,49.8576910925352],[37.6506937269718,49.8575513022835],[37.6505057697699,49.8573894928451],[37.6503232581554,49.8572251114881],[37.6501462729764,49.8570582363702],[37.6499748932848,49.8568889444916],[37.6498092107088,49.8567173128532],[37.6497695833266,49.8566742238654],[37.6497646219313,49.8566696416656],[37.649757170406,49.8566607274559],[37.6496492899269,49.856543423669],[37.6494952063978,49.8563673550997],[37.6493470355799,49.856189192836],[37.6492048457452,49.85600901446121],[37.6491401230272,49.8559224361465],[37.6491314830309,49.855912099395],[37.6491149899623,49.8558888173717],[37.6490687024706,49.8558268992972],[37.648938665045,49.8556429446205],[37.6489040484655,49.85559104219951],[37.648889310705,49.8555702376627],[37.6488697139571,49.855539563088],[37.6488147972488,49.8554572251219],[37.6486971565742,49.855269829972],[37.6486943646102,49.8552650924236],[37.6486927395579,49.855262548163],[37.6486281012816,49.8551540813383],[37.6486222487575,49.8551427077191],[37.6485857987166,49.8550808506593],[37.6484807685919,49.8548903589819],[37.6483821200989,49.8546984585933],[37.6482899026451,49.8545052404066],[37.6482041494681,49.8543107733277],[37.64820231421,49.8543062418711]]]},"properties":{"OBJECTID":1939,"GlobalID":"dc579e77-3de3-4314-96a3-d079ed87d2a7","Shape__Are":5319969.681640625,"Shape__Len":15085.502167278972,"CreationDa":"2026-07-21","Creator":"NMesplay_understandingwar","EditDate":"2026-08-20","Editor":"mewert_understandingwar","Area_KM":2.213392525632458}},{"type":"Feature","geometry":{"bbox":[37.1914798073274,48.4020973304768,37.225027845262,48.4070311792558],"type":"Polygon","coordinates":[[[37.196110824738,48.4054920733467],[37.19629669695001,48.4054208893028],[37.1964145613052,48.405375750841],[37.1964388185128,48.4053698147525],[37.1965158697097,48.4053509592882],[37.1968288993485,48.4052743506181],[37.1968823311416,48.4052651846682],[37.1972222554418,48.4052068636645],[37.1978669942875,48.4051398560905],[37.2001902433264,48.405089753317306],[37.2002997308916,48.4050861906901],[37.2004087333665,48.4050784762357],[37.2005168923233,48.4050666379809],[37.2006238538258,48.4050507128969],[37.2007292693278,48.4050307516701],[37.2008327920795,48.4050068222805],[37.2008331253544,48.405006811546],[37.2008332897461,48.4050068061788],[37.2008333732895,48.4050068026007],[37.2008334559345,48.4050068002153],[37.2011251110594,48.4049968881752],[37.2014167634895,48.404986977326],[37.2014174668703,48.4049869534717],[37.2014178181116,48.4049869445264],[37.2014179941814,48.4049869403519],[37.2014180822163,48.4049869373701],[37.2014181702512,48.404986935581],[37.2017100068359,48.4049793028124],[37.202001853302,48.4049716700427],[37.2020024533766,48.4049716545374],[37.2020027534139,48.40497164976651],[37.2020029025343,48.4049716467848],[37.2020029779928,48.404971645592],[37.2020030534512,48.404971643803],[37.2022950661057,48.4049662915006],[37.2025870787602,48.40496093919781],[37.2025876698516,48.4049609290597],[37.202587967194,48.4049609260779],[37.202588115416,48.4049609242889],[37.2025881890779,48.4049609236925],[37.2025882627397,48.4049609230961],[37.2028803535476,48.4049578530507],[37.2031724335757,48.4049547836015],[37.2031730372436,48.4049547770416],[37.2031733390775,48.4049547770416],[37.2031734899945,48.4049547764452],[37.203173565453,48.4049547764452],[37.2031736409115,48.40495477584881],[37.2037577758148,48.4049532014664],[37.2037584729075,48.4049531996774],[37.2037588205555,48.4049532014664],[37.203758995727,48.4049532032555],[37.2037590828636,48.404953204448205],[37.2037591700002,48.404953204448205],[37.2040511628917,48.4049546983224],[37.2043432707676,48.4049561945821],[37.2043438950967,48.4049561975639],[37.2043442068121,48.4049562029311],[37.2043443622206,48.4049562047201],[37.2043444412724,48.4049562053165],[37.2043445185275,48.4049562059128],[37.2046365257921,48.404959983834],[37.2049286381595,48.4049637623513],[37.2049292238611,48.4049637712966],[37.2049295176102,48.4049637772602],[37.2049296631373,48.4049637808383],[37.2049297376974,48.404963782031],[37.2049298113593,48.4049637826274],[37.20522174047041,48.4049698428055],[37.205513764803,48.4049759041756],[37.2055143783523,48.4049759184881],[37.2055146846778,48.4049759274335],[37.2055148382898,48.4049759322043],[37.2055149146466,48.4049759333971],[37.2055149910034,48.4049759357825],[37.2058067970453,48.4049842758305],[37.2060986884272,48.4049926194554],[37.2060992768237,48.4049926373461],[37.2060995714711,48.4049926480805],[37.2060997178965,48.4049926534477],[37.20609979155841,48.4049926558332],[37.2060998652202,48.4049926582186],[37.2063914745311,48.4050032775381],[37.2066831593005,48.4050138998372],[37.2066838384269,48.4050139248842],[37.2066841788884,48.4050139403895],[37.2066843468733,48.4050139475457],[37.2066844322133,48.4050139517202],[37.20668451755321,48.4050139558947],[37.2069759265398,48.4050268532903],[37.20726739930681,48.40503975485711],[37.2072679814151,48.4050397805004],[37.2072682715709,48.4050397960056],[37.207268417098,48.4050398037582],[37.2072684889632,48.40503980674],[37.2072685626251,48.4050398109145],[37.2075597623042,48.4050549869791],[37.2078510167806,48.4050701666172],[37.2078516258384,48.4050701988204],[37.2078519303672,48.4050702185002],[37.2078520821825,48.4050702262528],[37.207852157641,48.40507023162],[37.2078522339978,48.4050702351981],[37.208143146216,48.40508768634951],[37.20843410335,48.4051051398803],[37.2084346899499,48.4051051756617],[37.2084349828007,48.40510519593781],[37.2084351292261,48.4051052060758],[37.2084352028879,48.4051052108466],[37.2084352765498,48.405105216213805],[37.2087258375267,48.4051249376767],[37.209016433538,48.4051446621137],[37.2090170937997,48.4051447074366],[37.2090174243798,48.4051447324835],[37.2090175887715,48.40514474500701],[37.2090176696198,48.4051447515669],[37.2090177531632,48.4051447581268],[37.2093079179831,48.4051667469141],[37.2095981070575,48.4051887386737],[37.2095987556412,48.4051887875747],[37.2095990817296,48.4051888156034],[37.209599242528,48.4051888287232],[37.2095993233764,48.4051888358794],[37.2095994051231,48.4051888424393],[37.2098891621079,48.4052130985453],[37.2101789334657,48.4052373540434],[37.2101795964224,48.4052374095043],[37.2101799296974,48.4052374399184],[37.2101800940891,48.4052374554235],[37.2101801767341,48.40523746377251],[37.2101802602774,48.4052374709287],[37.2104695707995,48.4052639901725],[37.2107588849148,48.4052905076134],[37.2107595343968,48.4052905678451],[37.2107598604852,48.4052906012409],[37.210760022182,48.4052906179388],[37.2107601030304,48.405290625095],[37.2107601838787,48.405290633443904],[37.2110490578196,48.4053194158185],[37.2113379245739,48.4053481987732],[37.2113384896142,48.4053482548303],[37.2113387734819,48.405348286437],[37.2113389136191,48.4053483007495],[37.211338984586,48.4053483085021],[37.2113390546546,48.4053483162546],[37.2116273994877,48.4053793557889],[37.2119157281512,48.4054103917262],[37.211916382124706,48.405410462692],[37.2119167091115,48.4054105002622],[37.2119168726049,48.4054105187491],[37.2119169543516,48.4054105288871],[37.2119170360983,48.405410537236],[37.2122048302641,48.4054438297473],[37.2124925992772,48.4054771186588],[37.2124931310798,48.4054771806792],[37.2124933969812,48.4054772134786],[37.2124935308302,48.40547722958],[37.2124935964072,48.405477237929],[37.2124936637808,48.4054772456815],[37.2126658447696,48.4054985538891],[37.2127808812283,48.4055127893721],[37.2130680636415,48.4055483270744],[37.2130686574279,48.40554840221441],[37.2130689547702,48.4055484403809],[37.2130691029923,48.405548459464],[37.2130691766541,48.4055484690057],[37.21306925121431,48.4055484791436],[37.2133558012135,48.4055862620771],[37.2136423053987,48.4056240384227],[37.2136428803204,48.405624115948],[37.2136431677813,48.4056241547108],[37.2136433115118,48.4056241749866],[37.213643383377,48.4056241851246],[37.2136434552422,48.40562419466611],[37.2139293243184,48.4056642156399],[37.2142151385974,48.4057042282333],[37.2142157207058,48.4057043111257],[37.2142160135565,48.4057043546592],[37.2142161590836,48.4057043755313],[37.2142162318471,48.405704386265604],[37.2142163046107,48.4057043969999],[37.214501424492,48.4057466458655],[37.2147864796945,48.4057888839619],[37.2147870995321,48.4057889781847],[37.2147874112475,48.4057890252961],[37.2147875657577,48.4057890497464],[37.2147876439112,48.4057890616733],[37.214787720268,48.4057890741966],[37.2150720532251,48.4058335431906],[37.215356311622,48.4058780032006],[37.2153569368494,48.4058781033867],[37.2153572503615,48.4058781534798],[37.2153574075666,48.4058781785263],[37.2153574857201,48.4058781922423],[37.2153575638735,48.4058782041692],[37.2156411539239,48.4059249058033],[37.21592466043091,48.4059715924858],[37.2159251563009,48.4059716765705],[37.215925404236,48.4059717183146],[37.2159255282035,48.4059717391867],[37.2159255901872,48.4059717493245],[37.215925652171,48.4059717600587],[37.2162084400258,48.4060206817974],[37.2164911335575,48.406069586195],[37.2164916761399,48.4060696822064],[37.2164919474311,48.4060697311066],[37.2164920830767,48.406069754364],[37.2164921504504,48.4060697680799],[37.216492217824,48.4060697788141],[37.2167741262282,48.4061209087177],[37.2167959615778,48.4061248702261],[37.2170559313261,48.4061720200833],[37.2170564191113,48.4061721101311],[37.2170566616564,48.4061721548568],[37.2170567838273,48.4061721775178],[37.2170568449127,48.4061721888483],[37.2170569059982,48.4061722001789],[37.2173378900359,48.40622552869281],[37.2176187617842,48.4062788368752],[37.217619034872,48.4062788887569],[37.2176191705176,48.4062789149959],[37.2176192387896,48.4062789287118],[37.2176193079599,48.40627894123491],[37.2176193564689,48.406278972841],[37.2176194049779,48.4062790038508],[37.217708272614,48.4063356580454],[37.2177971402502,48.4063923109842],[37.2177972354716,48.4063923735999],[37.2177972812856,48.4063924046096],[37.2177973297947,48.4063924356192],[37.2178836740632,48.4064506532895],[37.2179702150627,48.4065090050693],[37.2179703075891,48.4065090694739],[37.2179703543016,48.4065091022725],[37.2179704010139,48.4065091350711],[37.2180542668306,48.4065689436377],[37.21813830692031,48.4066288773648],[37.2181383895653,48.406628938191204],[37.2181384299895,48.40662896800801],[37.218138471312,48.4066289978249],[37.2182197984896,48.4066903573221],[37.2183012792792,48.4067518312417],[37.2183013466528,48.406751884912],[37.2183014158231,48.4067519379859],[37.2183801513611,48.4068148072554],[37.2184590180532,48.406877783191],[37.2184590539858,48.4068778130077],[37.2184590899184,48.4068778422281],[37.21853515746,48.4069421652035],[37.218611338189405,48.40700658351071],[37.2186113840035,48.4070066234651],[37.2186114298175,48.4070066634194],[37.2186387844163,48.4070311792558],[37.2187976892035,48.4070024437675],[37.2199721061818,48.4068944942678],[37.2211845254898,48.4069083226603],[37.2233232408064,48.4067986185422],[37.2233826005821,48.4068013103999],[37.225027845262,48.4068759440956],[37.2248941211505,48.406785743064],[37.224745515548,48.4066855055271],[37.2247453457665,48.4066853904341],[37.224745267613,48.4066853391492],[37.2247451903579,48.4066852866715],[37.224745034051,48.4066851835053],[37.2247448606762,48.4066850702013],[37.2244429836216,48.4064878690307],[37.224442768924206,48.4064877282947],[37.2244426880759,48.4064876758168],[37.2244426063292,48.4064876227427],[37.2244424428358,48.4064875189797],[37.2244423089868,48.4064874337032],[37.2241355567752,48.4062933703105],[37.2241354148414,48.4062932808593],[37.2241353519593,48.4062932415008],[37.2241352899755,48.4062932021422],[37.2241351651097,48.4062931252142],[37.2241349755652,48.406293007735],[37.2238237488451,48.406102335006],[37.2238235278595,48.4061022008287],[37.2238234766556,48.4061021686262],[37.2238234245533,48.40610213702],[37.2238233203487,48.40610207380761],[37.223823112837906,48.4061019491717],[37.2238229143102,48.4061018316921],[37.2235071726575,48.40591452104],[37.2235069606551,48.405914395211],[37.2235069157393,48.4059143695682],[37.2235068699252,48.4059143421363],[37.2235067791954,48.4059142896578],[37.2235065968374,48.405914182912],[37.2235064351407,48.4059140892857],[37.2231861516059,48.4057301258393],[37.22318593511191,48.4057300017989],[37.2231858875012,48.4057299743669],[37.2231858398905,48.405729948724],[37.223185745567406,48.4057298932636],[37.2231855551246,48.4057297865173],[37.2231853269525,48.4057296594952],[37.2230230247368,48.4056394134934],[37.2228607216229,48.4055491673315],[37.2228605195019,48.4055490564104],[37.2228604647047,48.4055490265929],[37.2228604108058,48.4055489967754],[37.2228603021096,48.4055489359477],[37.2228600847173,48.4055488184668],[37.2228598763082,48.40554870516031],[37.2226953831015,48.40546017871381],[37.2225308898949,48.405371653306],[37.2225307129268,48.405371558486],[37.2225306230953,48.4053715125669],[37.2225305332638,48.4053714624733],[37.222530354499,48.4053713706351],[37.2225301442933,48.4053712597136],[37.22236356430021,48.4052845083015],[37.2221969834089,48.4051977579342],[37.222196747152005,48.405197636278],[37.2221966914564,48.4051976064603],[37.2221966357609,48.4051975778353],[37.2221965234714,48.4051975199889],[37.2221962997909,48.4051974066817],[37.2221960940767,48.405197301127],[37.22202745784,48.405112340869],[37.2218588216033,48.4050273816618],[37.2218586078043,48.4050272761068],[37.2218585458205,48.4050272450963],[37.2218584829385,48.4050272134894],[37.2218583580726,48.4050271502756],[37.2218581074427,48.405027028619],[37.2218578370498,48.4050268944388],[37.2216872083498,48.4049437575563],[37.2215165796497,48.4048606199414],[37.2215163550709,48.4048605114043],[37.2215162975788,48.4048604845681],[37.2215162400866,48.404860455943],[37.2215161242039,48.4048603992889],[37.2215158933369,48.4048602913481],[37.2215156463002,48.4048601732692],[37.2213430269335,48.404778857991],[37.2211704075668,48.4046975431791],[37.2211701614284,48.4046974280816],[37.2211700985464,48.4046973994564],[37.2211700356643,48.4046973696384],[37.2211699090018,48.4046973105987],[37.2211696565752,48.4046971955012],[37.221169453556,48.40469710068],[37.2209949198794,48.4046176434017],[37.2208203862029,48.4045381877884],[37.2208200951487,48.4045380565888],[37.2208200223852,48.4045380237889],[37.2208199496217,48.4045379915854],[37.2208198031963,48.4045379241965],[37.2208195103455,48.4045377953823],[37.22081920402,48.4045376576227],[37.22064284856,48.4044601001072],[37.2204664931,48.4043825430697],[37.2204661804864,48.40438240650241],[37.2204661095194,48.4043823766843],[37.2204660376542,48.4043823444806],[37.220465894822105,48.4043822818625],[37.2204656082595,48.4043821602042],[37.2204652875609,48.40438202244431],[37.2202870546221,48.4043063378725],[37.2201088216832,48.4042306537846],[37.2201085530869,48.4042305410715],[37.2201084848149,48.4042305130423],[37.2201084147463,48.404230483224],[37.2201082755075,48.4042304223948],[37.2201079961314,48.4042303090854],[37.2201076736362,48.4042301749031],[37.220039186079,48.404202109340105],[37.219927633287,48.4041563960923],[37.2197475929378,48.4040826153853],[37.21974732883301,48.4040825086356],[37.2197472560695,48.4040824794136],[37.2197471842043,48.4040824501916],[37.2197470377789,48.4040823905549],[37.2197467476231,48.404082275456],[37.2197464736369,48.4040821651281],[37.2195646636066,48.4040103046186],[37.2193828517796,48.4039384428148],[37.2193825607254,48.4039383295047],[37.2193824897585,48.4039383014754],[37.2193824187916,48.4039382728497],[37.2193822732645,48.4039382161946],[37.219382186128,48.403938190550804],[37.2193820971947,48.4039381643106],[37.2193819175317,48.403938110041],[37.2193815555106,48.4039380009055],[37.2191686736529,48.4038748155821],[37.2189557917952,48.4038116289875],[37.2189554333674,48.4038115240263],[37.218955338146,48.4038114965933],[37.2189552420262,48.4038114679675],[37.2189550506851,48.4038114113123],[37.2189546662061,48.4038113021765],[37.2189542430996,48.4038111787279],[37.2187399913111,48.403750167616],[37.2185257395226,48.4036891552382],[37.2185253757049,48.4036890532586],[37.218525273297,48.4036890258255],[37.2185251717873,48.4036889960069],[37.2185249687681,48.4036889381588],[37.218524562729606,48.4036888272337],[37.2185241710641,48.4036887180977],[37.218308518802,48.4036298728639],[37.2180928674383,48.4035710263693],[37.2180924712813,48.4035709202148],[37.2180923859413,48.4035708969563],[37.218092299703,48.4035708736977],[37.2180921290232,48.403570827777],[37.218091786765,48.4035707377246],[37.2180914229473,48.4035706411122],[37.2178744268056,48.4035139760847],[37.2176574324605,48.4034573115904],[37.2176570677445,48.4034572179596],[37.2176569581501,48.4034571905264],[37.21765684945391,48.403457161304],[37.217656630265,48.4034571040521],[37.2176561927854,48.4034569943191],[37.2176558657987,48.4034569108267],[37.2174375724897,48.4034024415259],[37.2172192791807,48.4033479709741],[37.2172189261428,48.403347885096],[37.2172188390062,48.4033478630301],[37.2172187491747,48.40334784096421],[37.2172185722066,48.4033477968324],[37.217218220067,48.4033477133398],[37.2172177969605,48.4033476095704],[37.2169983313501,48.4032953634439],[37.2167788648413,48.4032431184566],[37.2167784444297,48.4032430212471],[37.2167783474117,48.4032429985848],[37.2167782521903,48.4032429753261],[37.2167780590525,48.403242929405],[37.2167776763702,48.4032428429304],[37.2167772595519,48.4032427457209],[37.2165566476911,48.4031927305355],[37.2163360358304,48.4031427164937],[37.2163356037408,48.4031426198804],[37.2163355022311,48.4031425972181],[37.2163353989249,48.4031425745557],[37.2163351923124,48.4031425268454],[37.2163347817823,48.403142437985],[37.2163343757438,48.4031423485283],[37.2161126517687,48.4030945720502],[37.21589092779371,48.403046793738],[37.2158905019922,48.4030467042811],[37.2158903950927,48.4030466822151],[37.2158902890915,48.4030466589563],[37.21589007439421,48.40304661243871],[37.2158896476944,48.4030465253674],[37.2158891778755,48.4030464269648],[37.2156663920918,48.4030008981524],[37.215443606308,48.4029553692992],[37.2154432406937,48.4029552965408],[37.2154431319976,48.40295527447471],[37.2154430241998,48.402955253005],[37.2154428086041,48.4029552082765],[37.2154423765144,48.4029551253796],[37.215441948018,48.40295503950081],[37.2152181606128,48.402911770294],[37.2149943723092,48.402868503435904],[37.2149939249482,48.4028684181533],[37.2149938171504,48.4028683978764],[37.2149937120475,48.4028683781957],[37.2149934973501,48.4028683358527],[37.2149930715487,48.4028682589195],[37.2149925873567,48.4028681682695],[37.2147678540255,48.4028271700112],[37.2145431188976,48.4027861717198],[37.2145426796214,48.4027860935937],[37.2145425718236,48.4027860751058],[37.2145424631274,48.4027860548288],[37.2145422457351,48.4027860154676],[37.2145418136455,48.4027859409198],[37.2145414282682,48.4027858717394],[37.2143157094851,48.4027471396696],[37.2140899933969,48.4027084063776],[37.2140895487308,48.4027083318297],[37.2140894517128,48.402708316323704],[37.2140893555931,48.402708299625],[37.2140891597603,48.4027082656311],[37.2140887698915,48.4027082024145],[37.214088315344,48.4027081266738],[37.2138617476529,48.4026716816766],[37.2136351808601,48.4026352366532],[37.2136347739233,48.40263517284],[37.2136346670238,48.4026351567377],[37.213634559226,48.40263513944251],[37.2136343418337,48.4026351036595],[37.213633909744,48.4026350386536],[37.2136334605864,48.4026349688767],[37.2134061059711,48.4026008216968],[37.2131787513558,48.4025666738976],[37.2131783623853,48.4025666178374],[37.2131782482993,48.4025666005422],[37.2131781324166,48.4025665838434],[37.2131778988546,48.40256654865671],[37.2131774371206,48.4025664836507],[37.2131770427602,48.4025664258014],[37.2129489632045,48.4025345853941],[37.2127208836488,48.402502743774],[37.2127204120332,48.4025026805571],[37.2127203527444,48.4025026728041],[37.212720294354,48.4025026650511],[37.2127201757763,48.4025026483523],[37.2127199368245,48.4025026143583],[37.2127194643106,48.4025025529306],[37.212719046594,48.4025024968703],[37.212490227724906,48.4024729608588],[37.2122614079574,48.4024434248301],[37.2122610037155,48.4024433741373],[37.212260894121,48.4024433616132],[37.21226078362831,48.4024433467035],[37.2122605626427,48.4024433174806],[37.2122601215699,48.4024432655949],[37.2122596706156,48.4024432095346],[37.2120302355021,48.4024159934331],[37.2118007985921,48.4023887767207],[37.211800687201,48.4023887653893],[37.2118005767082,48.402388751076],[37.211800353926,48.4023887266242],[37.2118002946372,48.4023887206603],[37.2118002362467,48.4023887135037],[37.2118001185674,48.4023886997867],[37.2117998796155,48.40238867056381],[37.2117994053051,48.4023886192745],[37.2117989139266,48.4023885638105],[37.2115689389257,48.402363675976],[37.2113389630264,48.4023387887258],[37.2113385075806,48.4023387422075],[37.2113384429019,48.4023387350509],[37.2113383809181,48.402338729087],[37.2113382542556,48.4023387147737],[37.2113379982358,48.4023386867435],[37.211337491586,48.4023386372433],[37.2113369705631,48.4023385835684],[37.2111064359117,48.4023160228152],[37.2108759003621,48.4022934614555],[37.2108754781539,48.4022934220939],[37.2108753649661,48.4022934113589],[37.2108752517784,48.402293400624],[37.2108750236063,48.4022933779612],[37.2108745708554,48.4022933385996],[37.2108741252911,48.4022932974488],[37.21064305704041,48.4022730649759],[37.2104119896881,48.4022528324949],[37.2104115719715,48.4022527979044],[37.2104115090894,48.4022527931333],[37.210411445309,48.4022527877658],[37.21041131954491,48.4022527770308],[37.2104110644234,48.402252754368],[37.2104105559769,48.4022527150064],[37.2104100879546,48.4022526762411],[37.2101786567846,48.4022347881567],[37.209947223818,48.4022168994697],[37.2099467602873,48.4022168660719],[37.2099466929136,48.4022168607044],[37.2099466273366,48.4022168559333],[37.209946494386,48.4022168451983],[37.2099462275863,48.402216824921],[37.2099456921904,48.4022167891377],[37.2099451963204,48.4022167527579],[37.209713402231,48.4022012078744],[37.2094816081416,48.4021856623896],[37.2094811464075,48.4021856337629],[37.2094810790339,48.4021856289918],[37.2094810134569,48.4021856248171],[37.2094808832012,48.4021856164676],[37.2094806199948,48.4021855985759],[37.2094800926837,48.4021855681601],[37.2094795815423,48.4021855365515],[37.2092474739409,48.402172337855],[37.2090153645428,48.4021591379625],[37.2090148381301,48.4021591099321],[37.209014777943,48.4021591069502],[37.2090147159592,48.4021591033718],[37.2090145937883,48.4021590962152],[37.2090143485483,48.40215908249821],[37.2090138589664,48.402159059239],[37.2090133280621,48.4021590318051],[37.2087808943722,48.4021481775104],[37.2085484606823,48.4021373238099],[37.2085480007449,48.4021373047254],[37.2085478821673,48.4021372999543],[37.2085477635897,48.4021372945868],[37.2085475246378,48.402137282659],[37.2085470476324,48.402137265363706],[37.2085465248129,48.402137243297304],[37.208313874629,48.4021287405642],[37.2080812244452,48.4021202360406],[37.2080811148507,48.4021202336551],[37.2080810052562,48.4021202294803],[37.2080807842707,48.40212022292],[37.2080807186937,48.4021202205345],[37.20808065132,48.40212021814891],[37.2080805210643,48.4021202133778],[37.208080255163,48.4021202038355],[37.208079725157,48.4021201901186],[37.2080791699981,48.4021201722269],[37.2078464003383,48.4021140234434],[37.2076136315769,48.4021078746593],[37.2076131464866,48.4021078633279],[37.2076130845028,48.4021078621351],[37.2076130225191,48.4021078609423],[37.2076128976533,48.402107857364],[37.2076126470233,48.4021078502073],[37.2076121484583,48.402107841857806],[37.2076116876226,48.40210783231561],[37.2073787409947,48.4021040362909],[37.2071457952651,48.4021002390731],[37.2071452832254,48.4021002331092],[37.2071451637494,48.40210023132],[37.2071450460702,48.4021002301272],[37.2071448098132,48.4021002259525],[37.2071443381977,48.4021002223741],[37.2071438441243,48.4021002170066],[37.206910847190706,48.4020987761273],[37.2066778484605,48.40209733465161],[37.2066773031832,48.4020973340552],[37.2066771899954,48.4020973328624],[37.20667707860441,48.4020973328624],[37.2066768531272,48.4020973304768],[37.2066764039696,48.402097332266],[37.2066758910315,48.4020973310732],[37.2062099160291,48.4020991596064],[37.2062094453118,48.4020991631847],[37.2062093734466,48.4020991631847],[37.206209303378,48.4020991643775],[37.2062091632409,48.4020991649739],[37.2062088829665,48.4020991661666],[37.2062083233161,48.4020991733234],[37.2062078355308,48.4020991780945],[37.2059749499884,48.4021024463141],[37.2057420653443,48.4021057145334],[37.205741497609,48.4021057252685],[37.2057414365236,48.4021057258649],[37.2057413763364,48.402105727654],[37.2057412541655,48.4021057288468],[37.2057410098238,48.4021057318287],[37.2057405220386,48.4021057443529],[37.2057399812528,48.4021057544916],[37.2055071756604,48.4021113766633],[37.2052743718646,48.4021169994309],[37.2052738598249,48.4021170143406],[37.2052737960445,48.4021170161298],[37.2052737313658,48.4021170173226],[37.2052736002118,48.4021170209009],[37.205273341497005,48.4021170262684],[37.2052728249657,48.40211704416011],[37.2052722796883,48.4021170602627],[37.2050396295045,48.4021250357887],[37.2048069802189,48.40213301131361],[37.2048064726708,48.4021330303981],[37.2048064115854,48.40213303338],[37.2048063513982,48.4021330351692],[37.2048062292273,48.4021330399403],[37.2048059866822,48.402133047097],[37.204805501592,48.402133068567],[37.2048050012303,48.4021330882479],[37.204572540591,48.402143415337],[37.2043400790533,48.4021537424241],[37.2043395391659,48.4021537692616],[37.2043394780804,48.4021537716472],[37.2043394187916,48.4021537746291],[37.2043392957224,48.4021537799967],[37.2043390531773,48.40215379073171],[37.2043385680871,48.402153816972806],[37.2043380973699,48.402153840232],[37.20410590892,48.4021665147067],[37.2038737177753,48.4021791897746],[37.2038731563283,48.4021792237689],[37.2038730943445,48.4021792267508],[37.2038730305641,48.4021792309255],[37.2038729030033,48.4021792374858],[37.2038726505768,48.4021792506064],[37.2038721439269,48.4021792834078],[37.2038716273956,48.40217931442],[37.203639813543305,48.4021943315057],[37.2034080005893,48.4022093479907],[37.2034074481254,48.402209386756],[37.2034073780568,48.4022093903343],[37.2034073070899,48.4022093957018],[37.2034071660544,48.402209405244],[37.2034068839834,48.4022094231357],[37.2034063207397,48.4022094654793],[37.2034057934287,48.4022095024554],[37.2031743568687,48.4022268597625],[37.2029429194105,48.402244217660204],[37.2029424424051,48.402244255829],[37.2029423696416,48.4022442623893],[37.202942296878,48.4022442671604],[37.2029421540459,48.4022442784918],[37.2029418638901,48.4022442999618],[37.20294128807,48.4022443482693],[37.20294081825111,48.4022443864382],[37.2027097473055,48.4022640869439],[37.2024786763599,48.402283787442],[37.2024781661168,48.402283833364],[37.2024780493358,48.402283844099],[37.2024779325548,48.4022838536412],[37.202477698094505,48.4022838739183],[37.2024772309706,48.4022839180511],[37.2024766910831,48.4022839675513],[37.2022461411604,48.4023059975334],[37.202015592136,48.4023280263132],[37.202015045062005,48.4023280817773],[37.2020149758917,48.4023280883375],[37.2020149067214,48.4023280948978],[37.2020147692792,48.4023281086148],[37.2020144943947,48.4023281348558],[37.2020139446257,48.402328192109],[37.2020133607208,48.4023282511514],[37.2017833839232,48.4023526046401],[37.2015534044307,48.4023769587134],[37.2015529202388,48.4023770117919],[37.2015528492719,48.4023770195449],[37.2015527801016,48.4023770278943],[37.2015526390661,48.402377042804005],[37.2015523578934,48.402377072027],[37.201551798243,48.4023771364368],[37.2015512915932,48.4023771930935],[37.2013218510898,48.4024038742568],[37.2010924123831,48.4024305548096],[37.2010923486027,48.4024305631591],[37.201092283924,48.4024305703157],[37.2010921563633,48.4024305858217],[37.2010919003434,48.4024306168338],[37.2010918392579,48.4024306251832],[37.2010917763759,48.4024306323399],[37.2010916506118,48.4024306466532],[37.2010913981851,48.4024306758761],[37.2010908969252,48.4024307390931],[37.2010904360895,48.402430794557],[37.20086158398271,48.4024597980201],[37.2006327327741,48.4024888020631],[37.2006322288193,48.402488868262],[37.2006321650389,48.4024888766113],[37.2006321021568,48.4024888843643],[37.2006319754943,48.4024889004668],[37.2006317212711,48.4024889326716],[37.2006312164179,48.402489001256],[37.2006307385142,48.4024890644729],[37.2004026086528,48.4025203735292],[37.2001744787915,48.4025516825663],[37.2001739514804,48.4025517577108],[37.2001738859034,48.402551767253],[37.200173822123,48.4025517767952],[37.2001736918673,48.402551793494],[37.2001734331525,48.4025518286807],[37.2001729175195,48.402551905018],[37.2001723758354,48.402551983144406],[37.1999450275084,48.402585588243404],[37.1997176791813,48.4026191945129],[37.1997171940911,48.4026192684646],[37.1997171249208,48.4026192791995],[37.1997170557505,48.402619289338006],[37.1997169192066,48.4026193108079],[37.1997166425255,48.402619351362],[37.1997160927565,48.4026194372413],[37.1997155816151,48.4026195159641],[37.1994890058392,48.4026554200785],[37.1992624300633,48.4026913241676],[37.1992619692276,48.4026913993119],[37.1992619036505,48.4026914100468],[37.1992618389719,48.4026914201854],[37.1992617114111,48.4026914404624],[37.199261451798,48.4026914816129],[37.1990930868525,48.4026954738039],[37.1989247120255,48.4026994642055],[37.198756264435,48.4027015903123],[37.1985878177428,48.4027037164191],[37.1982508641713,48.4027042340798],[37.1980824156825,48.4027026280194],[37.1979139447358,48.4027010201698],[37.1977455555358,48.4026975480256],[37.197577152861,48.4026940734955],[37.1974088678656,48.4026887358631],[37.197240583768505,48.4026833958446],[37.1970724487917,48.4026761939157],[37.19690432728971,48.4026689919858],[37.1967364052136,48.4026599287408],[37.1965684822392,48.4026508637051],[37.1959785208629,48.4025843066125],[37.1950754076769,48.4024824183482],[37.1950828008116,48.4026402027439],[37.1950725716955,48.4028371337628],[37.1950715727689,48.402841998449],[37.1950047794343,48.4030320411002],[37.19499579178991,48.4030516464765],[37.1949275225232,48.4031487667503],[37.194908107235,48.4031328631318],[37.194938596954,48.4031588884792],[37.1949655401244,48.4032754235942],[37.194969921208,48.4033363505901],[37.1949774742429,48.403441383617],[37.194973787557,48.4035592342807],[37.194960809596,48.4036154650985],[37.1948874720346,48.4037247532554],[37.1945570528085,48.4040092675346],[37.1942209562298,48.4042986674308],[37.1941134305852,48.404387230488],[37.1940059049406,48.4044757927947],[37.1938396079169,48.4046127609946],[37.1918792126757,48.4064490998252],[37.1915211253389,48.4067530978592],[37.1914798073274,48.4068079541712],[37.19148669381231,48.40683766835491],[37.1915142388539,48.4068559537684],[37.1915521136229,48.4068765249254],[37.1916278631609,48.4068788106752],[37.1917001685581,48.4068696676752],[37.1917449298121,48.4068628104241],[37.1918482243917,48.4068056684182],[37.1936387509076,48.4053587255839],[37.1938499601022,48.40528082939911],[37.1940377008101,48.4052600572221],[37.194358426316,48.4052704433117],[37.1945931030991,48.40528082939911],[37.1948356015134,48.4053483395124],[37.195478624577,48.40551097646681],[37.1956715521573,48.4055607842282],[37.1957519387988,48.4055678992779],[37.1958916663514,48.4055657554004],[37.196110824738,48.4054920733467]]]},"properties":{"OBJECTID":1944,"GlobalID":"66b35d77-5dbf-474e-97fa-93fb1ddef7b6","Shape__Are":1503059.68359375,"Shape__Len":8392.414070423985,"CreationDa":"2026-07-21","Creator":"NMesplay_understandingwar","EditDate":"2026-08-20","Editor":"mewert_understandingwar","Area_KM":0.662955725442983}},{"type":"Feature","geometry":{"bbox":[37.0578196567646,48.28270071302381,37.10642649876,48.3283886389069],"type":"Polygon","coordinates":[[[37.064941539863,48.28270071302381],[37.0654048396826,48.2831697373758],[37.0658660572073,48.2836704952438],[37.0662301776296,48.2846396881846],[37.0659388818308,48.286158054400005],[37.0655990365824,48.28787020129031],[37.0651329645618,48.289962818114],[37.0646979634703,48.292391929549],[37.0638741203199,48.2966573750557],[37.0638191658824,48.296901961163904],[37.0637386849177,48.2972444522979],[37.0628680925416,48.3021619564338],[37.0622734087218,48.3054192026964],[37.06236814595,48.3057276832503],[37.0624241819591,48.305839108573],[37.0624252401746,48.3058412142272],[37.0624261798123,48.3058430826666],[37.06242695775341,48.3058446296412],[37.0624279333238,48.30584656799011],[37.062476994813,48.3059441270754],[37.0626564422741,48.3061082408331],[37.0626564440708,48.3074318241537],[37.06259235825841,48.307933353884],[37.0618893232424,48.308218112024],[37.0610499419324,48.3086905663974],[37.0604805304165,48.3093601357971],[37.060088501135,48.3099312614776],[37.0597125570869,48.3107676664805],[37.0593883973217,48.3114227269694],[37.0590513907496,48.3121938559471],[37.0589793269992,48.3127375866868],[37.0588428989587,48.3135036445365],[37.0588259055284,48.3144878961106],[37.0588394081055,48.315455492746],[37.0589903098018,48.3160278853931],[37.0592342571987,48.3165910867122],[37.0595310408056,48.3170939631411],[37.0597592730749,48.3173944464523],[37.0601671234853,48.3176555104945],[37.0605378815592,48.3178317151539],[37.0609496477259,48.3179435578997],[37.0614136096039,48.3180052638695],[37.0620051592016,48.3180129783799],[37.0627936787984,48.3179651237847],[37.0631244672322,48.3179319879101],[37.0634666418121,48.3178548539813],[37.0635663835547,48.3178540158606],[37.063660054482604,48.317872973634],[37.0637518721861,48.3179577001894],[37.0637374335646,48.3180435944728],[37.0635918301317,48.3187496394528],[37.0626436026538,48.3207169421699],[37.0599885644579,48.3243486867405],[37.0578196567646,48.3283886389069],[37.0677273871372,48.3221574791035],[37.0685579344147,48.3216351006771],[37.0713952111373,48.3198505225267],[37.0721201695379,48.3194932096882],[37.0752281005707,48.3179613913777],[37.0752273100533,48.3179556924074],[37.0752265725364,48.3179504295213],[37.0752265608583,48.3179503942761],[37.0753272404421,48.317912542699],[37.0763243479496,48.3174210837509],[37.0767834337722,48.3172767176701],[37.0769732055709,48.3172170413309],[37.0773401107706,48.3171016640494],[37.0773404009264,48.3171015063394],[37.0795884510946,48.3158845243797],[37.0798560987436,48.3157150080865],[37.0803585875675,48.3154332357963],[37.0803590025891,48.3154330051976],[37.0814887418568,48.3152726647835],[37.0814937194217,48.3152722262862],[37.0827888241601,48.3151520468135],[37.0838010709751,48.3150690104515],[37.0838050370371,48.3150686603691],[37.083805466431805,48.3150685080295],[37.085726505582,48.314389800746],[37.0866390429937,48.3140673982562],[37.0893720612445,48.3131017964132],[37.09021948427281,48.3127568283518],[37.0902195507481,48.3127568032595],[37.0904782044645,48.3126462175053],[37.0906721938535,48.3125202731233],[37.0907830450612,48.3124127588997],[37.0908792573231,48.31226099843371],[37.0909194209995,48.3121397992001],[37.0909493232203,48.312053355483805],[37.090986970715605,48.3119807311542],[37.0910779880201,48.3119079017968],[37.0912264507905,48.3118291109985],[37.0913465393743,48.3117738165487],[37.0915674638488,48.3116859634259],[37.0918943122716,48.3115601600621],[37.0921675195939,48.3114728956594],[37.0924217113783,48.3114118371949],[37.0925783371397,48.3113742143711],[37.092685611256,48.3113587690026],[37.092802190122,48.3113675426081],[37.0929530136649,48.3113678060851],[37.0931596755876,48.3113470332199],[37.0933585077943,48.3113178135408],[37.0943210508246,48.3109171443155],[37.0945231232545,48.3107923487641],[37.0947021323378,48.3106645446878],[37.0949705696059,48.3104611539659],[37.0953386309374,48.3102211598298],[37.0965510673134,48.3094243651333],[37.098030528806,48.3085564583556],[37.0982345829194,48.3085086211801],[37.0984186090936,48.3084857338385],[37.0986812028208,48.3085021796725],[37.0988899470383,48.3085426104109],[37.0990269428141,48.3085587813828],[37.0991187775856,48.3085641282883],[37.099190304143406,48.3085659930431],[37.0994063552575,48.3085544041973],[37.0995809042054,48.3085418545903],[37.099737251489,48.3085177513779],[37.0998519933002,48.3084842520701],[37.0999851478799,48.3084258100143],[37.1000730498271,48.3083639209795],[37.1001141351749,48.3083269836185],[37.100142380004,48.3082719249672],[37.1001550044779,48.3082181944777],[37.1001581750817,48.3075864735437],[37.1000535321309,48.3073915974778],[37.1000331709166,48.3073536807073],[37.0999400515543,48.3071802720232],[37.0999262112107,48.3071544987448],[37.0998987263563,48.3071033160285],[37.0997818658684,48.30688569824],[37.0991109029538,48.3063991533696],[37.0991108795976,48.3063991342492],[37.0983258445657,48.3059883062689],[37.0968005932482,48.3054937036214],[37.0931525528457,48.3040319699074],[37.0931437107284,48.3040149466047],[37.0931383657524,48.3040046581669],[37.0931382588529,48.3040044627714],[37.0931380630202,48.3040041347221],[37.0931380172061,48.3040040576395],[37.0931140717139,48.3039650382808],[37.0930899573384,48.3039257446211],[37.0930899411687,48.30392572012191],[37.0930898468456,48.3039255773097],[37.0930730833841,48.303902033008],[37.093062455416,48.3038871028485],[37.0930351412414,48.303848753842],[37.0930351044105,48.3038487066362],[37.093035011884,48.3038485799574],[37.0930349957144,48.3038485554582],[37.0930349481037,48.3038484963016],[37.0930347792204,48.30384828835711],[37.093034729813,48.3038482292005],[37.0930044691644,48.3038111445636],[37.0929739021902,48.3037737001793],[37.0929151056582,48.303710220221],[37.092906708207,48.3037011572831],[37.0929066408333,48.3037010885656],[37.0928336383434,48.3036311831259],[37.0927549010088,48.3035639650486],[37.0926707463838,48.3034997313245],[37.0925814277934,48.303438662125],[37.0924872052999,48.3033809415061],[37.0923883677116,48.3033267627857],[37.0922852096759,48.3032762574358],[37.0921780370693,48.3032295936772],[37.0920671840649,48.3031869041764],[37.0919529785479,48.3031483275749],[37.0918357537932,48.3031139792093],[37.0917158835,48.3030839540985],[37.091593714418,48.3030583502485],[37.0914696175514,48.3030372411649],[37.0913439692943,48.3030206889984],[37.0912171469391,48.303008746338],[37.0910895259817,48.303001451430404],[37.0909615016806,48.3029988210088],[37.0908456621281,48.3030004690558],[37.090730100155,48.3030059324686],[37.0906150816627,48.303015205868],[37.0905008995018,48.3030282617646],[37.0903878321503,48.3030450660951],[37.0902761553908,48.3030655895759],[37.0901778464611,48.3030886341137],[37.0900774579314,48.3031072836595],[37.0899754227899,48.3031214551585],[37.0898734711917,48.3031309998246],[37.0897707928563,48.3031360736209],[37.0897571492438,48.3031361507049],[37.0897073556276,48.3031368187657],[37.0897029341198,48.303136816973],[37.0896755184356,48.3031366108183],[37.0896678396366,48.3031366538419],[37.0895650526052,48.3031327404876],[37.0894628692416,48.303124350886],[37.089361732415306,48.3031115190953],[37.089262076911,48.3030942988916],[37.0891643402081,48.3030727703422],[37.0890689418198,48.3030470176965],[37.0889762823949,48.3030171586656],[37.0889706508564,48.3030150319805],[37.0889495709899,48.303007062438304],[37.0888939724603,48.302986116465],[37.08889636557231,48.3029869488544],[37.0888867697684,48.3029833217159],[37.0888007830294,48.3029456508495],[37.0887187030636,48.3029043056047],[37.088640874824,48.3028594706161],[37.0885676369755,48.3028113323116],[37.0884993057251,48.3027601028134],[37.0884648310794,48.3027305585259],[37.0884516842353,48.3027192922297],[37.0884361775168,48.3027060002199],[37.0884361487708,48.302705969147],[37.0884170407063,48.3026871999436],[37.088379821707505,48.3026506349341],[37.088379794758,48.3026506038612],[37.0883289087905,48.3025929833381],[37.0883288836376,48.302592949875],[37.0882836597513,48.3025332754836],[37.0882836363951,48.3025332432156],[37.0882442317951,48.3024717462037],[37.0882108333312,48.3024087092096],[37.0882108144666,48.3024086757464],[37.0882347931965,48.3023428833292],[37.0882652406947,48.30227828953251],[37.0883020168241,48.30221517342161],[37.08834497515931,48.3021538021119],[37.0883939063928,48.302094452281],[37.0884486209802,48.30203737072921],[37.0885088736812,48.3019828144166],[37.0885743941031,48.3019310175962],[37.0886449055647,48.3018822079486],[37.0887201008422,48.3018365928375],[37.0887996484572,48.3017943742485],[37.0888832106433,48.301755732655],[37.0889704119045,48.3017208413595],[37.0890608866267,48.3016898479686],[37.0891542305678,48.3016628899298],[37.089250044876,48.3016400807874],[37.0893479145296,48.301621518548004],[37.0894474029473,48.3016072916563],[37.0895480861244,48.301597456287304],[37.0896495292762,48.301592056066],[37.089658444157,48.3015919724064],[37.0896587621606,48.3015916754151],[37.0897512122781,48.3015910007609],[37.0898527443631,48.3015945132653],[37.0898528530592,48.3015945186434],[37.0899539099354,48.301602481235506],[37.089958777906,48.3016028660691],[37.0900492786793,48.3016089851634],[37.0901397803509,48.3016151036593],[37.0901447417462,48.3016153827234],[37.0901449573419,48.3016153964675],[37.0901501343329,48.3016156838975],[37.0902406710388,48.3016196810276],[37.0903312077447,48.3016236775598],[37.0903363353283,48.3016238448787],[37.090336567992,48.3016238544398],[37.0903418833235,48.3016240259417],[37.0904325332171,48.30162590947471],[37.0905231840091,48.3016277959954],[37.0905285065271,48.3016278461911],[37.0905286089351,48.3016278461911],[37.0905339305548,48.30162789339891],[37.0907150911032,48.30162743865],[37.0907205366905,48.301627362759],[37.0907206795226,48.3016273603687],[37.0907261349913,48.3016272802946],[37.0908164462201,48.301624948586],[37.0909067583472,48.3016226168773],[37.0909124240217,48.3016224065335],[37.0909126656685,48.301622396972405],[37.090918248698,48.3016221854335],[37.0910082131771,48.3016177604452],[37.0910981767578,48.3016133360541],[37.0911039331622,48.301612986477],[37.0911041271983,48.3016129745256],[37.0911098467717,48.3016126231558],[37.0911994905522,48.301606107277],[37.0912891334344,48.3015995907998],[37.0912948287533,48.301599112147905],[37.0912949033135,48.3015991049771],[37.0913005896492,48.3015986221422],[37.0913897995435,48.3015900279203],[37.0914790094377,48.301581430709],[37.0914848772331,48.3015807978844],[37.09148510989681,48.3015807721889],[37.0914908788775,48.3015801447424],[37.0915794545612,48.3015694912973],[37.0916680293465,48.3015588378499],[37.0916738450397,48.3015580699746],[37.0916740507539,48.3015580418889],[37.09167980895491,48.3015572764038],[37.0917676659863,48.301544582855],[37.0918555230177,48.3015318875104],[37.0918609955544,48.3015310323896],[37.0918615111874,48.3015309541081],[37.0918672361507,48.30153005536481],[37.0919545865323,48.301515284660006],[37.0920419360156,48.3015005127557],[37.0920476142664,48.3014994849369],[37.0920477849464,48.3014994520706],[37.0920534173832,48.3014984278373],[37.0921397706348,48.3014816660226],[37.0922261238865,48.3014649024096],[37.0922319575459,48.3014636989048],[37.0922321938028,48.3014636487089],[37.0922379016981,48.3014624655214],[37.092323283871,48.3014437090073],[37.0924086669421,48.3014249524863],[37.0924143038705,48.301423643210505],[37.0924144601774,48.3014236055637],[37.0924200324271,48.3014223076417],[37.0925044650806,48.3014015510455],[37.0925888977342,48.3013807950383],[37.092594430458,48.3013793644547],[37.0925945750868,48.301379325015],[37.0926000610982,48.3013779004071],[37.0926832998907,48.3013552046758],[37.092766537785,48.301332509532],[37.0927721145262,48.301330914615],[37.0927723256303,48.3013308524676],[37.0927778089468,48.3013292802582],[37.0928597092496,48.301304687814],[37.0929416104507,48.3012800953578],[37.0929471404796,48.3012783600099],[37.0929473120578,48.3012783032405],[37.0929527594417,48.3012765882099],[37.0930333913233,48.3012500781319],[37.0931140232049,48.3012235668449],[37.0931192945189,48.3012217597864],[37.0931197544564,48.3012215990395],[37.093124688003904,48.3012199031292],[37.0932038843777,48.3011915268024],[37.093283080751405,48.3011631504598],[37.0932882990649,48.3011612047622],[37.0932883610487,48.3011611832496],[37.0932885748477,48.3011611007845],[37.093293635956,48.3011592088683],[37.09337134561801,48.3011289842133],[37.0934490552799,48.3010987595405],[37.0934541370495,48.3010967056795],[37.0934543319839,48.3010966244095],[37.09345928888771,48.3010946165616],[37.0935354525491,48.3010625620963],[37.0936116162104,48.301030507611],[37.0936164186039,48.3010284089292],[37.09361648148601,48.301028380843206],[37.093621245252,48.3010262947103],[37.093695795539,48.300992430745204],[37.0937703449279,48.3009585667576],[37.0937750035909,48.3009563724608],[37.0937751158803,48.3009563186789],[37.0937796613557,48.3009541715905],[37.0938524374701,48.3009185668391],[37.0939252135845,48.3008829608677],[37.0939297015677,48.3008806858948],[37.093929901892,48.3008805819166],[37.0939342335683,48.3008783822382],[37.094005119627305,48.3008410880845],[37.0940760056864,48.3008037945011],[37.0940803202947,48.3008014436324],[37.0940804253976,48.3008013856674],[37.0940846420896,48.3007990837999],[37.0941536452798,48.300760090675],[37.09422264847,48.3007210975202],[37.0942266765158,48.300718741867],[37.0942267663473,48.3007186892802],[37.0942306686289,48.3007164017508],[37.0942977745772,48.3006757048658],[37.0943648796273,48.3006350091436],[37.0943685896694,48.3006326815727],[37.0943687585527,48.3006325722157],[37.0943723338475,48.3006303241227],[37.0944373188735,48.3005880525467],[37.0945023038995,48.3005457779476],[37.0945058863808,48.3005433679066],[37.094506043586,48.3005432603422],[37.0945095012015,48.300540928584],[37.09457228805,48.3004971199561],[37.0946350757968,48.3004533112907],[37.0946382827823,48.3004509956632],[37.0941079776257,48.3005118186484],[37.0935592318529,48.3005118186484],[37.0929373165036,48.3004266412308],[37.0926080650874,48.3003049609227],[37.0920410242255,48.3000494307937],[37.0920410044626,48.300049401512],[37.0920409811064,48.30004936864471],[37.0918398182207,48.2998060447832],[37.0918398025002,48.299806013111],[37.0918373581843,48.299792998819],[37.0918215226825,48.2997087249533],[37.0918215136993,48.2997086914882],[37.0918214921398,48.2997086574256],[37.0918580751314,48.299550470923],[37.0920129815173,48.299392462013],[37.0920135205065,48.2993919600343],[37.0921324727215,48.29927064358571],[37.0925165968285,48.2990637814281],[37.0955712766297,48.2978590685107],[37.105884467894,48.2930022645069],[37.1063122537172,48.2925837125472],[37.10642649876,48.2920401316673],[37.1061699794408,48.2912111538568],[37.1056569219376,48.2906015798751],[37.1056568788185,48.2906015314616],[37.1047040834073,48.2897481355055],[37.1030988344188,48.2887286070267],[37.1008554195574,48.2875587741892],[37.1008102881976,48.2875352564096],[37.0994463132196,48.2870452682252],[37.0964650500317,48.2863030686058],[37.0918408041217,48.285480780406],[37.0815130754212,48.2841966881713],[37.0758262635656,48.2839561574765],[37.07144216338221,48.2841347703568],[37.0690460448041,48.2840419864482],[37.0667006046827,48.2835786376467],[37.064941539863,48.28270071302381]]]},"properties":{"OBJECTID":1946,"GlobalID":"72ab94e3-3486-4e17-84b2-fbdb5c0ccc33","Shape__Are":21363655.046875,"Shape__Len":24604.88548466607,"CreationDa":"2026-07-21","Creator":"NMesplay_understandingwar","EditDate":"2026-08-20","Editor":"mewert_understandingwar","Area_KM":9.460796956904327}},{"type":"Feature","geometry":{"bbox":[34.2285546344795,51.6969437198857,34.2436982547744,51.7052283727116],"type":"Polygon","coordinates":[[[34.233988084594,51.6969437198857],[34.2337746332044,51.6969502432905],[34.2335984295597,51.6969749332223],[34.2334777651558,51.69701474231951],[34.2333760570011,51.6970757629712],[34.2332774561188,51.6971667294858],[34.2331703715471,51.697283479118],[34.2329094127537,51.6974860629544],[34.2327267735783,51.6976121702289],[34.2326135777677,51.6976733114542],[34.2324906936267,51.6977159962889],[34.2323508421066,51.6977260278846],[34.2322075302761,51.69769327277051],[34.2320945374847,51.6976773286622],[34.2319521572071,51.697678821961],[34.2317993780318,51.6977203926637],[34.2316270937367,51.6978049932853],[34.2312858525064,51.6980969169706],[34.2310791456679,51.6982675264104],[34.2308463239058,51.6984070024987],[34.2304644473836,51.6986408246724],[34.2301371021924,51.6988526620934],[34.2298927532486,51.6989908318675],[34.2296435758601,51.6991204843435],[34.2292126468318,51.6993248393781],[34.2290429963972,51.6994222542679],[34.2289619054765,51.6994816297781],[34.2289039344962,51.6995464709488],[34.2288646071514,51.6996211099189],[34.2288690681851,51.6997010034733],[34.2289276509181,51.6999130814615],[34.2289533238705,51.7000127365881],[34.2289347799482,51.700091441334],[34.2288455071718,51.700188013874005],[34.2287095273906,51.7002565291645],[34.2285546344795,51.7003052545625],[34.2285546533441,51.7003052851839],[34.2286480323196,51.7004476951958],[34.2287098229364,51.7005419302945],[34.2287352129196,51.7005806517052],[34.2295043711271,51.700842567781606],[34.2304362025545,51.7016073847354],[34.2314032470427,51.7028224540385],[34.232274677547,51.703917358684],[34.2327531858443,51.7047445502177],[34.2330554006654,51.7050566939413],[34.2337102006423,51.70521276471721],[34.2345412922988,51.7052283727116],[34.23529683025,51.7051971578308],[34.2363797681896,51.7049318371557],[34.23826861351671,51.7037924976406],[34.2409633662313,51.701857116868],[34.2419455661966,51.7009362208157],[34.2428522115584,51.70049917741811],[34.2436982547744,51.7002582066638],[34.2433022747022,51.7001943514119],[34.2426859199245,51.7000852474247],[34.2423876675721,51.7000156016586],[34.241947370912,51.6998760832039],[34.241483214998,51.6997039832562],[34.2412640566114,51.6995863924768],[34.241156306388,51.6995104467267],[34.2410661101436,51.6994043398232],[34.2409692573829,51.6993068686614],[34.2408422760259,51.6991997201266],[34.2406858326226,51.6991071620016],[34.2405344512258,51.699031675895],[34.2403392401281,51.6989495178893],[34.2400659088382,51.6988667545244],[34.239843531788,51.6987991558029],[34.2395376994512,51.6987038881584],[34.2394090930418,51.69862102356821],[34.23933540603571,51.6985304424814],[34.239313177224,51.6984735790089],[34.2392962008618,51.698356704945],[34.239277046085,51.6982441378186],[34.2392471088298,51.69815737715621],[34.2391900056222,51.6980851794816],[34.2390802395793,51.69801924603921],[34.2388494210603,51.6979788571021],[34.2386124176405,51.6979642254297],[34.2384052275085,51.6979478543648],[34.238147009475,51.6979134608],[34.2378746618404,51.6978663692126],[34.237705929484,51.697828178878],[34.237474726486,51.6977735160485],[34.237299453496,51.6977482391446],[34.2371245730698,51.6977372354076],[34.2369078491176,51.6977081127682],[34.236777962609,51.697662372842906],[34.2366451188464,51.6975923981843],[34.2365606188192,51.6975261967659],[34.2365014566729,51.6974625837591],[34.2364579818064,51.6973003097752],[34.2364090981836,51.697192336892],[34.2363710715993,51.6971456309678],[34.2363057595866,51.697109203387],[34.236215887634,51.6970987295612],[34.2360596526398,51.6970975185371],[34.2358751189175,51.6971537055661],[34.2356315766608,51.6972362053611],[34.2354122448994,51.6972799073075],[34.23519186300731,51.697285081004],[34.2349965890275,51.6972842792259],[34.2348602427337,51.6972543071892],[34.2346787911311,51.697170566895],[34.2344920843842,51.69706261319],[34.2343455071776,51.6969942072061],[34.2341582533566,51.696950496632],[34.233988084594,51.6969437198857]]]},"properties":{"OBJECTID":1949,"GlobalID":"fba168b4-e6f6-48ea-979d-4337d83c52bc","Shape__Are":1406152.009765625,"Shape__Len":4865.832112391666,"CreationDa":"2026-07-21","Creator":"NMesplay_understandingwar","EditDate":"2026-08-20","Editor":"mewert_understandingwar","Area_KM":0.540953516845963}},{"type":"Feature","geometry":{"bbox":[35.6806302480859,47.553212404726,35.6864539065969,47.5573881108046],"type":"Polygon","coordinates":[[[35.6830064285563,47.55323085496391],[35.6829268863312,47.553219911048906],[35.6828462239069,47.5532137439932],[35.6827650701041,47.553212404726],[35.6826840573369,47.5532159017353],[35.6826038171207,47.5532242089503],[35.6825249764798,47.5532372614971],[35.6824481489635,47.553254956305],[35.682373933748,47.553277156957],[35.6823029102466,47.5533036900521],[35.6822356309234,47.5533343482375],[35.6821726221911,47.553368892027],[35.6821143736314,47.5534070528328],[35.6820613406903,47.5534485323596],[35.6820139356945,47.5534930080619],[35.6819725296481,47.5535401325369],[35.681937444148,47.5535895377697],[35.6819089540788,47.5536408405894],[35.6806654368922,47.5562875905324],[35.6806473367376,47.5563341438398],[35.6806355741972,47.5563816137422],[35.6806302480859,47.5564296086057],[35.6806314015228,47.5564777319481],[35.6806390246263,47.5565255854699],[35.6806530554127,47.5565727732978],[35.680673377101,47.5566189074411],[35.6806998217064,47.5566636053668],[35.6807321718364,47.5567064978799],[35.6807701588948,47.556747231548805],[35.6808134702679,47.5567854680989],[35.6808617475279,47.5568208935053],[35.6809145909245,47.5568532125369],[35.6809715656731,47.5568821620937],[35.6810321992598,47.5569074996871],[35.6810959922214,47.5569290161714],[35.6811624163484,47.55694653574341],[35.68123092366861,47.5569599123046],[35.6836135477546,47.5573612912122],[35.683708140354,47.557375015037],[35.6838039789167,47.5573839708643],[35.6839005379283,47.5573881108046],[35.6839972864844,47.557387411216],[35.6840936918841,47.557381876948],[35.6841892241213,47.5573715364921],[35.6842833585799,47.5573564474371],[35.6843755787286,47.5573366928325],[35.6844653752228,47.5573123824007],[35.6845522566838,47.5572836482935],[35.6846357443097,47.5572506487299],[35.6847153790613,47.5572135655714],[35.6847907243574,47.5571726018968],[35.6848613642781,47.5571279832156],[35.6849269116494,47.55707995686141],[35.684987006247,47.5570287822928],[35.6850413165924,47.556974745643],[35.6850895453434,47.5569181409271],[35.6851314274969,47.5568592803479],[35.68516673128761,47.5567984864156],[35.6864174260133,47.5543280079771],[35.6864362070909,47.5542831473989],[35.6864484062125,47.5542372621931],[35.6864539065969,47.5541907931126],[35.68645265614211,47.5541441845496],[35.6864446674242,47.5540978808975],[35.686430015902,47.5540523241267],[35.6864088417124,47.55400795075221],[35.6863813478748,47.5539651857718],[35.686347795799,47.5539244384209],[35.6863085088783,47.553886096111],[35.6862638599138,47.553850526247],[35.6862142783,47.5538180707711],[35.6861602365508,47.5537890376749],[35.6861022511975,47.5537637058488],[35.686040877399,47.5537423165943],[35.6859767026534,47.553725074836],[35.6859103387135,47.5537121460901],[35.6830064285563,47.55323085496391]]]},"properties":{"OBJECTID":1950,"GlobalID":"0a309549-b92a-40d8-b2d6-4e0f47648bdc","Shape__Are":318836.728515625,"Shape__Len":2137.5131977991196,"CreationDa":"2026-07-21","Creator":"NMesplay_understandingwar","EditDate":"2026-08-20","Editor":"mewert_understandingwar","Area_KM":0.145302890736174}},{"type":"Feature","geometry":{"bbox":[35.0350606314098,51.1089072499699,35.0446277493727,51.1174594437198],"type":"Polygon","coordinates":[[[35.04330140302541,51.1118700157121],[35.0433589850351,51.111849521257106],[35.0434168419293,51.11182893035501],[35.0434727360046,51.1118066452937],[35.0435288600486,51.1117842694233],[35.043582925154,51.1117602484553],[35.0436371780073,51.111736142316],[35.0436892758022,51.1117104452163],[35.0437415227174,51.1116846730948],[35.0437915229461,51.1116573630222],[35.0438416327693,51.1116299903331],[35.0438894078711,51.111601132702],[35.043937257533,51.1115722299356],[35.0439826853369,51.1115418963643],[35.04402815626,51.1115115362666],[35.0440711235783,51.111479804013],[35.0441141034731,51.1114480621503],[35.0441544980165,51.111415009600506],[35.0441948808817,51.1113819660506],[35.0442326020388,51.1113476744108],[35.0442702881616,51.1113134148918],[35.0443052389144,51.1112779693161],[35.0443401348699,51.1112425795463],[35.0443722262851,51.1112060697009],[35.0444042467334,51.1111696382189],[35.0444333961661,51.1111321537706],[35.0444624629537,51.1110947736271],[35.0444885949454,51.1110564076269],[35.0445146371055,51.1110181730009],[35.0445376842824,51.1109790213201],[35.0445606380345,51.1109400297752],[35.0445805411079,51.1109001905418],[35.0446003507566,51.1108605402061],[35.0446082514395,51.1108200269519],[35.0446161521225,51.1107795136622],[35.0446207227506,51.1107387989969],[35.0446252933788,51.1106980854237],[35.0446277493727,51.1106164692366],[35.0446256365352,51.1105757775509],[35.0446235138162,51.1105348827964],[35.0446180673306,51.11049429988711],[35.0446125983872,51.11045354098],[35.04460383083,51.11041317400431],[35.0445950318318,51.11037265923],[35.0445829638643,51.1103326153457],[35.0445708608624,51.1102924524263],[35.0445555230273,51.1102528365361],[35.0445401492595,51.1102131309385],[35.044521579286,51.1101740502018],[35.044502979668,51.1101349073937],[35.0444812242684,51.1100964650226],[35.0444594482076,51.1100579870884],[35.044434563976,51.11002028629561],[35.0444096725577,51.1099825758843],[35.0443817214777,51.1099457153712],[35.0443537820757,51.1099088706205],[35.0443228467923,51.1098729603691],[35.0442919393566,51.1098370811091],[35.0442919088139,51.1098370483978],[35.0442580665822,51.1098021797785],[35.0442242701646,51.1097673596362],[35.0441875928498,51.1097336082287],[35.0441510143498,51.109699948727],[35.0441509900953,51.10969992729541],[35.0441509658408,51.1096999058637],[35.0441115819021,51.1096673946229],[35.0440723183376,51.1096349809297],[35.044072282405,51.109634952166104],[35.04407224557411,51.1096349239665],[35.0440302466396,51.1096037228325],[35.0439884022154,51.1095726395517],[35.0439883537064,51.10957260514821],[35.0439883060956,51.1095725707447],[35.0439438026581,51.10954276601381],[35.0438994941551,51.1095130926738],[35.0438994285781,51.109513051502404],[35.043899363001,51.1095130097669],[35.0438525922158,51.1094847509026],[35.0438058214305,51.1094564937129],[35.0438057441754,51.109456448029405],[35.0438056615304,51.1094564124978],[35.0438055779871,51.1094563764023],[35.0437316367577,51.1094250172295],[35.0436574970007,51.1093935740002],[35.0436573972877,51.1093935322646],[35.0436572966764,51.1093934922211],[35.0436570972504,51.1093934110059],[35.0435813540006,51.1093638035575],[35.0435054337827,51.1093341272827],[35.0435053816804,51.1093341075429],[35.0435053295781,51.1093340872391],[35.0435052244752,51.1093340488874],[35.0435050151677,51.1093339699281],[35.0434275588307,51.1093061486146],[35.0433499470851,51.1092782731408],[35.0433498940845,51.1092782545289],[35.0433498401856,51.1092782359171],[35.0433497341843,51.1092781986933],[35.0433495203853,51.1092781259379],[35.0432704488774,51.1092521274256],[35.0431912489104,51.109226086035],[35.0431911447058,51.1092260533232],[35.0431910405012,51.1092260206114],[35.0431908320921,51.1092259563159],[35.0431102612959,51.1092018195268],[35.0430295862952,51.1091776517053],[35.0430295305996,51.1091776359134],[35.0430294749041,51.1091776189935],[35.043029363513,51.1091775874096],[35.0430291398325,51.109177524806],[35.0429471973089,51.1091552869699],[35.0428651766319,51.1091330293832],[35.0428651146481,51.109133013591304],[35.0428650526644,51.1091329977993],[35.0428649286969,51.109132966215505],[35.0428646807619,51.1091329019198],[35.0427814770036,51.1091125946261],[35.0426982229397,51.1090922760435],[35.0426981573627,51.1090922613795],[35.0426980917857,51.1090922472796],[35.0426979615299,51.10909221569571],[35.0426977001202,51.109092155912],[35.0426133555016,51.1090738090577],[35.0425289893233,51.1090554576842],[35.0425289156615,51.1090554418923],[35.0425288419996,51.1090554277923],[35.0425286946759,51.1090553962084],[35.0425284000285,51.1090553358606],[35.0424430169574,51.1090389708826],[35.04235764197111,51.1090226070268],[35.0423575728008,51.1090225957469],[35.0423575027322,51.1090225827749],[35.042357362595,51.1090225585229],[35.042357083219,51.109022508327],[35.0422707667983,51.1090081449695],[35.0421844872085,51.1089937883756],[35.0421844162416,51.1089937782236],[35.0421843452747,51.108993766943605],[35.0421842033409,51.1089937455116],[35.0421839185749,51.1089937009557],[35.0420968080435,51.1089813651664],[35.0420097666824,51.1089690389619],[35.0420096885289,51.1089690288099],[35.0420096112738,51.1089690175299],[35.0420094558653,51.108968997226],[35.0420091450482,51.108968957746],[35.0419213706618,51.1089586658844],[35.04183369509,51.1089483858645],[35.0418336115467,51.10894837740451],[35.0418335289017,51.1089483689444],[35.0418333618151,51.1089483514605],[35.0418330276418,51.1089483159285],[35.041744707978,51.108940083225306],[35.0416565194682,51.1089318618006],[35.0416561664303,51.1089318336006],[35.0416558133924,51.1089318048366],[35.0415670526558,51.1089256408822],[35.0414784527177,51.1089194870789],[35.041478368276,51.1089194831309],[35.0414782838344,51.1089194774909],[35.0414781140528,51.1089194673389],[35.0414777762862,51.10891944872691],[35.0413886993427,51.1089153608549],[35.0412998164352,51.1089112831346],[35.0412994535159,51.1089112718545],[35.0412990896982,51.1089112588826],[35.0412098375831,51.10890925555431],[35.0411208109452,51.1089072584299],[35.0411204291612,51.108907253917906],[35.0411200473772,51.1089072499699],[35.0409416814876,51.1089074186059],[35.0409412916188,51.1089074242459],[35.04094090175,51.1089074281939],[35.0408517969586,51.1089095973383],[35.0407626544381,51.108911764790605],[35.0407622879254,51.1089117788906],[35.0407619223111,51.1089117918626],[35.040672985504706,51.1089160410389],[35.0405840415118,51.1089202902149],[35.0405836669143,51.1089203133388],[35.0405832914185,51.10892033589881],[35.0404946564461,51.108926661158],[35.0404060448298,51.1089329852882],[35.0404056747239,51.1089330151802],[35.040405304618,51.1089330462002],[35.0403171241931,51.10894143626061],[35.0402289437682,51.1089498274475],[35.0402285601876,51.10894986636341],[35.0394063681406,51.109020807870905],[35.0385832607104,51.1090874363776],[35.037759298084,51.1091497490821],[35.0369345350587,51.1092077392339],[35.0363102903779,51.1092487242742],[35.0356856486417,51.1092872327739],[35.0350606314098,51.1093232658674],[35.0351263395795,51.1094477394062],[35.0353206308024,51.1098157950399],[35.0352301641651,51.1136807574286],[35.0352093421152,51.1145701957262],[35.0351996052758,51.1149861093302],[35.0352541833192,51.1161521022849],[35.0352731746026,51.116557849074],[35.035273189874,51.1165582037714],[35.0353036526436,51.1172089859237],[35.0353107834703,51.1174594437198],[35.0353108131147,51.117459317971],[35.0353407395901,51.1173297554096],[35.0353407647429,51.1173296567275],[35.0353407773193,51.11732960823241],[35.035340789895706,51.1173295597372],[35.0353772588013,51.1172005776278],[35.0353772965306,51.1172004546978],[35.0353773153952,51.1172003932329],[35.0353773351581,51.1172003317678],[35.0354202809169,51.117072186126],[35.0354203321209,51.117072044587],[35.035420358172,51.11707197184381],[35.0354203842232,51.1170719019202],[35.0354697744958,51.1169446795937],[35.0354698274964,51.1169445527157],[35.0354698535476,51.1169444895586],[35.0354698795987,51.1169444252738],[35.0355256694694,51.1168182424345],[35.0355257323515,51.1168181093533],[35.0355257628942,51.1168180439404],[35.0355257943352,51.116817976835904],[35.0355879200236,51.1166929755964],[35.0355879909906,51.116692841387],[35.0355880260249,51.1166927742823],[35.0355880610592,51.1166927071776],[35.0356564507,51.1165690285241],[35.0356565405316,51.1165688740137],[35.0356565854473,51.1165687967585],[35.0356566079052,51.1165687584128],[35.0356566303631,51.1165687200672],[35.0357312040064,51.1164465032955],[35.0357313136009,51.1164463318675],[35.03573136839811,51.1164462461534],[35.0357313953476,51.1164462032964],[35.0357314231953,51.1164461604394],[35.0358121143657,51.1163255093206],[35.0358122338417,51.1163253390199],[35.0358122931305,51.1163252533056],[35.0358123227749,51.1163252104485],[35.0358123524193,51.1163251675914],[35.0358990964381,51.1162061774385],[35.0358992204056,51.1162060144683],[35.035899281491,51.1162059327012],[35.0358993129321,51.1162058926635],[35.0358993434748,51.1162058514979],[35.035992052307,51.116088643001405],[35.0359921852577,51.1160884800306],[35.035992251733006,51.1160883999551],[35.0359922849707,51.1160883587895],[35.0359923182084,51.1160883187517],[35.0360908571068,51.1159730554599],[35.0360910358716,51.1159728541426],[35.0360911248048,51.1159727543299],[35.0360911697206,51.115972704141505],[35.036091213738,51.115972652825405],[35.0361954722099,51.1158594605059],[35.0361956725342,51.1158592518573],[35.0361957722472,51.1158591475329],[35.0361958225528,51.1158590945249],[35.0361958719602,51.1158590420807],[35.0363057925133,51.1157479793962],[35.0363059901427,51.1157477859728],[35.0363060889573,51.1157476906709],[35.0363061383647,51.115747642174],[35.036306187772,51.115747594805],[35.0364216563203,51.1156387745544],[35.0364218791025,51.1156385715439],[35.036421989595304,51.1156384700387],[35.0364220452908,51.11563841985],[35.0364221009864,51.1156383702252],[35.0365429971556,51.1155319074639],[35.0365432208361,51.1155317162953],[35.0365433331255,51.1155316221208],[35.0365433888211,51.1155315747515],[35.0365434445166,51.1155315262545],[35.0366696317629,51.1154275388582],[35.0366698922743,51.115427327388005],[35.0366703324489,51.1154269619675],[35.0368906828998,51.1152457130338],[35.0368911491255,51.1152453357695],[35.0368916153511,51.115244960196904],[35.0371172245398,51.115066273024404],[35.0371176790873,51.1150659200074],[35.0371181327365,51.1150655669904],[35.0373489620353,51.1148894737528],[35.037349408498,51.1148891393441],[35.0373496321785,51.1148889724216],[35.0373497444679,51.1148888878325],[35.0373498001634,51.11488884666581],[35.037349855859,51.1148888038074],[35.0375857857919,51.1147153964552],[35.0375862618991,51.1147150535862],[35.0375867380062,51.1147147107173],[35.037827648199,51.1145440761261],[35.03782815664551,51.1145437214133],[35.0378286650919,51.114543368392305],[35.0380744953577,51.114375548324],[35.0380750136856,51.114375200941],[35.0380755311152,51.1143748552498],[35.0383262383346,51.1142098790598],[35.03832674857761,51.1142095491576],[35.0383272588207,51.1142092203832],[35.0385827172296,51.1140471698731],[35.0385832786767,51.1140468213598],[35.0385838392254,51.1140464711546],[35.038843943721,51.1138874134638],[35.0388445159479,51.1138870705888],[35.0388450872764,51.1138867277136],[35.0391097570102,51.1137307096804],[35.0391103732545,51.1137303527056],[35.03911098949881,51.1137299951668],[35.0393801741653,51.113577046147],[35.0393807607651,51.1135767184961],[35.039381347365,51.113576391409005],[35.0396549750989,51.1134265520374],[35.0396555895465,51.11342622156571],[35.0396562048925,51.1134258916579],[35.0399341355565,51.1132792375336],[35.0399347652756,51.1132789115724],[35.0399353958929,51.1132785861751],[35.0402175414523,51.1131351647004],[35.0402181945275,51.1131348387381],[35.040218848501,51.113134511648006],[35.040505095768,51.112994379812],[35.0405057829792,51.112994049901],[35.0405064710887,51.1129937199902],[35.040796748198,51.112856911096],[35.0407974336126,51.112856593591],[35.0407981190271,51.11285627665],[35.0410924134024,51.1127227986228],[35.0410930485113,51.1127225155181],[35.0410936836202,51.1127222341052],[35.041391868599,51.1125921433695],[35.0413925270641,51.1125918619559],[35.0413931846309,51.1125915799783],[35.0416950500074,51.1124649718714],[35.0416957704563,51.1124646746663],[35.0416964909051,51.112464378589],[35.0420019764922,51.1123412745702],[35.0420026753815,51.1123409987946],[35.0420033751691,51.11234072301901],[35.0423124486274,51.1122211366514],[35.0423131394319,51.1122208738462],[35.0423138311347,51.1122206121689],[35.0426263433439,51.1121046015679],[35.0426270593012,51.1121043415818],[35.0426277761568,51.1121040815958],[35.0429435968612,51.1119916941613],[35.0429443280899,51.1119914398142],[35.0429450593185,51.1119911860311],[35.043264113958,51.111882449988],[35.0432648380001,51.1118822069196],[35.04330140302541,51.1118700157121]]]},"properties":{"OBJECTID":1951,"GlobalID":"a77ed7ba-9a55-4a8d-ae62-1002375ade87","Shape__Are":810223.080078125,"Shape__Len":4331.482968668262,"CreationDa":"2026-07-21","Creator":"NMesplay_understandingwar","EditDate":"2026-08-20","Editor":"mewert_understandingwar","Area_KM":0.319791640297156}},{"type":"Feature","geometry":{"bbox":[37.831185615290906,48.9707663017487,37.8328884249125,48.9717988635804],"type":"Polygon","coordinates":[[[37.8318597488094,48.9716972483851],[37.8320059406387,48.9717403476839],[37.8321531233098,48.9717837376585],[37.8323990559835,48.9717988635804],[37.8325938053471,48.9717300276552],[37.8327935484455,48.9715890745181],[37.8328584651995,48.9714874583054],[37.8328884249125,48.9713858383476],[37.8328085296495,48.9711989976421],[37.832683689876205,48.9710613216813],[37.8324539852681,48.970903977934505],[37.8322292734964,48.9708253064646],[37.8317299153013,48.9707663017487],[37.8314602626126,48.9708121946391],[37.8312355508409,48.9709367583158],[37.831185615290906,48.9711531068768],[37.8312127435142,48.9712261203607],[37.8312355499426,48.9712874997938],[37.831440287674,48.9714841814249],[37.8315609314166,48.9715454644217],[37.8315680191242,48.971549064445306],[37.8318597488094,48.9716972483851]]]},"properties":{"OBJECTID":1952,"GlobalID":"da2a996f-e773-4f46-9aae-cde92245a8ef","Shape__Are":23744.705078125,"Shape__Len":562.4279722043959,"CreationDa":"2026-07-21","Creator":"NMesplay_understandingwar","EditDate":"2026-08-20","Editor":"mewert_understandingwar","Area_KM":0.010241221143064}},{"type":"Feature","geometry":{"bbox":[34.2880037574753,51.7133173700061,34.3089505322349,51.7326490181454],"type":"Polygon","coordinates":[[[34.2953256396919,51.7146430573876],[34.2951783644943,51.7148902536136],[34.293458714156,51.7168981768389],[34.2909453798063,51.7202581750639],[34.2895290932345,51.7234697007888],[34.288833590592,51.7260832198363],[34.2880037574753,51.7298224680354],[34.2880133541775,51.7301790886689],[34.2880438151504,51.7304746669809],[34.2884618317949,51.7314841628763],[34.2886382186958,51.7317672055183],[34.2888457403063,51.7318811285506],[34.2891875133393,51.7320323231651],[34.2896080731142,51.7321749615551],[34.2907114297603,51.7324041933907],[34.2911318197537,51.732432088625],[34.292156174062,51.7324638099124],[34.2961695431209,51.7322773891688],[34.2967356236837,51.7322198275969],[34.2972751419619,51.7321228177027],[34.2976724623205,51.7320905058759],[34.2979143750332,51.7320995857035],[34.2992960306526,51.7321163644636],[34.3000585449203,51.7322629260387],[34.3001223585431,51.73229256777281],[34.3006009027731,51.7325889462127],[34.3006817448605,51.7326139799961],[34.3008308831639,51.7326447692608],[34.3009543619896,51.7326490181454],[34.3014509201359,51.7325529138079],[34.301562369621706,51.73250402062901],[34.3016404898137,51.7324424435559],[34.301778076681,51.7323187483768],[34.3020007079545,51.7320257458441],[34.302059340993,51.7318691405605],[34.302059340993,51.7312774221712],[34.301950976322,51.7307069335859],[34.301950976322,51.7304198955974],[34.3019472204658,51.7303909503394],[34.3019160471288,51.7301506718233],[34.3019103589965,51.7301068330425],[34.3019208279628,51.7300470370373],[34.3019473273653,51.7298956705341],[34.3019742750272,51.7297417441258],[34.3019831081614,51.7297166714733],[34.3029350151388,51.7249542878217],[34.30381443795411,51.7225151714259],[34.3039121108767,51.7223624658482],[34.3056243168762,51.7209729105961],[34.3058640430895,51.7208480276218],[34.3073481569569,51.7203277484878],[34.3077178361542,51.7202484734644],[34.3088359844598,51.7201851183459],[34.3088926070687,51.720184217915],[34.3089505322349,51.720179989006],[34.3089329629845,51.7201791564691],[34.308916999922,51.72017832838421],[34.3088840030049,51.7201766978137],[34.3088032750036,51.7201692706482],[34.3087890367064,51.7201679606265],[34.3085797409233,51.7200740424356],[34.3083668195397,51.7199833067365],[34.3081503965231,51.7198958075301],[34.3079306021293,51.7198115960343],[34.3078397078939,51.7197723690729],[34.3077515346555,51.7197308292046],[34.3076662333311,51.719687047656905],[34.3075839539392,51.7196410989964],[34.3075048393122,51.7195930639112],[34.3074167909396,51.7195345484559],[34.307333438061,51.7194734490149],[34.3072549783058,51.7194099124985],[34.3071815967269,51.7193440874871],[34.3071134666991,51.7192761314657],[34.3070854617201,51.7192343484987],[34.3070765764836,51.7192210910706],[34.3070340628145,51.7191676316849],[34.30674404442,51.7189314546419],[34.3066748292273,51.7188931568693],[34.3066019201622,51.7188575865931],[34.3065255983974,51.7188248796117],[34.3064461549869,51.7187951617062],[34.306363895358,51.7187685469704],[34.3062791348194,51.7187451366975],[34.3061921976628,51.7187250216063],[34.3061034180616,51.7187082779453],[34.3060131364772,51.7186949702755],[34.3059689537383,51.7186623143771],[34.3057173221525,51.7184260356324],[34.305691845931,51.7183953607887],[34.3056443924262,51.7183294574991],[34.305525781571,51.71820433514951],[34.3054112661352,51.7180777571159],[34.3053008937295,51.717949774031],[34.305194707473,51.7178204370842],[34.3050927522815,51.7176898008048],[34.3049441610521,51.7175258813204],[34.3047900209291,51.717363937527],[34.3046304001846,51.7172040451362],[34.3044653697854,51.7170462748511],[34.3042950033935,51.7168906951496],[34.3041193773655,51.7167373772927],[34.3039385689567,51.7165863880899],[34.3037526590154,51.7164377949076],[34.3035617301866,51.7162916651127],[34.30340536314,51.7161497207203],[34.3032451872367,51.71600941550821],[34.3031842311548,51.7159578696769],[34.3029990802899,51.7151685385173],[34.3030378354079,51.7151555542864],[34.3030938498574,51.7151412643371],[34.3031519744495,51.7151306939459],[34.3031793694725,51.71508823703661],[34.3032006029508,51.7150444470979],[34.3032155086963,51.7149996641917],[34.3032239717246,51.7149542411822],[34.3032259237637,51.7149085331614],[34.3032213504406,51.714862896336],[34.3032102867896,51.7148176891401],[34.3031928208455,51.7147732638871],[34.303169088254,51.7147299678827],[34.3031392749664,51.714688140085],[34.3031036136462,51.7146481083216],[34.3030623827713,51.7146101848373],[34.3030159066334,51.7145746668498],[34.3029645472537,51.7145418315406],[34.302908706179,51.7145119366114],[34.3027013525536,51.7144080210781],[34.3024896798282,51.7143075054589],[34.3024318642566,51.7142815103396],[34.3022738326318,51.714210456566505],[34.302163895909,51.714163698079],[34.3019175886379,51.7141181634698],[34.3011169831072,51.713970154384],[34.3007632202601,51.713923982846],[34.2961154474728,51.7133173700061],[34.2953256396919,51.7146430573876]]]},"properties":{"OBJECTID":1955,"GlobalID":"69951027-27f1-4142-aca7-0078936974d2","Shape__Are":4852362.416015625,"Shape__Len":9672.89530127575,"CreationDa":"2026-07-21","Creator":"NMesplay_understandingwar","EditDate":"2026-08-20","Editor":"mewert_understandingwar","Area_KM":1.864869534708787}},{"type":"Feature","geometry":{"bbox":[35.3409936477873,51.0320290591616,35.3572853841856,51.0399376995842],"type":"Polygon","coordinates":[[[35.354251784251,51.0389515189907],[35.3550231442292,51.0383720927148],[35.3551839264954,51.0382513146601],[35.3559743029099,51.0362360084225],[35.356878262309,51.0339309763801],[35.3570350964795,51.033531047887],[35.3572448495051,51.0329961677485],[35.3572853841856,51.0327033639885],[35.3572300344894,51.0325260729358],[35.3571905535327,51.0323996173172],[35.3571712667035,51.0323844867072],[35.35688509759,51.0321599889562],[35.3566568635241,51.032106558956],[35.3564128936693,51.0320494443719],[35.3559089271168,51.0320378846187],[35.3555242514442,51.0320290591616],[35.350671121088,51.032289600953405],[35.3488342675546,51.0326009918602],[35.3472680108393,51.0328665097086],[35.3470404666795,51.0329402106657],[35.3457485653335,51.0333586397935],[35.3440890724748,51.033896124526],[35.3430004841321,51.0342593674138],[35.3421504955153,51.0345429900762],[35.3417080806277,51.0349569640373],[35.3411254306395,51.0355021506585],[35.3409936477873,51.0361621296835],[35.3413147164496,51.0372770503381],[35.3421816257331,51.0384498801474],[35.3423594652099,51.038690472956],[35.3424148813815,51.038765442919],[35.3424496893021,51.0387918917127],[35.343125094835,51.0393050571188],[35.3436789017161,51.0395606901614],[35.3442231083017,51.0398118894716],[35.3448859059796,51.0398692017858],[35.3454628831068,51.0399190925761],[35.3472088262351,51.0399376995842],[35.3524190656628,51.039262601348],[35.3539965135899,51.0389948488739],[35.354251784251,51.0389515189907]]]},"properties":{"OBJECTID":1957,"GlobalID":"8d64a1ce-5997-413e-b658-7d89986b7c71","Shape__Are":1892798.4296875,"Shape__Len":5239.313845562705,"CreationDa":"2026-07-21","Creator":"NMesplay_understandingwar","EditDate":"2026-08-20","Editor":"mewert_understandingwar","Area_KM":0.749512275240868}},{"type":"Feature","geometry":{"bbox":[37.1628534960023,48.4333065549056,37.29068649001431,48.5139235111001],"type":"MultiPolygon","coordinates":[[[[37.288543858043,48.4647060854266],[37.2893175284882,48.4632604445499],[37.2895690558695,48.463234500601],[37.2897306933318,48.4632178277021],[37.2899343458983,48.4631953058774],[37.290054688705304,48.4631703679887],[37.2903442651287,48.4630481742417],[37.2904565931668,48.4629618828282],[37.2905259107674,48.4628893609478],[37.2905875262127,48.4627964101752],[37.290678969318805,48.4626566548818],[37.29068649001431,48.4625618922166],[37.2889427055376,48.4602976943768],[37.2883122427184,48.4593867614387],[37.2879439828592,48.4587191568052],[37.2877912027856,48.4585321079326],[37.2876700218504,48.4583856210618],[37.28729173140281,48.4579865487557],[37.2871561908978,48.4577235477959],[37.28713307634721,48.4576786976417],[37.2870390577713,48.4574370875677],[37.2869119856844,48.4570074513862],[37.287086434021,48.4564107286342],[37.2872916909786,48.455808287313104],[37.2875207434097,48.455316242192],[37.28764383506161,48.4550553149743],[37.2877739443524,48.4548590068235],[37.2876258103654,48.454868422397],[37.2871036178941,48.4549063331103],[37.2865822401948,48.4549488955717],[37.2860617706922,48.454996112153],[37.2855423090994,48.455047967351],[37.2853290822886,48.4550631147853],[37.2851165337059,48.4550819827926],[37.2849048070816,48.4551045564745],[37.2846940551294,48.4551308239106],[37.2844844108,48.4551607642433],[37.2842760339934,48.4551943578059],[37.2840507922157,48.4552350511043],[37.2838274108489,48.4552800106554],[37.28360606326801,48.4553292024891],[37.2833869354241,48.4553825842937],[37.283170206082,48.4554401119696],[37.2829560504132,48.4555017366499],[37.2827446480808,48.4555674106586],[37.2825361706629,48.4556370773826],[37.2823307906361,48.4557106825911],[37.2821286813753,48.4557881619249],[37.28193000906881,48.4558694522157],[37.281734929125,48.4559544891033],[37.2815436095291,48.4560432010778],[37.2813562038928,48.4561355154378],[37.2811678568222,48.4562340534876],[37.28098397887,48.4563362272346],[37.2808047101736,48.4564419538472],[37.2806302196162,48.4565511391743],[37.2804606635046,48.4566636825119],[37.2793237197484,48.4573342214004],[37.2793237502912,48.4573342499961],[37.2753654012468,48.4596686939533],[37.2753620702937,48.4596707003219],[37.27530808064681,48.4597032829509],[37.2752467724253,48.4597347229789],[37.2751818781292,48.4597628150744],[37.2751138055936,48.4597873858905],[37.275042994993,48.4598082704195],[37.2749698945868,48.4598253405876],[37.2748946454103,48.4598345896319],[37.27481849252881,48.459839603154],[37.2747419740329,48.459840342434],[37.2746656307084,48.4598368033021],[37.2745900123245,48.4598290077987],[37.2745156515819,48.4598170208547],[37.2744430739951,48.4598009193141],[37.2743728023837,48.4597808169543],[37.2743053389059,48.4597568626992],[37.2742411551771,48.4597292233433],[37.2741807165248,48.4596980930837],[37.2741244424622,48.4596636970942],[37.2740727417226,48.4596262813989],[37.2740259763272,48.4595861098932],[37.2739844867375,48.4595434661318],[37.273948559516,48.4594986539242],[37.27394853975311,48.4594986044797],[37.2739485262784,48.4594985687366],[37.2739485092104,48.4594985192921],[37.2739279234174,48.4594414918522],[37.2739138027994,48.4593836094922],[37.2739061967639,48.4593251897274],[37.2739051520232,48.4592665584149],[37.2739106685774,48.4592080366472],[37.2739227257651,48.4591499461143],[37.2739412436364,48.459092611486],[37.2739661296647,48.4590363455193],[37.2739972500011,48.4589814579938],[37.2740344213892,48.45892825452031],[37.2740774435048,48.4588770264133],[37.2741260818875,48.4588280590312],[37.2741800679412,48.458781618074106],[37.2742390971368,48.4587379638811],[37.2824967049776,48.4527357950851],[37.2826199538345,48.4526561930333],[37.2827383868233,48.4525734325294],[37.2828518179925,48.4524876482086],[37.2829600694758,48.4523989687485],[37.2830624235193,48.452308045940704],[37.2831593346705,48.452214538378406],[37.283250653809,48.4521185860612],[37.2833362425943,48.4520203361389],[37.2834159671775,48.4519199423162],[37.2834897098791,48.4518175529365],[37.2835573548167,48.4517133312392],[37.2836187986838,48.4516074315277],[37.28367394805571,48.4515000188312],[37.2837227157959,48.4513912563926],[37.28376503363231,48.4512813110312],[37.2838008270047,48.4511703513547],[37.2838300518959,48.4510585477601],[37.2838526535084,48.4509460712413],[37.2838686066896,48.4508330933897],[37.2838778817949,48.4507197869899],[37.2838804590614,48.4506063284027],[37.2838763447774,48.4504928886284],[37.2838655407395,48.4503796416477],[37.2838480658123,48.4502667632304],[37.2838159923634,48.4501361581155],[37.2837771123796,48.4500063677583],[37.2837314698783,48.44987755005981],[37.2836791996069,48.4497499898349],[37.2836791358265,48.449749855177],[37.2836241050321,48.4496319411675],[37.2836202036489,48.4496235816307],[37.2836201308854,48.4496234475683],[37.283554634718,48.4494986049022],[37.2835546095652,48.4494985614062],[37.2835545655477,48.4494984857353],[37.2835383509568,48.4494707192441],[37.283536633378,48.4494677782032],[37.2835303496626,48.44945701861621],[37.283482566476,48.4493751952126],[37.283482535035,48.4493751454603],[37.2834825125771,48.4493751097101],[37.2834824910175,48.4493750769391],[37.2834607805337,48.4493414145801],[37.283448766465106,48.4493227875409],[37.2834249072112,48.44928579561021],[37.2834228545607,48.4492826132447],[37.2834212322033,48.4492800970249],[37.2834078104747,48.4492592874111],[37.2834041058224,48.4492535429433],[37.2834040159909,48.4492534160299],[37.2833851531666,48.449226764217],[37.2833737274945,48.449210621184],[37.2833193282158,48.4491337586351],[37.2833192455708,48.4491336513842],[37.2832283279792,48.4490159951343],[37.2832282264696,48.4490158729871],[37.2831312380633,48.448900392477604],[37.2831311293672,48.4489002727135],[37.2830517964495,48.4488130801696],[37.2830502405674,48.4488113712932],[37.2830294346871,48.4487885040421],[37.2830281509946,48.4487870936821],[37.2829192114018,48.4486762364033],[37.2828045306759,48.44856795055121],[37.2826842705139,48.4484623648455],[37.2825585530865,48.4483596133686],[37.2824275481754,48.4482598075615],[37.2822913959177,48.44816307972031],[37.2821502723832,48.4480695418827],[37.2820043437602,48.4479793048947],[37.281853781627,48.44789248079461],[37.2816987746298,48.4478091691073],[37.2815395069232,48.4477294747207],[37.28137616895,48.4476534894138],[37.2812089547464,48.4475813079444],[37.2796623531695,48.4477408871352],[37.27760841635781,48.44795281091],[37.2759617837808,48.448261238195],[37.2750359683708,48.4484346508181],[37.2738379706164,48.4489236493585],[37.2600082559004,48.45456830459991],[37.2517062317587,48.4586105343375],[37.2463469753002,48.4613001349782],[37.2445181383324,48.4623226356996],[37.2438368084102,48.4625366454536],[37.2431758765331,48.4627135673177],[37.2427513596793,48.4627674697248],[37.2421579146364,48.4627799462157],[37.2408755399239,48.4626478513249],[37.2403230293117,48.4625097105159],[37.2393381344005,48.4622634651804],[37.2378007279789,48.4618790713595],[37.2353499397292,48.4608933045408],[37.2347259142373,48.4606423047965],[37.2330120840837,48.4598066393558],[37.2312982566251,48.4589709553922],[37.2308797917214,48.4587330926287],[37.2298868658715,48.4581686872264],[37.2298336110465,48.4581570543514],[37.2297825831451,48.4581416564407],[37.2297343705638,48.4581226787641],[37.22968954642781,48.4581003435262],[37.2296486452346,48.4580749122496],[37.2296121520745,48.458046686967],[37.2295804909523,48.4580160024765],[37.2295540310756,48.4579832185975],[37.2295539960413,48.4579831596198],[37.2295539690918,48.4579831143439],[37.2295340992561,48.457950361422],[37.2295331102109,48.4579487302986],[37.2295297298505,48.4579445500235],[37.2295226107019,48.4579357486281],[37.2295047980081,48.457913726664906],[37.2295045940906,48.4579134746687],[37.2295003486525,48.4579082274278],[37.2293440858106,48.4577152414205],[37.2293395115891,48.4577093769745],[37.2293393525873,48.4577091785936],[37.229339154958,48.45770893195801],[37.2293390121258,48.457708756811],[37.2293387147834,48.4577083892406],[37.2293332161956,48.4577015924634],[37.2292674163977,48.4576170202001],[37.229266237808,48.4576155064267],[37.2291604683698,48.4574800047564],[37.2291505878,48.4574668627116],[37.2291504773073,48.457466719138],[37.2291393121466,48.4574523677353],[37.229072148706,48.4573625441851],[37.2290716582259,48.4573618900601],[37.228982232736,48.4572429547501],[37.2289672865663,48.4572223026973],[37.2289672102095,48.4572221996336],[37.2289565202576,48.4572079029702],[37.2289515256247,48.457201222891904],[37.2289514465729,48.4572011156579],[37.2289468211475,48.4571946744721],[37.2289262362528,48.457166001296],[37.228888051565,48.4571128155794],[37.2288879976661,48.4571127399197],[37.2288878970547,48.4571126005154],[37.2288094085534,48.4570041455894],[37.2287897776695,48.4569759310306],[37.2287897579066,48.4569759030305],[37.2287696581021,48.456947905308],[37.2287114355936,48.4568633425126],[37.2287113574402,48.4568632299162],[37.2286420488227,48.4567636302709],[37.228617865277,48.4567274432569],[37.2286178302427,48.4567273914267],[37.2286092881626,48.4567149867254],[37.2285940069213,48.4566927920609],[37.2285754171849,48.4566646089038],[37.2285516935765,48.4566286440343],[37.2285453254195,48.4566189892954],[37.22854376414751,48.456616621781],[37.22854160819081,48.4566133528953],[37.2285415560885,48.4566132736604],[37.2285415291391,48.4566132331494],[37.2285413638491,48.4566129841254],[37.2284801867816,48.456521465367],[37.2284519850716,48.4564774851411],[37.2284413508152,48.456461361689904],[37.2284245253699,48.4564358545273],[37.228397665743,48.4563934082928],[37.2283912365005,48.4563832477142],[37.2283829818813,48.4563702030891],[37.2283679422868,48.4563464360787],[37.2283238619558,48.4562777038761],[37.2283040684769,48.456245494970105],[37.2283006908114,48.4562401552147],[37.2282973409937,48.4562348619278],[37.2282808587049,48.4562088137052],[37.2282577890701,48.4561708729853],[37.2282189459172,48.4561069906026],[37.2281586141644,48.4560077689716],[37.228152877523,48.4559983327578],[37.2281420097047,48.455980459412],[37.2281076599248,48.4559215990395],[37.2280731870758,48.455862528295505],[37.2280279506131,48.4557856216012],[37.2280187141353,48.4557691857516],[37.2280165932129,48.4557655510141],[37.2280136494337,48.4557605067057],[37.2280123064524,48.4557582046851],[37.228009421962,48.4557532622512],[37.2280080053188,48.4557508327373],[37.2279978606443,48.4557326959778],[37.227957959276,48.4556613564848],[37.22793030464,48.4556119147526],[37.2279280103427,48.4556078129257],[37.2279024685443,48.4555623746712],[37.2278884377578,48.4555374103935],[37.2278862907843,48.4555334080532],[37.2278839201303,48.4555289845076],[37.2278829499498,48.4555272502393],[37.2278813365755,48.45552436495541],[37.2278788832765,48.45551997894211],[37.2278695084582,48.4555024682481],[37.2278590538649,48.4554829396945],[37.2278121923498,48.4553954093351],[37.2278008888486,48.4553742965998],[37.227757749952,48.4552937186487],[37.2277576340693,48.4552935023854],[37.2277575532209,48.4552933498692],[37.2277575352547,48.4552933159105],[37.2277574579995,48.4552931705435],[37.2277554314003,48.455289387426],[37.2277551789736,48.4552889137916],[37.2277549427167,48.4552884723286],[37.2277546606457,48.4552879438836],[37.2277545995603,48.4552878414118],[37.2277151132137,48.45522085456601],[37.2276399035631,48.4550932636771],[37.2276398730204,48.4550932094622],[37.227639843376,48.455093155843],[37.227621129672,48.4550594770185],[37.2275903965095,48.4550041645796],[37.2275512326581,48.4549336825686],[37.2275309217495,48.4548971272552],[37.2275309073764,48.4548971004455],[37.2275308831219,48.45489705397531],[37.2275308597657,48.4548970092925],[37.2275147547693,48.4548661727638],[37.2275128404595,48.4548625081731],[37.227508268933,48.4548537562881],[37.22748483098891,48.4548088833424],[37.2274740233577,48.4547881921699],[37.227463045945,48.4547671739099],[37.2274497266242,48.45474167244971],[37.2274277610189,48.4546996168177],[37.227427738561,48.4546995715389],[37.2274277196964,48.454699532813706],[37.227427704425,48.4546995006419],[37.227420837703,48.4546854713662],[37.227374817011,48.4545914427088],[37.2273627211957,48.4545667293707],[37.2273304492191,48.4545007907347],[37.2273304186764,48.4545007246036],[37.2273303944219,48.4545006709837],[37.2273171245085,48.4544716322668],[37.2273131719212,48.4544629821922],[37.2272390366558,48.4543007425279],[37.2272389845535,48.4543006227765],[37.2271535475835,48.4540995442722],[37.2271534999728,48.4540994257119],[37.2270740224263,48.45389727340591],[37.2270739784089,48.4538971536535],[37.2270004872355,48.4536940073681],[37.2270004477096,48.4536938876153],[37.22693290518,48.4534897080166],[37.2268714379567,48.4532846845539],[37.2268160379548,48.4530789238638],[37.2268138280992,48.4530753419592],[37.22681237732,48.4530729903661],[37.2268120853676,48.4530725173067],[37.2268118347376,48.4530721103804],[37.22681088072681,48.4530705660861],[37.2265859183251,48.4527065944936],[37.2265858868841,48.4527065444467],[37.2265858662228,48.4527065128694],[37.226585826697,48.452706449715],[37.2265054391571,48.452579743225904],[37.2265054068178,48.4525796943704],[37.2263488619048,48.4523342504771],[37.226314908282,48.4522821786147],[37.2262529532735,48.4521871666023],[37.2262528625436,48.4521870271844],[37.2261058002468,48.4519634307799],[37.2261057220934,48.4519633128104],[37.2260023349873,48.45180896794851],[37.2260021589175,48.4518087051975],[37.2259220229059,48.4516890722939],[37.2258561467512,48.4515932905769],[37.2258560389534,48.4515931320915],[37.2257969881982,48.4515072740214],[37.2257488654484,48.451437303129],[37.2257488411939,48.4514372667845],[37.2257487064466,48.4514370731457],[37.2256856096794,48.4513453293729],[37.2255990749681,48.4512227347766],[37.2255988557791,48.4512224237615],[37.2255266186539,48.4511200836196],[37.2255110562399,48.451098036059],[37.2254717477597,48.4510423469193],[37.2254717297934,48.4510423212992],[37.2254716112158,48.4510421550664],[37.2254440814456,48.451003151719],[37.2254184255611,48.450967720862],[37.2254182926104,48.4509675373502],[37.2254050963589,48.4509493130843],[37.225197465154004,48.4506625745173],[37.225197416645,48.450662508977],[37.2251973834073,48.4506624630988],[37.2251492561659,48.4505971563257],[37.2251445525871,48.4505907726925],[37.2250995164487,48.4505296633962],[37.2250994634481,48.4505295930892],[37.2233711156212,48.4483727285742],[37.2231514892123,48.4481208130708],[37.2229289801097,48.4478700171184],[37.2227035865167,48.4476203532466],[37.2227025283013,48.4476191871554],[37.222687677353,48.4476028922636],[37.2223545326384,48.4472420014069],[37.2220153871775,48.4468835736757],[37.22167027420831,48.4465276573877],[37.2213192413414,48.4461742978822],[37.22096232989921,48.4458235339447],[37.220599583001,48.4454754109158],[37.2202310464607,48.4451299741374],[37.2198567723808,48.4447872612053],[37.2194767913038,48.4444473144832],[37.2190911634169,48.4441101816985],[37.2187111643737,48.4437855045949],[37.2186999246528,48.443775901045],[37.218565270785,48.4436634429581],[37.2185585064709,48.443657791414],[37.2185582441628,48.4436575721217],[37.2184047553184,48.4435293807036],[37.21831395720281,48.4434535476234],[37.2183139086938,48.4434535076978],[37.2183133768911,48.44345306494],[37.2181683807194,48.44333449094291],[37.2181611322134,48.443328572396],[37.2179811457631,48.4431816227355],[37.2179111966468,48.4431245132052],[37.2179111741889,48.443124494732],[37.2179105768093,48.4431240084701],[37.2177648008999,48.4430074681438],[37.2177592520064,48.4430030375478],[37.2177585647952,48.443002488118104],[37.217758527066,48.4430024595144],[37.2176924523836,48.4429497166212],[37.2175031099796,48.4427985765956],[37.2175024955319,48.4427980867551],[37.2173585935082,48.4426856056462],[37.2173534093307,48.4426815587911],[37.2173503766183,48.4426791912228],[37.2173503227194,48.4426791501047],[37.2170893720108,48.4424754828019],[37.217088702766,48.4424749613746],[37.2169490722315,48.4423682450586],[37.2169430553157,48.4423636517213],[37.2169400378747,48.4423613484974],[37.2169396929216,48.4423610856974],[37.2169395438012,48.4423609724729],[37.2168228795953,48.442271935654],[37.2166701713869,48.4421553892013],[37.2166699755541,48.442155240817],[37.2166693494284,48.4421547634846],[37.2165369970443,48.4420558500928],[37.2165278584829,48.4420490285753],[37.216525098858405,48.4420469678773],[37.216303373985,48.4418814866433],[37.2162456329735,48.4418383929863],[37.21624501223761,48.441837930549],[37.2161176634697,48.4417448566102],[37.2161066618024,48.4417368247261],[37.2161057392326,48.4417361507343],[37.2158158762466,48.4415245794327],[37.2158157190414,48.4415244656104],[37.2158149878128,48.4415239328507],[37.2158084588573,48.4415191660219],[37.2156943925792,48.441437738934205],[37.2156841068691,48.4414303941078],[37.2156799629408,48.4414274353194],[37.2156797266838,48.4414272672674],[37.215381211125,48.4412141637307],[37.2153811850739,48.4412141452568],[37.2153804574385,48.4412136273922],[37.2152575445515,48.4411277106537],[37.2152480816983,48.4411211017595],[37.2152454487361,48.4411192621149],[37.2152453723793,48.4411192096729],[37.215236279632,48.44111286120021],[37.215139377464,48.4410452025108],[37.21500576654021,48.4409519143707],[37.2149413555378,48.4409069433248],[37.214940529986,48.4409063676513],[37.2148234300972,48.4408263126184],[37.2148152626146,48.4408207340588],[37.2148096301777,48.4408168872898],[37.2148094055989,48.4408167341341],[37.2146550588634,48.4407113325483],[37.2144959088361,48.4406026518883],[37.2144956339517,48.440602465359405],[37.2144949350624,48.4406019892042],[37.2144902009408,48.4405987550438],[37.2143923528468,48.4405334001684],[37.2143806603751,48.4405255885904],[37.2143750980068,48.4405218735017],[37.2143748437836,48.4405217036588],[37.2140455905707,48.4403017817222],[37.2140455609263,48.440301762652],[37.2140454710948,48.4403017030578],[37.2140446563228,48.4403011607502],[37.2140406273788,48.4402984676864],[37.213951378857,48.4402401618363],[37.2139325995759,48.4402278907699],[37.2139313572059,48.4402270790952],[37.213813447935,48.4401500456207],[37.2136124678565,48.4400187416651],[37.2135907537794,48.4400045557711],[37.2135898240231,48.4400039496942],[37.2135003185832,48.4399467030991],[37.2134802376433,48.43993387058],[37.2134271202605,48.4398999290192],[37.2132607423885,48.439793614326],[37.2131428591686,48.43971828937661],[37.2131301228546,48.439710152285],[37.2131292613702,48.4397096022237],[37.2131265798991,48.4397078870815],[37.2130599958719,48.4396662748996],[37.2130368130494,48.4396517837808],[37.2129548022538,48.4396005272849],[37.2126655025115,48.43941971733],[37.2126645116698,48.439419098731],[37.2126622218641,48.4394176654646],[37.2126029465301,48.4393814350987],[37.2125806701077,48.43936781637431],[37.2125761911076,48.4393650779686],[37.2124130489672,48.4392653569897],[37.2121952721895,48.4391322408286],[37.2121943918405,48.4391317038721],[37.212193039876,48.4391308778769],[37.2121553896859,48.4391083686086],[37.2121319625216,48.4390943606514],[37.2121277449313,48.439091839159104],[37.2117208332604,48.438848578033],[37.2117207371407,48.4388485208208],[37.2117198001979,48.4388479635987],[37.2117191040035,48.4388475476191],[37.2116974321473,48.4388348763273],[37.2116791702959,48.4388241979219],[37.2116655168019,48.4388162144446],[37.2116652760534,48.4388160737981],[37.2112412730359,48.438568185488904],[37.2112407097922,48.4385678571134],[37.2112404636538,48.4385677128904],[37.2112317904197,48.4385627538842],[37.2112118828547,48.4385513721853],[37.2108605122212,48.4383504863889],[37.2107573748468,48.4382915215484],[37.2107572284215,48.4382914387092],[37.210757187099006,48.4382914148705],[37.2107556231321,48.4382905405884],[37.2107506006513,48.4382877312046],[37.2107495963348,48.4382871709966],[37.2102693237462,48.4380186816276],[37.2097769373761,48.4377495483815],[37.2092832134145,48.4374857166994],[37.2092800899722,48.4374840485641],[37.2087788435184,48.4372222144151],[37.2082732564052,48.4369640757905],[37.2077633924128,48.4367096667175],[37.20724930723701,48.43645902062771],[37.2067310745394,48.4362121620122],[37.2062087491175,48.435969127282],[37.2059497899739,48.4358514512623],[37.2059140684666,48.4358601641068],[37.2039612810576,48.4361833649409],[37.2021834243805,48.436419269439],[37.196543328513,48.437053766168],[37.1942024437484,48.437349536129],[37.1914402679801,48.437693135396],[37.1881758782725,48.4380523497038],[37.18591527325,48.4382647781637],[37.1842102169418,48.4384300065719],[37.1825817923172,48.4384300065719],[37.180814343521,48.438400428256],[37.1782043612265,48.4391978841613],[37.1781080519466,48.4392273100443],[37.1706880647178,48.4414943491852],[37.1659733692386,48.4429347842727],[37.1652087708794,48.4431683804525],[37.1649528327701,48.4433802124692],[37.1647697210809,48.4437574054463],[37.1647311707788,48.4443647432045],[37.1647311707788,48.4447419288702],[37.164716130286,48.4448288262881],[37.1644856225841,48.4461605647837],[37.1644324090816,48.4464679953373],[37.1642589345188,48.4471520132106],[37.1637532791336,48.4483263334669],[37.1633499993514,48.4491644240646],[37.1628534960023,48.4496982209842],[37.1632442469812,48.4502465093305],[37.1644718325462,48.4514225925347],[37.16657464130261,48.4524309113889],[37.1683490736018,48.453064643311606],[37.1703730246494,48.45343925192541],[37.1710790537503,48.4534704688375],[37.1729602292615,48.4536626327102],[37.174144749591804,48.453736283082],[37.1755035044596,48.4537826404784],[37.177951072249,48.4541572431991],[37.1800220914241,48.45459427680921],[37.1819048362922,48.4549064409448],[37.1841170616468,48.4553122523454],[37.1851996402603,48.4554995484084],[37.1865175613086,48.455811706978],[37.1882591008954,48.456404803866306],[37.1889651299964,48.4567793872404],[37.190235982917,48.4572788280358],[37.1915068358377,48.45768461987801],[37.1926835507064,48.4579655508833],[37.193577855012805,48.4580279797183],[37.195722150664,48.4579750903894],[37.1975151259873,48.45768102400061],[37.1998093639341,48.457374170689],[37.2017180153166,48.4570545302229],[37.2026048636061,48.4568499590302],[37.2039929736208,48.456555886124],[37.206576400817205,48.45603166542],[37.2094297385188,48.4553412208769],[37.2115697411212,48.4545868349867],[37.2148279441314,48.4535767072408],[37.21675587515661,48.4529757360744],[37.2195128164416,48.4522852493772],[37.2205924575641,48.4520039372018],[37.2222311984414,48.4517737718063],[37.223503632397,48.4515947532903],[37.224795616388,48.45153346884231],[37.2230625227615,48.4572590469745],[37.2204760053606,48.4635303099158],[37.2186169454734,48.468675382678],[37.2182936310229,48.4723194936617],[37.218442355203,48.4749795296874],[37.2188471459515,48.4759967798191],[37.2195868897233,48.4769278478881],[37.2201914882489,48.477332934185],[37.2212842923853,48.4778923338954],[37.2223738625866,48.4781623870488],[37.2237091525609,48.4783209887881],[37.2252836953364,48.4783938596108],[37.2269713979899,48.4782781231641],[37.2278731412452,48.4778690337117],[37.2288013596485,48.4770350138394],[37.2304179327995,48.4745701379005],[37.2322769926867,48.4705510609753],[37.2357526257249,48.4658885328878],[37.2379350000627,48.46465583883611],[37.2409256614251,48.4637982951141],[37.2426435420823,48.4636477359632],[37.2433303148968,48.4640361311648],[37.2467402747995,48.4657110002381],[37.2510342982144,48.4699816660595],[37.2543179639714,48.4751729717436],[37.2553283225276,48.4791916825719],[37.2562123860398,48.48513544123821],[37.2564850525763,48.4893281510117],[37.2568438594637,48.4948448735813],[37.257980513064,48.5001173206051],[37.2588645765762,48.5065606776005],[37.2607589995429,48.5103258964307],[37.2632848950352,48.5126685583468],[37.2688418670945,48.5136725231551],[37.2756617869001,48.5139235111001],[37.2783139783348,48.5135888600321],[37.2839972445399,48.5121665687801],[37.2871546152528,48.5095728754021],[37.2894279215552,48.5053892186937],[37.2896805116434,48.5032135811633],[37.289657337804,48.5015241456722],[37.2889620821983,48.5003395346463],[37.2869756367122,48.499154895936],[37.2852209430947,48.498738071642],[37.28290342261231,48.4983431828713],[37.2794933576067,48.4976630888489],[37.2781028454969,48.4968294128963],[37.277275160252,48.4956446921571],[37.276579903748,48.4943063632837],[37.274904018432004,48.4904088979366],[37.2743988391539,48.4864747838155],[37.275282902666,48.4819543611577],[37.2771773247344,48.47818703470931],[37.2785216364891,48.4763345566596],[37.2805859030283,48.4738540576093],[37.2831351744809,48.47113231406491],[37.2843932569515,48.469793338251506],[37.2854195875535,48.46898115514501],[37.28664456171591,48.467554315959006],[37.2874391404493,48.466434767766906],[37.288543858043,48.4647060854266]]],[[[37.2060503276239,48.4333065549056],[37.2062965360803,48.4334365882046],[37.2071320483463,48.433414989520706],[37.2091314888613,48.4333213464426],[37.2060503276239,48.4333065549056]]]]},"properties":{"OBJECTID":1958,"GlobalID":"fcb3d5fe-450d-4751-a2f7-5c1cfd576e01","Shape__Are":54830653.912109375,"Shape__Len":60748.89250709827,"CreationDa":"2026-07-21","Creator":"NMesplay_understandingwar","EditDate":"2026-08-20","Editor":"mewert_understandingwar","Area_KM":24.123612219751777}},{"type":"Feature","geometry":{"bbox":[35.6945659999381,47.5138826236945,35.7126058048787,47.5350996053374],"type":"Polygon","coordinates":[[[35.6998826385229,47.5350996053374],[35.6999697014436,47.5350847033392],[35.7007922573083,47.5340143781215],[35.7015882023792,47.5329882130185],[35.7023893055766,47.532012152729],[35.7039309421649,47.5300440060929],[35.705343021028,47.5302617288355],[35.7057305272921,47.5294767906631],[35.7077221425826,47.5254423567832],[35.7104557159922,47.5204403698903],[35.712157124242,47.518695550127],[35.712410374592,47.5174621014977],[35.7126058048787,47.5170703613935],[35.7124907630301,47.5170705700969],[35.7122642653165,47.5170697613909],[35.7120377929218,47.5170673354484],[35.7118113711617,47.5170632925404],[35.711585025346,47.5170576331184],[35.7113587807761,47.5170503578145],[35.711132662742,47.5170414674414],[35.7109066965196,47.5170309629918],[35.7106809073679,47.5170188456392],[35.710455320526,47.5170051167369],[35.7102299612105,47.5169897778182],[35.7100048546124,47.5169728305963],[35.7097800258946,47.5169542769642],[35.7095555001889,47.516934118994],[35.7093313025932,47.5169123589372],[35.7091074581687,47.5168889992242],[35.7088839919372,47.5168640424641],[35.7086609288783,47.5168374914442],[35.7084382939262,47.51680934913011],[35.7082161119676,47.5167796186651],[35.7079944078383,47.5167483033698],[35.707773206321,47.5167154067417],[35.707552532142,47.5166809324553],[35.7073324099685,47.516644884361],[35.7071128644064,47.516607266485],[35.7068939199968,47.516568083029],[35.7066756012138,47.5165273383696],[35.7064579324614,47.5164850370575],[35.7062409380711,47.5164411838176],[35.7060246422989,47.516395783548],[35.7058090693229,47.5163488413196],[35.70559424324,47.5163003623755],[35.7053801880642,47.5162503521306],[35.7051669277227,47.5161988161707],[35.7049544860544,47.5161457602522],[35.7047428868062,47.5160911903011],[35.7045321536313,47.5160351124127],[35.7043223100857,47.5159775328506],[35.7041133796261,47.5159184580462],[35.7039053856073,47.5158578945981],[35.7036983512792,47.5157958492709],[35.7034922997845,47.515732328995],[35.7032872541559,47.5156673408654],[35.703083237314,47.5156008921412],[35.7028802720641,47.5155329902447],[35.7026783810941,47.5154636427603],[35.7024775869717,47.5153928574343],[35.702277912142,47.5153206421732],[35.7020793789252,47.5152470050436],[35.7018820095136,47.5151719542709],[35.7016858259695,47.5150954982382],[35.7014908502228,47.5150176454859],[35.7012971040682,47.5149384047103],[35.7011046091631,47.5148577847629],[35.7009133870248,47.514775794649],[35.7007234590285,47.5146924435274],[35.7005348464049,47.5146077407088],[35.7003475702372,47.5145216956548],[35.7001616514598,47.5144343179771],[35.6999771108548,47.5143456174365],[35.69979396905061,47.51425560394121],[35.6996122465192,47.5141642875465],[35.6994319635738,47.5140716784532],[35.6992531403669,47.5139777870063],[35.6990757968876,47.5138826236945],[35.6992942707579,47.5141777418076],[35.6994717221625,47.5148968492026],[35.6989360980811,47.517576063449],[35.6988159008011,47.5181772762602],[35.6988133406026,47.5181863589085],[35.6983424221711,47.5197843424092],[35.6975932002746,47.5224825288768],[35.6970595336222,47.5244043224286],[35.6970523794393,47.5244300882183],[35.6945659999381,47.5308857112063],[35.694774044368,47.5325400966923],[35.6956415025221,47.533777930642],[35.6963690363926,47.5344129209127],[35.6978253321306,47.5349279340129],[35.6985027121605,47.5349844575581],[35.6998826385229,47.5350996053374]]]},"properties":{"OBJECTID":1962,"GlobalID":"1dcedb69-3afb-44b4-b155-3f9ba5b3a6ce","Shape__Are":3644916.043334961,"Shape__Len":8987.542330266378,"CreationDa":"2026-07-21","Creator":"NMesplay_understandingwar","EditDate":"2026-08-20","Editor":"mewert_understandingwar","Area_KM":1.663189836285431}},{"type":"Feature","geometry":{"bbox":[37.9343204250011,48.9164735335047,37.9349977439456,48.9168221030128],"type":"Polygon","coordinates":[[[37.9343310170366,48.916735998373206],[37.9343204250011,48.9167551404903],[37.9343204250011,48.9167647133171],[37.9343283697015,48.9167760240795],[37.9343429340872,48.916779504086506],[37.9343680905084,48.9167899452868],[37.9344263471529,48.916798646187],[37.9345015972276,48.9168092320145],[37.9345701440737,48.916817813074],[37.9346762279222,48.9168221030128],[37.9347186661329,48.9168221030128],[37.9347237047833,48.9168221030128],[37.9347659911787,48.9168221030128],[37.934883499801,48.9167759845273],[37.93492593352,48.9167352279893],[37.9349618382836,48.9166816021578],[37.9349977439456,48.9166226148574],[37.9349977430472,48.9165668436296],[37.934930829338406,48.9165175064017],[37.93489878104231,48.916509811974],[37.9348459619002,48.9164971298024],[37.9347545888627,48.9164823495754],[37.9347398780517,48.9164799693427],[37.9346501147952,48.9164735335047],[37.9345997336808,48.9164757572988],[37.9345410251837,48.9164830077995],[37.9345288098925,48.9164845609721],[37.934519029934,48.9164915027261],[37.9343310170366,48.916735998373206]]]},"properties":{"OBJECTID":1966,"GlobalID":"e908eab9-2a16-48ee-a3b2-c0b4ba5183ae","Shape__Are":3306.076171875,"Shape__Len":215.89334938352056,"CreationDa":"2026-07-21","Creator":"NMesplay_understandingwar","EditDate":"2026-08-20","Editor":"mewert_understandingwar","Area_KM":0.001429037697593}},{"type":"Feature","geometry":{"bbox":[37.2184536622974,50.3386204393887,37.2189481444372,50.3389282992199],"type":"Polygon","coordinates":[[[37.2184718076673,50.3387565078794],[37.2185927718091,50.33892154292],[37.2186109204728,50.3389273348533],[37.2186260427123,50.3389282992199],[37.2186683848032,50.3389225084334],[37.2187621419694,50.3389070653769],[37.218893703836,50.33887424936701],[37.2189375586899,50.3388636332946],[37.2189451189113,50.3388491557339],[37.2189481444372,50.3388182701417],[37.21891034512671,50.3387343137937],[37.2188649891879,50.3386696642314],[37.218864969425,50.33866963613741],[37.2188560078318,50.3386596243285],[37.2188495399617,50.338652401858106],[37.2188347483022,50.3386358813916],[37.2187924044147,50.3386243008932],[37.2187273762696,50.3386204393887],[37.2186881917569,50.3386231920366],[37.2185761556713,50.3386310555154],[37.21847786291121,50.338648430272904],[37.2184536622974,50.338674490103706],[37.2184638527861,50.3387205614784],[37.2184638617692,50.3387205912924],[37.2184684225159,50.3387412191905],[37.2184684306007,50.3387412472846],[37.2184718076673,50.3387565078794]]]},"properties":{"OBJECTID":1967,"GlobalID":"298f2d92-65ee-4467-9998-6048d8925076","Shape__Are":2192.509765625,"Shape__Len":175.12754040975085,"CreationDa":"2026-07-21","Creator":"NMesplay_understandingwar","EditDate":"2026-08-20","Editor":"mewert_understandingwar","Area_KM":0.000894240911287}},{"type":"Feature","geometry":{"bbox":[35.3386329848151,50.9174250548907,35.3638207419636,50.9275572694343],"type":"Polygon","coordinates":[[[35.357766776075,50.925782584551],[35.3585906892941,50.9264436160264],[35.358684591089,50.9265950053681],[35.358684591089,50.926626274971206],[35.3586151378428,50.926666925707],[35.3584424960183,50.9267135053038],[35.3579748735056,50.9268143400282],[35.3575564732805,50.9270082544797],[35.3571011558905,50.9272642189816],[35.356903643309,50.9275572694343],[35.3569179480816,50.927555198803],[35.3569300959992,50.9275534390211],[35.356978914045,50.9275463647878],[35.3570277356841,50.9275392990466],[35.3570398836016,50.927537541529],[35.3570403156913,50.927537479812],[35.357040531287,50.9275374486705],[35.3570406399831,50.9275374333828],[35.3570407477809,50.9275374175289],[35.3574692522563,50.9274760951823],[35.3578980235313,50.9274158417632],[35.3578985104182,50.9274157732516],[35.357898753861605,50.9274157387126],[35.3578988760325,50.9274157217263],[35.3578989362197,50.9274157132331],[35.3578989973051,50.9274157047399],[35.357899484192,50.9274156373607],[35.3578997276354,50.9274156039542],[35.3578998498063,50.9274155869678],[35.3578999108917,50.9274155790409],[35.3578999710788,50.9274155705477],[35.3583290765271,50.9273563786992],[35.3587586553876,50.9272982274759],[35.3587590874772,50.9272981685898],[35.3587593030729,50.9272981397129],[35.358759411769,50.9272981249913],[35.3587595195669,50.9272981102697],[35.3587595923304,50.9272980995117],[35.3587596677889,50.9272980904523],[35.3587600998785,50.9272980332647],[35.3587603154742,50.9272980043878],[35.3587604241704,50.9272979902325],[35.3587605319682,50.9272979760772],[35.3591904611716,50.9272408841676],[35.3596208503124,50.9271848351559],[35.3596212267065,50.9271847858952],[35.3596214153528,50.927184761548],[35.3596215096759,50.9271847490913],[35.359621603999,50.9271847372007],[35.3596216453215,50.9271847309724],[35.3596220774111,50.9271846760495],[35.3596222930068,50.927184648305],[35.3596224008046,50.9271846347159],[35.3596225095008,50.9271846211267],[35.3600531663396,50.9271296427608],[35.360484272336,50.927075709565],[35.3604846487301,50.9270756625691],[35.3604848373763,50.927075638788],[35.3604849308011,50.9270756268975],[35.3604850251242,50.9270756150069],[35.3604854015183,50.9270755691434],[35.3604855892662,50.9270755459286],[35.36048568358931,50.9270755346042],[35.3604857779124,50.9270755227137],[35.3609172288619,50.9270226499794],[35.3613490032049,50.9269708377104],[35.361349379599,50.926970792413],[35.3613495673469,50.9269707697643],[35.36134966167,50.92697075844],[35.3613497559931,50.9269707471156],[35.3616012142041,50.9269038178949],[35.3638207419636,50.9263130706559],[35.3632417867462,50.9263722157028],[35.3630818111671,50.9263644589889],[35.3629956699179,50.9262946496382],[35.3629218346898,50.926255865424906],[35.3628726106055,50.9259688688291],[35.3628233874195,50.925635331168],[35.3627495521913,50.9254336546906],[35.3626387989,50.925309546308],[35.3621465877013,50.9248456826269],[35.3619696591161,50.9244739321838],[35.3616658363107,50.9233567598263],[35.3597922623434,50.92244704053681],[35.3578680503435,50.9218724736386],[35.3560197944943,50.9213298195073],[35.3540702643764,50.9207552382459],[35.3539459177782,50.920623405015],[35.3538700209165,50.9205429384256],[35.3535132558997,50.92016468871671],[35.3526018288057,50.9192389936592],[35.3517916283694,50.9188240026333],[35.3501712364802,50.9188240015006],[35.3480495424415,50.9189204094482],[35.3475875550606,50.9189550101783],[35.3464129494361,50.9190429916694],[35.3444684822233,50.9190123455781],[35.3431883748586,50.9187569625863],[35.3423628599434,50.9183470715259],[35.342362827604,50.9183470262201],[35.3421090283834,50.9180103077927],[35.3417786397,50.9175719769052],[35.3413527592036,50.9174250548907],[35.3400546900248,50.9175809328768],[35.3391893078773,50.9181654662849],[35.3388802434021,50.9189058653319],[35.3386329848151,50.9201138621015],[35.3387632234633,50.92036929824],[35.3391892737413,50.921204877927],[35.3401164671669,50.9215555740306],[35.3406727839409,50.9222179889539],[35.34166179044111,50.9225686751562],[35.3436398034416,50.9228414295784],[35.3459268818157,50.9230752177296],[35.3469366915013,50.9238512920365],[35.3470823389515,50.9239632275828],[35.3472598101191,50.9242193475711],[35.3476230016834,50.9247434897444],[35.3477736473599,50.924960894888],[35.3478356481825,50.9250503689586],[35.3484771333303,50.9254093110574],[35.3495259182211,50.9255489770439],[35.3504901842201,50.9254549004343],[35.3516650000504,50.9252080582794],[35.3541968576612,50.9250963437306],[35.3554881050338,50.9251761405114],[35.357766776075,50.925782584551]]]},"properties":{"OBJECTID":1968,"GlobalID":"6c6e49e5-259b-4621-9e5d-d8a3a0f359d2","Shape__Are":2205808.511505127,"Shape__Len":7869.124909487393,"CreationDa":"2026-07-21","Creator":"NMesplay_understandingwar","EditDate":"2026-08-20","Editor":"mewert_understandingwar","Area_KM":0.877724099943125}},{"type":"Feature","geometry":{"bbox":[37.6663618915274,49.6857799541371,37.6822909007904,49.6909282570015],"type":"Polygon","coordinates":[[[37.6663618915274,49.6857799541371],[37.666362275108106,49.6857802720486],[37.6669030240782,49.6862300805409],[37.668352244685,49.686773889548505],[37.6699095011795,49.687358231582],[37.6704316154974,49.6875541478549],[37.6713975388881,49.687916594307],[37.6715657008143,49.6879537208961],[37.677060626237,49.6891669008468],[37.6788134872913,49.6898938085509],[37.6790507224764,49.6901057494069],[37.6796591711813,49.69064931340571],[37.6798206990492,49.6907936160572],[37.679971408506105,49.6909282570015],[37.6800317725982,49.6908757769012],[37.6800957443245,49.6908251174273],[37.6801631916327,49.6907763814455],[37.6802339779787,49.6907296677543],[37.6803219455029,49.6906770834169],[37.6804141413972,49.6906276231947],[37.6805103006585,49.690581428313],[37.6806101466057,49.690538631860704],[37.6807133926762,49.6904993587908],[37.6808197424261,49.6904637172029],[37.680928890428,49.6904318134529],[37.68104052406841,49.690403737043],[37.6811501400926,49.6903803823485],[37.6812614727974,49.6903607172779],[37.6813742257386,49.6903447976248],[37.6814880997772,49.6903326634913],[37.6816027912828,49.690324347424],[37.6817179912349,49.6903198726701],[37.6818333951045,49.6903192502725],[37.6819486947695,49.6903224819747],[37.6820635839044,49.6903295590588],[37.682177754387205,49.6903404646702],[37.6822909007904,49.6903551651005],[37.6822899072538,49.69035459907351],[37.6821551689443,49.6902784858268],[37.6821551123504,49.6902784538643],[37.682155056654906,49.6902784219017],[37.6821549425688,49.6902783597201],[37.6821547161934,49.6902782318698],[37.6821542508661,49.6902779697769],[37.6821295732469,49.6902641305691],[37.6821048713732,49.6902503111162],[37.68208014704161,49.6902365067688],[37.6820553993539,49.6902227204329],[37.6820306283099,49.6902089521083],[37.6820058339098,49.690195201795106],[37.6819810152551,49.6901814677498],[37.681980969441,49.690181444504304],[37.681980923627,49.6901814183531],[37.6819808319988,49.6901813683752],[37.6819806505391,49.6901812666759],[37.6818070052964,49.6900860330849],[37.6818069603806,49.6900860080959],[37.6818069136682,49.690085983106904],[37.6818068220401,49.6900859331289],[37.6818066378854,49.6900858320106],[37.6818060575737,49.6900855170329],[37.6817810610527,49.6900719305662],[37.6817560411753,49.6900583615299],[37.6817309970436,49.6900448110863],[37.6817059313522,49.690031277492],[37.6816808423046,49.6900177613282],[37.6816557307992,49.6900042637571],[37.6816305959375,49.6899907841976],[37.6816292349899,49.6899900571904],[37.6816054332281,49.6899773261366],[37.6815816215848,49.6899646067022],[37.6815802588405,49.6899638785324],[37.6815550548086,49.6899504530079],[37.6815541537984,49.6899499729852],[37.6815171944127,49.6899303565563],[37.6814802116707,49.6899107598783],[37.6814793070672,49.689910282761],[37.6814540123055,49.6898969281209],[37.6814535227236,49.6898966712562],[37.6814298871502,49.6898842208696],[37.6814062327121,49.689871783846],[37.6813825558162,49.6898593654158],[37.6813588609539,49.6898469620921],[37.6813587935803,49.6898469260613],[37.6813587280033,49.6898468911927],[37.6813585941543,49.6898468220367],[37.6811810699862,49.6897550577992],[37.6810971933898,49.6897117015587],[37.6810971601521,49.6897116835432],[37.6810971138889,49.6897116600069],[37.68109705864251,49.6897116324025],[37.6810969229969,49.6897115615029],[37.6810964289235,49.6897113104487],[37.6810707892086,49.6896982248238],[37.6810451270359,49.6896851583732],[37.6810194424053,49.6896721087722],[37.6809937353168,49.6896590783455],[37.6809680066688,49.689646066512],[37.6809422555628,49.6896330721094],[37.6809164828973,49.68962009746221],[37.6809164325917,49.6896200707295],[37.6809163804894,49.6896200457403],[37.6809162789798,49.689619994599504],[37.6809162053179,49.6896199585685],[37.6809160741639,49.6896198917368],[37.6807358703212,49.6895299867392],[37.680735818219,49.689529960587606],[37.680735767015,49.6895299355983],[37.6807356637087,49.6895298827139],[37.6807354570962,49.6895297804322],[37.6807349468532,49.689529529377],[37.6807333406654,49.6895287361122],[37.680726923101,49.6895255647965],[37.6807107246798,49.6895175629913],[37.6806962034132,49.6895103945489],[37.6806950625528,49.6895098314179],[37.6806881033043,49.6895063956793],[37.6806864917267,49.6895056006707],[37.6806622372141,49.68949365926851],[37.6806379620401,49.6894817347165],[37.6806378910732,49.6894816998477],[37.6806378201063,49.6894816655601],[37.6806376763759,49.6894815946601],[37.6803699918959,49.6893517709164],[37.6803699128442,49.6893517325607],[37.6803698463688,49.6893517005975],[37.6803697008418,49.6893516296974],[37.6803691780223,49.6893513786412],[37.6803691241234,49.6893513536518],[37.6803690702244,49.6893513286625],[37.6803689615283,49.6893512775214],[37.6799999614573,49.689177251139206],[37.6799999075584,49.6891772261497],[37.6799998527612,49.6891771999979],[37.6799997422684,49.6891771471132],[37.6799992347203,49.6891769140718],[37.6799991799231,49.6891768890823],[37.67999912332921,49.6891768629306],[37.6799990119381,49.6891768112081],[37.6796258903966,49.6890064809131],[37.6796258347011,49.6890064547612],[37.6796257781072,49.6890064280281],[37.6796256640212,49.6890063768867],[37.6796251385067,49.6890061409388],[37.6796250801162,49.6890061159492],[37.6796250235224,49.6890060897974],[37.679624908538,49.6890060398182],[37.6792477930868,49.6888394620212],[37.6792477346963,49.6888394352881],[37.6792476772041,49.6888394091361],[37.6792475595248,49.6888393579945],[37.6792470780278,49.6888391511035],[37.67924618420411,49.6888387628922],[37.6791466077515,49.6887956958307],[37.6791457094362,49.6887953076191],[37.6791203230463,49.6887843888756],[37.6791202332148,49.6887843511005],[37.6791201433833,49.6887843121631],[37.6791199628219,49.6887842360318],[37.6788658824286,49.6886762869061],[37.6788657916988,49.6886762479686],[37.6788657458847,49.688676228790406],[37.6788657009689,49.6886762107746],[37.6788655186109,49.68867613289961],[37.6788650739448,49.68867594576721],[37.6788637013191,49.688675369841],[37.6788631793979,49.688675150745],[37.6788589492312,49.6886733782175],[37.6788565884587,49.6886723879267],[37.6788545331133,49.68867152549031],[37.6788394926205,49.68866521994091],[37.6788275602986,49.688660220831],[37.6788231028582,49.688658352412],[37.6788157995549,49.688655293784],[37.6788138996181,49.6886544975991],[37.6787882895476,49.6886437979202],[37.6787626606125,49.6886331162547],[37.6787370155078,49.6886224514404],[37.6787113524368,49.6886118028962],[37.6786856722978,49.6886011723656],[37.6786599768874,49.6885905586862],[37.6786590408429,49.6885901745411],[37.6785579660003,49.688548657208],[37.6785570254642,49.6885482730625],[37.6785550851032,49.688547480944],[37.6785501928782,49.6885454835037],[37.6785476443577,49.6885444432307],[37.6785312420189,49.6885377494511],[37.6785162482386,49.6885316368288],[37.6785154532295,49.688531311961306],[37.6785073935448,49.6885280260923],[37.6785054477939,49.68852723281131],[37.6784796338059,49.6885167399967],[37.678479198123,49.6885165621622],[37.6784779243119,49.6885160460935],[37.67847277427041,49.6885139614781],[37.6784404340218,49.6885008662323],[37.6784099119634,49.6884885230025],[37.6784080344845,49.6884877628468],[37.6784029320537,49.6884857003142],[37.678401653751,49.6884851842452],[37.6783757723894,49.6884747576737],[37.6783498739597,49.688464349697],[37.6783239602587,49.6884539574094],[37.678298028591406,49.6884435854601],[37.6782720825511,49.6884332280376],[37.6782715076293,49.688432999642],[37.6782711186588,49.6884328456347],[37.6781690978903,49.6883923574015],[37.6781689002609,49.6883922783637],[37.6781681304047,49.68839197325471],[37.6781668269492,49.6883914589282],[37.6781624000515,49.6883897148672],[37.678161794587,49.6883894765916],[37.6781290707578,49.68837658646191],[37.6780965158119,49.6883637788534],[37.678093589999,49.6883626275749],[37.67809130199,49.6883617273576],[37.678089994043,49.6883612141931],[37.67808956375,49.68836104623781],[37.6780885872812,49.68836066499661],[37.6779861308298,49.6883206596479],[37.6779851507679,49.6883202755006],[37.67795900709811,49.6883101278509],[37.6779328472588,49.6882999953093],[37.6779066712497,49.6882898825251],[37.6778804781726,49.6882797848489],[37.6778804090024,49.6882797586967],[37.6778803389338,49.6882797308009],[37.6778801978983,49.6882796767529],[37.6778799158272,49.6882795698193],[37.6777650581333,49.6882357031649],[37.677697256889,49.6882098100749],[37.6776971859221,49.6882097821792],[37.6776971149552,49.6882097560269],[37.6776969739197,49.6882097013976],[37.677696690052,49.6882095933015],[37.6776962669455,49.688209434063],[37.6776954665466,49.688209133021104],[37.67756531234,49.68816012591931],[37.6775645083479,49.6881598219712],[37.6775381095566,49.6881499532462],[37.677511695494,49.6881401013729],[37.6774852652617,49.6881302657702],[37.6774588197581,49.688120449925],[37.6774587353164,49.68812041912341],[37.6774586508748,49.6881203871594],[37.6774584819915,49.6881203249749],[37.6774581424283,49.6881202000249],[37.6773576757453,49.6880832147857],[37.6773005015707,49.6880621661968],[37.6773004162307,49.6880621342328],[37.6773003308908,49.6880621040123],[37.67730016110921,49.6880620412466],[37.6772998197494,49.6880619151341],[37.6772994217957,49.6880617698431],[37.6772993364558,49.6880617390414],[37.6772992502175,49.6880617088209],[37.6772990804359,49.6880616460552],[37.6772989088577,49.6880615838706],[37.6772987372795,49.688061521105],[37.6771405403647,49.6880041200951],[37.6771404559231,49.6880040898746],[37.6771403687865,49.6880040590729],[37.6771401972082,49.6880039951448],[37.6771398531535,49.6880038719379],[37.6771132055289,49.68799428330261],[37.6771131309687,49.6879942571502],[37.6771130582052,49.6879942304166],[37.6771129090849,49.6879941781118],[37.6771126126408,49.6879940711774],[37.67692684104011,49.6879278747303],[37.6769267804038,49.687927852646],[37.676926692818,49.6879278206819],[37.6769265436977,49.6879277677959],[37.6769262436604,49.6879276614426],[37.6768994720683,49.6879182180837],[37.6768990992674,49.6879180879026],[37.6768723168956,49.6879086561651],[37.6768712568835,49.6879082842191],[37.676766084825005,49.6878714906035],[37.6767658934839,49.6878714237694],[37.67676502121971,49.6878711204007],[37.6767381615927,49.687861779897204],[37.676711284897706,49.68785245915161],[37.676684394728,49.6878431546768],[37.6766574910836,49.6878338687977],[37.6766305703711,49.6878246003517],[37.6766291258802,49.6878241051977],[37.6766240117713,49.6878223506553],[37.6766189785107,49.68782062691461],[37.6765901560648,49.6878107453351],[37.6765579595467,49.6877997211792],[37.6765559293542,49.6877990266847],[37.6765511727748,49.687797399417],[37.6765497237922,49.6877969031003],[37.676547492377,49.6877961429338],[37.6765423288608,49.68779438374111],[37.6765390221622,49.6877932591828],[37.676522741096,49.687787713686],[37.6765074868042,49.687782525025305],[37.6764979862217,49.687779291992],[37.676495750315,49.6877785318252],[37.6764953802091,49.6877784057119],[37.6764939213451,49.68777791171971],[37.67648820446661,49.6877759752703],[37.676484484543,49.6877747158808],[37.67645485541,49.6877646837695],[37.6764224423979,49.6877537229504],[37.67642150815,49.6877534067953],[37.6764157768985,49.6877514691826],[37.6764143144412,49.6877509740278],[37.6764128501873,49.6877504817788],[37.6764067515249,49.687748433163],[37.6764047024677,49.6877477450605],[37.6763737231668,49.6877373351846],[37.676341279612,49.6877264487489],[37.6763345844682,49.6877242019538],[37.6763331157227,49.6877237091234],[37.6763060207371,49.6877146562697],[37.6762789113785,49.6877056208495],[37.6762517876468,49.6876966051873],[37.676224649542,49.6876876063773],[37.6762237709897,49.6876873163743],[37.6761431013788,49.687660770339804],[37.6760896291615,49.6876431731302],[37.6760893336158,49.6876430743315],[37.676088747016,49.6876428813834],[37.6760884326056,49.6876427820036],[37.6760871911339,49.6876423769288],[37.676086939605604,49.687642294984],[37.6760827831008,49.6876409396981],[37.6760819297013,49.687640660737],[37.6760815173746,49.687640526487],[37.6760475790231,49.68762946509771],[37.6760147455995,49.6876187762353],[37.67601385716571,49.6876184879754],[37.6760082067625,49.6876166485749],[37.6760067092709,49.6876161603928],[37.6760058163456,49.68761587213291],[37.6760055935634,49.6876158000679],[37.6758986679934,49.6875812838347],[37.6758982951926,49.687581164695],[37.6758975477942,49.687580922928404],[37.6758702210433,49.6875721583084],[37.6758428817159,49.6875634134466],[37.6758155289139,49.6875546848559],[37.675788162637,49.68754597428],[37.6757870316581,49.6875456162792],[37.6756796910665,49.6875116759362],[37.6756785573926,49.6875113167728],[37.6756782600503,49.6875112226232],[37.6756758103445,49.6875104543158],[37.67567080583,49.6875088828309],[37.6756654671423,49.68750720731631],[37.6756516636296,49.6875028752711],[37.6756429948871,49.6875001565551],[37.6756388904846,49.6874988680999],[37.6756275115249,49.68749530087451],[37.6756250582259,49.6874945308234],[37.6756234753943,49.6874940374095],[37.6756172312048,49.6874920899066],[37.6756170748979,49.6874920399259],[37.675585115535,49.68748206994161],[37.6755534283617,49.6874721987543],[37.6755531750368,49.6874721197151],[37.6755467466927,49.6874701181623],[37.6755451584712,49.6874696230047],[37.6755185000669,49.6874613535223],[37.6754904205277,49.687452667920006],[37.6754623257172,49.6874439991701],[37.6754342192286,49.6874353507597],[37.6754060965703,49.6874267209452],[37.6754051946618,49.6874264460511],[37.6752661848631,49.6873841338431],[37.6752652802596,49.68738385953],[37.6752650844269,49.6873838008316],[37.6752639220069,49.6873834515472],[37.6751555869803,49.6873508756837],[37.6751544200687,49.6873505263992],[37.6751532495639,49.6873501771145],[37.6750447187045,49.6873178941398],[37.6750435446065,49.6873175460173],[37.6750157929524,49.68730934741221],[37.6749880278236,49.6873011668221],[37.6749602501184,49.6872930042469],[37.6749324607351,49.6872848608491],[37.674930868920406,49.6872843964918],[37.6749285440804,49.6872837176815],[37.6749245420858,49.6872825501045],[37.6748907438716,49.6872726939873],[37.6748571190322,49.6872629000535],[37.6748538743174,49.6872619556467],[37.674850608043,49.6872610042657],[37.6748490126351,49.687260539327],[37.6748487620051,49.687260469005],[37.6748478133841,49.6872601952723],[37.6747103927052,49.6872205853785],[37.6747094413894,49.6872203104832],[37.6747069638358,49.6872196031945],[37.674696815568,49.6872167042988],[37.6746936543965,49.6872158011544],[37.6746815370217,49.6872123408443],[37.67466633932371,49.6872080047046],[37.6746561066143,49.687205085467],[37.6746536245692,49.6872043781781],[37.674625695947,49.6871964387576],[37.674597756545,49.6871885185146],[37.67456980277,49.6871806186114],[37.6745418373169,49.6871727343986],[37.6745138601857,49.6871648716879],[37.6744858695798,49.6871570240866],[37.6744578672957,49.6871491968251],[37.6744298524353,49.687141389322306],[37.6744297078065,49.6871413492212],[37.6740079038648,49.68702643395601],[37.674006667783,49.6870261067538],[37.6740056679581,49.6870258417374],[37.6740055089563,49.6870257987304],[37.6739570403552,49.6870129605449],[37.6738871262732,49.6869944413547],[37.6738859638532,49.686994133331],[37.6738557544086,49.6869861938762],[37.6738255305908,49.6869782759236],[37.6737952941967,49.6869703783109],[37.6737952115517,49.68697035855091],[37.6737951289067,49.6869703364662],[37.6737949627183,49.6869702934591],[37.6737946294434,49.6869702074449],[37.6735839313901,49.6869158755077],[37.6735838478468,49.6869158545853],[37.6735837652018,49.6869158325006],[37.6735835981151,49.6869157894934],[37.67358326394191,49.6869157034792],[37.6735826324262,49.6869155442365],[37.6735522451151,49.6869078087622],[37.6735218443293,49.6869000942091],[37.673491430967,49.686892403483],[37.673461004130004,49.6868847330969],[37.6734305638183,49.6868770836321],[37.673428970207,49.6868766855251],[37.6734227080511,49.6868751198314],[37.6734223523183,49.6868750309112],[37.6733475046888,49.68685634661371],[37.6733474031792,49.6868563216231],[37.6733407664258,49.6868546670085],[37.6733391665263,49.686854267739],[37.673308675909,49.6868467054461],[37.6732781718168,49.6868391646556],[37.673247654250005,49.6868316471111],[37.6732171250051,49.6868241504879],[37.6732146528414,49.6868235454809],[37.6732035604443,49.686820833701],[37.6731865795905,49.6868166823413],[37.6731685890303,49.6868122886296],[37.6731585036446,49.686809826756],[37.6731560269893,49.68680922174891],[37.6731559425477,49.6868092025699],[37.6731558563095,49.6868091816475],[37.6731556865278,49.6868091398026],[37.6727272602059,49.6867072410253],[37.6727271595946,49.686707217778],[37.6727270886277,49.6867072009238],[37.6727269161512,49.68670715966],[37.6727263178732,49.6867070195957],[37.6727262064821,49.6867069928614],[37.67269551464211,49.6866998792167],[37.672664811124,49.686692787074605],[37.6726340941312,49.6866857164352],[37.6726033663586,49.6866786690419],[37.6725726269079,49.686671642570104],[37.6725418757791,49.6866646381822],[37.6725111111755,49.6866576547158],[37.6724803375888,49.6866506933332],[37.6724495496291,49.6866437540345],[37.6724187517879,49.6866368374009],[37.6724175094179,49.6866365595964],[37.6722966860122,49.686609663117],[37.6722954391505,49.6866093858935],[37.6722942147468,49.6866091139007],[37.6722940808978,49.686609086004],[37.6722939928629,49.686609066825],[37.6722939057263,49.686609047064906],[37.6722937278599,49.6866090087069],[37.6718601874291,49.6865156122088],[37.6718600984959,49.68651559302981],[37.671860010461,49.68651557326961],[37.6718598316962,49.6865155360739],[37.6718596295753,49.6865154930665],[37.6718595406421,49.6865154750498],[37.6718594508106,49.6865154552896],[37.6718593133683,49.686515427974],[37.6718592702492,49.6865154180939],[37.6714236286589,49.6864263733178],[37.6714235388274,49.6864263553011],[37.67142349301331,49.686426345421],[37.6714234480975,49.6864263355409],[37.6714232657395,49.6864262995075],[37.6714230276859,49.6864262524316],[37.6713938647786,49.6864204603571],[37.6713646919897,49.6864146892046],[37.6713355102177,49.6864089372304],[37.6713354123013,49.686408919213704],[37.671335314385,49.6864089000347],[37.6713351176539,49.6864088610954],[37.6713347241918,49.6864087843791],[37.6711317741079,49.686369370813],[37.6711316752932,49.6863693510527],[37.6711315764786,49.686369333036],[37.6711313806458,49.6863692940967],[37.6711309853871,49.6863692179616],[37.671128084727,49.6863686629307],[37.6711201921289,49.6863671541767],[37.6711163365598,49.6863664189788],[37.6711017299532,49.68636362697],[37.6710862151499,49.6863606669989],[37.6710830423004,49.6863600608237],[37.6710753733828,49.6863585991454],[37.6710724691295,49.68635804411441],[37.6710431975259,49.6863524879927],[37.6710139169393,49.6863469487246],[37.6709846273694,49.6863414309597],[37.6709843704513,49.6863413827214],[37.6709550736949,49.686335882972706],[37.6709257679554,49.6863304047271],[37.670896452334404,49.6863249439164],[37.6708671304252,49.6863195040278],[37.6708670307122,49.6863194860111],[37.6708669309992,49.6863194679944],[37.6708667297766,49.6863194307986],[37.6708663309246,49.6863193569881],[37.6707199971614,49.6862926282957],[37.6706624340164,49.6862821152385],[37.6706623334051,49.6862820954782],[37.670662233692,49.6862820774615],[37.6706620324694,49.686282041428],[37.6706616309225,49.6862819681987],[37.670632239843,49.6862766834817],[37.6706028397804,49.6862714185245],[37.6705734325313,49.686266174489305],[37.670544016299,49.6862609484704],[37.6705436812274,49.6862608897706],[37.6705142614018,49.6862556858362],[37.6704848343897,49.6862504999179],[37.6704847759993,49.68625049003771],[37.6704847167104,49.6862504807388],[37.6704845981328,49.6862504598161],[37.6704843618759,49.6862504197143],[37.6701315467514,49.6861898857156],[37.6701314874626,49.6861898764166],[37.6701314290721,49.6861898665364],[37.6701313104945,49.6861898444514],[37.6701310724409,49.6861898043495],[37.670101540326,49.6861848747274],[37.6701011531521,49.6861848107969],[37.6701010408627,49.6861847927801],[37.6701009294716,49.6861847747633],[37.6701007057911,49.6861847375674],[37.6697225923116,49.6861234618923],[37.6697224934969,49.68612344503781],[37.6697223821058,49.68612342702101],[37.6697221566287,49.686123390987404],[37.6697219140835,49.6861233508855],[37.6696902628428,49.6861183770864],[37.6696586044156,49.6861134253719],[37.6696269361069,49.6861084963232],[37.6695952597133,49.6861035905215],[37.6695635761332,49.6860987056421],[37.6695318826717,49.6860938428472],[37.6695001811254,49.68608900504301],[37.6694684723924,49.686084188161],[37.6694367555747,49.6860793933637],[37.6694050297738,49.6860746218134],[37.6694049677901,49.6860746136768],[37.669404904908,49.6860746037966],[37.6694047809405,49.6860745857798],[37.669404531208805,49.6860745485837],[37.6690557647914,49.6860236574425],[37.669055683943,49.6860236446564],[37.6690556408238,49.6860236394257],[37.66905551505971,49.6860236196652],[37.6690552644298,49.6860235836315],[37.6690234496957,49.6860190846531],[37.6690205580187,49.6860186784025],[37.669012160567505,49.686017498009],[37.669008734393,49.6860170167851],[37.668991627775,49.6860146129901],[37.6689760806324,49.6860124341149],[37.6689737513009,49.6860121080682],[37.668962693938,49.6860105574576],[37.6689597977696,49.6860101523692],[37.668959576784,49.6860101204039],[37.6689594617996,49.686010105293],[37.6689593450186,49.68601008727611],[37.6689591141516,49.6860100564732],[37.6687862145106,49.6859866926933],[37.6685771999002,49.6859584486583],[37.6685771001872,49.6859584347098],[37.6685770031691,49.6859584219236],[37.6685768046414,49.6859583957701],[37.6685764902311,49.6859583556681],[37.6685764111793,49.6859583457878],[37.6681934827299,49.6859099960671],[37.6681933659489,49.6859099832809],[37.6681932478205,49.685909966717],[37.668193015606,49.685909937367],[37.6681925475837,49.68590988215401],[37.6680006404896,49.68588734652161],[37.6678087477684,49.6858648108788],[37.667808689378,49.6858648039045],[37.6678086471571,49.6858647998362],[37.6678085106132,49.6858647829817],[37.6678082725597,49.6858647556657],[37.6678060627041,49.6858646527951],[37.6675314180773,49.6858514208371],[37.6673550239898,49.6858429232529],[37.6673523218574,49.685842792485],[37.667351764902,49.6858427605195],[37.6673496781155,49.6858426413755],[37.6668994254272,49.6858167103959],[37.6668969056528,49.6858165650982],[37.6668967116167,49.6858165511496],[37.66689435713231,49.6858163942281],[37.6664446452297,49.6857862525053],[37.6664421236587,49.6857860764044],[37.6664417382815,49.6857860485072],[37.666440813915,49.68578598050791],[37.6663618915274,49.6857799541371]]]},"properties":{"OBJECTID":1970,"GlobalID":"9b0f7aa1-61a2-4ed4-bda8-fa0fd092ef1d","Shape__Are":349777.685546875,"Shape__Len":4059.2051736977487,"CreationDa":"2026-07-21","Creator":"NMesplay_understandingwar","EditDate":"2026-08-20","Editor":"mewert_understandingwar","Area_KM":0.146555451386754}},{"type":"Feature","geometry":{"bbox":[36.1798635234447,50.3842832998084,36.2123199124764,50.406474619424],"type":"Polygon","coordinates":[[[36.2063643282811,50.3842841481216],[36.2063642555176,50.3842841492672],[36.2063641827541,50.3842841509856],[36.206364037227,50.3842841538496],[36.206210726249,50.3842891515079],[36.2062106454006,50.3842891555175],[36.206210563654,50.3842891600998],[36.2062104019572,50.3842891669734],[36.2060575949341,50.3842983048108],[36.2060575060009,50.3842983116844],[36.2060574161694,50.384298318558],[36.2060572383029,50.3842983311595],[36.2059051750849,50.3843115942809],[36.2059050960332,50.3843116028728],[36.2059050169814,50.3843116097464],[36.2059048579796,50.3843116269303],[36.2057537999764,50.3843289912747],[36.2057537182297,50.3843290010123],[36.2057536373813,50.3843290113226],[36.2057535727026,50.384329022205804],[36.2057535080239,50.3843290319433],[36.2057533786665,50.3843290531368],[36.2057531190534,50.3843290966694],[36.2053265908717,50.3844009505623],[36.2053265315829,50.3844009620182],[36.205326472294,50.3844009717558],[36.2053263537164,50.3844009929492],[36.2053261165612,50.3844010336178],[36.2053256422507,50.3844011149548],[36.204900624137,50.3844765796398],[36.2049005621532,50.384476590523],[36.2049005010678,50.3844766019788],[36.2049003788969,50.3844766243179],[36.2049001345552,50.384476669568706],[36.2048996458716,50.3844767583519],[36.2044762204709,50.3845558177736],[36.2044761063848,50.3845558401126],[36.2044759931971,50.3845558613059],[36.204475765025,50.3845559048383],[36.2044753095792,50.38455599190301],[36.2040536323,50.3846386174036],[36.204053564028,50.3846386311506],[36.2040534957561,50.3846386454705],[36.2040533583138,50.3846386735373],[36.2040530834293,50.3846387285255],[36.2040525345587,50.3846388385018],[36.2036326242657,50.3847250260529],[36.2036325667735,50.3847250392272],[36.2036325092813,50.3847250501102],[36.20363239429701,50.3847250741675],[36.2036321643282,50.3847251234276],[36.2036317043908,50.3847252190839],[36.2032135907283,50.3848149629384],[36.203213526948,50.3848149772582],[36.2032134640659,50.3848149910052],[36.2032133365051,50.38481501792641],[36.2032130813836,50.38481507405991],[36.2032130220948,50.3848150866613],[36.20321296370431,50.3848150992627],[36.203212846025,50.3848151261839],[36.2032126097681,50.3848151783079],[36.2027630200363,50.3849161085805],[36.202762956256,50.3849161229002],[36.2027628924756,50.3849161366472],[36.2027627658131,50.384916166432305],[36.2027625115899,50.3849162254296],[36.2027620040417,50.3849163422788],[36.20231471669211,50.3850213775124],[36.2023146600982,50.3850213912594],[36.2023146035044,50.3850214044335],[36.2023144903167,50.3850214325001],[36.2023142639412,50.38502148576951],[36.2023138120886,50.3850215940265],[36.2018688567655,50.38513072961171],[36.2018687498659,50.3851307565327],[36.2018686438647,50.3851307834537],[36.201868430964,50.385130836723],[36.2018680060609,50.3851309438342],[36.2014255049351,50.3852441505304],[36.2014254052221,50.385244175733],[36.2014253046108,50.3852442026539],[36.2014251042865,50.3852442542047],[36.2014247045362,50.385244360170105],[36.20098480493141,50.3853615995717],[36.2009846980319,50.3853616293565],[36.2009845902341,50.3853616574229],[36.2009843746384,50.3853617164197],[36.2009839443454,50.3853618332678],[36.2005468411961,50.3854830537942],[36.2005467783141,50.3854830721232],[36.2005467145337,50.3854830904523],[36.2005465887695,50.3854831253921],[36.2005463354446,50.3854831975628],[36.2005458287948,50.3854833407585],[36.200111483473506,50.3856085526892],[36.200111381065504,50.385608581901],[36.2001112786576,50.3856086128312],[36.2001110738417,50.3856086735461],[36.2001106633116,50.385608794403],[36.1996791620564,50.3857379702128],[36.1996791018693,50.3857379885418],[36.1996790416822,50.38573800687081],[36.1996789204096,50.3857380435287],[36.1996786796611,50.3857381179901],[36.1996781963675,50.385738264049],[36.1992497161467,50.385871353301],[36.1992496568579,50.3858713716299],[36.199249597569,50.3858713916772],[36.1992494798898,50.385871428335],[36.1992492436328,50.3858715027962],[36.199248771119,50.3858716534369],[36.199019459973,50.385944886532],[36.1960980479393,50.3867787492886],[36.192870120849,50.3877252362812],[36.1895271186726,50.3888294402613],[36.1886551797219,50.3892844408746],[36.187214785961,50.3901684226466],[36.184727763266,50.3924579256427],[36.1845216690786,50.3926157560205],[36.1814563595127,50.39522517769441],[36.1800144556838,50.397040440122204],[36.1798635234447,50.3986132978411],[36.1838677449591,50.4056281138415],[36.1842042170336,50.4062175151977],[36.184611982104,50.406474619424],[36.1865072467921,50.4056864825123],[36.1870137995943,50.405479012240704],[36.1892937067174,50.40455959954491],[36.1916634588437,50.4035930395496],[36.1926299391898,50.4030815318865],[36.194446995651,50.4019720994588],[36.1945207114032,50.4019168279039],[36.1946985275238,50.4018049894113],[36.1968497500842,50.4003567394931],[36.1983946008446,50.39923201969041],[36.2014077371571,50.397038247470306],[36.2024885371063,50.3962513239881],[36.2026670359466,50.3960961462249],[36.2031380675658,50.3957648144028],[36.2036567449293,50.3954500107485],[36.2044413029558,50.3950058921551],[36.2044567566736,50.3949979377953],[36.2050215661203,50.3947072402492],[36.2054471097485,50.3943920269814],[36.2061928012658,50.3936484650637],[36.2065020202512,50.3932650507088],[36.207179736251,50.39268699831761],[36.2075268461752,50.392451301235],[36.2076809791116,50.3923905137895],[36.208178477794,50.3923143000063],[36.2083869570085,50.3922311913471],[36.2085198977891,50.3921323085928],[36.2086516689632,50.3919471786303],[36.2089512589071,50.3913527792864],[36.20906975298131,50.3910400819927],[36.209085180648,50.3908551837253],[36.2090301300907,50.3906603360095],[36.2090096044848,50.3904942908637],[36.2091951479135,50.3900388872047],[36.2094548760149,50.3896675409171],[36.2097216199588,50.38931742594121],[36.2098940057635,50.3891412832891],[36.2100966764714,50.3890000221882],[36.210279450394,50.3888949934757],[36.2104794683769,50.3887145267554],[36.2105931888036,50.3885792833678],[36.2106676420727,50.3884415487164],[36.2106914896485,50.3882159647698],[36.2106983662521,50.3879872708477],[36.2106148229306,50.3878253413212],[36.2105232666369,50.3877100570997],[36.2104011505555,50.3876384487784],[36.2103265544542,50.3875262569981],[36.2103066172448,50.3873935515576],[36.210721636211204,50.3867913387148],[36.2123199124764,50.3853943994938],[36.211778418803,50.3852693697164],[36.21177839275181,50.3852693891911],[36.2113064170033,50.385160412587],[36.2076586658583,50.3844089639796],[36.207427977595,50.3843648351794],[36.20728047153041,50.3843412497019],[36.2072803933769,50.3843412388187],[36.2072803152235,50.3843412273628],[36.2072801589167,50.3843412050237],[36.2071298276505,50.3843214269169],[36.2071297485987,50.3843214183249],[36.2071296686487,50.3843214085874],[36.2071295105452,50.3843213902579],[36.2069779836214,50.3843056956148],[36.2069779117562,50.3843056887412],[36.2069778398909,50.3843056818677],[36.2069776952622,50.3843056692661],[36.2068252349888,50.3842940850124],[36.2068251676151,50.38429408043],[36.2068251011398,50.3842940764204],[36.2068249663925,50.3842940678285],[36.2066718764001,50.3842866174518],[36.20667180184,50.3842866145878],[36.2066717281781,50.3842866117238],[36.2066715799561,50.3842866059958],[36.2065181557904,50.3842833020996],[36.2065180758403,50.384283300954],[36.2065179958903,50.384283300954],[36.2065178359901,50.3842832998084],[36.2063643282811,50.3842841481216]]]},"properties":{"OBJECTID":1971,"GlobalID":"149fd266-a1d4-4b49-a512-4225e3b7f4f4","Shape__Are":7046740.4296875,"Shape__Len":11296.331788826128,"CreationDa":"2026-07-21","Creator":"NMesplay_understandingwar","EditDate":"2026-08-20","Editor":"mewert_understandingwar","Area_KM":2.867406772011519}},{"type":"Feature","geometry":{"bbox":[37.5218437610064,48.478760154646,37.5242426508872,48.479273669616404],"type":"Polygon","coordinates":[[[37.5229609220634,48.47918460522],[37.5236831918063,48.4792435934436],[37.5240941153533,48.479273669616404],[37.5241393850537,48.4792725405767],[37.5241718923889,48.47926507676631],[37.524195179416,48.4792391493358],[37.5242426508872,48.479018870448],[37.524223663197,48.478974816223],[37.5241666965333,48.4789475416484],[37.5224292415861,48.4788006879216],[37.5220019983454,48.4787629248705],[37.5219325693537,48.478760154646],[37.5218880668145,48.4787755135498],[37.5218722429908,48.4788384509446],[37.5218564191671,48.4789160730284],[37.5218437610064,48.4790272638513],[37.5218651588764,48.4790661241891],[37.5218756907248,48.4790852512438],[37.5219617223796,48.4791061063947],[37.5222913843259,48.4791327449042],[37.522666598942,48.4791657229477],[37.5229609220634,48.47918460522]]]},"properties":{"OBJECTID":1975,"GlobalID":"5e6e3d92-756f-4c9d-ad56-2340a20764ac","Shape__Are":14906.751953125,"Shape__Len":625.3214184840363,"CreationDa":"2026-07-21","Creator":"NMesplay_understandingwar","EditDate":"2026-08-20","Editor":"mewert_understandingwar","Area_KM":0.006555714605411}},{"type":"Feature","geometry":{"bbox":[37.6716145745557,49.6288999299032,37.6818603535462,49.6323537126962],"type":"Polygon","coordinates":[[[37.6783300337684,49.630313351151],[37.6782375935324,49.6302581081557],[37.6781405332609,49.63020629629851],[37.6780391547878,49.6301580773462],[37.6779337761168,49.6301136025922],[37.6778247260311,49.6300730105285],[37.67771234409421,49.6300364291735],[37.6775969833437,49.630003970253],[37.6774790022075,49.6299757385097],[37.6773587707916,49.6299518183203],[37.6772366636933,49.6299322882421],[37.6771130626968,49.6299172053025],[37.6769883531791,49.62990662070921],[37.6768629268059,49.6299005653037],[37.6767371725476,49.6298990565435],[37.6766114856629,49.6299021031569],[37.67648625781741,49.629909692342],[37.6763618797781,49.6299218019862],[37.6762585537575,49.6298843907866],[37.6761588713036,49.6298430380414],[37.6760631899461,49.6297978950243],[37.6759718546379,49.6297491205725],[37.6758851914675,49.629696892725],[37.6758035121503,49.6296413965024],[37.6757271095371,49.6295828314729],[37.6756562585123,49.6295214088415],[37.6755912124009,49.6294573485423],[37.6755322056631,49.6293908792377],[37.6754794485048,49.6293222400647],[37.6754331322671,49.6292516800532],[37.6753958683525,49.6291839001024],[37.6753934213416,49.629179447652206],[37.6753604594589,49.6291058064407],[37.6752658246387,49.6289971138805],[37.6750143664277,49.6289088656935],[37.6746419797081,49.6288999299032],[37.6737159217531,49.6289572179669],[37.6732311674696,49.628971377776],[37.6727531119232,49.6290639194608],[37.6723612497282,49.6291746169877],[37.6720815359083,49.6292843018157],[37.6717675567502,49.6294881530062],[37.6716145745557,49.6296888240528],[37.6716145745557,49.6299167229416],[37.6716733342567,49.630064734195706],[37.6716918790775,49.6301114485598],[37.6717030118987,49.6301394905394],[37.6717164965095,49.6301734581214],[37.67183880303371,49.6303261274993],[37.6719333893449,49.630398606651205],[37.6721001714589,49.6305317326849],[37.672366870487,49.6306354923866],[37.6726908937083,49.6306963468919],[37.6730492864723,49.630693826902],[37.6734890522281,49.6306645779031],[37.6740576193276,49.630639004434],[37.6744726796164,49.6306006005664],[37.6744789076363,49.630599885472],[37.6745622901593,49.6305903053014],[37.6746600915409,49.6305790697633],[37.674663090117306,49.6305787951297],[37.6746661246264,49.6305784477648],[37.674728538674,49.6305728090481],[37.6747287812191,49.6305727869377],[37.6748485589858,49.6305618295204],[37.6748498741194,49.630561741079],[37.6748546298005,49.6305614152425],[37.6748606862422,49.6305608683025],[37.6749327985016,49.6305560773408],[37.6750107587936,49.6305507545667],[37.6750378474909,49.6305489048618],[37.6750420480132,49.6305487151783],[37.6750470480361,49.6305484894201],[37.6750561066474,49.6305478866222],[37.6751304557119,49.6305447143694],[37.6751305105091,49.6305447114602],[37.67522772169761,49.630540311501],[37.6752313571795,49.6305402294599],[37.6752400447867,49.6305400357035],[37.6752521271272,49.630539520183206],[37.6753264806833,49.63053810279351],[37.675381983093104,49.6305368628683],[37.6754179462472,49.6305360593316],[37.67543340266,49.6305360663138],[37.6754484880685,49.6305357794611],[37.6755217061541,49.6305361105345],[37.6755636026806,49.6305361314811],[37.6756082839846,49.63053615359151],[37.6756169841681,49.6305363560758],[37.6756268135339,49.6305365859071],[37.67564492896,49.6305366673662],[37.6757163207705,49.6305386753351],[37.6757984977544,49.6305405925351],[37.675810893607,49.6305411662405],[37.6758201264915,49.6305415927375],[37.6758411901883,49.6305421856439],[37.6759102481757,49.6305457617016],[37.6759430106325,49.6305472768422],[37.6759883521981,49.6305493744157],[37.6759952548527,49.6305498526974],[37.6760130504785,49.63055108564],[37.6760370112421,49.6305523255648],[37.6761034757933,49.630557350431],[37.6761776101605,49.6305624864302],[37.6762052980342,49.6305650465747],[37.6762321325083,49.6305670749072],[37.6762958410283,49.6305734199915],[37.6763660362829,49.6305799105378],[37.6763966697324,49.63058346157311],[37.6764262961705,49.6305864121383],[37.676487037555,49.6305939366314],[37.676522111377,49.6305980014398],[37.6765533979017,49.6306016286963],[37.6765868960787,49.6306063056108],[37.6766192453104,49.6306103122331],[37.6766768991853,49.6306188741617],[37.6767205339519,49.6306249672982],[37.6767394596583,49.6306276106439],[37.6767529478623,49.6306298187655],[37.6767757722571,49.6306335554074],[37.6768107230098,49.6306387455107],[37.6768651690009,49.6306481924282],[37.6769239924823,49.6306578255357],[37.6769477035142,49.630662288906],[37.6769630269763,49.6306651737173],[37.6770004777405,49.630671672397206],[37.6770517158477,49.63068187047611],[37.6770808877382,49.6306873625541],[37.67710676550661,49.630692234961806],[37.6771483970302,49.6307011157295],[37.6771882561776,49.6307090498267],[37.6772361965694,49.6307198437113],[37.6772875523559,49.6307307981838],[37.6773022371158,49.6307343061514],[37.677331709942,49.630741348269],[37.6773738112844,49.6307508271682],[37.6774184620456,49.6307620754673],[37.6774461454277,49.6307686899221],[37.6774661275529,49.630773465153],[37.677512675556,49.6307858108129],[37.6775568960241,49.6307969508802],[37.6775982526632,49.63080850813],[37.6776053619303,49.6308103938996],[37.6776422692138,49.6308201829103],[37.6776911043276,49.6308344573837],[37.67773726875,49.6308473581108],[37.6777753177922,49.6308590736112],[37.67780188906,49.630866840110706],[37.6778157581497,49.6308708938413],[37.6779001099548,49.6308973015572],[37.6779050551805,49.6308989348018],[37.6779087239001,49.630900147371],[37.6779146896119,49.6309019842618],[37.6779336782004,49.6309083892328],[37.6779607606096,49.6309173333823],[37.6780216178768,49.6309374332752],[37.6780581550544,49.6309502635716],[37.6780662479768,49.6309531053093],[37.6780889241495,49.6309607542609],[37.6781077483462,49.6309676799764],[37.6781415205093,49.6309795391638],[37.678221508298904,49.6310093465454],[37.6782593677965,49.6310234545556],[37.6782597432923,49.63102359478031],[37.6783615403803,49.6310800232891],[37.6784587425856,49.6311397560253],[37.6785510947867,49.6312026329699],[37.6786383544385,49.6312684911949],[37.6787202924705,49.6313371561356],[37.6787966950837,49.6314084497369],[37.6788673601573,49.6314821828891],[37.6789321026381,49.6315581635743],[37.678990753643,49.63163619221141],[37.6790431586617,49.6317160634022],[37.67908917935371,49.6317975665127],[37.6791857320771,49.631858631936],[37.6792866326464,49.6319166740691],[37.6793916555846,49.6319715620099],[37.67950056643131,49.6320231730024],[37.6796131217432,49.6320713941812],[37.6797290690935,49.6321161138446],[37.6798481506659,49.6321572360002],[37.6799700996607,49.6321946652364],[37.6800946438883,49.6322283212691],[37.6802215039727,49.6322581267229],[37.6803503978429,49.6322840158577],[37.6804810371398,49.6323059293332],[37.6806131290124,49.6323238211901],[37.6807463779151,49.6323376483777],[37.6808804883022,49.6323473812258],[37.6810151583397,49.6323529993731],[37.6810888812785,49.6323537126962],[37.681162389519805,49.6323500093505],[37.6812350560398,49.6323419224993],[37.6813062565092,49.6323295213782],[37.6813753827686,49.6323129095495],[37.6814418428283,49.632292231303],[37.6815050680547,49.6322676629282],[37.6815645167635,49.6322394144601],[37.6816196796102,49.6322077290978],[37.68167008497911,49.6321728779683],[37.6817153016789,49.6321351572174],[37.6817549425357,49.6320948915011],[37.6817886670881,49.63205242409451],[37.6818161878752,49.6320081198019],[37.68183726864,49.6319623597196],[37.6818517297194,49.6319155313454],[37.6818594462477,49.6318680390521],[37.6818603535462,49.6318202866317],[37.6818544417333,49.631772685442],[37.6818417638097,49.6317256421877],[37.6818369892639,49.631714262034],[37.6818224266748,49.6316795565927],[37.6818117690623,49.6316611024437],[37.6817965965172,49.6316348289646],[37.6817644943222,49.6315918369202],[37.6817263949744,49.63155095225961],[37.6816826236638,49.6315125229282],[37.6816335567847,49.6314768765077],[37.6815796138502,49.6314443213797],[37.681521255696,49.6314151345067],[37.6811882097961,49.6313229679221],[37.6808579423852,49.6312266962603],[37.6805305729395,49.6311263578988],[37.6802062218331,49.6310219888867],[37.6798850067454,49.6309136258545],[37.6795670453556,49.630801309505],[37.6792524526482,49.6306850822858],[37.6789413445057,49.6305649825711],[37.678633834116,49.6304410574622],[37.6783300337684,49.630313351151]]]},"properties":{"OBJECTID":1976,"GlobalID":"c970668a-91cf-4874-a13c-26ce0dbf9479","Shape__Are":226786.66015625,"Shape__Len":2808.607694973724,"CreationDa":"2026-07-21","Creator":"NMesplay_understandingwar","EditDate":"2026-08-20","Editor":"mewert_understandingwar","Area_KM":0.095246831740312}},{"type":"Feature","geometry":{"bbox":[36.0092622759483,47.6106800823344,36.0127177498932,47.6112727797951],"type":"Polygon","coordinates":[[[36.0120551803875,47.6112727797951],[36.0122351695327,47.6112692612264],[36.0124855892912,47.611271020510806],[36.0126561622957,47.6112608196885],[36.0127012649095,47.6112413143347],[36.0127174345846,47.6112160702491],[36.0127177498932,47.6111145081621],[36.0127177498932,47.611031855398],[36.0127177498932,47.6109703055629],[36.0127151411857,47.6109069969644],[36.0127151205244,47.6108938425112],[36.0127127184293,47.6108807879803],[36.0127079717314,47.6108680289841],[36.012689737727705,47.6108612812737],[36.0126702748288,47.6108563370703],[36.0126499711067,47.6108532938778],[36.0126292334984,47.6108522110462],[36.0126084770254,47.61085311280031],[36.0123990464951,47.6108482333965],[36.012189796526,47.6108405960415],[36.0119808088651,47.610830202551],[36.0117721625639,47.61081705474031],[36.010970425156,47.6107679166607],[36.0101681298943,47.61072311592811],[36.0093653261861,47.6106826580042],[36.009353122573,47.61068069763671],[36.0093406099394,47.6106800823344],[36.0093281134755,47.6106808254209],[36.0093159547781,47.6106829093333],[36.0093044482576,47.6106862789609],[36.0092938912564,47.6106908477007],[36.0092845550657,47.6106964968524],[36.0092766822305,47.6107030816744],[36.0092704757702,47.6107104313837],[36.009266095584906,47.6107183564233],[36.0092636548623,47.6107266527019],[36.0092632173827,47.6107351052271],[36.0092632173827,47.6111940213313],[36.0092622759483,47.6112033325308],[36.0092635677257,47.6112126255605],[36.0092670594772,47.6112216557554],[36.009272660473,47.6112301917742],[36.009280225186,47.611238007726],[36.0092895559868,47.6112449019444],[36.0093004103304,47.6112506945649],[36.0093125052474,47.6112552360031],[36.0093255263274,47.6112584051383],[36.0093391340074,47.6112601232419],[36.00935297345271,47.6112603412599],[36.0093666862355,47.6112590561645],[36.009379913029704,47.611256302475],[36.0102385784738,47.6112649717213],[36.0110973014101,47.6112704651704],[36.011956056685705,47.6112727797951],[36.0120551803875,47.6112727797951]]]},"properties":{"OBJECTID":1978,"GlobalID":"040c4ec8-430f-4688-b106-0eaf89d3d708","Shape__Are":31456.615234375,"Shape__Len":919.1805341230967,"CreationDa":"2026-07-21","Creator":"NMesplay_understandingwar","EditDate":"2026-08-20","Editor":"mewert_understandingwar","Area_KM":0.014305373623664}},{"type":"Feature","geometry":{"bbox":[36.9257798477854,50.2555998151074,36.961429593142,50.2751427205458],"type":"Polygon","coordinates":[[[36.9607048224893,50.2620531894649],[36.9609435803188,50.2616515972738],[36.9610010994464,50.2615095265847],[36.961429593142,50.2585924096622],[36.9614042633459,50.2584196699815],[36.9606951449387,50.2564655547765],[36.9604715336033,50.2562249522778],[36.9594026516029,50.2557712084023],[36.9587921592308,50.2556170054094],[36.9585292753477,50.2555998151074],[36.9578246404321,50.255740236088],[36.95690815582301,50.2560121859426],[36.9564372930871,50.2564429165902],[36.95639946682711,50.2571023291946],[36.9566146717282,50.2578875462756],[36.9574009563166,50.2588271169587],[36.9576593028091,50.2594131114344],[36.9575878373367,50.2599149979584],[36.9573800363502,50.2603951939142],[36.9565414949651,50.2612259335236],[36.9552007845564,50.261931834615],[36.9531470741201,50.2627120655757],[36.9526751136429,50.2628457352314],[36.9499327753711,50.2631184370033],[36.9472782959273,50.2633314437987],[36.9424133365555,50.2634946261427],[36.9368271836225,50.2633323086299],[36.9365511987093,50.2633595749235],[36.9346024878551,50.2639388356925],[36.9341557951902,50.264187930243],[36.9316955476805,50.266173170833],[36.9313355999326,50.2665694587475],[36.9310340795092,50.2669247347561],[36.9310339573384,50.2669248725674],[36.9310338450489,50.2669250086561],[36.9307512979426,50.2672741902233],[36.9307511901448,50.2672743268851],[36.9306188718967,50.2674519433556],[36.9303458334577,50.2677345444461],[36.9300787427641,50.2680194567397],[36.9298176465285,50.2683066290912],[36.9295625914631,50.2685960080598],[36.9293136242805,50.2688875436506],[36.9290707898962,50.269181183573],[36.9288341305312,50.2694768749633],[36.9286036893047,50.2697745643845],[36.9283795084373,50.2700741966782],[36.9281616265567,50.2703757218548],[36.9279500840871,50.2706790807388],[36.9277455134424,50.2709833397032],[36.9277454954761,50.270983366689],[36.9277453373726,50.2709836038191],[36.9277449250459,50.2709842273621],[36.9277449034863,50.2709842595153],[36.9277448819268,50.270984292816905],[36.9277448379093,50.2709843588458],[36.927744751671,50.2709844926262],[36.9277445782962,50.2709847578904],[36.9277437581343,50.2709860170339],[36.9275551568404,50.271276973018004],[36.9275074518073,50.2713396317747],[36.9273802719226,50.2715066817723],[36.9273062489466,50.271602664907],[36.927253784639,50.2716639802826],[36.9272433641817,50.271676938422104],[36.9272433300458,50.2716769791872],[36.927238008426,50.2716824175972],[36.927225916204,50.2716965493071],[36.9271394183236,50.2717881696284],[36.9270530569871,50.2718714364055],[36.9270505659588,50.2718739827791],[36.9270505282296,50.271874019525],[36.9270492310623,50.2718751259199],[36.9270469125106,50.2718773605276],[36.9269485640549,50.2719639601072],[36.9268831146,50.2720167241668],[36.9268691646619,50.2720286142872],[36.9268691188478,50.2720286521812],[36.9268454814778,50.2720470629436],[36.9268445517214,50.272047812212],[36.9268439085277,50.27204828818401],[36.9268420445235,50.2720497396403],[36.9268413869567,50.27205024948721],[36.9267404639295,50.2721249293774],[36.9267376297448,50.27212686828561],[36.926735062359704,50.2721287658548],[36.9267069181418,50.272147871875],[36.9266350430376,50.2721970254745],[36.9266272214065,50.272201972352505],[36.926620293599,50.2722066752162],[36.9265836899461,50.2722294982513],[36.9265252850796,50.2722664292761],[36.9265120708618,50.2722741538812],[36.9265004520519,50.2722813990705],[36.9264627650308,50.2723029796115],[36.9264113598369,50.2723330305574],[36.9264111568177,50.2723331413681],[36.926401436148,50.27233809684421],[36.9263757551106,50.27235280193361],[36.9262464264558,50.2724207580823],[36.9261175757047,50.2724827952553],[36.9261156407336,50.27248378049121],[36.9261155868347,50.2724838069019],[36.9261137928991,50.2724846158747],[36.9261127005477,50.2724851423673],[36.9261095959701,50.2724865094106],[36.92604572755,50.2725153097499],[36.9259752484277,50.2725456505056],[36.9259748163381,50.2725458382513],[36.9259549033832,50.2725541547555],[36.9258387404372,50.2726005457224],[36.925838668572,50.2726005738555],[36.9257807056766,50.2726224085981],[36.9257798477854,50.2726944884401],[36.9257844687193,50.2727373075223],[36.9257937087903,50.272821467154],[36.9258260517338,50.2729056289335],[36.9258722547838,50.272998646683],[36.9259276979048,50.2730636129384],[36.9259808323555,50.2731138133965],[36.9260796263756,50.2731586415869],[36.9262357409955,50.2731758439251],[36.9262903567682,50.2731818620436],[36.9269891939569,50.2732588700086],[36.9280649453743,50.2734522402442],[36.9292415488519,50.2740108623617],[36.9302164491073,50.2744620533357],[36.9314602860941,50.2748272980171],[36.9323007175346,50.2749776932872],[36.9330739136693,50.2750851178613],[36.9338862574858,50.2751427205458],[36.9341687794393,50.2749313557329],[36.9345723206312,50.2746353221642],[36.9349810900181,50.2743422314386],[36.9353950363959,50.274052121503],[36.9358141049675,50.2737650285823],[36.9362382427323,50.2734809934945],[36.936667394893,50.2732000484462],[36.9371015057541,50.2729222313853],[36.9371019144875,50.2729219776148],[36.9375405205183,50.2726475802603],[36.9379839684684,50.2723763799034],[36.9379843816934,50.27237612613],[36.9384330326856,50.272107906943],[36.9388864160028,50.2718429566291],[36.939344472356,50.2715813091183],[36.9393449134288,50.2715810633789],[36.9398071433549,50.271323000063],[36.9402739250446,50.2710683022453],[36.9402743697106,50.2710680582257],[36.9402745969844,50.2710679387996],[36.9407460903377,50.2708165221297],[36.9412222459473,50.2705684193891],[36.9417025436886,50.2703239016393],[36.9417027745557,50.2703237822113],[36.9421876132808,50.2700826456745],[36.9426767010373,50.2698450408376],[36.9426766408501,50.2698450184446],[36.9426765779681,50.2698449949033],[36.9426765043062,50.269844965046],[36.9425748392706,50.2698067080863],[36.9424731733366,50.2697684499474],[36.9424730565556,50.2697684074581],[36.9424730026567,50.269768387936],[36.9424729469612,50.269768365543],[36.9424728373667,50.2697683276472],[36.9424727295689,50.2697682880288],[36.9423693334796,50.2697320303021],[36.9422659373905,50.26969577197351],[36.9422657828802,50.2696957202972],[36.9422657173032,50.2696956979042],[36.9422656508279,50.2696956737887],[36.9422655187755,50.2696956318735],[36.9422653588754,50.2696955767522],[36.9421603188692,50.2696613486992],[36.9420552788631,50.269627118899],[36.9420551360309,50.269627074112904],[36.9420550695556,50.2696270528682],[36.9420550021819,50.2696270304751],[36.9420548692313,50.2696269914308],[36.9420547066362,50.2696269409029],[36.9419481044598,50.269594766074],[36.941841501385,50.2695625917975],[36.9418413378916,50.2695625435662],[36.941841267823,50.2695625228957],[36.9418411959578,50.269562501651],[36.9418410549223,50.2695624626066],[36.9418409111919,50.2695624201171],[36.9417328339817,50.2695323260815],[36.9416247558732,50.2695022331752],[36.9416246085496,50.2695021924083],[36.9416245178197,50.26950216886681],[36.9416244270899,50.2695021418802],[36.9416242456302,50.2695020970939],[36.9416240767469,50.2695020505851],[36.9415146358942,50.2694740689308],[36.9414051950414,50.2694460861117],[36.9414050549042,50.2694460522349],[36.9414049758525,50.2694460327127],[36.94140489590241,50.2694460114679],[36.9414047369006,50.2694459752944],[36.9414045707123,50.2694459345273],[36.9412938362855,50.2694200807649],[36.9411831009605,50.269394228711],[36.9411829581283,50.2693941965567],[36.9411828817715,50.2693941781828],[36.9411828036181,50.2693941598089],[36.9411826491079,50.2693941276546],[36.94118246136,50.2693940868875],[36.9410705788863,50.2693703966235],[36.9409586964126,50.269346706347605],[36.9409585212411,50.2693466695997],[36.9409584385961,50.2693466540968],[36.9409583541545,50.2693466345745],[36.9409581879661,50.2693466035685],[36.9409579885401,50.26934656452401],[36.9408450658173,50.2693250578613],[36.9407321430946,50.269303551763],[36.9407319607366,50.2693035196087],[36.9407318583286,50.2693035000864],[36.940731754124,50.2693034805641],[36.9407315484099,50.2693034449646],[36.9407313660518,50.2693034116619],[36.9406174695553,50.2692841035354],[36.940503573957,50.269264795401],[36.9405033826159,50.269264764395],[36.9405032981743,50.26926475061461],[36.940503211936,50.2692647351116],[36.9405030430527,50.26926471157],[36.9405028526099,50.2692646805639],[36.9403880964256,50.2692475876305],[36.9402733402413,50.269230494691],[36.9402731497985,50.2692304677042],[36.9402730446956,50.2692304522012],[36.9402729368977,50.2692304372724],[36.940272723997,50.26923040913731],[36.9402725362491,50.2692303821506],[36.9401570191918,50.2692155210665],[36.9400415030328,50.2692006588295],[36.9400413224714,50.2692006375846],[36.9400412335382,50.269200626675],[36.94004114191,50.2692006151913],[36.940040962247,50.269200595669],[36.9400407556344,50.2692005704048],[36.9399246097564,50.2691879566774],[36.9398084638784,50.2691753417984],[36.9398082500794,50.2691753205535],[36.9398081458748,50.2691753090698],[36.9398080389753,50.2691752981602],[36.9398078287695,50.2691752786379],[36.9398076473098,50.2691752602639],[36.939690960646,50.2691649025098],[36.9395742739821,50.2691545441792],[36.9395740700646,50.2691545275278],[36.9395739577752,50.2691545189149],[36.9395738436891,50.2691545080054],[36.9395736164154,50.2691544925024],[36.9395733891416,50.2691544741284],[36.9394563018291,50.2691463844084],[36.9393392145167,50.2691382935387],[36.9393389998193,50.2691382809066],[36.939338884835,50.2691382740164],[36.939338768054,50.2691382654036],[36.9393385353903,50.269138254494],[36.939338320693,50.2691382401393],[36.9392208749527,50.2691324219011],[36.9391034301108,50.2691266019396],[36.9391032163118,50.269126593901],[36.9391031237853,50.2691265893075],[36.9391030312588,50.2691265852882],[36.9391028453076,50.2691265795463],[36.9391026467799,50.2691265715077],[36.9389849620878,50.2691230299207],[36.9388672773956,50.2691194866108],[36.9388670851562,50.2691194825915],[36.9388669665786,50.2691194797206],[36.93886684889931,50.2691194768496],[36.9388666126424,50.2691194739787],[36.9388663718939,50.2691194699594],[36.9387486198281,50.2691182107666],[36.9386308686606,50.2691169504254],[36.9386306665397,50.2691169504254],[36.9386305524537,50.2691169487028],[36.9386304374693,50.2691169475544],[36.9386302083989,50.2691169504254],[36.9386300161595,50.2691169487028],[36.9383944886717,50.2691189939581],[36.9383942425333,50.2691189985516],[36.9383941293456,50.2691189997],[36.9383940152596,50.2691190008483],[36.9383937879858,50.2691190065902],[36.9383935732885,50.2691190111837],[36.93827591913911,50.2691223139092],[36.9381582649897,50.2691256183569],[36.9381580134614,50.2691256263955],[36.9381579056636,50.269125630989],[36.938157798764,50.2691256338599],[36.938157584965,50.2691256436211],[36.9381573433182,50.2691256533823],[36.9380398787133,50.269131234482],[36.9379224141085,50.2691368167295],[36.9379222173774,50.2691368282132],[36.93792211137621,50.2691368339551],[36.937922005375,50.2691368391228],[36.9379217933726,50.2691368534774],[36.9379215544207,50.269136867258],[36.9378044410571,50.2691447198403],[36.9376873285919,50.2691525735697],[36.9376870779619,50.269152593092],[36.9376869647742,50.2691525999823],[36.9376868515864,50.2691526085951],[36.9376866261093,50.2691526281175],[36.9376864033271,50.2691526453431],[36.93756971307,50.2691627630898],[36.9374530237113,50.2691728825569],[36.9374527928442,50.2691729049502],[36.9374527335554,50.2691729101179],[36.9374526733683,50.2691729158597],[36.9374525538923,50.2691729256209],[36.9374523158388,50.2691729508851],[36.9374520993448,50.2691729721301],[36.9373359390937,50.2691853469997],[36.937219779741,50.2691977235888],[36.9372195533655,50.269197748853],[36.9372194401778,50.2691977614851],[36.9372193269901,50.2691977729688],[36.937151711697005,50.26920297624551],[36.937084054183,50.2692081812442],[36.9370160840554,50.2692111331356],[36.936948117521,50.269214082156],[36.9368118844149,50.2692154624995],[36.9367440373564,50.2692138955455],[36.93667572407231,50.2692123165334],[36.9366080719483,50.2692084970466],[36.9365400030059,50.2692046522953],[36.9364727290726,50.2691985894618],[36.9364050877284,50.26919249332471],[36.9363383842252,50.2691842032202],[36.9362713528371,50.2691758706243],[36.9362053805626,50.2691653710461],[36.9361391307087,50.2691548266792],[36.9360740774108,50.2691421451856],[36.9360088058222,50.2691294206247],[36.9359448502656,50.2691145933862],[36.9358807231307,50.2690997242274],[36.9358180449784,50.2690827868397],[36.935755235672,50.2690658149947],[36.935693988536,50.2690468099432],[36.93563265606,50.2690277790457],[36.9355730169082,50.2690067597252],[36.9355133427222,50.2689857266149],[36.9354554750483,50.2689627481423],[36.9353976100692,50.2689397696586],[36.9353416692815,50.268914891744],[36.9352857671214,50.2688900310421],[36.9352471314794,50.2688708720375],[36.9351739304618,50.2688229414763],[36.9351315183023,50.2686841512949],[36.9352147346369,50.2681321434717],[36.9352841214078,50.268027013793],[36.9381019289433,50.2664506218726],[36.9383443186614,50.2663600403823],[36.9418248591961,50.2658353015039],[36.9459142832202,50.2653377508],[36.9523502657682,50.265462336786],[36.9529740073924,50.2654164952955],[36.9536758153098,50.2653129605841],[36.9571378361766,50.2642303469629],[36.9600490577218,50.2626145197459],[36.9606285914543,50.2621388645312],[36.9607048224893,50.2620531894649]]]},"properties":{"OBJECTID":1979,"GlobalID":"480f1872-5244-4371-a8b2-fb116ed85d8d","Shape__Are":3247119.908203125,"Shape__Len":13420.940336961276,"CreationDa":"2026-07-21","Creator":"NMesplay_understandingwar","EditDate":"2026-08-20","Editor":"mewert_understandingwar","Area_KM":1.328387543645887}},{"type":"Feature","geometry":{"bbox":[37.45266331609851,50.3902490578839,37.4660103983517,50.3938025839313],"type":"Polygon","coordinates":[[[37.4656843664974,50.3934223641266],[37.4658802423485,50.3938025839313],[37.4660103983517,50.3915477066269],[37.4654869841716,50.3914761997437],[37.4636550318464,50.391118665428],[37.4615613715328,50.3908803077197],[37.4589442970392,50.3906419488132],[37.4558411935527,50.3903320812452],[37.4538344308698,50.3902490578839],[37.45303718414,50.3905466056024],[37.45266331609851,50.391118665428],[37.4528312552425,50.3914264855672],[37.4529624110707,50.3916668822351],[37.4538026125424,50.39192877246111],[37.454794363395905,50.391976742798],[37.4560655136589,50.3920959184732],[37.4572245047671,50.3921912591413],[37.4584956550301,50.3923104354228],[37.4606367868148,50.3923587369669],[37.4620474005257,50.3924057762322],[37.4635802587771,50.3925249502563],[37.464739248987,50.39285863959551],[37.4656843664974,50.3934223641266]]]},"properties":{"OBJECTID":1980,"GlobalID":"acae9c81-5cd1-41c2-b4f3-d58cbb0a2b90","Shape__Are":410207.18359375,"Shape__Len":3637.940263416712,"CreationDa":"2026-07-21","Creator":"NMesplay_understandingwar","EditDate":"2026-08-20","Editor":"mewert_understandingwar","Area_KM":0.16693831363023}},{"type":"Feature","geometry":{"bbox":[35.0508736609831,51.1207362368109,35.0583116504501,51.1237019642548],"type":"Polygon","coordinates":[[[35.0508736609831,51.1237019642548],[35.0509921649387,51.12366891483191],[35.0511212735063,51.1236329092751],[35.0516637975474,51.1234784284286],[35.0517277495108,51.123460218656604],[35.0523321557969,51.1232846913545],[35.0523323246802,51.1232846456848],[35.0523860924432,51.1232701632824],[35.0524545000504,51.1232517363557],[35.0526415167161,51.123201363634],[35.0526951398504,51.1231873841382],[35.0529240233982,51.1231277172302],[35.0529240692123,51.1231277059536],[35.0529241150264,51.1231276946771],[35.0530756096109,51.1230882025559],[35.0531228097908,51.1230763700799],[35.0533549569182,51.1230181740554],[35.0533550853772,51.123018140789604],[35.0535121252619,51.1229787731808],[35.05353030357,51.1229743973085],[35.05353694212,51.1229727977272],[35.0535528243342,51.1229689732786],[35.0535949813722,51.1229584928331],[35.05378918635681,51.1229120592664],[35.0539509819226,51.1228730992161],[35.0539778819738,51.122866884685],[35.0539851268866,51.1228652112382],[35.05402038486321,51.12285678311001],[35.0542263730494,51.1228094822699],[35.0542264826439,51.1228094563337],[35.0542267045277,51.1228094050252],[35.0543920987446,51.1227711981663],[35.0544111448252,51.1227669818385],[35.0544157289281,51.122765968634305],[35.0544195988704,51.1227651110473],[35.05444789580181,51.12275861515],[35.054668736733,51.122709972290004],[35.054668807699905,51.1227099565027],[35.0546688705819,51.1227099435345],[35.0548353921845,51.1226730886629],[35.0548497805004,51.1226700434055],[35.0548517217597,51.12266963180811],[35.0548561549456,51.1226686924637],[35.0548774387297,51.1226640064543],[35.0551188789286,51.1226130681312],[35.0551853686326,51.1225989903504],[35.0552155897554,51.1225925919729],[35.0552807804956,51.1225787899004],[35.0552906152513,51.122576802388],[35.0552931413139,51.1225762904274],[35.0552946900094,51.1225759774999],[35.0553089381882,51.122572973396],[35.0555878417277,51.1225166988476],[35.0556272454293,51.12250873074441],[35.0556419391724,51.1225057593385],[35.0557281792363,51.1224883205085],[35.0557323312496,51.1224875198637],[35.055735178909,51.1224869712528],[35.0561764062238,51.1224019082994],[35.0561764969536,51.1224018896928],[35.05617750666,51.1224016957335],[35.0563158858413,51.1223642750885],[35.05645679917,51.1223307877353],[35.0565999645752,51.1223013019069],[35.0567450927992,51.122275875122],[35.056891892788,51.122254561516],[35.0570400671992,51.1222374011269],[35.0571893195887,51.1222244300448],[35.05733934812261,51.1222156747738],[35.057458794411,51.122211737495],[35.0575783889214,51.12221047111541],[35.0576665909059,51.1222155620063],[35.05775403471231,51.1222244142574],[35.0578403134037,51.1222369883978],[35.0579250254333,51.1222532240941],[35.058007777339,51.1222730480434],[35.0580565271128,51.122287185690205],[35.0580633426309,51.1222891625021],[35.0580671434028,51.1222902642392],[35.0580881828451,51.1222963655167],[35.0581658691509,51.1223230699435],[35.0582404742352,51.1223530372741],[35.0583033886445,51.1223822856947],[35.0583116504501,51.1223861271069],[35.0581503139234,51.1222872183928],[35.0579554621518,51.1221965364268],[35.0577216459547,51.12208339093],[35.0575125127666,51.1219808684774],[35.0572137465779,51.1218374960034],[35.0570423058009,51.1217386656165],[35.0566701607281,51.12155118839251],[35.0564363777687,51.121416421153306],[35.05581244121,51.1210756750383],[35.0549536868327,51.1208004193394],[35.0542215571811,51.1207362368109],[35.0535622296952,51.1208830945011],[35.0531379176573,51.12114329714911],[35.0530945371139,51.1211816327846],[35.0530681086783,51.1212318960664],[35.0529730992605,51.1216170816224],[35.0529533542906,51.1219128421907],[35.0528036446586,51.12219003650261],[35.0524893259373,51.1225245006184],[35.0519838529101,51.1230080065457],[35.0513007551034,51.1234257442801],[35.0508736609831,51.1237019642548]]]},"properties":{"OBJECTID":1988,"GlobalID":"985794aa-fe94-480d-8275-8f099cb45833","Shape__Are":151513.912109375,"Shape__Len":2117.5632537247143,"CreationDa":"2026-07-21","Creator":"NMesplay_understandingwar","EditDate":"2026-08-20","Editor":"mewert_understandingwar","Area_KM":0.059775261533706}},{"type":"Feature","geometry":{"bbox":[35.2129359087659,51.027254235925,35.2701135104118,51.0525844985784],"type":"Polygon","coordinates":[[[35.2368566407152,51.0520758707571],[35.238431235593,51.05200114087],[35.2415614214888,51.0518525859418],[35.2456209693431,51.0516599247861],[35.2624555576676,51.05046119790871],[35.2673715611105,51.049937465937],[35.2699637405927,51.0495668820002],[35.2700108832805,51.0495490350253],[35.2701135104118,51.0495101842441],[35.2683919691198,51.0478326528261],[35.265618295814306,51.0463966175938],[35.2628446234071,51.0442424832439],[35.258602535192,51.0416779064374],[35.2528920329658,51.0395235526542],[35.24864994475071,51.038702820719],[35.2453868001081,51.0379846668668],[35.2437147649714,51.0353347091336],[35.2425118399577,51.0338217867342],[35.2417767180179,51.0323928697538],[35.2412420847783,51.031342167129],[35.2400391588661,51.0307537640675],[35.23941584484,51.0300850454614],[35.2384287041405,51.029671357354],[35.2379471496561,51.0300499285727],[35.2372549141863,51.0303527844511],[35.2356296651063,51.0306556366557],[35.2346966523943,51.0304095689312],[35.2337937368377,51.0302392130224],[35.2330413061591,51.0302581425548],[35.2322286820682,51.0300688576174],[35.2316934415674,51.0294185318875],[35.2313857389382,51.0291853152395],[35.2311727151467,51.0289868303906],[35.2312101542328,51.0286420791874],[35.2311174858247,51.0282573946453],[35.2311812024295,51.0280129458697],[35.231093416365,51.0276406452363],[35.2307440013639,51.0274324884246],[35.2305158059255,51.027407940567],[35.2297636016223,51.0273759743194],[35.2294484905869,51.0274015465283],[35.228952774162,51.027254235925],[35.2267989195379,51.0288902246732],[35.2262037209835,51.0292853248586],[35.2250630043031,51.0297844137961],[35.2248812104424,51.0300859115473],[35.2248935568877,51.0301017186015],[35.2248956167246,51.0301043558406],[35.2249085434816,51.0301209035524],[35.2250031971664,51.0302420784974],[35.2250182771851,51.0302613842915],[35.2250239751989,51.0302686790458],[35.2253441060201,51.0306785127886],[35.2253441078168,51.0310944098968],[35.2248481084225,51.031520710672],[35.2240876081777,51.0317494101629],[35.2233933083794,51.0316974101221],[35.2231618125307,51.0319989118121],[35.2233009265339,51.0320695787411],[35.2240215065458,51.032435612026],[35.2240432628437,51.0324715372201],[35.224070989345,51.0325173204478],[35.224137313759,51.0326268374374],[35.2241537098096,51.0326539117233],[35.2225501101279,51.03313221302561],[35.2224509136627,51.0333297135404],[35.2225414216225,51.0333921430201],[35.2229634097188,51.0336832109559],[35.2235751094266,51.0339119127683],[35.2237250499257,51.034083829589],[35.2237842201568,51.0341516721688],[35.2238467932062,51.0342234170548],[35.2238562075504,51.0342342096787],[35.2237900097988,51.034702013421],[35.223376710208,51.0347020122912],[35.2229469085653,51.034442112805],[35.2223683117757,51.0342342141981],[35.221822709208,51.0343798118443],[35.2212606099786,51.0349204120334],[35.2213752996875,51.0350924669027],[35.2214506701365,51.03520553384641],[35.2216779061742,51.0355464203632],[35.221944615982,51.0359465201366],[35.2224179086608,51.0366565142345],[35.2223683108773,51.0371347120889],[35.2218888108399,51.03720751375591],[35.2214160939812,51.0368187535281],[35.2212441115201,51.0366773137267],[35.2212284323251,51.0362920496479],[35.2212276058751,51.0362718154338],[35.2207647111956,51.0362095129788],[35.2193429107646,51.0366253135665],[35.2181691100306,51.03735301394],[35.2180699108704,51.0377376088665],[35.2186981108334,51.0379559129609],[35.2200703116844,51.0378624129354],[35.2209134084263,51.0381015124704],[35.2209458322182,51.0381411483781],[35.221060362027,51.0382811540466],[35.2211173583352,51.038350829103],[35.2211308133015,51.0383672767143],[35.2211387364423,51.0383769618116],[35.2211670270856,51.0384115465061],[35.2212110095002,51.0384653115416],[35.220764712094,51.0386732137602],[35.2189131100203,51.0391618139952],[35.2181526106737,51.0395672130022],[35.2180864138205,51.0399103098534],[35.2186155098447,51.0400662115488],[35.219342906273,51.0407419120474],[35.2194751086384,51.0412824120315],[35.2190453087924,51.0417709124542],[35.2188471763733,51.0418098651813],[35.2166871907474,51.0415940435599],[35.2164396842254,51.0418672783856],[35.2161864814861,51.0423674698939],[35.215288297356,51.0433624586875],[35.2141762593911,51.0437927176457],[35.2134491576102,51.0444112079677],[35.2129359087659,51.0450296894672],[35.2129965648105,51.04580531978171],[35.220653874361,51.0501662287022],[35.2212386470682,51.0504992443061],[35.2214215512466,51.05037678565291],[35.22170558057311,51.050395180646],[35.2219753042287,51.0505090324685],[35.2221169937019,51.0507086053811],[35.2221929238012,51.05111169760931],[35.2222125025829,51.0515206134703],[35.2222168288693,51.0516109631463],[35.222276179661804,51.0520619629219],[35.222399016192,51.0522618950624],[35.2226333066996,51.052424011383],[35.2240261158015,51.0523380142313],[35.2254068973602,51.0523950066816],[35.2259761229248,51.05245555208351],[35.2260721609135,51.0525313761671],[35.2261394483215,51.0525844985784],[35.2331714783319,51.0522507644347],[35.2350997075977,51.0521592516113],[35.2368566407152,51.0520758707571]]]},"properties":{"OBJECTID":1989,"GlobalID":"3092cee9-97fd-491f-a7b5-7b2886e3930a","Shape__Are":15276191.947265625,"Shape__Len":19593.11622019332,"CreationDa":"2026-07-21","Creator":"NMesplay_understandingwar","EditDate":"2026-08-20","Editor":"mewert_understandingwar","Area_KM":6.04731097889943}},{"type":"Feature","geometry":{"bbox":[36.9428539584058,48.2485360486136,36.9798345686355,48.2704140651548],"type":"Polygon","coordinates":[[[36.979602782631,48.2486268745297],[36.979537564043,48.2490366362751],[36.9794990963859,48.2492671718739],[36.97926389319,48.2495613148005],[36.9788916007936,48.2498315560126],[36.9785192949224,48.2501018047693],[36.9781447773989,48.2503706793038],[36.9777702499941,48.2506395572098],[36.9773935208184,48.2509070567354],[36.9770167835579,48.2511745584506],[36.9766378517132,48.2514406746362],[36.9762589153769,48.2517067906333],[36.9758777934395,48.2519715145499],[36.9754966688072,48.2522362382924],[36.9751133684552,48.2524995628055],[36.9747300681033,48.2527628859626],[36.9743446001166,48.2530248039378],[36.9739591375197,48.2532867163845],[36.9735715135763,48.2535472200892],[36.9731838977177,48.2538077164856],[36.9727941285974,48.2540667975894],[36.9724043720535,48.2543258684086],[36.9720124784176,48.254583513796106],[36.9716205856799,48.2548411572872],[36.95812385038861,48.26120974743571],[36.9581237884048,48.2612097761416],[36.9581237273194,48.2612098060436],[36.9581236051485,48.2612098634555],[36.9581233590102,48.2612099788774],[36.9581233033146,48.2612100051912],[36.9581232476191,48.2612100315049],[36.958123136228,48.2612100835345],[36.9581229134458,48.2612101881915],[36.9581220196221,48.2612106092121],[36.9579111374142,48.2613107629623],[36.9577005013447,48.2614107975068],[36.9576993676708,48.2614113411235],[36.9576988538345,48.2614115875152],[36.9576987981389,48.261411614427],[36.9576987424433,48.261411641338704],[36.9576986310522,48.261411693966],[36.9576984082701,48.26141180101491],[36.957697963604,48.2614120157105],[36.957697909705104,48.2614120420242],[36.9576978558061,48.2614120677399],[36.9576977480083,48.2614121197692],[36.9576975324127,48.2614122244259],[36.9576967104542,48.2614126221213],[36.9574877524376,48.2615146533119],[36.9572789507279,48.2616166107404],[36.9572779787508,48.2616170897671],[36.9572774487448,48.2616173511087],[36.9572773930492,48.2616173780203],[36.9572773373537,48.261617406128],[36.9572772259626,48.2616174605493],[36.9572770031804,48.2616175687938],[36.957276560311,48.261617790665],[36.9572765001238,48.2616178205668],[36.9572764399367,48.2616178504686],[36.9572763186641,48.2616179102722],[36.9572760779157,48.2616180304774],[36.9572750349716,48.2616185489744],[36.9570683568792,48.2617222865446],[36.9568616608206,48.2618260316787],[36.95686064302941,48.2618265471835],[36.9568601660239,48.2618267887889],[36.9568601085318,48.2618268180926],[36.9568600519379,48.2618268473961],[36.9568599387502,48.2618269048074],[36.9568597114764,48.2618270190317],[36.9568592578272,48.2618272510687],[36.9568592066232,48.2618272767841],[36.9568591563176,48.2618273024995],[36.9568590548079,48.2618273545284],[36.9568588508904,48.2618274585862],[36.95685774057271,48.2618280267179],[36.9566531968774,48.2619335364301],[36.9564483944674,48.2620391798834],[36.9564475491527,48.2620396200341],[36.9564474925588,48.2620396499356],[36.9564474350666,48.2620396792392],[36.9564473218789,48.26203973844421],[36.9564470937068,48.26203985745231],[36.9564470317231,48.262039890344],[36.9564469715359,48.2620399214416],[36.9564468493651,48.2620399848329],[36.956446604125,48.2620401122135],[36.9564461163398,48.2620403693667],[36.9564460552544,48.2620404010624],[36.9564459941689,48.262040433356],[36.9564458728964,48.2620404973453],[36.9564456294529,48.2620406253239],[36.9564445766274,48.2620411785024],[36.9562421269051,48.2621484824614],[36.9560393825354,48.2622559416825],[36.9560393349247,48.2622559667997],[36.9560392882122,48.2622559919169],[36.9560391938891,48.2622560421513],[36.9560390061413,48.26225614262],[36.9560386306455,48.2622563435575],[36.9560382174204,48.26225656423],[36.9560381599283,48.2622565959255],[36.9560381024361,48.2622566264249],[36.9560379856551,48.2622566892179],[36.9560377538897,48.2622568124117],[36.9560372912574,48.2622570623876],[36.9560372301719,48.2622570952791],[36.9560371690865,48.2622571281707],[36.9560370460173,48.2622571945518],[36.9560368016755,48.2622573267161],[36.9560358332917,48.2622578487947],[36.9558355026951,48.2623669332233],[36.9556349870456,48.2624761172895],[36.9556342091046,48.2624765442798],[36.9556337509637,48.2624767960487],[36.9556336853868,48.2624768325283],[36.955633620708,48.2624768684098],[36.9556334904523,48.2624769395749],[36.9556332299409,48.262477081905],[36.9556327107147,48.2624773707514],[36.9556326541208,48.2624774018487],[36.9556325975269,48.2624774335441],[36.9556324834409,48.2624774963368],[36.9556322570654,48.2624776219222],[36.9556313120378,48.2624781457927],[36.9554331275164,48.2625889957173],[36.9552347830949,48.262699935703],[36.9552340033573,48.262700375848],[36.9552335829457,48.2627006132632],[36.9552335236569,48.2627006467525],[36.9552334634698,48.2627006802418],[36.9552333439939,48.2627007484164],[36.955233105042,48.2627008823736],[36.9552326289349,48.2627011538761],[36.9552325795275,48.2627011813852],[36.9552325310185,48.2627012094922],[36.9552324322038,48.2627012657064],[36.9552322354728,48.2627013775367],[36.9552314233958,48.2627018398086],[36.9550352915249,48.2628145114204],[36.954839222536,48.2629271463047],[36.9548383538651,48.2629276498379],[36.9548378750631,48.2629279273194],[36.954837821164105,48.2629279590144],[36.95483776816351,48.2629279901116],[36.954837661264,48.2629280517076],[36.954837447465,48.2629281743018],[36.9548370216636,48.2629284242744],[36.9548369704596,48.2629284541754],[36.9548369183573,48.2629284846745],[36.954836815051,48.26292854507451],[36.9548366093368,48.2629286652766],[36.9548357047333,48.2629291945247],[36.9546418698546,48.2630435484612],[36.9544480250944,48.26315790872],[36.9544471375589,48.26315843676971],[36.9544467387069,48.2631586741827],[36.9544466875029,48.26315870527961],[36.9544466354006,48.2631587351805],[36.9544465329927,48.2631587973744],[36.9544463263802,48.26315891937],[36.9544459149518,48.2631591663513],[36.9544458610529,48.2631591986443],[36.9544458080522,48.2631592309372],[36.9544457002544,48.2631592949251],[36.9544454855571,48.2631594240969],[36.9544445261564,48.263159999988],[36.9542530376771,48.2632760075214],[36.9540614719428,48.263392060240704],[36.9540605969837,48.2633925948661],[36.9540602143014,48.263392829288],[36.9540601630974,48.2633928597868],[36.9540601127918,48.2633928908836],[36.9540600121804,48.2633929530771],[36.9540598100595,48.2633930750722],[36.9540594076143,48.2633933232484],[36.9540593618002,48.2633933513551],[36.9540593168844,48.2633933794618],[36.9540592252563,48.2633934356752],[36.9540590428983,48.2633935481021],[36.9540583017881,48.2633940055835],[36.9538689144684,48.2635118144009],[36.9536797652021,48.2636294740417],[36.953678793225,48.2636300846122],[36.9536783404741,48.263630368668004],[36.9536782937617,48.2636303973726],[36.953678246151,48.2636304278712],[36.9536781527262,48.2636304858784],[36.9536779649783,48.2636306036868],[36.9536775912792,48.2636308404997],[36.9536775319903,48.2636308775764],[36.9536774735999,48.2636309146532],[36.9536773568189,48.2636309888066],[36.9536771223586,48.2636311371137],[36.9536763273495,48.26363164064],[36.9534893969221,48.2637510324423],[36.9533025392582,48.263870378517],[36.9533016786721,48.2638709328718],[36.9533012483791,48.2638712097501],[36.95330119987,48.263871240846605],[36.9533011495644,48.2638712725411],[36.9533010525464,48.2638713359301],[36.9533008585103,48.2638714615121],[36.95330046864141,48.2638717150681],[36.9533004138442,48.2638717503506],[36.9533003599453,48.2638717856332],[36.9533002512491,48.2638718561983],[36.9533000347551,48.2638719967305],[36.9532992298646,48.2638725199887],[36.9531146709895,48.2639935485743],[36.9529301246908,48.2641145685011],[36.9529293135121,48.264115105511],[36.9529289308298,48.2641153578698],[36.95292888321911,48.2641153895641],[36.9529288365067,48.2641154212585],[36.9529287421836,48.2641154834512],[36.9529285535374,48.2641156078366],[36.9529281780416,48.2641158589993],[36.9529281259393,48.2641158936837],[36.9529280747353,48.26411592777],[36.9529279714291,48.2641159965408],[36.9529277648166,48.2641161340823],[36.95292693118,48.264116690228406],[36.9527448130275,48.2642393101254],[36.9525626526542,48.26436195663841],[36.9525618684249,48.2643624894596],[36.9525615261668,48.2643627214851],[36.9525614758611,48.2643627561693],[36.9525614246572,48.2643627908535],[36.9525613222492,48.2643628608199],[36.9525611183317,48.2643629989587],[36.9525607122931,48.2643632776284],[36.9525606583942,48.2643633147047],[36.952560603597,48.2643633517809],[36.9525604949008,48.2643634265314],[36.9525602784069,48.2643635754343],[36.9525593315826,48.2643642242682],[36.9523798050697,48.2644883290088],[36.9522000072655,48.2646126224163],[36.9521999650447,48.26461265112041],[36.9521999237222,48.2646126804224],[36.9521998401789,48.2646127384285],[36.9521996730923,48.2646128550386],[36.952199338919,48.2646130876609],[36.9521989777962,48.264613340615206],[36.9521989328804,48.2646133717113],[36.9521988870664,48.2646134040033],[36.9521987954382,48.2646134673914],[36.9521986148768,48.2646135935695],[36.9521982537541,48.2646138477198],[36.9521982016518,48.2646138841979],[36.9521981504478,48.2646139200779],[36.9521980471416,48.264613993034004],[36.9521978405291,48.2646141383482],[36.9521970410285,48.2646147010669],[36.9520198564235,48.2647404640492],[36.9518427338023,48.2648661812743],[36.9518418786062,48.264866793624],[36.9518414986188,48.264867066311],[36.9518414492115,48.2648671015928],[36.9518414007024,48.2648671368747],[36.9518413027861,48.2648672062424],[36.9518411069533,48.2648673461739],[36.9518407179828,48.2648676272329],[36.9518406703721,48.2648676619167],[36.9518406227614,48.2648676960026],[36.95184052754,48.2648677653703],[36.9518403361988,48.2648679029098],[36.9518396040719,48.2648684327358],[36.95166483683331,48.2649958031058],[36.9514900094077,48.265123219802],[36.9514893428577,48.2651237089617],[36.95148898443,48.2651239732754],[36.9514889431075,48.2651240031751],[36.9514889026833,48.2651240336728],[36.9514888200383,48.2651240928743],[36.9514886565449,48.2651242136692],[36.9514883295581,48.2651244570531],[36.951488283744,48.2651244905408],[36.9514882379299,48.2651245246265],[36.9514881463018,48.2651245927979],[36.9514879630455,48.2651247285427],[36.9514872767326,48.2651252386322],[36.9513150418449,48.265254135637],[36.9511429327213,48.2653829378339],[36.9511421269325,48.2653835459915],[36.9511417244872,48.2653838503693],[36.951141674181606,48.2653838880428],[36.9511416238759,48.2653839257163],[36.9511415232646,48.265384001063204],[36.9511413238386,48.2653841517571],[36.9511409258849,48.2653844555369],[36.9511408827658,48.2653844884264],[36.9511408387483,48.265384521316],[36.9511407525101,48.265384587693106],[36.9511405782369,48.2653847204472],[36.9511398191605,48.2653852987052],[36.95097025945571,48.2655156140848],[36.9508006880728,48.2656459381019],[36.9507999478609,48.265646512171],[36.9507995615854,48.2656468123613],[36.9507995130764,48.2656468494366],[36.950799463669,48.2656468871099],[36.9507993657526,48.2656469636524],[36.9507991708182,48.2656471143456],[36.950798782746,48.2656474187218],[36.9507987387286,48.2656474534051],[36.9507986938128,48.2656474880885],[36.9507986057779,48.2656475574552],[36.9507984279115,48.2656476961885],[36.9507976661401,48.2656482923832],[36.9506306935833,48.2657800912962],[36.9504636258051,48.2659119658134],[36.9504629664417,48.2659124908447],[36.9504626035223,48.2659127790737],[36.95046256130151,48.2659128143549],[36.950462517284,48.2659128484401],[36.9504624301475,48.2659129178064],[36.9504622576709,48.265913055941],[36.9504619109212,48.2659133340043],[36.9504618722937,48.2659133650996],[36.9504618327678,48.2659133961948],[36.9504617555127,48.2659134589833],[36.9504615992058,48.2659135839622],[36.9504609146896,48.2659141347069],[36.9502964457374,48.2660474853007],[36.9501319821752,48.2661808325566],[36.9501312994556,48.26618139047421],[36.9501309742655,48.2661816565764],[36.9501309320447,48.2661816900634],[36.9501308907222,48.2661817253443],[36.9501308062805,48.2661817935143],[36.9501306382956,48.2661819298543],[36.9500500297702,48.2662343256409],[36.9499691831912,48.2662868744569],[36.9498861519095,48.266337579645],[36.94980289604901,48.2663884205241],[36.9497175228593,48.2664373860894],[36.9496319376673,48.2664864700075],[36.9495443043164,48.266533647524],[36.9494564751327,48.266580927251],[36.9493666660622,48.2666262700862],[36.9492766800235,48.2666717001859],[36.9491847787767,48.2667151646976],[36.9490927221214,48.2667587021254],[36.948998822123,48.266800245867],[36.9489047855808,48.2668418469804],[36.94880897576411,48.2668814287012],[36.9487130482682,48.2669210564352],[36.9486154211598,48.2669586360802],[36.9485176979316,48.2669962509778],[36.9484183478544,48.2670317926774],[36.9483189232171,48.2670673594671],[36.9482179471892,48.2671008279498],[36.9481169208558,48.2671343119577],[36.94801441409871,48.2671656749411],[36.9479118821888,48.2671970438849],[36.9478079444155,48.2672262702825],[36.9477040075405,48.2672554948694],[36.9475987402605,48.2672825553881],[36.9474934990318,48.2673096075209],[36.9473870037548,48.2673344752591],[36.9472805605802,48.2673593286339],[36.9471729415108,48.2673819802773],[36.9470653996966,48.2674046127757],[36.9469567583444,48.2674250232156],[36.9468482229935,48.2674454133165],[36.9467386671564,48.2674635634236],[36.9466292442699,48.2674816913993],[36.9465188790508,48.2674975632393],[36.9464086737317,48.2675134117537],[36.94629760603,48.2675269897839],[36.9461867260762,48.267540544489705],[36.9460750627914,48.2675518149607],[36.9459636160006,48.2675630621084],[36.945851465829,48.2675720130639],[36.9457395617957,48.2675809436869],[36.9456270334333,48.267587565562],[36.9455147790571,48.2675941712912],[36.9454019812001,48.2675984575102],[36.9452894860754,48.2676027317695],[36.9451766945067,48.2676046751582],[36.9450639029379,48.26760661794881],[36.9450638346659,48.2676066185467],[36.945063766394,48.26760661794881],[36.9450636900372,48.2676066173508],[36.9450636136804,48.2676066161549],[36.9450633702369,48.267606613763],[36.944940916389,48.267606910354],[36.9449408103878,48.26760691155],[36.9449407034883,48.2676069133438],[36.944940583114,48.2676069151378],[36.9449405193336,48.2676069163337],[36.9449404546549,48.2676069169316],[36.9449403261958,48.267606921715405],[36.9449402516357,48.267606923509206],[36.9449401761772,48.2676069253032],[36.9449398779365,48.2676069336747],[36.9448788526843,48.2676094110465],[36.9448178076692,48.2676118878203],[36.9448175300898,48.2676119021715],[36.9448173863593,48.267611909945],[36.9448173109008,48.2676119141307],[36.9448172363407,48.2676119177186],[36.9448170872203,48.2676119284819],[36.9448170117618,48.2676119332657],[36.9448169363034,48.2676119380494],[36.9448166434526,48.2676119571843],[36.9447559281191,48.2676167564563],[36.94469513553061,48.2676215605116],[36.9446950277328,48.267621570079],[36.9446949208333,48.26762158024441],[36.9446947780011,48.2676215928017],[36.9446947133224,48.2676215993793],[36.9446946486437,48.2676216035651],[36.944694521083,48.2676216179162],[36.944694452811,48.2676216250918],[36.944694384539,48.2676216322674],[36.944694139299,48.26762165857791],[36.944633883903,48.2676287659957],[36.9445736563548,48.2676358716185],[36.9445733850635,48.2676359074965],[36.9445732431297,48.2676359260334],[36.9445731694679,48.2676359361988],[36.944573095806,48.2676359457662],[36.9445729502789,48.2676359660971],[36.9445728856002,48.2676359756645],[36.9445728200232,48.267635985232],[36.9445725586135,48.2676360235018],[36.9445130380394,48.2676454109591],[36.9444534635664,48.267654809776005],[36.9444533611584,48.2676548277149],[36.9444532578522,48.2676548450559],[36.94445311142681,48.2676548701705],[36.9444530431548,48.2676548821298],[36.94445297488291,48.2676548928931],[36.9444528383389,48.2676549192036],[36.9444527691687,48.2676549317609],[36.9444527008967,48.2676549443182],[36.9444524143341,48.2676549969391],[36.944393825313,48.2676666339373],[36.9443351958676,48.2676782769125],[36.94433495242421,48.2676783283375],[36.9443348257617,48.2676783552459],[36.9443347529982,48.2676783713909],[36.944334681133,48.267678386938],[36.9443345356059,48.2676784198261],[36.9443344655373,48.2676784353732],[36.94433439546871,48.2676784515183],[36.9443341178893,48.2676785143045],[36.9442766230162,48.2676923631689],[36.9442190607694,48.2677062299684],[36.9442189574631,48.2677062562788],[36.9442188541569,48.2677062825893],[36.9442187310877,48.2677063136835],[36.9442186655107,48.2677063310244],[36.9442185999336,48.2677063471695],[36.9442184678813,48.2677063836453],[36.944218401406,48.2677064009862],[36.944218335829,48.2677064189252],[36.9442181121485,48.26770647931961],[36.9441618479672,48.2677225107463],[36.9441056053456,48.2677385373842],[36.9441053645971,48.2677386097378],[36.9441052262566,48.2677386515954],[36.9441051687644,48.26773866833831],[36.944105112170504,48.2677386856793],[36.9441049980845,48.2677387215572],[36.9441049298126,48.2677387430839],[36.9441048615406,48.2677387646106],[36.9441045866561,48.2677388519133],[36.9440498594924,48.2677569785955],[36.9439951538882,48.2677750986937],[36.9439948637324,48.2677751991516],[36.9439947191036,48.267775249978605],[36.9439946544249,48.2677752715053],[36.9439945906445,48.26777529303191],[36.9439944648804,48.2677753402711],[36.9439943957101,48.2677753653856],[36.9439943265398,48.2677753905],[36.9439940839947,48.2677754784007],[36.9439409729002,48.2677956728277],[36.9438878636022,48.2678158672468],[36.9438876255487,48.2678159617249],[36.9438875168525,48.2678160047783],[36.943887458462,48.2678160292948],[36.9438873991732,48.2678160514195],[36.9438872832906,48.2678160998545],[36.9438872257984,48.267816123773],[36.9438871692045,48.2678161476915],[36.9438869419308,48.2678162415718],[36.9438356454331,48.2678384301893],[36.9437843713933,48.2678606092298],[36.9437841279499,48.2678607186569],[36.9437840120672,48.2678607712777],[36.9437839491851,48.267860798784],[36.9437838880997,48.26786082629031],[36.9437837650305,48.2678608848906],[36.9437837102332,48.267860910005],[36.9437836563343,48.26786093571741],[36.943783441637,48.2678610367731],[36.943734133111,48.2678851454286],[36.9436848515345,48.2679092397217],[36.9436846152776,48.2679093599121],[36.9436845092764,48.2679094137287],[36.9436844526826,48.267909443626806],[36.9436843951904,48.267909471731],[36.943684282901,48.2679095321252],[36.9436842272054,48.2679095614253],[36.9436841724082,48.2679095907255],[36.9436839460327,48.2679097103179],[36.9436368096331,48.2679356475179],[36.9435896148431,48.2679616181905],[36.9435895339947,48.2679616636356],[36.9435894540446,48.2679617096786],[36.9435893489417,48.2679617694747],[36.9435892995344,48.2679617987749],[36.9435892483304,48.2679618268791],[36.9435891477191,48.2679618872732],[36.9435890992101,48.2679619159753],[36.9435890507011,48.2679619446775],[36.9435888719363,48.2679620511146],[36.9435439974946,48.2679897690166],[36.9434991553923,48.2680174671708],[36.9434989505764,48.2680175981242],[36.9434988625415,48.2680176549305],[36.9434988113375,48.2680176890142],[36.9434987583369,48.2680177219021],[36.9434986550307,48.2680177900696],[36.9434985741823,48.2680178444841],[36.9434984097906,48.2680179545088],[36.9434559823597,48.2680473442782],[36.9434135495389,48.2680767376183],[36.9434134731822,48.2680767926307],[36.94341339592701,48.2680768476431],[36.9434133087905,48.2680769104289],[36.9434132665697,48.2680769421208],[36.9434132234505,48.2680769720187],[36.9434131399072,48.2680770342066],[36.9434130617538,48.2680770928067],[36.9434128991587,48.2680772147906],[36.9433730750455,48.268108166397],[36.9433332365593,48.2681391293458],[36.9433331655924,48.268139186152],[36.9433330955238,48.26813924355611],[36.943333004794006,48.2681393171051],[36.9433329634715,48.2681393505908],[36.943332922149,48.2681393828806],[36.9433328421989,48.268139451048],[36.9433328008764,48.2681394857297],[36.9433327595539,48.2681395204113],[36.9433326104335,48.2681396453848],[36.9432955154022,48.2681720625511],[36.943258414981,48.2682044832846],[36.943258278437,48.268204607062],[36.9432581966903,48.2682046818069],[36.9432581580628,48.2682047164885],[36.9432581185369,48.26820475176801],[36.9432580430784,48.2682048229251],[36.9432579828913,48.2682048803291],[36.943257848144,48.2682050082923],[36.9432235855008,48.2682387995253],[36.9431893003997,48.26827261345851],[36.943189247399,48.2682726678726],[36.9431891943984,48.2682727216888],[36.9431891261265,48.2682727928458],[36.9431890919905,48.2682728281253],[36.9431890578545,48.2682728622089],[36.9431889922775,48.2682729333659],[36.9431889302937,48.2682729991413],[36.943188817106,48.2682731211247],[36.943157495547,48.2683081853642],[36.9431261901577,48.2683432322389],[36.9431260688851,48.2683433739547],[36.9431260149862,48.2683434373382],[36.9431259673755,48.2683434917523],[36.9431259215614,48.2683435479603],[36.943125874849,48.2683436053641],[36.9431257760343,48.2683437261515],[36.9430975042557,48.2683799473887],[36.9430692414602,48.2684161554452],[36.9430691911546,48.2684162224163],[36.9430691408489,48.26841628998531],[36.9430691013231,48.2684163432035],[36.9430690519157,48.26841640957661],[36.943069004305,48.2684164771456],[36.9430689611859,48.2684165381372],[36.9430688812358,48.268416649955],[36.9430437607472,48.2684539020163],[36.9430186366653,48.2684911624219],[36.943018601631,48.2684912162378],[36.943018567495,48.2684912694559],[36.9430185333591,48.2684913226739],[36.9430185001214,48.2684913758919],[36.9430184677821,48.2684914291099],[36.9430184309511,48.2684914906994],[36.9430183527977,48.2684916192598],[36.9429964824138,48.2685297568376],[36.9429746111316,48.2685678943871],[36.9429745760973,48.2685679589662],[36.942974541063,48.2685680235452],[36.9429745105203,48.268568079753],[36.942974475486,48.26856814493],[36.9429744422483,48.268568210705],[36.9429744126039,48.2685682675107],[36.9429743569084,48.2685683787302],[36.9429557914264,48.2686073085398],[36.9429372169612,48.2686462574543],[36.9429371963,48.2686463034968],[36.9429371756387,48.2686463495392],[36.9429371486893,48.2686464093346],[36.9429371253331,48.2686464655422],[36.9429371010786,48.2686465223478],[36.9429370786207,48.2686465761636],[36.9429370408915,48.2686466670525],[36.9429218369052,48.2686862814588],[36.9429066401056,48.2687258790917],[36.9429066203426,48.2687259335054],[36.9429066005797,48.268725988517],[36.9429065826134,48.268726039343],[36.9429065682404,48.26872607880791],[36.942906555664,48.2687261200666],[36.9429065403926,48.2687261667069],[36.9429065053583,48.2687262779261],[36.9428947320382,48.2687664065095],[36.9428829488366,48.2688065703406],[36.9428829281754,48.2688066468784],[36.9428829173956,48.2688066905289],[36.9428829084124,48.2688067270039],[36.942882898531,48.2688067658708],[36.9428828913444,48.26880680115],[36.9428828617,48.268806927915705],[36.9428745594702,48.2688474319491],[36.9428662455622,48.2688879945496],[36.9428662329858,48.2688880651078],[36.9428662266976,48.2688881039746],[36.9428662204094,48.2688881440373],[36.9428662141212,48.2688881864918],[36.942866207833,48.2688882295443],[36.9428661934599,48.2688883270102],[36.9428613838799,48.268929117397306],[36.9428565707066,48.2689699388452],[36.9428565644184,48.2689700040217],[36.9428565599268,48.268970060827],[36.9428565563336,48.2689701026835],[36.9428565527403,48.2689701529112],[36.9428539593041,48.2690520755489],[36.9428539584058,48.26905215089051],[36.9428539584058,48.26905218019],[36.9428539593041,48.2690522160669],[36.9428539602024,48.2690522621089],[36.942853961999,48.269052332069],[36.942856188922605,48.2690932718122],[36.9428584167445,48.2691342390283],[36.9428584194395,48.2691342695236],[36.9428584257277,48.2691343305143],[36.9428584311176,48.269134379546],[36.9428584383041,48.2691344405367],[36.9428641830303,48.2691752408924],[36.9428699295532,48.2692160507828],[36.942869940333,48.2692161165569],[36.9428699484178,48.2692161637947],[36.9428699636892,48.2692162355484],[36.9428792100484,48.2692567607834],[36.9428884600009,48.2692973027289],[36.9428884707807,48.269297345781],[36.9428884815605,48.2692973852455],[36.9428884896453,48.2692974145448],[36.9428885013234,48.2692974546071],[36.9429012268577,48.2693375929071],[36.9429139703583,48.269377781403],[36.9429301499149,48.26941743171721],[36.9429463186917,48.269457050309505],[36.9429463375563,48.2694570915677],[36.9429658929817,48.2694960446181],[36.9429854573903,48.2695350131853],[36.9430083374806,48.2695731703146],[36.9430312202658,48.2696113298072],[36.9430573441726,48.2696485505027],[36.9430834707743,48.2696857771504],[36.9431127522593,48.2697219424259],[36.9431420373376,48.2697581130572],[36.9432681994311,48.2697953719139],[36.9433943660161,48.2698326361249],[36.9435219187016,48.2698677369645],[36.943649474082,48.2699028455533],[36.9437783320196,48.2699357668592],[36.9439071926522,48.26996869472111],[36.9440372714003,48.2699994155738],[36.9441673537416,48.2700301423874],[36.9442985688586,48.2700586394755],[36.9444297875687,48.2700871455167],[36.9445620537145,48.2701134038992],[36.9446943234536,48.2701396682477],[36.94482755439,48.27016366939571],[36.9449607889197,48.2701876777077],[36.9450948975101,48.2702094048855],[36.9452290087955,48.2702311404251],[36.9453639070051,48.2702505810819],[36.945498808808,48.2702700295044],[36.9456344095001,48.270287170491],[36.9457700137855,48.270304318647],[36.945906228027,48.2703191498032],[36.94604244676,48.2703339875324],[36.9461791856177,48.2703464963058],[36.9463159280685,48.2703590140452],[36.946453102609,48.270369193862],[36.9465902807428,48.2703793826457],[36.9467278011347,48.2703872287254],[36.9468653251199,48.2703950807831],[36.9470031015316,48.2704005865506],[36.94714088243501,48.2704060988948],[36.9472788259333,48.2704092589703],[36.947416773025,48.2704124280146],[36.9476928154304,48.2704140651548],[36.9478308218108,48.2704125320549],[36.9479688317846,48.270411007924],[36.9481067339605,48.2704071297311],[36.9482446406279,48.2704032599091],[36.9483823487677,48.2703970396119],[36.9485200613991,48.2703908264891],[36.9486574865696,48.2703822658798],[36.9487949153333,48.270373713042304],[36.9489319677029,48.2703628192938],[36.9490690236658,48.2703519339141],[36.9492056134031,48.2703387136009],[36.949342207632,48.2703255016554],[36.9494782449053,48.270309963145],[36.9496142866703,48.270294433001],[36.9497496834448,48.2702765870521],[36.949885084711006,48.270258749468105],[36.9500197529518,48.2702386086326],[36.9501544256843,48.2702184749644],[36.9502882773566,48.2701960499999],[36.9504221326221,48.2701736333966],[36.9505550805892,48.2701489404414],[36.9506880330479,48.2701242552474],[36.9508199901733,48.2700973098413],[36.9509519517902,48.2700703733901],[36.9510828318355,48.2700411928664],[36.9512137163724,48.2700120218929],[36.9513434339977,48.2699806259759],[36.9514731552163,48.2699492390086],[36.9516016268784,48.269915649216],[36.9517301039303,48.2698820653807],[36.9518572433908,48.269846301436],[36.9519843873428,48.2698105464353],[36.9521101146517,48.2697726334429],[36.9522358464521,48.2697347275977],[36.9523600771677,48.2696946888679],[36.9524843132732,48.2696546578799],[36.95260696654711,48.2696125197123],[36.9527296261093,48.269570390479],[36.9528506228898,48.2695261821623],[36.9529716250603,48.2694819797869],[36.9530908871941,48.2694357276202],[36.9532101547177,48.26938948378281],[36.9533276022546,48.2693412194462],[36.9534450560797,48.2692929610434],[36.9535606135612,48.26924271561861],[36.953676175534305,48.2691924785157],[36.9537897684003,48.2691402848784],[36.9539033666562,48.2690880977652],[36.9540149194481,48.2690339899866],[36.9541264767317,48.2689798893261],[36.9542359175844,48.2689239026731],[36.9543453629288,48.2688679219383],[36.9544526199771,48.2688100922758],[36.9545598815169,48.2687522703212],[36.9546648837939,48.2686926359057],[36.9547698914607,48.268633009194],[36.9548725724909,48.26857160888],[36.9549752580127,48.2685102156677],[36.955075548626,48.2684470907015],[36.9551758455274,48.2683839710389],[36.9552736819434,48.2683191596769],[36.9553715228509,48.2682543572022],[36.955466841289,48.2681879036808],[36.9555621642188,48.2681214578465],[36.9556549008988,48.2680534058039],[36.9557476429687,48.2679853602483],[36.9558377395002,48.267915754519],[36.9559278396248,48.2678461540766],[36.9560152358205,48.2677750382994],[36.9561026356095,48.2677039290008],[36.9561872748755,48.2676313498043],[36.9562719177349,48.2675587788762],[36.9563537443758,48.2674847846834],[36.9564355755083,48.2674107963631],[36.9565145365234,48.2673354349991],[36.9565935029285,48.2672600801018],[36.9566695462156,48.2671833993923],[36.9567455948926,48.2671067275374],[36.9568186710443,48.2670287794943],[36.9568917534843,48.2669508385079],[36.9569618148899,48.2668716733493],[36.957031880787106,48.2667925152438],[36.9570319023467,48.2667924578382],[36.9570319239063,48.2667923998346],[36.9570664569424,48.2666996795053],[36.9571009890802,48.2666069584097],[36.9571010304027,48.2666068513718],[36.957101051064,48.2666067993478],[36.9571010726236,48.2666067461278],[36.95713898691841,48.2665147041672],[36.9571769631971,48.26642250836021],[36.9571770188926,48.266422376804705],[36.9571770476387,48.2664223122229],[36.9571770772831,48.2664222464451],[36.9572183836165,48.2663308487754],[36.957259752832,48.2662393122105],[36.957259804036,48.2662392021819],[36.957259830087104,48.2662391465696],[36.9572598561382,48.2662390921533],[36.9573045293573,48.2661483955898],[36.9573492636618,48.2660575756808],[36.9573493337304,48.2660574369485],[36.9573493705614,48.2660573693763],[36.957349406494,48.2660573006082],[36.9573974097678,48.2659673781126],[36.9574454705338,48.2658773478213],[36.9574455549755,48.265877192943],[36.9574455989929,48.2658771169988],[36.9574456205525,48.2658770781296],[36.957445642112,48.2658770398586],[36.9574969511861,48.265787936886],[36.9575483159558,48.2656987386779],[36.9575484093806,48.2656985790151],[36.9575484578896,48.2656985012767],[36.9575484821441,48.2656984606135],[36.9575485055003,48.2656984217443],[36.9576031033066,48.2656101705947],[36.957657749622,48.26552183976],[36.9576578349619,48.2655217040163],[36.9576578789794,48.2655216370414],[36.9576579220985,48.2655215700665],[36.9577157753994,48.2654342221762],[36.9577736727178,48.2653468089554],[36.95777376434601,48.2653466732112],[36.9577738110584,48.2653466068341],[36.9577738568724,48.2653465392609],[36.9578349252438,48.26526016041841],[36.9578960313444,48.2651737288064],[36.9578961283624,48.2651735936597],[36.9578961777697,48.2651735278803],[36.9578962271771,48.265173460307],[36.9579604710929,48.2650881067336],[36.9580247437549,48.265002712952004],[36.9580248524511,48.2650025706289],[36.9580249081466,48.2650025006633],[36.9580249368927,48.265002464185606],[36.9580249638421,48.2650024295018],[36.9580923401834,48.2649181556257],[36.9581597371859,48.2648338564948],[36.9581598584585,48.2648337069952],[36.9581599204422,48.2648336328435],[36.9581599518833,48.2648335963656],[36.958159982426,48.2648335592897],[36.9582304597516,48.2647504075795],[36.9583009469587,48.2646672425781],[36.958301064638,48.2646671050381],[36.9583011257234,48.2646670368661],[36.9583011868089,48.2646669686941],[36.9583747166098,48.264584994177],[36.9584482482074,48.2645030189304],[36.9584483874463,48.2645028646459],[36.9584484593115,48.2645027892977],[36.9584484943458,48.2645027516236],[36.9584485302784,48.264502712753405],[36.9585250658423,48.264421969859],[36.9586015906264,48.26434123819921],[36.9586017352552,48.2643410881002],[36.958601808917,48.26434101454571],[36.9586018457479,48.2643409768714],[36.9586018816805,48.2643409397952],[36.9586813879731,48.2642614656116],[36.9587608700111,48.2641820152245],[36.9587610155382,48.2641818717032],[36.9587610892,48.2641818011385],[36.9587611260309,48.26418176585611],[36.9587611628619,48.2641817299758],[36.958843594069,48.26410357175731],[36.9589259866485,48.2640254481038],[36.9589261330739,48.2640253111601],[36.9589262076341,48.2640252441832],[36.9589262435667,48.2640252094987],[36.9589262821942,48.2640251760103],[36.9590115727389,48.263948392972],[36.9590968129779,48.2638716558652],[36.9590969863527,48.2638715015787],[36.9590970743877,48.263871426827606],[36.9590971175068,48.2638713891529],[36.9590971624225,48.2638713508804],[36.9591852485244,48.2637960022377],[36.9592732690492,48.263720710295],[36.959273473865,48.2637205380678],[36.9592735771713,48.2637204531502],[36.9592736292736,48.2637204100934],[36.9592736795792,48.263720368232605],[36.9593645199157,48.263646489281],[36.95945527670891,48.2635726783961],[36.9594554860163,48.2635725097564],[36.9594555929159,48.2635724266327],[36.9594556459164,48.2635723847717],[36.9594556998154,48.2635723441069],[36.9595492620472,48.2634999593777],[36.9596427263626,48.2634276510918],[36.9596429159071,48.2634275063723],[36.9596430120269,48.2634274358066],[36.9596430596376,48.2634273993277],[36.9596431081466,48.2634273640449],[36.9597393374764,48.2633565201961],[36.959835449127,48.2632857617656],[36.9598356476547,48.2632856170456],[36.959835748266,48.2632855470777],[36.9598357976733,48.2632855105987],[36.9598358488773,48.2632854759138],[36.9599346599653,48.2632162327601],[36.9600333372043,48.2631470851955],[36.9600335644781,48.2631469279168],[36.9600336794624,48.2631468513706],[36.9600337369546,48.2631468124994],[36.9600337944468,48.26314677243221],[36.9601351459704,48.2630791634757],[36.9602363447804,48.2630116554951],[36.960236548698,48.2630115215387],[36.9602366511059,48.2630114551586],[36.9602367023099,48.2630114228655],[36.9602367535139,48.2630113905725],[36.9603405960658,48.2629454463253],[36.9604442661411,48.2628796126269],[36.9604444754486,48.2628794798663],[36.9604445814498,48.262879415878],[36.9604446335521,48.2628793829868],[36.9604446883493,48.2628793506937],[36.9605509347929,48.2628151285789],[36.9606569872004,48.2627510229978],[36.9606571030831,48.2627509542252],[36.9606571605753,48.2627509195399],[36.9606572171691,48.2627508842566],[36.9609214970341,48.2626480912592],[36.9611857795941,48.2625453046334],[36.9614482430656,48.2624404695614],[36.9617107101304,48.2623356402546],[36.9619713221741,48.2622287762395],[36.9622319378111,48.2621219209715],[36.9624906633927,48.2620130441349],[36.9627493925675,48.2619041742427],[36.9630061957544,48.2617932989117],[36.9632630025346,48.2616824299185],[36.9635178500891,48.2615695716161],[36.9637727003386,48.2614567196429],[36.9640255563281,48.2613418920978],[36.964278415911,48.2612270714712],[36.9645292461995,48.2611102914022],[36.9647800809797,48.2609935182428],[36.9650288514313,48.2608748017703],[36.9652776254762,48.2607560904045],[36.9655243037515,48.2606354524528],[36.9657709856202,48.260514820795],[36.9660155357865,48.2603922780824],[36.9662600904446,48.2602697422527],[36.9665024819594,48.2601453120955],[36.9667448770674,48.2600208876159],[36.9669850748963,48.2598945867321],[36.9672252781151,48.2597682909187],[36.967463250817,48.2596401342321],[36.967701228010505,48.25951198559711],[36.9679369441444,48.2593819916198],[36.9681726638716,48.2592520062829],[36.9684060901998,48.2591201953212],[36.9686395210197,48.2589883888041],[36.968870625202904,48.2588547757816],[36.9691017356744,48.2587211695868],[36.9693304871699,48.2585857724174],[36.9695592449537,48.2584503832625],[36.9697856141171,48.2583132210565],[36.970011987772,48.2581760668556],[36.9702359422639,48.2580371599192],[36.97045990124741,48.25789825918421],[36.9706814123217,48.2577576230391],[36.9709029269893,48.2576169948802],[36.9711219632051,48.257474651029],[36.9713410030141,48.2573323139585],[36.9715575347268,48.2571882821096],[36.9717740718294,48.2570442552377],[36.9719880693947,48.2568985533054],[36.9722020723499,48.2567528569387],[36.9724135070217,48.2566055040335],[36.9726249470833,48.2564581584788],[36.9728337910138,48.2563091761038],[36.9730426394359,48.2561601986774],[36.9732488647774,48.2560096071395],[36.9734550928138,48.2558590211391],[36.9734551538992,48.25585897687951],[36.9734552122897,48.2558589302274],[36.9735139118037,48.2558140001015],[36.9735726122159,48.2557690699361],[36.9735727334885,48.2557689778281],[36.9735727954722,48.2557689341665],[36.973572857456006,48.2557688893087],[36.9736340165571,48.2557255895371],[36.9736954038304,48.2556821276424],[36.9736955304928,48.25568204091711],[36.9736955942732,48.2556819978535],[36.973695658951904,48.2556819547899],[36.9737593072848,48.2556402590642],[36.9738231667217,48.255598425142],[36.9738233005707,48.2555983390147],[36.9738233688426,48.2555982977454],[36.9738234371146,48.2555982552799],[36.9738894677795,48.2555582335865],[36.9739556951756,48.2555180934366],[36.9739558505841,48.2555180001319],[36.9739559287375,48.2555179564701],[36.9739560077893,48.2555179110139],[36.9740243219717,48.2554796243678],[36.9740928104273,48.2554412407994],[36.9740929820055,48.2554411462984],[36.9740930691421,48.255441100842106],[36.9740931562786,48.2554410547878],[36.97416365965541,48.25540455642841],[36.9742343184407,48.2553679784945],[36.9742344891206,48.2553678923669],[36.9742345744606,48.2553678499011],[36.9742346606988,48.2553678074354],[36.9743072517603,48.2553331506023],[36.9743799748741,48.2552984327385],[36.9743801554355,48.2552983478069],[36.9743802470637,48.2552983065373],[36.9743803377935,48.2552982658658],[36.9744549087419,48.2552655032002],[36.9745295856914,48.2552326950573],[36.9745297653545,48.255232617901],[36.9745298560844,48.2552325808181],[36.9745299459159,48.2552325431372],[36.9746063862583,48.2552017242897],[36.9746829047542,48.2551708743219],[36.9746830916038,48.2551708013523],[36.9746831868252,48.2551707660638],[36.97468328025,48.2551707307752],[36.9747614705107,48.2551419053963],[36.97483971287361,48.2551130608615],[36.9748399051131,48.2551129908824],[36.9748400030294,48.2551129573881],[36.9748401000475,48.2551129238939],[36.9749199216487,48.2550861368487],[36.9749997675044,48.2550593408178],[36.974999968727,48.2550592750254],[36.9750000693383,48.2550592439235],[36.975000170848,48.2550592122236],[36.9750815222801,48.2550344982092],[36.9751628638308,48.2550097865753],[36.9751630416972,48.2550097345395],[36.9751631297321,48.2550097094187],[36.9751632195636,48.2550096848961],[36.9752459795541,48.2549870810017],[36.9753287000187,48.2549644884615],[36.9753288760885,48.2549644424067],[36.97532896592,48.2549644202765],[36.9753290557516,48.2549643975482],[36.9754130751801,48.2549439480399],[36.97549702454,48.2549235152706],[36.975497226661,48.2549234674215],[36.9754973281706,48.2549234452913],[36.9754974305786,48.2549234231611],[36.9755825863759,48.2549051561555],[36.9756676379687,48.254886913068],[36.9756678364964,48.2548868711999],[36.975667938006,48.2548868520603],[36.975668037719,48.25488683351881],[36.9757542032227,48.2548707783283],[36.9758402312842,48.2548547494499],[36.9758404513715,48.2548547105725],[36.9758405627626,48.2548546920309],[36.975840673255306,48.2548546740875],[36.9759277361761,48.2548408528467],[36.9760146257219,48.2548270591155],[36.9760148098766,48.2548270310041],[36.9760149033013,48.2548270190418],[36.9760149958278,48.2548270058833],[36.9761028232148,48.2548154407262],[36.9761904448876,48.2548039018836],[36.9761906497035,48.2548038761646],[36.9761907530098,48.2548038659966],[36.9761908554177,48.2548038546324],[36.9762792981507,48.2547945647019],[36.9763674992369,48.2547853010867],[36.9763677067477,48.2547852807508],[36.976367810054,48.2547852729753],[36.9763679151569,48.2547852640036],[36.9764568411835,48.2547782660494],[36.976545490529006,48.2547712890282],[36.9765457124128,48.2547712734772],[36.9765458247023,48.254771266898004],[36.9765459369917,48.2547712597206],[36.9766352169545,48.2547665639127],[36.9767241852019,48.2547618830573],[36.9767244016959,48.2547618734874],[36.9767245112904,48.2547618698987],[36.9767246199865,48.2547618657119],[36.9768141451894,48.2547594780329],[36.976903321846,48.2547570987274],[36.9769035033057,48.2547570957368],[36.9769035940355,48.2547570951387],[36.9769036838671,48.2547570939424],[36.9770825456266,48.2547569462078],[36.9770827495442,48.254756947404005],[36.9770828519521,48.2547569491984],[36.9770829534618,48.2547569515909],[36.9771722927134,48.2547591867504],[36.9772616589145,48.254761421909905],[36.9772618673237,48.2547614290873],[36.9772619733248,48.2547614338722],[36.9772620775294,48.254761438059],[36.9773512443045,48.2547659813478],[36.9774404038931,48.2547705234399],[36.977440591641,48.254770534206],[36.9774406850658,48.2547705401872],[36.9774407784906,48.2547705473646],[36.9775296416351,48.2547773910059],[36.9776184607622,48.254784232254],[36.9776185559836,48.2547842400295],[36.9776186503067,48.254784247805],[36.9784797169476,48.255055812552],[36.9787682216809,48.255183873070806],[36.9789317078761,48.2553119338669],[36.9790278761205,48.2554720086633],[36.9790855731145,48.2555680485158],[36.9791913596207,48.2558561819434],[36.9792009760858,48.2561891317383],[36.9791625102254,48.2563876201685],[36.9792388409734,48.2567508515339],[36.9792844699999,48.2568377142584],[36.97928455893311,48.2568377842352],[36.9793527940638,48.2565621379838],[36.9794136639075,48.2562574352285],[36.9794704482132,48.2559523789732],[36.9795231227265,48.2556469961264],[36.9795806957531,48.2552816868604],[36.9796324000859,48.2549159880043],[36.9796782384199,48.2545499354371],[36.979718196382,48.2541835799916],[36.9797522712774,48.253816957549],[36.9797804684958,48.25345010638401],[36.9798041328154,48.2530569214543],[36.9798041453918,48.2530565936758],[36.9798210436006,48.25266357619021],[36.9798210543804,48.2526630546117],[36.9798253609038,48.2524961504028],[36.9798311873768,48.2522701262156],[36.9798345686355,48.2518766211746],[36.9798310095104,48.2514728194665],[36.9798203231517,48.2510690696003],[36.9798114226439,48.2508672748218],[36.9798025221361,48.2506654900139],[36.9798025203394,48.2506654307956],[36.9798025176445,48.2506653620068],[36.9797900642997,48.2504637074005],[36.9797828580145,48.2503470558755],[36.97977760826,48.2502620591771],[36.9797776019718,48.2502620065383],[36.9797776019718,48.2502619515068],[36.9797775920903,48.2502618689595],[36.9797615760271,48.2500602887298],[36.9797455626588,48.2498587286416],[36.9797455608622,48.2498586987329],[36.9797455626588,48.2498586640389],[36.979727570302,48.2496734853909],[36.9797259892671,48.2496572269783],[36.9797239994988,48.2496367298861],[36.9797064194687,48.2494557759644],[36.9797064122821,48.2494557149503],[36.9797064068922,48.2494556479543],[36.9796832842568,48.2492544120894],[36.9796832716804,48.2492543486823],[36.9796761237857,48.2491920140594],[36.9796601777911,48.24905319936],[36.9796601652147,48.2490531365508],[36.9796601454517,48.2490530677598],[36.9796601427568,48.2490529283832],[36.9796482104349,48.2489629586267],[36.97960682235481,48.2486508977437],[36.9796068169649,48.2486508492905],[36.9796068106767,48.2486508002391],[36.9796067998969,48.2486507206802],[36.9795895513451,48.2485360486136],[36.9796029838536,48.2486256314956],[36.979602782631,48.2486268745297]]]},"properties":{"OBJECTID":1992,"GlobalID":"26a7ae2d-2c7b-4c16-ab94-990a978418d3","Shape__Are":2366864.296875,"Shape__Len":12371.492243095892,"CreationDa":"2026-07-21","Creator":"NMesplay_understandingwar","EditDate":"2026-08-20","Editor":"mewert_understandingwar","Area_KM":1.049783712921692}},{"type":"Feature","geometry":{"bbox":[37.0214122291783,48.336833331985,37.0415171908885,48.351203323383],"type":"Polygon","coordinates":[[[37.03398321823,48.342808812714],[37.0324647249383,48.3475764782446],[37.0323654593028,48.3478881326343],[37.0323413961313,48.348178897696904],[37.032370309307,48.3483744131998],[37.0324662547693,48.3485120201771],[37.0326540107485,48.3486744787983],[37.0330176029614,48.348892081327],[37.0370296470052,48.3508500891537],[37.0375735364856,48.35118313984691],[37.0377787808667,48.351203323383],[37.0381215645044,48.3511273895701],[37.0384670682408,48.3510230694186],[37.0388198995349,48.3508645267843],[37.0392578992029,48.3506329069114],[37.0398114608439,48.3504194257167],[37.0402468715672,48.35028108301561],[37.040742741604,48.3502529154593],[37.0410958639523,48.3502925197005],[37.0415171908885,48.350339773832],[37.0411245103284,48.3501027797695],[37.0404234075885,48.3495006648466],[37.0398195268168,48.3485396567524],[37.0397364075002,48.3479938490767],[37.0400256578352,48.3471943749798],[37.04117632964561,48.3460597148974],[37.0384553119887,48.347341470792],[37.0381548982897,48.3474942122964],[37.0376009440849,48.3477758636004],[37.0369383188836,48.3479869086657],[37.0365154818793,48.3480449292784],[37.0361723694582,48.3480462528804],[37.0359228084892,48.3479200735044],[37.0358290234752,48.3477705148342],[37.0358003375732,48.34772476999441],[37.0357463092988,48.3474805928368],[37.0356845591062,48.3472015196843],[37.0357598145708,48.346367578977],[37.0358689724542,48.3456990845643],[37.036013082887,48.3448165274227],[37.0365529056941,48.3436309638805],[37.037120225932,48.3427228944554],[37.0377685930731,48.3416916777608],[37.0384748485495,48.3408220538662],[37.0389763240737,48.3403110768391],[37.0393734450063,48.3395387540636],[37.0394213818048,48.3392002399859],[37.0393096942655,48.3390294719635],[37.0389834450189,48.338802349046],[37.03837702471,48.3386444604715],[37.0344214595447,48.337928306569104],[37.02827719141051,48.3373361939771],[37.0228817391341,48.3368513618915],[37.0224508909542,48.336833331985],[37.0219978588783,48.3368395543428],[37.0216992633694,48.3368860147892],[37.0215788576804,48.3369431947059],[37.0215127892862,48.3370534901258],[37.0214682741706,48.3371959741472],[37.0214484231994,48.3373039359561],[37.0214122291783,48.3375505827021],[37.021461451466,48.3377311189965],[37.0216038119806,48.3378035603693],[37.02180034989011,48.3378901431798],[37.0223132492897,48.338037192396],[37.0227831283705,48.3381228426738],[37.0237898783942,48.3382167978188],[37.0293361542135,48.3386065418462],[37.0314147102539,48.3388915282779],[37.0323834274051,48.339132783634],[37.0331022188713,48.3395230777751],[37.0337156918535,48.3399457405419],[37.0340443494834,48.3403591110999],[37.0342202162598,48.3409129981974],[37.0342271278976,48.3417288942924],[37.03398321823,48.342808812714]]]},"properties":{"OBJECTID":1993,"GlobalID":"826ab1cb-660f-455e-a91b-24a06358ccd6","Shape__Are":1319439.3828125,"Shape__Len":9380.674662567528,"CreationDa":"2026-07-21","Creator":"NMesplay_understandingwar","EditDate":"2026-08-20","Editor":"mewert_understandingwar","Area_KM":0.583353285198966}},{"type":"Feature","geometry":{"bbox":[35.3737385927563,50.7216114817814,35.4560063558833,50.7829555064785],"type":"Polygon","coordinates":[[[35.3766687992967,50.72885512808201],[35.3768332107566,50.7290366767918],[35.37689889018031,50.7291269775048],[35.3769158395931,50.7291712339227],[35.3769167666545,50.7292098751644],[35.3769134563627,50.729279723978],[35.3769066588109,50.7293348494191],[35.3769059527351,50.7293732937835],[35.3768904154739,50.7294238076174],[35.3768678165564,50.7294828171182],[35.3766043137341,50.7301753124524],[35.376265150307,50.7309284337034],[35.3761531797984,50.7311636539967],[35.3761410821864,50.7311964319273],[35.3761271924355,50.731222949016],[35.3761057433615,50.7312576089592],[35.3759574719322,50.7314765919769],[35.37568958892461,50.7318672426747],[35.3755658370111,50.7320605642398],[35.3754447180597,50.732230553713],[35.3753565124819,50.7323647104851],[35.3753012077014,50.7324435586603],[35.3752195957579,50.732560530046],[35.3751259158468,50.7326550405518],[35.3763817695971,50.7329030559493],[35.3772839054162,50.7333641793921],[35.3780392196868,50.7342009546573],[35.3788511062609,50.7352693981652],[35.3796025676573,50.7366505547026],[35.3796727611152,50.7371543704598],[35.3799542302432,50.7391745724304],[35.3797823196473,50.7412957394001],[35.3789789365258,50.7433489613297],[35.3772510800774,50.7467460038465],[35.3750957055038,50.7502923143165],[35.3737385927563,50.7532095044802],[35.3745033725751,50.7569022636155],[35.3746442391914,50.7577569048283],[35.3763153391819,50.7600050619676],[35.378969004752,50.7613670038384],[35.3850866764656,50.7636547873494],[35.3936960097743,50.7674101821656],[35.3984688963211,50.7695887749564],[35.4041915617363,50.77164509866],[35.411168645394,50.77360106782951],[35.4174795132842,50.775164827883906],[35.4261697596473,50.776556646276],[35.4349539239749,50.778107253107],[35.4425181851299,50.780561632851],[35.4452177132885,50.7814656987085],[35.4496669036008,50.7829555064785],[35.4543988790729,50.7617599860947],[35.4560063558833,50.7535545010536],[35.4542106514781,50.7427752443557],[35.4514584631792,50.7356541475942],[35.4510996895295,50.73472567522081],[35.4509955298723,50.7292129565228],[35.4508880760929,50.7281926962339],[35.4509801794607,50.7259189016226],[35.4519895965825,50.7216114817814],[35.4514714546149,50.7228177388098],[35.4505246824077,50.7238101487097],[35.4498699911269,50.7244533762529],[35.4491355240591,50.72509084456281],[35.4479254188112,50.7257640350203],[35.4460337159432,50.7265660239252],[35.4393132558093,50.7285307471185],[35.4269712275606,50.730845149593],[35.4238505090097,50.7309624189364],[35.4211284286458,50.7310395682237],[35.4163749457092,50.7309624189364],[35.4111745536137,50.7308338389726],[35.4061685533524,50.7305834381265],[35.4002862330567,50.7302166486413],[35.392046623861006,50.7295134133022],[35.3898491524366,50.7292972499928],[35.3886749285961,50.72910708311371],[35.3877263768263,50.7288964091419],[35.3869442379629,50.72833811608951],[35.3863950762702,50.7279694296812],[35.3859087876642,50.7274975649372],[35.3853133950736,50.7268738833021],[35.3852291726259,50.7263171561106],[35.3843351054747,50.7268526294497],[35.3841542782013,50.7269065493672],[35.3839796564899,50.7269151007131],[35.3837502105966,50.7268754823447],[35.3835062470301,50.7268005211907],[35.38326345307,50.7266943995154],[35.3829504674486,50.726596473027],[35.3822922754332,50.7265150907552],[35.381822537388,50.7264882190047],[35.3814347876804,50.7264833763445],[35.3810081714638,50.7265165106841],[35.3807432394219,50.72655501763851],[35.3781589920637,50.7269306322235],[35.3766519262408,50.727316881426],[35.376061884016,50.7275207768993],[35.375826951213,50.727610357792],[35.3757472562743,50.7276686547966],[35.3757116695143,50.7277127027643],[35.3756662210491,50.7277947277918],[35.3756311427356,50.7278774088833],[35.3756036812374,50.7279576026132],[35.3755768791026,50.7280141568858],[35.3755518628185,50.7280854137164],[35.3755268474328,50.7281340501712],[35.3754875362577,50.7282290603382],[35.3754490353629,50.7283365586069],[35.3754017085205,50.728443116114],[35.3754015189759,50.7284601471647],[35.3754068316126,50.7284801788704],[35.37543043305,50.7285257426101],[35.3754646507775,50.7285793211305],[35.3754832441073,50.7285956072281],[35.3755107595044,50.7286057293866],[35.3756554996562,50.7286226716722],[35.3757966600217,50.7286362436923],[35.3759919420863,50.728651817847805],[35.3761182919277,50.728665651997],[35.3762436805717,50.7287034236557],[35.3763997224281,50.728758397383],[35.3766687992967,50.72885512808201]]]},"properties":{"OBJECTID":1995,"GlobalID":"8afff226-f9ec-4547-b540-7588e3d21865","Shape__Are":65943286.626953125,"Shape__Len":35770.348073070156,"CreationDa":"2026-07-21","Creator":"NMesplay_understandingwar","EditDate":"2026-08-20","Editor":"mewert_understandingwar","Area_KM":26.43130825478061}},{"type":"Feature","geometry":{"bbox":[37.6320409503089,49.7235038507768,37.6394857885316,49.7254262272035],"type":"Polygon","coordinates":[[[37.6338042686514,49.72413158605801],[37.6334913135727,49.7241642179891],[37.6326836868098,49.7242468839785],[37.6323875571764,49.7242903923375],[37.6321654595022,49.7243708832795],[37.6320813313775,49.7244644265449],[37.6320409503089,49.7246123558857],[37.6320645059322,49.724773335988],[37.6320813313775,49.7249995777369],[37.6321141414449,49.7251746982522],[37.63214043154,49.7253072607817],[37.6321824951532,49.7254024340586],[37.6322718811172,49.7254262272035],[37.6325558125274,49.7254194281677],[37.632781905908,49.7253990345392],[37.6331236753478,49.7252970639449],[37.6333655422464,49.72523928066791],[37.6341700150244,49.7251611024322],[37.6347115877496,49.7251237127462],[37.6350586150287,49.7251373091574],[37.63528889366021,49.7251373091574],[37.6353211943829,49.7251530611986],[37.6353907141044,49.7251733434323],[37.6354669280714,49.7251819096334],[37.6355667353911,49.7251763614344],[37.6356936790188,49.7251441604975],[37.6360080938598,49.7250416585882],[37.6362713280859,49.7249492279385],[37.6372135206817,49.7247041007591],[37.6391174765702,49.7243011945069],[37.6393263249923,49.724248008274],[37.6394339135189,49.7241498169911],[37.6394845434667,49.7240270767371],[37.6394857885316,49.723817280976],[37.6393084116872,49.7236108758229],[37.6390482595809,49.7235038507768],[37.6387171567369,49.7235191404984],[37.6381259017865,49.7235879412821],[37.6374045716814,49.7237026103934],[37.6365176892559,49.7238096355821],[37.6360446849363,49.7238555038627],[37.6354880959728,49.7239153771102],[37.6350986520426,49.7239678552114],[37.6350244898277,49.723981391549906],[37.634832709396,49.7240098271983],[37.63461086864,49.724040458584],[37.634305030015,49.7240738751469],[37.6338373742646,49.7241303967177],[37.6338042686514,49.72413158605801]]]},"properties":{"OBJECTID":2004,"GlobalID":"913992f1-cda8-4002-9890-12892b860f13","Shape__Are":146518.642578125,"Shape__Len":1953.634759280479,"CreationDa":"2026-07-21","Creator":"NMesplay_understandingwar","EditDate":"2026-08-20","Editor":"mewert_understandingwar","Area_KM":0.061299376961752}},{"type":"Feature","geometry":{"bbox":[37.6315590966854,49.7131359214191,37.633630609934,49.7137513755152],"type":"Polygon","coordinates":[[[37.6318504391967,49.7137513755152],[37.6324386758076,49.7137362529087],[37.6327244281029,49.7137289062304],[37.633112703324905,49.7137364056741],[37.6332940920454,49.7137286268382],[37.63347213993131,49.713694862772705],[37.6335613058081,49.71365716279131],[37.6336150403335,49.7136105274369],[37.633630609934,49.7135358754606],[37.6336230631872,49.7134890181013],[37.6336040925651,49.7134389543474],[37.6335588498141,49.7133986571382],[37.6334622234289,49.7133658727563],[37.6333875033602,49.7133224458031],[37.6333388200617,49.7132737451615],[37.6333153201338,49.7132223237088],[37.633228695591,49.7131722538713],[37.6331550211613,49.7131444380471],[37.6330642751479,49.7131359214191],[37.6327910920801,49.7131475172069],[37.6321250775352,49.7131948128665],[37.6319868690338,49.7132080925627],[37.6318550475541,49.7132551662739],[37.6317588793096,49.7133217894292],[37.6316948788372,49.7133961908027],[37.6315808035759,49.7135487746007],[37.6315590966854,49.713602994284],[37.6315694677353,49.7136513216847],[37.6315955530145,49.713699543902],[37.631638441281204,49.7137193801753],[37.6317080723938,49.7137404118438],[37.631758048368,49.71374956847],[37.6318504391967,49.7137513755152]]]},"properties":{"OBJECTID":2005,"GlobalID":"2e264176-19b3-4fa1-8b81-86fe10bc514b","Shape__Are":19583.359375,"Shape__Len":571.320929083885,"CreationDa":"2026-07-21","Creator":"NMesplay_understandingwar","EditDate":"2026-08-20","Editor":"mewert_understandingwar","Area_KM":0.008196825769739}},{"type":"Feature","geometry":{"bbox":[37.7299798361437,49.9006847599132,37.7447262079453,49.9069408083116],"type":"Polygon","coordinates":[[[37.7388511011213,49.9018169814843],[37.7383030641193,49.901427109960004],[37.7378016397991,49.9010703985158],[37.7372595586274,49.9006847599132],[37.7362052410128,49.9010506001017],[37.7355503763572,49.9012354083215],[37.7350299140411,49.9013516141577],[37.734629663378,49.9014134327989],[37.7341653331908,49.9014608035068],[37.7336380400854,49.9014994985188],[37.7328447468411,49.9015384619737],[37.7318101490435,49.9015765169839],[37.7310399586718,49.9015936674767],[37.7305932740917,49.9016415217225],[37.7303851245589,49.90176276623],[37.7301246212113,49.9020634419896],[37.7299976182948,49.9023373273708],[37.7299798361437,49.9025478087388],[37.7300421046643,49.9027395398781],[37.7301775113203,49.9029722252195],[37.7304286317647,49.9030885790411],[37.7308093862912,49.9032279198646],[37.7312336480234,49.9033383865352],[37.7425238694487,49.9062746642594],[37.743356145983,49.9064622856199],[37.7441042351038,49.9067163545669],[37.7447262079453,49.9069408083116],[37.7445392712296,49.9064771415885],[37.7443641329869,49.9060427585376],[37.7441922735949,49.9056164974332],[37.7418430982786,49.903945414385],[37.7395479880676,49.9023127375251],[37.7388511011213,49.9018169814843]]]},"properties":{"OBJECTID":2006,"GlobalID":"916c0cb0-0a42-4987-9414-7a54fcce8cc1","Shape__Are":715409.7109375,"Shape__Len":4172.513653074314,"CreationDa":"2026-07-21","Creator":"NMesplay_understandingwar","EditDate":"2026-08-20","Editor":"mewert_understandingwar","Area_KM":0.297111696450922}},{"type":"Feature","geometry":{"bbox":[34.2796104977385,51.8541953502682,34.3269971805413,51.8785798922666],"type":"Polygon","coordinates":[[[34.2800454413378,51.85715062351391],[34.2797736021496,51.8576543046507],[34.2796104977385,51.8582922919604],[34.2800454413378,51.8588631161527],[34.28064348845,51.85929962359],[34.2839599301384,51.8607098493167],[34.2999622392336,51.867315628476],[34.3104923430964,51.8712478124945],[34.3141274980645,51.8730219315693],[34.3152761908862,51.8736799799882],[34.315276218734,51.873679997736],[34.3166029639333,51.8745372184751],[34.3167502382326,51.87463237781991],[34.3176088237266,51.8750719522582],[34.3183075342529,51.8754516616103],[34.3186093313575,51.8756778911173],[34.3189424886486,51.87596301690591],[34.3191672156916,51.8762179603193],[34.319264133131,51.8763517728806],[34.3194071682804,51.876549256099],[34.3196118404348,51.8770780619444],[34.319762336991,51.8774668881367],[34.3199726577518,51.878176012135],[34.3200304903915,51.8785798922666],[34.3204053492747,51.8783792824879],[34.3223625123775,51.8773318721445],[34.3236190299828,51.8769251962688],[34.3246669812371,51.8766160177454],[34.3251655004057,51.8763286228546],[34.3251493738497,51.8760277163536],[34.3246145663369,51.875486553978],[34.3245288293295,51.8753262790204],[34.3244229880261,51.875128418849],[34.3248172738757,51.8746814742617],[34.3261537783722,51.8733388967365],[34.3269971805413,51.87241170232961],[34.3266827010216,51.87243466136],[34.3260760067265,51.87243466136],[34.325342916776,51.8724034449516],[34.3245845482333,51.8723254068862],[34.3239272958557,51.8721537239969],[34.3211533270044,51.8707982740503],[34.3203325560922,51.8704942067141],[34.320015775088805,51.8703768517361],[34.3195101960604,51.8702051597439],[34.319004617032,51.8700334670962],[34.3183027309611,51.8698276308506],[34.3181831849597,51.86979872891491],[34.3172566913218,51.8695780342596],[34.3154187741831,51.869140232656],[34.3133054308833,51.8685901552191],[34.2963965653595,51.8636958256482],[34.2840158260103,51.8587195796902],[34.2831113608597,51.8579375324127],[34.2829103691031,51.8576147790531],[34.2828500714863,51.8572920244879],[34.2828500714863,51.8568575421029],[34.2832140014658,51.8557101185256],[34.2832861289966,51.8552328018382],[34.28332759433181,51.8548014228211],[34.283318674061,51.854707757344],[34.2832919132487,51.8545810335446],[34.2832473109965,51.8544377791592],[34.2831918058918,51.8543382436593],[34.283140266849,51.854283505976206],[34.2829350988246,51.8542228989455],[34.2828637357601,51.8542063686314],[34.2825693632314,51.8541953502682],[34.2822660704319,51.8541953502682],[34.2815435204146,51.854233917302],[34.2812402285134,51.8542559567811],[34.2811599451782,51.8542669767941],[34.2811064226552,51.8543110545995],[34.2810796618429,51.8544267608526],[34.2809677362501,51.8549400458381],[34.2800454413378,51.85715062351391]]]},"properties":{"OBJECTID":2007,"GlobalID":"5e2522ce-bb5b-4793-82b5-932aa5186d92","Shape__Are":3217320.58984375,"Shape__Len":14696.346015857438,"CreationDa":"2026-07-21","Creator":"NMesplay_understandingwar","EditDate":"2026-08-20","Editor":"mewert_understandingwar","Area_KM":1.228623246586529}},{"type":"Feature","geometry":{"bbox":[37.5939966081203,49.1125717602177,37.5978996020785,49.1164311596991],"type":"Polygon","coordinates":[[[37.594303970288,49.1127579259046],[37.5941527694526,49.1132802746288],[37.5940634257094,49.1135889240471],[37.5939966081203,49.1142012285701],[37.5941035175205,49.1148835048909],[37.5944242421281,49.1153995768784],[37.5948919679471,49.115828176252],[37.5953866234617,49.1161244676867],[37.5954236645941,49.1161466530628],[37.5960203534536,49.1163491585438],[37.5969599759694,49.1164311596991],[37.597633853468,49.1162404280895],[37.5977325585548,49.1162124894543],[37.5978996020785,49.1159938200094],[37.5978578411976,49.1156794809936],[37.5973984697107,49.1152831335402],[37.5969766801421,49.11489224884901],[37.5966693215676,49.1143761739353],[37.5966559573312,49.1140525284347],[37.5968296834223,49.1135101986651],[37.5971637731646,49.112941621837805],[37.5970527593618,49.112888284571],[37.5969377372762,49.112838720517],[37.5968190060468,49.1127930584615],[37.5966968737957,49.11275141601811],[37.5965716576283,49.1127139025671],[37.5964436836329,49.1126806145522],[37.5963132841863,49.1126516395958],[37.5961807979532,49.1126270523834],[37.5960465698868,49.112606915839],[37.5959109476351,49.1125912840653],[37.5957742851343,49.1125801964636],[37.5956369372189,49.1125736836137],[37.5954992605202,49.1125717602177],[37.5953616134658,49.1125744327443],[37.595224352687,49.1125816935487],[37.5950878357133,49.1125935232243],[37.594952417379204,49.1126098923671],[37.5948184489259,49.1126307586357],[37.5946862797982,49.112656065575],[37.5945562522541,49.1126857490848],[37.5944287058567,49.1127197321276],[37.594303970288,49.1127579259046]]]},"properties":{"OBJECTID":2008,"GlobalID":"b1a6c711-5abd-465f-8123-02820d8d920f","Shape__Are":194605.451171875,"Shape__Len":1849.0886454872102,"CreationDa":"2026-07-21","Creator":"NMesplay_understandingwar","EditDate":"2026-08-20","Editor":"mewert_understandingwar","Area_KM":0.083455077247163}},{"type":"Feature","geometry":{"bbox":[37.6357120720243,49.6879899402586,37.6381265458786,49.6989644152209],"type":"Polygon","coordinates":[[[37.6369240439713,49.6880024823733],[37.636827123837,49.6879899402586],[37.6366914342116,49.6879955147905],[37.6365686686483,49.6880024823733],[37.636460978612,49.6880136285278],[37.636351135314,49.6880414965179],[37.6363037518777,49.6880832978921],[37.6362865212923,49.6881473943862],[37.6362735918404,49.6882077428813],[37.6362844372008,49.6886357419222],[37.6362631615016,49.6888077937352],[37.6362230445377,49.6895344894607],[37.6362029851573,49.6906115356815],[37.6361448327174,49.6923796297856],[37.6361214675369,49.6924302858961],[37.6360865383437,49.6925893504234],[37.6359077448561,49.6939071442],[37.6358929316371,49.694042251272],[37.6357120720243,49.6956918149643],[37.6357618081483,49.6958263522738],[37.6359155386395,49.69591994239231],[37.6361506564954,49.6959959852114],[37.636670627433,49.6960954246134],[37.6371860762515,49.6962738295425],[37.6374844947922,49.6964639335302],[37.6376783278743,49.6968178213674],[37.6376903105019,49.6973319340128],[37.6376398844717,49.6986335399039],[37.6376299059856,49.6988911096516],[37.6376472686234,49.69894538927431],[37.6376999916457,49.6989600034331],[37.6377829807066,49.6989644152209],[37.6378839693109,49.6989440964741],[37.6379366429259,49.6989285427787],[37.637946823533,49.6984699276075],[37.6379627300017,49.6977533478808],[37.6379707106347,49.6973938399461],[37.6379740559608,49.6972431222976],[37.6380044657298,49.6958731476462],[37.6381265458786,49.694817318894],[37.63801350906981,49.694103672697906],[37.6375639867117,49.6923108858999],[37.6375499442472,49.69225819925381],[37.6375514201792,49.6922397401732],[37.6374323404035,49.691958173386],[37.6373808902939,49.6917904713608],[37.6373281502036,49.691654001693],[37.637314688949,49.6914319444159],[37.637126232283904,49.68996460554],[37.6370705026003,49.6890739922001],[37.6370228604492,49.6885830809313],[37.6369949848276,49.6883165165524],[37.6369934325388,49.688279849939],[37.636990102484,49.6882455399086],[37.6369874551489,49.6881570771396],[37.636970693484,49.6880942969936],[37.6369495210911,49.68802181306621],[37.6369239379701,49.6880075448978],[37.6369246144015,49.6880027276248],[37.6369240439713,49.6880024823733]]]},"properties":{"OBJECTID":2013,"GlobalID":"15838d68-c1b5-4aa1-b0bd-c082df71aaf8","Shape__Are":246824.32421875,"Shape__Len":3991.4584193607006,"CreationDa":"2026-07-21","Creator":"NMesplay_understandingwar","EditDate":"2026-08-20","Editor":"mewert_understandingwar","Area_KM":0.103396377685013}},{"type":"Feature","geometry":{"bbox":[34.3582029314413,51.834275422158,34.3678430483009,51.840210218866],"type":"Polygon","coordinates":[[[34.3589231251776,51.840210218866],[34.3589232060259,51.8402101750186],[34.3590590043475,51.8401339571048],[34.359244345655206,51.8400308671786],[34.3601652975861,51.8395186110298],[34.3608882293874,51.8391239657062],[34.3616155449674,51.8387324057677],[34.3623472092915,51.8383439496115],[34.363083190919,51.8379586128598],[34.3638234530187,51.8375764177951],[34.3645679596582,51.8371973805946],[34.3653166784981,51.8368215207655],[34.3660695691141,51.8364488528195],[34.3668266009636,51.836079398484],[34.3675877327241,51.8357131744908],[34.3676354674016,51.8356905308791],[34.3676853876803,51.8356668514652],[34.3678430483009,51.8355920640909],[34.367810772731,51.83560488493521],[34.3677080647513,51.8356314080904],[34.3676651414504,51.8356304616677],[34.3675112061433,51.8355883772025],[34.3672687194071,51.8354791287089],[34.366696762964,51.8351257036066],[34.3663651938944,51.8348337404887],[34.3660584928867,51.8345059215534],[34.3656854773464,51.8343061548867],[34.3651632570274,51.834275422158],[34.3643677377578,51.834435463706804],[34.3634507330242,51.8349434929091],[34.3614902380701,51.8357836802958],[34.3597194691005,51.8365456991345],[34.3586336826032,51.837200634954],[34.358314529149,51.83734958700241],[34.3582029314413,51.8375038699433],[34.3582231695863,51.8380165530964],[34.3584255429518,51.8387042897842],[34.3587784820438,51.8395855780604],[34.358933904961,51.8398496598512],[34.3590091460526,51.8400206506969],[34.3590126351091,51.8400951859469],[34.3589944559027,51.8401385094695],[34.3589231251776,51.840210218866]]]},"properties":{"OBJECTID":2017,"GlobalID":"7b52b596-fe13-4b70-aaca-d184b9e93c82","Shape__Are":468135.150390625,"Shape__Len":3186.3149591092806,"CreationDa":"2026-07-21","Creator":"NMesplay_understandingwar","EditDate":"2026-08-20","Editor":"mewert_understandingwar","Area_KM":0.179017556084934}},{"type":"Feature","geometry":{"bbox":[37.6351428680192,49.7081896899749,37.6363763213796,49.7094503066101],"type":"Polygon","coordinates":[[[37.6357839309588,49.7094488020581],[37.635879377856,49.7094394482741],[37.6359908453081,49.709418529763],[37.6360882792787,49.7093782460645],[37.6361546504052,49.7093321212874],[37.6362144027446,49.7092696926409],[37.6362512013319,49.7092067829198],[37.6362757145594,49.7091241784606],[37.6363408262478,49.7088762521234],[37.6363763213796,49.70855203018101],[37.636348035228,49.7084349127279],[37.6363046439048,49.7083415750153],[37.6362375406514,49.708282977439],[37.6361542614347,49.7082413171741],[37.6360025943737,49.7082070101974],[37.6358813451665,49.7081921530893],[37.6357403285315,49.7081896899749],[37.6356164634303,49.7081964670246],[37.635509439045606,49.7082145325687],[37.6354001077874,49.7082506351716],[37.6353070333408,49.7082909314237],[37.6352432287011,49.7083615023579],[37.63519167438691,49.7084516083738],[37.6351428680192,49.7086782770501],[37.6351428680192,49.7089192909349],[37.6351473047984,49.7091086576504],[37.6351827999302,49.7092463789625],[37.6352007985752,49.7092871838467],[37.6352305741337,49.7093276180764],[37.635275236573,49.70935746345981],[37.6353212958925,49.7093845100058],[37.6354408158428,49.7094217253406],[37.6355617784873,49.7094420333158],[37.6356745997005,49.7094503066101],[37.6357839309588,49.7094488020581]]]},"properties":{"OBJECTID":2019,"GlobalID":"75bfb470-d50c-402f-9d03-83dd5aafe713","Shape__Are":25577.25,"Shape__Len":597.1047957134174,"CreationDa":"2026-07-21","Creator":"NMesplay_understandingwar","EditDate":"2026-08-20","Editor":"mewert_understandingwar","Area_KM":0.010707676968523}},{"type":"Feature","geometry":{"bbox":[37.5935519896653,48.4991534959041,37.5943183927399,48.4997080066952],"type":"Polygon","coordinates":[[[37.5935519896653,48.499616568625],[37.5935629275522,48.4996433368404],[37.5935923869036,48.4996636704364],[37.5941451804851,48.4997080066952],[37.5941949642198,48.4996998792174],[37.5942182701116,48.4996799111166],[37.5943183927399,48.4992300196136],[37.5943081806917,48.4992125710251],[37.5942883126526,48.4992025214021],[37.593712796186,48.4991534959041],[37.5936768968123,48.49915859602],[37.5936575084735,48.49917454756981],[37.5935519896653,48.499616568625]]]},"properties":{"OBJECTID":2026,"GlobalID":"75acb9bc-47e0-42d3-b7aa-7320d448d9fe","Shape__Are":6406.046875,"Shape__Len":310.95575816420694,"CreationDa":"2026-07-21","Creator":"NMesplay_understandingwar","EditDate":"2026-08-20","Editor":"mewert_understandingwar","Area_KM":0.002815007142043}},{"type":"Feature","geometry":{"bbox":[37.6126991038392,49.715007894602,37.6141340789623,49.7159026241573],"type":"Polygon","coordinates":[[[37.612880276964,49.7157827492105],[37.6131172246882,49.715837217319],[37.6134629853428,49.7158957779022],[37.6136449840193,49.7159026241573],[37.6137762045261,49.7158820563476],[37.6138795907339,49.7158074955685],[37.614014940796,49.7156190024068],[37.6141062437649,49.7153575617693],[37.6141340789623,49.7152778586034],[37.6140386455398,49.7151852990058],[37.613231440985,49.7150104665689],[37.6130167166827,49.715007894602],[37.6129332128871,49.7150284633628],[37.6127417486624,49.7154631631368],[37.6126991038392,49.7156540359993],[37.6127729148129,49.7157321331255],[37.612880276964,49.7157827492105]]]},"properties":{"OBJECTID":2028,"GlobalID":"5594191d-fcd1-4bb4-accd-852317f5a03e","Shape__Are":18524.560546875,"Shape__Len":505.678291310904,"CreationDa":"2026-07-21","Creator":"NMesplay_understandingwar","EditDate":"2026-08-20","Editor":"mewert_understandingwar","Area_KM":0.007753023057911}},{"type":"Feature","geometry":{"bbox":[37.7276216399453,49.0542556948731,37.7393542825463,49.0688934387295],"type":"Polygon","coordinates":[[[37.7282993325889,49.0542556948731],[37.7282992607237,49.0542556960506],[37.7282991888585,49.0542556960506],[37.7282324305581,49.0542573779824],[37.7282323568963,49.0542573821033],[37.728232286827705,49.0542573832808],[37.7282322185557,49.0542573903452],[37.7282321341141,49.0542573956436],[37.728199054552,49.0542603850904],[37.72816597499,49.054263374537],[37.7281659004299,49.054263384545],[37.7281658213781,49.0542633910208],[37.7281657450213,49.0542634033836],[37.7281656776477,49.0542634104481],[37.7281332035502,49.0542685227664],[37.7281007303509,49.0542736333181],[37.7281006575874,49.054273647447],[37.7281005821289,49.0542736592211],[37.7281005102637,49.0542736757049],[37.7281004383985,49.0542736898338],[37.7280688940573,49.0542808708615],[37.7280373497161,49.0542880524769],[37.7280372751559,49.0542880719042],[37.7280372032907,49.0542880883879],[37.7280371350187,49.05428811017],[37.7280370685434,49.0542881266538],[37.728005899698,49.0542976036293],[37.7279747281576,49.0543070811918],[37.7279746652755,49.0543071017965],[37.7279745979019,49.0543071224012],[37.7279745332232,49.0543071483042],[37.7279744703411,49.0543071689088],[37.7279586725685,49.0543133167546],[37.7279449247514,49.0543186669045],[37.7279153800601,49.0543301637202],[37.72791532077131,49.0543301884458],[37.7279152569909,49.0543302143488],[37.72791519590541,49.0543302449615],[37.7279151330234,49.0543302720419],[37.7278875161166,49.0543436721367],[37.7278599001081,49.0543570710505],[37.7278598444126,49.0543570987196],[37.7278597896153,49.0543571287436],[37.7278597384113,49.0543571575901],[37.7278596836141,49.054357187614],[37.7278342747663,49.0543723532255],[37.7278088668168,49.0543875200099],[37.7278088210027,49.0543875488564],[37.7278087671038,49.0543875830012],[37.7278087176965,49.0543876189122],[37.7278086745773,49.05438764775861],[37.7277857369949,49.054404425232],[37.72776280031071,49.0544212038771],[37.727762755395,49.0544212380219],[37.7277627149708,49.0544212680458],[37.7277626781399,49.0544213021906],[37.72776264220721,49.0544213310371],[37.7277424094521,49.0544395508225],[37.7277221757987,49.0544577700125],[37.7277221407643,49.0544578071008],[37.7277221039334,49.0544578371247],[37.7277220823739,49.0544578989385],[37.7277220644076,49.054457949567],[37.7277061435658,49.0545038501455],[37.72769022182571,49.0545497524478],[37.7276902074526,49.0545498007214],[37.7276901876897,49.0545498595916],[37.7276901688251,49.0545499208166],[37.727690154452,49.054549971445],[37.7276772366782,49.0545962681347],[37.7276643180061,49.0546425647813],[37.7276643036331,49.0546426265949],[37.7276642874634,49.0546426895859],[37.727664272192,49.0546427537543],[37.7276642596157,49.054642811447],[37.7276543646728,49.0546894365451],[37.7276444715266,49.0547360621882],[37.7276444607468,49.0547361139938],[37.727644452662,49.0547361593237],[37.7276444436788,49.0547362075971],[37.7276444373906,49.0547362429191],[37.7276375823467,49.0547831299008],[37.7276307273027,49.05483001683831],[37.7276307228111,49.0548300539263],[37.7276307183196,49.0548300980787],[37.727630713828,49.0548301445859],[37.7276307093364,49.0548301899157],[37.7276269112594,49.0548772139755],[37.7276231158773,49.0549242350473],[37.727623112284,49.0549242815544],[37.7276231086908,49.0549243351259],[37.7276231077925,49.0549243898748],[37.7276231050975,49.0549244269627],[37.7276216399453,49.05501861791281],[37.7276216408436,49.0550186697181],[37.7276216399453,49.0550186997416],[37.7276216408436,49.0550187315312],[37.7276216435385,49.05501877215131],[37.7276239773617,49.055065870797],[37.7276263111848,49.0551129758739],[37.727626314778,49.0551130182599],[37.727626317473,49.0551130494608],[37.7276263210662,49.0551130853712],[37.7276317172462,49.0551600644225],[37.7276371125278,49.0552070451956],[37.7276371179177,49.0552070858155],[37.7276371215109,49.0552071205485],[37.7276371313924,49.0552071723536],[37.7276455836409,49.0552539847157],[37.7276540358894,49.055300795267605],[37.727654043974205,49.0553008352988],[37.727654054754,49.0553008800394],[37.7276655469014,49.0553474173938],[37.7276770390489,49.0553939446968],[37.7276770525236,49.05539399650171],[37.7276915746885,49.0554402064565],[37.727706095955,49.0554864175456],[37.727723615798,49.0555321835417],[37.7277411311494,49.0555779441975],[37.7277878408493,49.0556754288005],[37.7278268924113,49.055756929752],[37.7278942795323,49.0558975688382],[37.7279126707411,49.055935948217005],[37.7279952268141,49.0561155729701],[37.7280778035483,49.0562952371044],[37.728157150839,49.0564754822045],[37.7282365035196,49.056655744311406],[37.7282365205876,49.056655779632],[37.7283084558789,49.0568266734983],[37.7283126420282,49.0568366191639],[37.72832129999091,49.056857186876506],[37.7283887751468,49.0570174780528],[37.7284616689405,49.0571988996414],[37.7285345699208,49.0573803341074],[37.7286042216946,49.0575623030088],[37.7286738761634,49.057744278308],[37.728740273341,49.05792676213381],[37.7288018043448,49.0580958732881],[37.7288066768069,49.0581092594174],[37.7288175122858,49.0581406650048],[37.7288698166932,49.0582922540354],[37.7289329538847,49.0584752397386],[37.7289928230051,49.0586587033433],[37.7290474809986,49.0588262002797],[37.7290526885323,49.0588421544979],[37.7290594483548,49.0588641217813],[37.7291092788019,49.0590260682421],[37.7291658654783,49.0592099624691],[37.7292191697106,49.059394296322],[37.729272466756406,49.0595786083002],[37.7293224777649,49.0597633392954],[37.7293724815869,49.0599480401721],[37.7294191912867,49.060133144166805],[37.7294658929017,49.060318214508506],[37.7295092968013,49.0605036673603],[37.7295526908194,49.0606890789046],[37.7302204813336,49.06320255178],[37.7302205100797,49.063202651253405],[37.7302205226561,49.0632026995185],[37.7302205361309,49.0632027489609],[37.7302205612837,49.063202837839405],[37.7302205729618,49.063202880218604],[37.7302205855382,49.0632029255408],[37.730321065696,49.06356413134],[37.7304215467521,49.0639253374568],[37.7304216195156,49.06392559879121],[37.7304216976691,49.0639258771948],[37.7304217371949,49.0639260166909],[37.7304217578562,49.0639260867332],[37.7304217776191,49.0639261561869],[37.7304218360096,49.0639263616052],[37.7305242529352,49.064287259024],[37.7306266689624,49.0646481526447],[37.7306267605906,49.0646484687135],[37.7306268306591,49.0646487182724],[37.7306268674901,49.0646488454062],[37.7306268854564,49.0646489083846],[37.7306269034227,49.0646489713629],[37.7306269770845,49.0646492262191],[37.7307313936599,49.0650100318672],[37.7308358093369,49.0653708343069],[37.7308358246083,49.0653708890443],[37.7308358515578,49.0653709808618],[37.7308358659308,49.0653710261821],[37.7308358776089,49.06537106973651],[37.7308712882991,49.0654417503547],[37.7309066980909,49.0655124279295],[37.7309255213894,49.0655544101836],[37.73093868350501,49.0655837716666],[37.7309513955646,49.06561212491],[37.7309706985634,49.0656551782784],[37.7309992461248,49.065727150403],[37.7310278134491,49.06579917421741],[37.7310528944119,49.0658717070389],[37.7310733804919,49.065930948729],[37.7310779870527,49.0659442738913],[37.7310848690461,49.0659675493628],[37.7310995753656,49.0660172920681],[37.7311211726617,49.0660903378002],[37.7311264754168,49.0661118898844],[37.7311392476635,49.06616378482591],[37.7311573226653,49.0662372223261],[37.731171863694804,49.0663109981413],[37.7311864047243,49.0663847714928],[37.7311973992051,49.066458836661],[37.731208388296,49.066532854045406],[37.7312158227533,49.0666071138061],[37.7312232509224,49.0666813122456],[37.7312271181696,49.0667556971472],[37.7312309809254,49.0668300024822],[37.7312315684236,49.0669787782028],[37.731228293166005,49.067053102038],[37.7312250125186,49.067127492857],[37.7312181709494,49.0672017205357],[37.7312113221937,49.0672759981304],[37.7312009170078,49.0673500578503],[37.7311905082286,49.0674241474759],[37.731176551104,49.0674979639044],[37.7311625912845,49.0675717937599],[37.731145095696,49.0676452945078],[37.7311276001075,49.067718789261605],[37.7311065822248,49.0677919042949],[37.731085569732,49.0678649933247],[37.7310610502163,49.0679376473134],[37.7310365423787,49.0680102570551],[37.7310085427897,49.0680823782009],[37.7309805638618,49.0681544421536],[37.7309491291151,49.0682259204044],[37.730917696165,49.068297393844],[37.730207341676,49.068523254699],[37.7299704667153,49.0686364378116],[37.7294861822507,49.0688678411022],[37.7293757891838,49.0688933292625],[37.7293758628456,49.0688934387295],[37.7294862379463,49.0688679535119],[37.7302073910833,49.0685233694636],[37.7321980119388,49.0678904519838],[37.7326918392067,49.0677721309354],[37.7339901760835,49.0674610342218],[37.7342761475676,49.0673925111575],[37.7365831927955,49.067013614167],[37.7382367495867,49.0668287435595],[37.738320067431,49.0667764290826],[37.7387769272283,49.0659335843334],[37.7388760922526,49.0654697935013],[37.7392071618589,49.064127594007104],[37.739331570441,49.0636978194109],[37.7393542825463,49.063619349205],[37.7393315641527,49.0636977428937],[37.7390575061259,49.0633794191807],[37.7386802316728,49.0629412052035],[37.7338048195044,49.0584303547271],[37.7338047575206,49.0584303023366],[37.7338046955369,49.0584302505349],[37.7338045697727,49.0584301433995],[37.7338043838215,49.0584299874056],[37.7335140249654,49.0581853789782],[37.7332236643128,49.0579407699355],[37.733223405598,49.0579405538966],[37.733223368767,49.0579405238749],[37.7332233319361,49.0579404938531],[37.7332232591726,49.0579404302776],[37.7332231100523,49.057940304304],[37.7332228127099,49.0579400582433],[37.7332225090793,49.0579398033526],[37.7329298855705,49.0576964092831],[37.7326372638582,49.0574530146103],[37.7326370087367,49.0574528056333],[37.7326369539395,49.0574527585399],[37.7326368982439,49.0574527120351],[37.7326367850562,49.0574526190256],[37.7326365604774,49.057452434184],[37.7326363439834,49.0574522546403],[37.7323413650919,49.0572099984383],[37.7320463870987,49.0569677392896],[37.7320463296065,49.05696769101841],[37.7320462703177,49.0569676433359],[37.7320461526384,49.0569675473821],[37.7320460816714,49.0569674896921],[37.7320460116029,49.0569674320021],[37.732045866974104,49.05696731309],[37.7320455822082,49.0569670817413],[37.73204533966301,49.0569668833584],[37.7317481266614,49.0567258627772],[37.7314509163547,49.0564848427933],[37.7314506136224,49.0564845990801],[37.7314505561302,49.0564845525745],[37.7314504968414,49.0564845043028],[37.7314503782638,49.0564844083481],[37.7314501447019,49.056484221148104],[37.7314498500545,49.0564839839104],[37.73115031131451,49.0562441259894],[37.7308507752696,49.0560042669111],[37.7308505776402,49.0560041109096],[37.7308505192497,49.0560040644035],[37.7308504599609,49.0560040173087],[37.7308503422816,49.0560039231191],[37.7308501078213,49.0560037382721],[37.7308498086823,49.0560034986773],[37.7305480681716,49.0557649029391],[37.73024632945761,49.0555263060556],[37.7302461578794,49.0555261688907],[37.7302461102687,49.0555261347467],[37.7302460635563,49.0555260964818],[37.7302459701315,49.0555260234842],[37.7302457823836,49.0555258745455],[37.7302454068878,49.0555255813776],[37.7302450861892,49.0555253282406],[37.7299412193663,49.0552880524126],[37.729637351645,49.0550507748632],[37.7296370156751,49.055050511716],[37.7296369420133,49.0550504557899],[37.7296368692497,49.0550503980977],[37.729636721926,49.0550502833019],[37.7296366653321,49.0550502391497],[37.7296366087383,49.0550501955862],[37.7296364937539,49.0550501078705],[37.7296362655818,49.0550499312616],[37.7296356412527,49.0550494461759],[37.7294373902561,49.0548962348118],[37.7292391392594,49.054743021798],[37.7292387520855,49.0547427233272],[37.7292386963899,49.0547426809408],[37.7292386415927,49.0547426385544],[37.7292385302016,49.054742552015604],[37.7292383074194,49.0547423812926],[37.7292378636517,49.0547420398467],[37.7292373992226,49.0547416825059],[37.7290381636724,49.0545889582269],[37.7288389281222,49.0544362340673],[37.7288384762696,49.0544358884984],[37.7288384178791,49.0544358437569],[37.728838357692,49.0544357966607],[37.7288382391144,49.054435706589004],[37.7288379911793,49.054435516437806],[37.7288230809423,49.0544232949524],[37.7288081751968,49.054411079351],[37.728808130281,49.0544110422627],[37.7288080979416,49.0544110193032],[37.728791938148,49.0543995331029],[37.7287757792527,49.0543880474887],[37.7287757496083,49.054388026884],[37.7287757154723,49.0543880033359],[37.7287743688977,49.0543871149815],[37.7287743248802,49.054387086135],[37.7287520960685,49.05437369017281],[37.7287298681551,49.0543602936183],[37.7287298367141,49.0543602759571],[37.7287298007815,49.0543602553525],[37.7287297648489,49.0543602376914],[37.7287297217297,49.0543602141432],[37.7287057834241,49.0543481751376],[37.7286818433217,49.0543361373066],[37.7286818019992,49.054336118468],[37.7286817570835,49.054336096686],[37.7286817121677,49.0543360772587],[37.7286816771334,49.054336060775],[37.7286562080985,49.0543254682112],[37.7286307399618,49.0543148762339],[37.7286306869612,49.0543148562179],[37.7286306276724,49.0543148326697],[37.7286305683836,49.05431481206511],[37.7286305234679,49.05431479440391],[37.728603721333,49.054305729525105],[37.7285769191982,49.054296664056004],[37.728576861706,49.0542966458061],[37.7285768149936,49.054296631088505],[37.7285767691796,49.05429661872571],[37.7285767062975,49.0542965992984],[37.72854879115,49.0542891345171],[37.7285208769009,49.05428166796851],[37.7285208239003,49.0542816544283],[37.7285207484418,49.0542816367671],[37.7285206729833,49.0542816202834],[37.7285206101013,49.0542816067431],[37.7284918083166,49.0542757997538],[37.728463006532,49.05426999453],[37.7284629391583,49.0542699809898],[37.7284628681914,49.0542699674495],[37.7284627981228,49.0542699580302],[37.7284627298509,49.0542699468448],[37.7284332597197,49.054265841213],[37.7284037895885,49.0542617367583],[37.7284037096384,49.0542617285164],[37.7284036341799,49.0542617179197],[37.7284035730945,49.0542617120327],[37.7284035138057,49.0542617067343],[37.7284034015162,49.0542616943715],[37.72838497706981,49.0542600277461],[37.728366551725,49.0542583599433],[37.7283664304524,49.0542583517014],[37.728366369367,49.0542583458144],[37.7283663055866,49.0542583393386],[37.728366235518,49.0542583375725],[37.728366169941,49.0542583322741],[37.7283328244777,49.0542570147511],[37.7282994808109,49.0542556972279],[37.7282994053524,49.0542556960506],[37.7282993325889,49.0542556948731]]]},"properties":{"OBJECTID":2030,"GlobalID":"ca252d62-33aa-4cb4-98b0-1a910cbda776","Shape__Are":1493858.21875,"Shape__Len":6339.869800005564,"CreationDa":"2026-07-21","Creator":"NMesplay_understandingwar","EditDate":"2026-08-20","Editor":"mewert_understandingwar","Area_KM":0.641977477523992}},{"type":"Feature","geometry":{"bbox":[37.6780239777511,49.4563719383935,37.6989650032928,49.4724454690214],"type":"Polygon","coordinates":[[[37.6907639794335,49.4563719383935],[37.6904785559217,49.4563763295399],[37.690193392023,49.4563853664246],[37.6899086647055,49.4563990449576],[37.6896245536322,49.456417355208],[37.689341237568,49.4564402860762],[37.6890588952776,49.4564678229574],[37.6887777028307,49.456499949494],[37.6884978353989,49.4565366440714],[37.6882194708486,49.456577885658206],[37.6879427825545,49.4566236462144],[37.6876679438917,49.4566738982829],[37.6867530789451,49.4572715482049],[37.6851951819518,49.4582892098215],[37.6843449732478,49.4590368913772],[37.6831503369891,49.4583443719961],[37.6829581065014,49.4583540005982],[37.6827665003429,49.4583679337482],[37.6825757475839,49.4583861492545],[37.6823860737015,49.458408628427],[37.6821977050713,49.4584353449842],[37.6820108653737,49.4584662650529],[37.6818257764925,49.458501352423],[37.6816426576168,49.4585405662123],[37.6814617270371,49.4585838596987],[37.6813601356633,49.4586107869492],[37.6812831994508,49.45863117973641],[37.6811072877586,49.4586824737624],[37.680934201268,49.4587376769513],[37.6807641447948,49.4587967262288],[37.68059732046,49.4588595509289],[37.6804339276896,49.4589260739627],[37.6802741587231,49.4589962205762],[37.6801182057999,49.4590699043369],[37.6799662521763,49.4591470382286],[37.6798184802104,49.4592275299794],[37.6796750650736,49.4593112855658],[37.6795361747509,49.4593982027899],[37.6794019781255,49.4594881812054],[37.6792726315044,49.4595811127757],[37.679148292092705,49.459676885961],[37.6790291036208,49.4597753892219],[37.6789152098192,49.4598765045967],[37.6788067472318,49.4599801094533],[37.678703842521,49.4600860834955],[37.6786066205528,49.4601942988374],[37.6785151927181,49.4603046293457],[37.6784296722047,49.460416943049],[37.6783501578274,49.4605311044736],[37.678343956757,49.4605321974961],[37.6782933474705,49.460611522134],[37.6782457160991,49.4606916214491],[37.6782010949824,49.4607724481436],[37.6781595083746,49.4608539572555],[37.678120982327,49.4609360991519],[37.6780855375009,49.4610188247844],[37.6780531972523,49.4611020851045],[37.6780239777511,49.4611858310646],[37.6781063397879,49.4612252038543],[37.6781072515779,49.4612256376706],[37.6781082540978,49.4612260586417],[37.6781940072748,49.4612622697388],[37.6781950466256,49.4612627088097],[37.6781961955708,49.4612631344515],[37.6782847380168,49.4612959392213],[37.6782873952334,49.4612968558978],[37.6783785167426,49.4613261953765],[37.678381230553,49.4613270046204],[37.6784748143444,49.4613528548756],[37.6784761770887,49.4613532320554],[37.6792437075489,49.4617919299513],[37.6798073941015,49.4621141082412],[37.6807693496336,49.4626638969623],[37.6809928630527,49.4627615814957],[37.6812100676035,49.4628548565856],[37.681217576621,49.46285809404391],[37.6811812451577,49.4629582484621],[37.68114954450961,49.46305907468621],[37.6811442390595,49.463069000125],[37.6811442713989,49.463069064932306],[37.6811900100199,49.4631694472039],[37.6812432118443,49.4632830282946],[37.6813386668263,49.463486804976],[37.6813516721859,49.4634855234377],[37.6814317457645,49.4636463068929],[37.681602253192,49.4639886732166],[37.6816022855313,49.4639887362712],[37.681812762599,49.4644113715064],[37.6818418707092,49.4644698166864],[37.6818767585799,49.4645398747955],[37.6818767891226,49.4645399331787],[37.6818768088855,49.4645399693763],[37.6818768250552,49.4645399974002],[37.6818768448181,49.4645400347654],[37.6818769337513,49.4645401935677],[37.6818770464899,49.4645403961573],[37.6818828940733,49.4645510318191],[37.6819734622202,49.4647157508767],[37.6820129611432,49.4647865477615],[37.6820132090783,49.4647869917633],[37.682013553133,49.4647876085784],[37.682013966358,49.4647883488733],[37.6820141325464,49.4647886454584],[37.6820152518472,49.4647906497426],[37.6820152994579,49.46479073323011],[37.6820153165259,49.4647907635891],[37.6820153605433,49.4647908435737],[37.6820153821029,49.4647908815226],[37.6820154333069,49.4647909731837],[37.6820154647479,49.4647910245606],[37.6820998794352,49.4648329743907],[37.6821881371152,49.4648714393168],[37.6822554254216,49.4648969736029],[37.6822761495552,49.46490484009411],[37.6822799036147,49.4649062622976],[37.6823748267942,49.4649373254078],[37.6830960455082,49.4652964384261],[37.6832929139977,49.4653998911225],[37.6833536625688,49.4654318074662],[37.68397775453601,49.4657597486202],[37.684743557536,49.4661621383151],[37.6847962149813,49.4661972814752],[37.6851096084378,49.4664064614538],[37.6856832087979,49.466789313479],[37.6860405406516,49.4670278159023],[37.6873687617829,49.4683029147698],[37.6878393496344,49.4690118534626],[37.6878393720923,49.4690119013325],[37.6879518779968,49.4693266789235],[37.6879518941664,49.4693267256255],[37.6880299236287,49.4695450492927],[37.6881350938905,49.469839313919906],[37.6883800159595,49.4705245991784],[37.6883800330275,49.4705246476305],[37.6884075744758,49.4706017027802],[37.6884517311636,49.4707252483216],[37.6886094474797,49.4711665364787],[37.6886094735308,49.47116659777281],[37.6888875488237,49.4720979028638],[37.6888875703832,49.4720979472282],[37.6891656618457,49.4723481662967],[37.6895293124492,49.4724454590978],[37.6899999308434,49.4724454690214],[37.6904063735937,49.4723620581085],[37.6906630788642,49.4721674533018],[37.69074864609,49.4716809338165],[37.6906844695477,49.4705966585139],[37.6906630779659,49.4690536035294],[37.6907914265587,49.4681639032327],[37.6912620386647,49.4674548950568],[37.6919893587362,49.4668293029341],[37.6919893713126,49.466829267322],[37.6920594057688,49.4663082067982],[37.6920507639757,49.4659535224262],[37.6920132997368,49.4656789529211],[37.6919364560508,49.4654891760318],[37.6917855857955,49.465317806917504],[37.691506129792,49.465149574093005],[37.6911219113619,49.4650496921299],[37.6907530613096,49.4649398212682],[37.6904149480131,49.4648199596894],[37.6900768338182,49.4646501552353],[37.689861671138,49.4645302941155],[37.6896465084578,49.4643604898253],[37.6894620825333,49.4641407430131],[37.68938523884731,49.4639409718509],[37.6893237635391,49.4637212225734],[37.68938523884731,49.4635414270831],[37.6895389271176,49.4633216760137],[37.6898924087921,49.463071957905406],[37.6901536775043,49.4629421044065],[37.690446357607,49.4628333930198],[37.6908394199511,49.4626602443709],[37.691110107499,49.4624638552918],[37.6912989585246,49.4622674654257],[37.6915318755081,49.4620465263234],[37.6920748675715,49.4614350502355],[37.6920749214704,49.4614349562327],[37.6928169415731,49.4609810714957],[37.6931728226477,49.4608691450271],[37.6931995053066,49.4608607459774],[37.6974776545921,49.45918634434061],[37.6989650032928,49.4585515377529],[37.6988275323083,49.4584627365202],[37.6986877077377,49.4583754929856],[37.6985455825816,49.4582898281782],[37.6984012053492,49.4582057823958],[37.6982546110746,49.4581233626537],[37.6981058473686,49.4580426069141],[37.6979549582486,49.4579635327027],[37.6978019913254,49.4578861680551],[37.6976469879215,49.4578105328326],[37.6974899956475,49.4577366498158],[37.6973310630124,49.4576645417852],[37.6971702367288,49.4575942303535],[37.6970075653056,49.4575257359655],[37.6968430945568,49.4574590802336],[37.6966768783815,49.4573942812669],[37.6965089616954,49.4573313589258],[37.6965036984661,49.457332285603],[37.6962534853201,49.4572429116725],[37.6959999043901,49.4571576372794],[37.6957431191695,49.4570765214212],[37.6954832868635,49.456999612584],[37.695220572762,49.4569269575015],[37.6949551403585,49.4568586029064],[37.6946871567396,49.456794592611],[37.6944167898902,49.4567349663392],[37.6941442113886,49.4566797608944],[37.693869590118,49.4566290113269],[37.69359309945341,49.4565827503507],[37.6933149118711,49.4565410054229],[37.6930352043394,49.4565038034156],[37.6927541493348,49.4564711688644],[37.692471925622,49.456443120464],[37.6921887101691,49.456419676323904],[37.6919046790459,49.456400852217],[37.6916200119155,49.456386656907505],[37.6913348866444,49.4563771044137],[37.6910494828955,49.456372197658006],[37.6907639794335,49.4563719383935]]]},"properties":{"OBJECTID":2033,"GlobalID":"5ecef837-d128-4bb9-af0a-4b200cc892bc","Shape__Are":2536932.26953125,"Shape__Len":8524.484277867787,"CreationDa":"2026-07-21","Creator":"NMesplay_understandingwar","EditDate":"2026-08-20","Editor":"mewert_understandingwar","Area_KM":1.072795908307003}},{"type":"Feature","geometry":{"bbox":[37.6939426150658,49.3975665391001,37.7744580776872,49.4365453640047],"type":"Polygon","coordinates":[[[37.7744580776872,49.3975665391001],[37.7744561552925,49.3975676434651],[37.7744536840271,49.3975690670375],[37.77443716400911,49.39757857427941],[37.7744346208785,49.3975800376063],[37.7743897365553,49.3976058700269],[37.7741529442397,49.3977421503481],[37.7738542876454,49.3979095247675],[37.7720210965434,49.3988711643577],[37.7716800879767,49.3990381233626],[37.7712529687035,49.3992415713818],[37.7708217647907,49.3994413302722],[37.7703865481036,49.3996373761101],[37.7699474021854,49.3998296691871],[37.7695044015962,49.4000181692096],[37.7690576182015,49.4002028586836],[37.7686071337478,49.4003837002377],[37.768131819859605,49.400576501327],[37.7671991988131,49.4009547962105],[37.7657945562039,49.4015293129474],[37.7643932175983,49.4021072246068],[37.7629952090475,49.4026885369143],[37.7616005485178,49.403273236304],[37.7602092548737,49.403861317978304],[37.75882134698,49.4044527695398],[37.7574368437012,49.4050475803449],[37.7560557692918,49.4056457526094],[37.7546781345316,49.40624726692071],[37.7533039636752,49.4068521173107],[37.7528556010422,49.4071489175512],[37.7525180042769,49.407367752000106],[37.7523981824928,49.4074453611987],[37.7520935422204,49.407638720240406],[37.7519355617995,49.4077388705784],[37.7517817630364,49.4078344598028],[37.750051764106,49.4088724505402],[37.7500362636758,49.4088814652026],[37.7497587129991,49.4090399974418],[37.7495499229675,49.4091588223471],[37.7492737925272,49.4093132359619],[37.749058433116,49.40943315904351],[37.7487833051956,49.4095837679586],[37.7485633446134,49.4097036079669],[37.7482860822959,49.4098521802975],[37.748063988215,49.409970571305],[37.7477850101153,49.41011688147461],[37.7475598815253,49.4102342823215],[37.7473669790978,49.4103332928939],[37.7458458429626,49.4110784567709],[37.7442933520307,49.4115608127752],[37.7427826633022,49.4119597473368],[37.7410231547148,49.4123182075871],[37.7371439185009,49.4130179743617],[37.73312758230661,49.4136808373853],[37.7318366430562,49.4138969736037],[37.7307208465402,49.4140231056135],[37.7299803131492,49.414007045379],[37.7295113081292,49.413830391804],[37.7289929343962,49.4134931419854],[37.7264226648238,49.4105039576618],[37.723937437861,49.407769962902705],[37.7236701342668,49.4075035218409],[37.72327297650331,49.4073143310161],[37.7228227265098,49.4071445634964],[37.7139261550923,49.4045812634158],[37.7102169978095,49.4035539255468],[37.7063850516071,49.4027671689032],[37.705536574854904,49.4026792779342],[37.7034158806412,49.402459599512],[37.7006788675824,49.4023555094943],[37.6984501141248,49.4023254764943],[37.6970166059506,49.4023288459715],[37.696343375239,49.4023637122133],[37.6957291099427,49.4024839428022],[37.6952689057176,49.40261170585761],[37.6948992193338,49.4027823869462],[37.6945061138705,49.4031021477272],[37.694204231426,49.4034216088849],[37.6940108627729,49.4038102010025],[37.6939426150658,49.4042283975157],[37.6939928910773,49.40454933141721],[37.6941530454211,49.4048998702871],[37.694403915235505,49.4051968547681],[37.6946370981204,49.4053887999039],[37.6949888074187,49.4056861239637],[37.6954901931114,49.405933626774605],[37.6958419464272,49.4060651586602],[37.6962119669843,49.4061372946505],[37.6968538303228,49.4061480534599],[37.6973490409962,49.4061246343707],[37.6985360577447,49.40606800940421],[37.700826025999,49.4060247051989],[37.702802955631206,49.4062021268755],[37.7048993549081,49.4063902698423],[37.7107007828108,49.4071662554415],[37.7179325586145,49.4086171168303],[37.7197405034637,49.4092052928975],[37.7210060644091,49.4098326708311],[37.7233563913656,49.4117539685806],[37.7289682495905,49.4162071386794],[37.7295424769746,49.4166896932418],[37.7320756928382,49.4174979527388],[37.737479930638,49.4184267025338],[37.746665158604,49.4190170389556],[37.752457996816,49.420044765596],[37.7564076591515,49.4226139868666],[37.7565033045764,49.4228492321912],[37.7566057035357,49.4230832685871],[37.7567148209949,49.4233160177723],[37.7568306174283,49.4235473950386],[37.7569530542083,49.4237773221069],[37.7570820864191,49.4240057160249],[37.7572176700432,49.42423249676331],[37.7573597565717,49.4244575860469],[37.7575082974955,49.4246809061864],[37.757663239814,49.4249023754032],[37.7578245296283,49.4251219183476],[37.7579921103446,49.425339457918],[37.758165922674,49.42555491876671],[37.7583459064293,49.4257682232103],[37.7585319987286,49.4259792970716],[37.7587241330966,49.4261880679279],[37.7589222430578,49.426394462772606],[37.7591262585436,49.4265984062631],[37.7593361094856,49.4267998300692],[37.7595517213234,49.4269986617712],[37.7597730177004,49.4271948330403],[37.7599999222597,49.4273882737955],[37.7602323550513,49.427578917462],[37.7604702352267,49.4277666968813],[37.7607134783444,49.4279515448957],[37.7609619990644,49.4281333996061],[37.7612157120467,49.428312194439705],[37.7614745256632,49.4284878692512],[37.761738351879,49.4286603598055],[37.762007096371,49.4288296071262],[37.7622806657143,49.4289955534056],[37.7628209879847,49.4293050464202],[37.7633568061022,49.4296178308871],[37.7638880724562,49.4299338816208],[37.7644147403342,49.4302531705146],[37.7649367630239,49.4305756665407],[37.765454093812906,49.4309013427612],[37.7659666868871,49.4312301704853],[37.7664744973306,49.4315621198544],[37.7669774793296,49.4318971615938],[37.7674755888664,49.4322352664295],[37.7679687819237,49.432576402750506],[37.768457014484,49.4329205424515],[37.7689402434282,49.4332676539224],[37.769418425637,49.4336177055529],[37.7698915188899,49.4339706674863],[37.7703240729705,49.4342993431923],[37.7707522136282,49.4346304533443],[37.7711759085235,49.4349639704363],[37.7715951271138,49.4352998687154],[37.7720098361613,49.4356381241813],[37.7724200051234,49.4359787093291],[37.7727547551275,49.4362612602489],[37.7730863789944,49.4365453640047],[37.7730568864053,49.4358244847552],[37.773024238933,49.4351238403323],[37.772998590235,49.4346048057288],[37.772998547115904,49.4346039031578],[37.7729931015286,49.4344937110841],[37.7729930772741,49.4344932256225],[37.7729896187603,49.4344232227046],[37.7729566218432,49.4338055699344],[37.7729565032656,49.4338033248618],[37.7729233545333,49.4331828051849],[37.7729233518384,49.4331827555274],[37.7729206721639,49.4331325903759],[37.7728842454791,49.432511161941],[37.7728840837824,49.4325083857592],[37.7728477918449,49.4318892424827],[37.7728477792685,49.4318890286579],[37.7728450268304,49.4318420829953],[37.7728051631914,49.4312173752938],[37.7728048927985,49.431213130872],[37.7727655214362,49.4305961101352],[37.7727654971817,49.4305957525827],[37.7727626872515,49.4305517169337],[37.7727189294157,49.4299176180178],[37.7727188216179,49.4299160557487],[37.7726765199511,49.4293030582124],[37.7726765181545,49.4293030208202],[37.772673653427,49.4292615027213],[37.7726264424673,49.428625311838],[37.772626156803,49.428621441702305],[37.7725807775081,49.4280099289708],[37.7725807577452,49.4280096683877],[37.7725779226622,49.427971459069],[37.7725268166073,49.4273278603777],[37.7725266719786,49.4273260374395],[37.772478332734806,49.4267172657894],[37.7724783264466,49.4267171763942],[37.7724755003467,49.4266815976784],[37.77242043811141,49.4260307929565],[37.7724202386854,49.4260284365129],[37.7723691613767,49.4254247444223],[37.772369142512,49.4254245276479],[37.7723663846841,49.425391933758],[37.7723075809656,49.4247371836408],[37.7723070734175,49.4247315065244],[37.7722532634337,49.4241323660518],[37.7722532481623,49.4241321925108],[37.7722505792676,49.424102484271],[37.772187681028,49.4234405070063],[37.7721871815647,49.4234352393491],[37.7721306398041,49.4228401558177],[37.7721306092614,49.4228398426177],[37.7721280849954,49.4228132615076],[37.7720609449111,49.4221433368158],[37.77206036010791,49.4221374946164],[37.7720013111493,49.421548307738],[37.771998902766,49.4215242836027],[37.7719269126775,49.4208414592687],[37.7719264707063,49.4208372630348],[37.7718722358194,49.4203228374477],[37.7718652604012,49.420256685688],[37.7718630334776,49.4202355593435],[37.7717857765665,49.4195372985348],[37.7717853327988,49.4195332745779],[37.77172250642451,49.4189654346128],[37.7717224812716,49.4189652166411],[37.7717204780285,49.4189471074525],[37.7716378132594,49.418233575908],[37.7716371943202,49.4182282328908],[37.7715730150831,49.4176742594274],[37.7715730087949,49.4176742097542],[37.7715712409104,49.4176589443163],[37.7714816680968,49.4169190908357],[37.771481523468,49.4169178986618],[37.7714168294962,49.4163835259777],[37.7714168250046,49.4163834914978],[37.7714153221231,49.4163710822327],[37.7713171955514,49.4155940639492],[37.7712653564713,49.4151835757281],[37.7712539281043,49.4150930718323],[37.7712527225651,49.4150835335006],[37.7711432251185,49.41425089446],[37.7711427867407,49.4142475672956],[37.7710843145005,49.4138029192241],[37.7710842983308,49.4138027947392],[37.7710834449313,49.4137963162647],[37.7709502777753,49.4128223676805],[37.7709487964534,49.4128115302643],[37.7709082878239,49.41251523824761],[37.7709080138378,49.4125132616328],[37.770908003058,49.4125131856541],[37.7709074829335,49.4125094463336],[37.770724863521,49.4112229313352],[37.7706284545281,49.4109474964852],[37.77062844285,49.41094746492381],[37.7706275220769,49.410944831886],[37.7705997048458,49.410858904182],[37.7705995395557,49.4108583910163],[37.7705389176471,49.4106711266858],[37.7705386795936,49.41067038908041],[37.7705371704239,49.4106657308272],[37.77050644444791,49.410562485822],[37.770456269946,49.4103938961498],[37.7704562609629,49.4103938604967],[37.7704538328167,49.4103857047083],[37.7704242126668,49.41027666752121],[37.7704241183437,49.41027632267911],[37.7703804961535,49.41011574056971],[37.7703775335097,49.4101048294959],[37.7703644064284,49.4100514383763],[37.7703501744194,49.4099935513676],[37.7703501259104,49.4099933538128],[37.770311674423,49.409836956263],[37.7703116654398,49.4098369147647],[37.7703082886727,49.4098231817428],[37.7702836389013,49.409711227896],[37.7702835364933,49.4097107632306],[37.7702497688218,49.409557406449],[37.7702497625336,49.4095573696264],[37.77024612076341,49.4095408321585],[37.7702244381274,49.4094294282557],[37.7702243653639,49.4094290530143],[37.7701948206725,49.4092772571099],[37.7701948062994,49.40927718697121],[37.7701910459517,49.4092578596372],[37.7701723753668,49.4091475112684],[37.7701723124847,49.409147137778405],[37.7701468371616,49.4089965643468],[37.7701468263818,49.4089964965456],[37.7701430759155,49.4089743366453],[37.770127406602,49.4088654097153],[37.7701273814492,49.4088652279375],[37.7701058245773,49.4087153655583],[37.77010581828911,49.4087153176295],[37.7701022259263,49.4086903426649],[37.7700895165616,49.4085831498957],[37.7700894905105,49.4085829371383],[37.7700718071741,49.4084337904945],[37.7700718017842,49.4084337408119],[37.7700685067638,49.408405950166],[37.7700586818895,49.4083006943987],[37.770058655838405,49.4083004389714],[37.7700447903419,49.4081519081204],[37.770044784952006,49.4081518420715],[37.7700419283094,49.4081212333736],[37.7700348936025,49.4080180929038],[37.7700348828227,49.4080179438551],[37.7700247749791,49.4078696991421],[37.7700224941566,49.4078362746975],[37.7700181508022,49.4077354015215],[37.7700181436157,49.4077352489648],[37.7700117763569,49.4075874242455],[37.7700117718653,49.4075873348155],[37.7700102132884,49.4075511419368],[37.77000844450551,49.4074526863],[37.770008440014,49.4074525179606],[37.770005787289,49.40730496477331],[37.770005787289,49.4073048958007],[37.770005086603,49.4072659175051],[37.7700057693226,49.4071698823577],[37.7700057702209,49.4071696619955],[37.7700068176566,49.4070225551135],[37.7700068185549,49.4070224446398],[37.7700071158972,49.4069806738807],[37.7700101279484,49.406887160957],[37.7700101306433,49.4068870557437],[37.7700148674598,49.40674006141181],[37.7700148692565,49.4067399924384],[37.7700163020693,49.4066954882202],[37.7700215149929,49.4066045536636],[37.7700215212811,49.4066044262378],[37.7700299295122,49.4064577391037],[37.7700326406277,49.4064104370974],[37.7700399232697,49.4063221393903],[37.7700399304563,49.406322027746],[37.770052004712,49.4061756185875],[37.7700520092036,49.40617556188841],[37.7700561288775,49.4061255953339],[37.7700653411007,49.4060400274474],[37.7700653500839,49.4060399310002],[37.7700810840761,49.4058937670877],[37.7700810912626,49.4058937033739],[37.770086759632,49.4058410395072],[37.7700977738757,49.4057581658168],[37.7700977882488,49.4057580541712],[37.7701171577229,49.405612281057],[37.77011716850271,49.4056122079903],[37.7701245257049,49.4055568456115],[37.770137196442,49.4054767497374],[37.7701372117133,49.4054766462747],[37.7701602283475,49.405331152318304],[37.7701602481105,49.4053310324882],[37.770169415418,49.4052730884741],[37.770183596223,49.4051958470236],[37.7701836276641,49.405195671662],[37.770210276187,49.4050505235054],[37.7702102968482,49.40505041595],[37.7702214170931,49.40498984526201],[37.7702369911852,49.404915365911],[37.770237030711,49.4049151741813],[37.7702672931564,49.4047704367142],[37.770267312021,49.4047703513708],[37.7702805190523,49.4047071890521],[37.7702973265313,49.404635577636],[37.7702973552773,49.4046354507897],[37.7703312621877,49.4044909813896],[37.7703312909338,49.4044908627266],[37.7703467024308,49.4044251987686],[37.7703646067528,49.4043564506447],[37.7703646390921,49.4043563290586],[37.770402171603,49.4042122136593],[37.7704021994508,49.404212111363],[37.7704199519574,49.4041439457381],[37.7704388102902,49.4040780802304],[37.7704388471211,49.4040779504599],[37.7704799827746,49.4039342773351],[37.7704800330802,49.4039341089837],[37.7705002469708,49.4038635083038],[37.7705199254654,49.4038005061558],[37.7705199658896,49.4038003740463],[37.7705646974992,49.4036571700931],[37.7705647496014,49.4036570046635],[37.7705875659113,49.4035839577955],[37.7706079190407,49.4035238406695],[37.7706079585666,49.4035237249269],[37.7706563211665,49.4033808849325],[37.7706563705739,49.4033807358696],[37.7706818881179,49.40330537139061],[37.7707027721516,49.403248149258],[37.7707028170673,49.4032480224081],[37.7707547621486,49.4031056948583],[37.7707548376071,49.403105489092],[37.7707831839459,49.4030278221761],[37.770804447967,49.4029735184533],[37.77080451893391,49.4029733325616],[37.7708600563781,49.4028314981745],[37.7708601515995,49.4028312608404],[37.77089142914101,49.4027513844095],[37.7709129410971,49.4026999693176],[37.770913012064,49.4026997980391],[37.7709721742103,49.4025583960282],[37.7709722694318,49.4025581709688],[37.7710065949571,49.4024761317658],[37.7710282066262,49.4024276199525],[37.7710282713049,49.402427469133],[37.7710910662382,49.4022865065215],[37.7710911677478,49.4022862802917],[37.7711286508514,49.4022021367519],[37.7711502346727,49.4021564838232],[37.7711502715036,49.4021564037364],[37.7712166552065,49.4020159933561],[37.7712167971403,49.402015698145],[37.7712575626879,49.401929474215],[37.7712789875074,49.40188665682061],[37.7712790503895,49.4018865299671],[37.771349000404,49.4017467408079],[37.7713491522193,49.4017464356573],[37.771393297229,49.4016582166653],[37.7714144112314,49.4016182500367],[37.7714144893849,49.401618095707306],[37.7714880874578,49.4014787816343],[37.7714882410697,49.40147849343501],[37.7715358176438,49.4013884354452],[37.7715564699122,49.4013513248762],[37.7715565408791,49.4013511950985],[37.7716338391126,49.4012122912323],[37.7716340268605,49.4012119545107],[37.7716850879996,49.4011202007297],[37.7717051267186,49.4010859491755],[37.77170519678721,49.4010858252429],[37.7717862930978,49.4009472099977],[37.7717864440148,49.4009469521939],[37.7718410660756,49.4008535885406],[37.7718603852442,49.4008221194521],[37.771860439143,49.4008220329326],[37.77194529220821,49.4006838197269],[37.7719454574982,49.4006835508144],[37.7720037114477,49.4005886667176],[37.7720221520639,49.4005599959096],[37.7720222086577,49.4005599076359],[37.7721108750712,49.4004220584799],[37.7721110691073,49.40042175624411],[37.77217297920011,49.4003255060239],[37.772190436161,49.4002995627913],[37.7721905223992,49.4002994318416],[37.7722829069397,49.4001621390768],[37.7722832312315,49.4001616591215],[37.7723488271119,49.4000641778092],[37.772365145009,49.4000409668587],[37.772365244722,49.4000408218779],[37.7724864157758,49.3998684622214],[37.7724866484394,49.3998681313366],[37.7725312057758,49.39980475108581],[37.7725494218131,49.39977991715471],[37.7725494972716,49.3997798148491],[37.7726520399613,49.3996400278772],[37.7726522106412,49.3996397975429],[37.7727200684795,49.3995472936981],[37.7727415966052,49.3995191379048],[37.7727416702671,49.3995190414448],[37.7728435733563,49.3993857674304],[37.772843888665,49.399385355282],[37.7729153640189,49.3992918758303],[37.7729357827253,49.3992662284485],[37.7729358680652,49.39926611971121],[37.7730416653512,49.3991332349458],[37.7730420534234,49.3991327497189],[37.7731170402917,49.3990385659138],[37.7731362175264,49.3990154117705],[37.7731363307142,49.3990152726328],[37.7732460572311,49.3988827929106],[37.7732465773557,49.398882167374],[37.7733250433991,49.3987874306271],[37.7733428857373,49.3987667054414],[37.7733429782638,49.3987665961183],[37.7734568298446,49.3986343489874],[37.7734574317158,49.3986336538781],[37.7735393167472,49.3985385378196],[37.7735557029163,49.3985202129705],[37.7735558439518,49.3985200533698],[37.7737412382602,49.398312716973805],[37.7737419066067,49.3983119721673],[37.7737598064371,49.3982919541719],[37.7737629694052,49.398288544079],[37.7737630718131,49.3982884324164],[37.7739693429687,49.3980661742852],[37.7739694849025,49.3980660228677],[37.773986450485,49.3980477422737],[37.774028387435706,49.3980041796066],[37.7740287692197,49.3980037797236],[37.7741919517843,49.3978342664782],[37.7741921018029,49.3978341115523],[37.774219192297,49.3978059711463],[37.77429788202091,49.3977271189933],[37.774298241347,49.3977267576934],[37.7744576015801,49.3975670605895],[37.7744579671944,49.39756669636541],[37.7744580776872,49.3975665391001]]]},"properties":{"OBJECTID":2034,"GlobalID":"f089ac27-8603-43b0-8e63-4fa63f771cce","Shape__Are":14464907.521484375,"Shape__Len":28705.62412543348,"CreationDa":"2026-07-21","Creator":"NMesplay_understandingwar","EditDate":"2026-08-20","Editor":"mewert_understandingwar","Area_KM":6.12859550125302}},{"type":"Feature","geometry":{"bbox":[37.8175883728924,48.96659484814,37.8181778653481,48.9669414831434],"type":"Polygon","coordinates":[[[37.8175958235193,48.96676342707901],[37.8177419875009,48.9669265515413],[37.8177755979672,48.9669414831434],[37.8178165638392,48.9669409447118],[37.818158362025,48.9668256624116],[37.8181753455737,48.9668029921996],[37.8181778653481,48.9667769050188],[37.8180453225212,48.9666085519968],[37.8180119159724,48.96659484814],[37.8179662528099,48.9665960400106],[37.8176052198972,48.9667218892418],[37.8175883728924,48.9667396038945],[37.8175958235193,48.96676342707901]]]},"properties":{"OBJECTID":2038,"GlobalID":"525e585d-6953-4862-bccf-548aebad8338","Shape__Are":2406,"Shape__Len":187.43869668988043,"CreationDa":"2026-07-21","Creator":"NMesplay_understandingwar","EditDate":"2026-08-20","Editor":"mewert_understandingwar","Area_KM":0.001037905759763}},{"type":"Feature","geometry":{"bbox":[37.823063906383,48.96436370068591,37.8239038024276,48.9649020658413],"type":"Polygon","coordinates":[[[37.8230757282121,48.9645185373281],[37.823063906383,48.9645374340677],[37.8230769948367,48.9645638190729],[37.8235725118356,48.9648936569991],[37.8236109372719,48.9649020658413],[37.8236629057094,48.9648922185667],[37.8238844257669,48.9647576939973],[37.8239038024276,48.9647269601669],[37.8238871261026,48.9646967553372],[37.8234041046693,48.9643751728792],[37.8233672315218,48.96436370068591],[37.8233312593846,48.9643712332203],[37.8230757282121,48.9645185373281]]]},"properties":{"OBJECTID":2039,"GlobalID":"c2e0117a-5ea2-4a50-bf78-bf74c6a4dd03","Shape__Are":4323.2265625,"Shape__Len":265.1100829346835,"CreationDa":"2026-07-21","Creator":"NMesplay_understandingwar","EditDate":"2026-08-20","Editor":"mewert_understandingwar","Area_KM":0.001865125140386}},{"type":"Feature","geometry":{"bbox":[37.8423468871504,48.8005866703876,37.8434713470191,48.8013083687952],"type":"Polygon","coordinates":[[[37.8432338378478,48.8012709582495],[37.8433528933691,48.8012613171569],[37.8433970752097,48.8012557155713],[37.8434343615822,48.8012390764854],[37.8434552114799,48.801222098352],[37.8434639943085,48.8011987878755],[37.8434713470191,48.8011778672521],[37.8434701001575,48.8011534597484],[37.8434678759288,48.8010988756518],[37.8434628256003,48.8010522238051],[37.8434534525786,48.80102207972131],[37.8433742714762,48.8008723945061],[37.8433150608209,48.8007137025429],[37.843273696097,48.800643739011804],[37.8431924057503,48.8005984050577],[37.8431018088572,48.8005866703876],[37.8430179816682,48.8005922608056],[37.8428746958888,48.800644266811],[37.8426017850105,48.8007395717647],[37.842391630438,48.80084863831631],[37.8423468871504,48.8009524444219],[37.8423509610102,48.8010319587226],[37.8423882940951,48.8011200034023],[37.8424716442787,48.80119662522421],[37.842592569194,48.801258791207],[37.842681865326604,48.80128696480221],[37.8428138440115,48.8013083687952],[37.8429482373678,48.80130329323201],[37.8430966255781,48.8012860234144],[37.8432338378478,48.8012709582495]]]},"properties":{"OBJECTID":2047,"GlobalID":"c773df65-5df9-41cb-93f6-1b05ad4798ac","Shape__Are":11433.544921875,"Shape__Len":395.7423770190322,"CreationDa":"2026-07-21","Creator":"NMesplay_understandingwar","EditDate":"2026-08-20","Editor":"mewert_understandingwar","Area_KM":0.00496485785622}},{"type":"Feature","geometry":{"bbox":[35.4229983177238,47.5196252481013,35.59893724055241,47.5629657348213],"type":"Polygon","coordinates":[[[35.5036007534344,47.555976991797],[35.5040199450752,47.5557075628032],[35.5041223664923,47.5556094243723],[35.5041922024208,47.555512544941],[35.5043055392669,47.5552858411216],[35.5045637438257,47.5541519920536],[35.5047921333002,47.5535115600551],[35.5049249941307,47.5533222396873],[35.5051977900246,47.5531585848258],[35.5054392140538,47.5530529740771],[35.5062085312632,47.5527881650792],[35.5063040895515,47.5527650075058],[35.5070900956622,47.5524844924272],[35.5073634494099,47.5523688783977],[35.5077917787138,47.5521312271424],[35.5079688384529,47.55201175146931],[35.5085556045217,47.5513842862993],[35.5113790112563,47.5483649392673],[35.517342343421,47.543727170622],[35.5211018342076,47.5410143228345],[35.5236945877132,47.5398766355606],[35.5260928829093,47.5393077829689],[35.5291393682784,47.5390014748442],[35.5334822286037,47.5392640241685],[35.5451212586672,47.5431200745074],[35.5495272660655,47.5464699629754],[35.5509809971133,47.546938712598],[35.5516788722064,47.54755558482161],[35.5517295228154,47.5476949732098],[35.5517221476469,47.5490842662236],[35.5515637054921,47.5502434275169],[35.5515731701419,47.5509670855899],[35.5516023869482,47.5510596177475],[35.5516960938087,47.5511374523856],[35.5519178294619,47.5512384336465],[35.5520220133736,47.5512611311063],[35.5521640415116,47.5512625359039],[35.5525415180855,47.5511961750923],[35.5526574645376,47.5511519617882],[35.5527365270624,47.5510600257891],[35.5529824705158,47.550189544542704],[35.5532281049488,47.548875588008],[35.5538604874678,47.5472824768772],[35.5544581590842,47.5464146408764],[35.5554355503678,47.5454921659685],[35.5557544513954,47.545285774623],[35.5578342192631,47.5446137026743],[35.5598573717083,47.5445099556918],[35.5607948948613,47.5445025566631],[35.561022638447,47.5444967002601],[35.5612290596213,47.5444507840496],[35.561509248649905,47.5443303679567],[35.561814135959,47.5441554863468],[35.5620222405761,47.5440238557186],[35.562295184692,47.5438763805117],[35.5627225348322,47.5437042625149],[35.5635786176199,47.5434005038765],[35.5644620460231,47.5431348050379],[35.5656760589425,47.542841644144],[35.5662959979982,47.5427218780528],[35.5672388248046,47.5425763899966],[35.5675113107798,47.5426351101674],[35.5677816093572,47.5426982679025],[35.5680495633317,47.5427658255891],[35.568315014599804,47.5428377444008],[35.568577807753,47.54291398065901],[35.5688377891794,47.5429944912909],[35.569094805267,47.543079228978],[35.5693487068956,47.5431681427626],[35.5695993431481,47.54326118108],[35.5698465675991,47.543358290546],[35.5700902365182,47.5434594117116],[35.5703302052767,47.543564487553],[35.5705663337373,47.54367345437571],[35.5707984844579,47.5437862496975],[35.5710265190978,47.5439028073978],[35.5712503056048,47.5440230577173],[35.5714697119264,47.544146931503],[35.5716846105019,47.5442743553571],[35.5718948728723,47.5444052546689],[35.5721003786632,47.5445395511899],[35.5723010048055,47.5446771690967],[35.5724966345182,47.5448180265026],[35.5726871537152,47.5449620384893],[35.5728724501072,47.545109123777],[35.5730524149979,47.5452591950225],[35.5732269423863,47.5454121618515],[35.5733959307626,47.545567938741],[35.5735592795155,47.545726431073],[35.5737168952203,47.5458875460495],[35.5738686835539,47.5460511902669],[35.574014555583,47.5462172678967],[35.5741544259677,47.5463856800796],[35.5742882129612,47.5465563297765],[35.5744158384103,47.5467291150983],[35.5747246010515,47.5472810446874],[35.5750400696164,47.5478312373643],[35.5753622234436,47.5483796561973],[35.5756910409735,47.5489262648622],[35.5760264988501,47.5494710264299],[35.5763685755136,47.550013904579],[35.576717247608,47.5505548617767],[35.577072491777,47.5510938617042],[35.5774342837661,47.5516308692565],[35.5778025993208,47.5521658469048],[35.5781774141866,47.55269875833411],[35.57855870141401,47.5532295696558],[35.5789464367485,47.5537582433445],[35.5793405932407,47.5542847449078],[35.5797411448393,47.554809039248],[35.580148064595,47.555331087631],[35.5805613237617,47.5558508598113],[35.5809808962882,47.5563683170571],[35.5814067525301,47.5568834254878],[35.5818388646397,47.5573961518298],[35.5822772029724,47.5579064597796],[35.582721737884,47.5584143160656],[35.5831724397301,47.5589196849925],[35.5836292779678,47.5594225351096],[35.5838021488628,47.5595841438685],[35.583969632561,47.55974831757591],[35.5841316455191,47.5599149701273],[35.5842881068888,47.5600840214809],[35.5844389385166,47.5602553861398],[35.584584064944,47.5604289786079],[35.5847234143058,47.56060471339],[35.5848569183301,47.5607825013546],[35.5849845078465,47.5609622564021],[35.5851061217697,47.5611438869781],[35.5852216990141,47.5613273021356],[35.5853311811894,47.5615124127471],[35.5854345134982,47.5616991248369],[35.5855316465332,47.5618873462488],[35.5856225299888,47.562076981191],[35.5857071189492,47.562267938116],[35.5857853711936,47.5624601212342],[35.585827375518,47.562516859382],[35.5858754407756,47.5625713619158],[35.585929306455,47.562623336063],[35.5859886832986,47.5626725011754],[35.5860532488114,47.5627185917594],[35.5861226562435,47.5627613586884],[35.5861965292009,47.562800571021],[35.5862744706282,47.562836016001],[35.5863560583172,47.5628675051182],[35.5864408520935,47.5628948662288],[35.5865283947146,47.5629179532535],[35.5866182127683,47.5629366395093],[35.5867098220626,47.5629508255899],[35.586802727626,47.5629604326976],[35.5868964281983,47.5629654117355],[35.5869904171298,47.5629657348213],[35.5870841877708,47.5629614001367],[35.5871772334713,47.5629524313209],[35.5872690520731,47.5629388762586],[35.5873591477062,47.5629208082922],[35.587447034382,47.5628983256159],[35.5875322368918,47.5628715482448],[35.5876142961964,47.5628406222585],[35.5876927676297,47.562805713133],[35.5877672298819,47.5627670105907],[35.5878372787111,47.56272472375101],[35.5879025377233,47.5626790793121],[35.5879626529821,47.56263032518831],[35.588017301094,47.5625787238421],[35.5880661865135,47.5625245547094],[35.5881090451357,47.5624681093504],[35.5881456460937,47.5624096920556],[35.5881757917579,47.5623496186339],[35.5881993186352,47.5622882145945],[35.5882161009614,47.562225810297],[35.5882260471082,47.5621627415585],[35.5881381128217,47.56166196420491],[35.588043603765605,47.5611617270253],[35.5879425289231,47.5606620706502],[35.587834896379,47.5601630326804],[35.5877207124215,47.55966465374951],[35.5875999887288,47.5591669726736],[35.5874727324873,47.5586700276643],[35.5873389553753,47.5581738593596],[35.5871986672739,47.5576785053674],[35.5870518789633,47.5571840051162],[35.5868986021213,47.556690398641805],[35.5867388484261,47.5561977229507],[35.5865726313525,47.5557060168688],[35.5863999634767,47.5552153210429],[35.5862208582737,47.5547256730895],[35.5860353301164,47.55423710941411],[35.5858433924795,47.553749670061],[35.5856450624311,47.5532633938634],[35.5854403534459,47.5527783196559],[35.5854160046101,47.5526490848903],[35.5853986590402,47.5525193362819],[35.5853883409909,47.552389246619],[35.585385063936705,47.5522589886912],[35.5853888323694,47.5521287365024],[35.5853996400005,47.5519986640586],[35.5854174742539,47.5518689441546],[35.5854423099765,47.5517397489807],[35.5854741148292,47.5516112513352],[35.5855128456926,47.5514836228054],[35.5855584522613,47.5513570325552],[35.5856108725514,47.55123164975],[35.5856700373926,47.5511076411314],[35.5857358677333,47.55098517223],[35.5858082755384,47.5508644055464],[35.5858871646884,47.5507455035823],[35.5859724309785,47.5506286233842],[35.5860639594245,47.55051391896791],[35.5861616287538,47.5504015473822],[35.5862653087106,47.5502916553693],[35.5863748609544,47.5501843890663],[35.5864901399582,47.5500798940045],[35.58661099211001,47.5499783066215],[35.5867372566114,47.5498797627489],[35.5868687645791,47.54978439579391],[35.5870053408417,47.5496923300689],[35.5871468039393,47.5496036898868],[35.5872929661243,47.5495185922849],[35.5874436315637,47.5494371524815],[35.5875985990351,47.5493594772063],[35.5877576637224,47.5492856701573],[35.5879206127251,47.549215830788],[35.588087229549,47.5491500512755],[35.5882572914121,47.5490884189461],[35.5884305719388,47.549031016881],[35.5886068411605,47.5489779220975],[35.5887858637185,47.5489292031238],[35.588967400661,47.5488849254555],[35.5891512103412,47.5488451491303],[35.5893370484173,47.5488099269089],[35.5895246669543,47.5487793048817],[35.5897138171188,47.548753326106],[35.5899042446877,47.5487320215116],[35.5900956972343,47.5487154226333],[35.59028792053541,47.5487035513034],[35.5904806567746,47.5486964214708],[35.5906736508302,47.5486940434449],[35.5908580300423,47.5486962141059],[35.5910421855738,47.5487027224506],[35.5912258928461,47.5487135605949],[35.5914089290768,47.5487287145905],[35.5915910705855,47.5487481662441],[35.5917720972849,47.5487718919037],[35.5919517881895,47.5487998630663],[35.5921299250087,47.5488320457706],[35.5927184823182,47.5491079444378],[35.5931548668153,47.5492697402289],[35.5936483814694,47.5494527203853],[35.5940804378834,47.5494498100438],[35.5941924748673,47.5494153964555],[35.5943431088657,47.5493691104528],[35.5947089989692,47.5490830772195],[35.5948805430525,47.5486513941814],[35.5951079003627,47.5455431256289],[35.5951643289355,47.5448583619292],[35.5953912074437,47.5421052782217],[35.5965109987679,47.5365238004088],[35.5966800823656,47.53537584617],[35.5971080074276,47.5324703514635],[35.5974860104143,47.5298695080826],[35.5977543228166,47.5280232440087],[35.5980248801089,47.5272652674788],[35.5983395339017,47.5267250896031],[35.59893724055241,47.5261692706914],[35.5878817444194,47.5304596816928],[35.5828078854215,47.533825333639],[35.57951432562,47.5354479807172],[35.5753984201597,47.5363853453931],[35.566922861268,47.5372656525496],[35.5356284888704,47.5366787837649],[35.5206332702604,47.5362386280173],[35.5030301848884,47.5349181373928],[35.4827549106852,47.5334046397922],[35.4534813048074,47.5320294076954],[35.4527597564116,47.5319725989315],[35.4527557651968,47.53197228657201],[35.4527515781493,47.53197197724511],[35.4520330957035,47.5319196312224],[35.45202952400201,47.5319193722367],[35.4520263484574,47.5319191569207],[35.45130263602021,47.5318706744065],[35.4505782112189,47.5318263926401],[35.4489267115696,47.5313691908739],[35.4479123267642,47.5309125898378],[35.447198501185,47.5306081869385],[35.4463719666819,47.5301515792769],[35.4453575818766,47.529466660634],[35.4443056286277,47.52842658173],[35.442915546811,47.5268030028358],[35.4425022786612,47.5259150868424],[35.4425022786612,47.5249256769956],[35.4425022786612,47.5242660604676],[35.4426482881325,47.5213773670489],[35.4426090676872,47.5212243865136],[35.442287680123,47.520726840284304],[35.4417336917822,47.5202487940306],[35.441210479723,47.5199162371239],[35.4408873197827,47.5198227054174],[35.4401025021432,47.5196668180605],[35.43951773572421,47.519646033085],[35.43897913552421,47.5196252481013],[35.4385790321848,47.5197083879867],[35.4381066153635,47.5198007429687],[35.4360402773092,47.520612647368],[35.4325087178564,47.5219065931251],[35.4311186360397,47.5226677233155],[35.4289771593018,47.5240884695185],[35.4277749259908,47.5250271558186],[35.4268356816657,47.5261434093081],[35.4261218560864,47.5280460600968],[35.4257837275185,47.5312169909702],[35.4247521265008,47.5400455077763],[35.4247337002577,47.5401509725105],[35.4247038716986,47.5403624058892],[35.4246810823382,47.540574237442],[35.4246688742335,47.5407294720128],[35.4246604462395,47.5408848189182],[35.4246554489116,47.5410617963049],[35.4246554551998,47.54106182601941],[35.4246229038471,47.5416498779733],[35.4245887858326,47.5422378820956],[35.4245887642731,47.5422382507896],[35.4245530724102,47.5428263920289],[35.424515815682106,47.5434144805842],[35.4244769940888,47.5440025170634],[35.4244366067319,47.5445904978297],[35.4243946832559,47.5451780214675],[35.4243511976097,47.5457654869794],[35.4243511374226,47.5457662873796],[35.4243060599616,47.5463540961666],[35.4242594158388,47.54694183954601],[35.4242112517665,47.5475289639281],[35.4241615264223,47.5481160204936],[35.4241614320992,47.548117131302305],[35.4241100996689,47.548704644516],[35.4240572032717,47.549292086874004],[35.4240571969835,47.5492921529632],[35.4240027447042,47.5498794517087],[35.4239467284581,47.5504666753602],[35.4239467077968,47.55046688938751],[35.4238891859742,47.5510534546817],[35.4238301046763,47.5516399418682],[35.4238299654374,47.5516413230101],[35.4237692519006,47.5522284256703],[35.4237069761936,47.5528154441491],[35.4236432245545,47.5534015642213],[35.4235779134401,47.5539875983169],[35.4235777328787,47.5539892243294],[35.4235777256922,47.5539892837437],[35.423577719404,47.5539893425518],[35.4235108065934,47.55457566047351],[35.4234423217311,47.5551620063916],[35.423442244476,47.555162661147],[35.4233722082231,47.5557488380223],[35.4233006115967,47.5563349216476],[35.4233005109854,47.5563357370425],[35.4232274285455,47.556921126027],[35.4231527893251,47.5575064175373],[35.4231525324069,47.5575084344577],[35.4231525243221,47.5575084993241],[35.42315251623731,47.5575085635842],[35.4231524991693,47.557508693317],[35.4230762052522,47.558094639045],[35.4229983177238,47.5586807400797],[35.4237585197279,47.5587868735599],[35.4262467407755,47.5597332867946],[35.4277849134601,47.5603438658497],[35.4297302502422,47.5610154954402],[35.4319470273604,47.561565004431],[35.4355165828548,47.56218945079421],[35.4538626558151,47.5625406466993],[35.4574817516009,47.5622862615062],[35.4591405033494,47.5619809950981],[35.4599698783254,47.5611669420404],[35.4618548249641,47.5556717589509],[35.462005619761,47.5544505302992],[35.4629103948303,47.5537381327145],[35.4648707370709,47.5535854739197],[35.4682924981415,47.553764085981],[35.4875685016941,47.5559656204459],[35.4939444085092,47.5564659557375],[35.4958224947141,47.556589409093],[35.4977022410057,47.556589409093],[35.5001005371001,47.5565894078806],[35.502045101331,47.5563706886724],[35.5036007534344,47.555976991797]]]},"properties":{"OBJECTID":2052,"GlobalID":"a976ea76-6098-4301-810f-4420acb8b811","Shape__Are":58566334.81871796,"Shape__Len":58695.11838356603,"CreationDa":"2026-07-21","Creator":"NMesplay_understandingwar","EditDate":"2026-08-22","Editor":"jthompson_understandingwar","Area_KM":26.731983225464713}},{"type":"Feature","geometry":{"bbox":[35.353553353999,47.584993542641,35.3539503006585,47.5854045181758],"type":"Polygon","coordinates":[[[35.353731666888,47.5854045181758],[35.3538123104477,47.5854027053077],[35.3538454636715,47.5853863864624],[35.3538777212751,47.5853561675319],[35.3539063946006,47.5853054017011],[35.3539314836482,47.5852195792512],[35.3539431330008,47.5851379889295],[35.3539503006585,47.5850576072694],[35.3539216273329,47.5850074440291],[35.3538508400885,47.5849959614331],[35.3537684043898,47.584993542641],[35.3536859686911,47.5849989824995],[35.353649230291,47.5850243670844],[35.3536142849281,47.5850751343996],[35.3535829229449,47.5851452416501],[35.3535667945923,47.5851948006685],[35.353553353999,47.5852860611699],[35.3535578338973,47.5853138613635],[35.353565898972,47.5853579816134],[35.3535900915009,47.58538819933101],[35.353643853874,47.5853972648853],[35.353731666888,47.5854045181758]]]},"properties":{"OBJECTID":2053,"GlobalID":"46679d26-0060-4e30-8d55-cfc12e7c25e8","Shape__Are":2460.921875,"Shape__Len":189.6270155151783,"CreationDa":"2026-07-21","Creator":"NMesplay_understandingwar","EditDate":"2026-08-20","Editor":"mewert_understandingwar","Area_KM":0.001120240668954}},{"type":"Feature","geometry":{"bbox":[35.3711950768097,47.58562590331551,35.3714822089172,47.5857952485613],"type":"Polygon","coordinates":[[[35.371304587731,47.5857871422167],[35.3713713622011,47.5857952485613],[35.3714341310832,47.5857862412424],[35.3714822089172,47.5857556147714],[35.3714688536639,47.5857006673947],[35.3714368017745,47.585647520702],[35.3713873881457,47.58562590331551],[35.3713272908532,47.58562590331551],[35.3712618512797,47.5856331081021],[35.3712084311647,47.585650224238],[35.3711950768097,47.5856898575018],[35.3712191157267,47.5857439039147],[35.37124849692471,47.5857745303926],[35.371304587731,47.5857871422167]]]},"properties":{"OBJECTID":2054,"GlobalID":"a092c046-ecd6-435e-af00-d95acd197012","Shape__Are":698.88671875,"Shape__Len":96.55161669905456,"CreationDa":"2026-07-21","Creator":"NMesplay_understandingwar","EditDate":"2026-08-20","Editor":"mewert_understandingwar","Area_KM":0.000318133635028}},{"type":"Feature","geometry":{"bbox":[37.6445102105445,48.5289138443042,37.6460802940829,48.5294802087758],"type":"Polygon","coordinates":[[[37.6460386149487,48.5293746337573],[37.6460689815985,48.529191969799506],[37.6460802940829,48.5291077861879],[37.6460783941461,48.5290646107187],[37.646076339699,48.5290374541054],[37.6460695888597,48.5290161435693],[37.646067564057,48.529012859716104],[37.64606321171951,48.529010312945],[37.6460558230763,48.5290072962021],[37.646036193989,48.5290022431125],[37.6460177875088,48.5289986160005],[37.6459972178854,48.5289948984632],[37.6459624117614,48.52899003931031],[37.6457959826854,48.528977926525],[37.6451801633036,48.5289350043733],[37.6446339067625,48.5289138443042],[37.6446072178154,48.5289164630633],[37.6445938733418,48.5289231717737],[37.6445812699784,48.5289365915714],[37.6445694229964,48.52895568077851],[37.6445506670716,48.5290662847682],[37.6445102105445,48.5293000860065],[37.6445171491317,48.5293309183489],[37.6445326531552,48.5293506243155],[37.6445590654212,48.5293638923013],[37.644600035784705,48.529374324411],[37.644697437416,48.5293830122818],[37.6452237863921,48.52942993473],[37.6457121779542,48.5294701544465],[37.6458994362668,48.5294802087758],[37.6459715862554,48.5294801296547],[37.6459994430124,48.5294798060316],[37.646010576732,48.529478130805906],[37.6460193829167,48.529475784538],[37.6460246470443,48.5294729016743],[37.6460283921207,48.5294692162962],[37.6460295051334,48.5294653274636],[37.6460310232862,48.5294529774286],[37.6460319719071,48.52943768622501],[37.6460386149487,48.5293746337573]]]},"properties":{"OBJECTID":2057,"GlobalID":"e9704e43-82ea-45e4-9082-a8cb6620181e","Shape__Are":13766.966796875,"Shape__Len":485.58484263796817,"CreationDa":"2026-07-21","Creator":"NMesplay_understandingwar","EditDate":"2026-08-20","Editor":"mewert_understandingwar","Area_KM":0.006042556816134}},{"type":"Feature","geometry":{"bbox":[37.703468345847,49.5729946556482,37.70792009635781,49.5792634024259],"type":"Polygon","coordinates":[[[37.7069107340332,49.573810343549],[37.7072290816986,49.5737690568133],[37.7079195645552,49.5737754215264],[37.70792009635781,49.5737750865721],[37.7076736507462,49.573749491403],[37.7072993964291,49.5737061721691],[37.7069263934653,49.5736585532396],[37.7065547550423,49.5736066474175],[37.7061845997379,49.5735504669225],[37.7058160344516,49.5734900163999],[37.705449189439,49.5734253389414],[37.7050841796846,49.5733564490935],[37.70472110220631,49.5732833491685],[37.7043600908532,49.5732060904107],[37.7040012570163,49.573124676878],[37.7036690654141,49.5730449910167],[37.7036447129851,49.57303914991],[37.7034990305005,49.5730022816576],[37.703468345847,49.5729946556482],[37.7038517513019,49.5731750499773],[37.7039493622406,49.5732288535768],[37.7040469749761,49.5732826576995],[37.704310528104,49.5734598936363],[37.7043886177533,49.5735548429008],[37.7047825370902,49.5743582983798],[37.706015293358,49.5785416728909],[37.7061328118618,49.5789404538505],[37.7061595987253,49.579065827472],[37.706211165615805,49.5791235806816],[37.70630492278201,49.579190451722],[37.7063846168225,49.57924212502721],[37.7065393174942,49.5792634024259],[37.7066658901177,49.57926036196601],[37.7067362084415,49.5792390863133],[37.7068018384578,49.5791661349906],[37.7068112141745,49.5790597494396],[37.7066290079871,49.5782666462263],[37.7066273371206,49.5782417354918],[37.7064090995072,49.57745971707351],[37.7060250104344,49.5760691637971],[37.7058489693849,49.5750106535432],[37.7058559232435,49.5747400836264],[37.7059650002785,49.5745306092815],[37.7061530401254,49.5743049696164],[37.70654781915,49.5739300775063],[37.7067260934114,49.5738475036201],[37.7069107340332,49.573810343549]]]},"properties":{"OBJECTID":2058,"GlobalID":"a04e9b1b-4d45-4ef2-8a98-fa019c93a3ef","Shape__Are":110301.353515625,"Shape__Len":2805.3946573288144,"CreationDa":"2026-07-21","Creator":"NMesplay_understandingwar","EditDate":"2026-08-20","Editor":"mewert_understandingwar","Area_KM":0.046427954706832}},{"type":"Feature","geometry":{"bbox":[37.8285559140776,48.9648468575021,37.8299778878836,48.9657310051216],"type":"Polygon","coordinates":[[[37.8286302838034,48.9656371670356],[37.82865634213311,48.9656558935021],[37.8286930553805,48.9656822779155],[37.8288060544601,48.9657195615483],[37.8288625953224,48.9657220497178],[37.8289076072063,48.9657240112374],[37.82894151950661,48.9657254962362],[37.8289827710428,48.9657273032404],[37.8289903339591,48.9657276340919],[37.82906730520591,48.9657310051216],[37.8292712084024,48.9656965481866],[37.8294433534586,48.9656469392643],[37.8295666786724,48.9656033735099],[37.8297400274711,48.9655216546652],[37.8298108371733,48.9654646712555],[37.8298848035555,48.9653796460036],[37.8299357613883,48.9653071016624],[37.8299686397277,48.965219175705805],[37.8299778878836,48.9651431892907],[37.8299665493481,48.9650821455345],[37.8299247067204,48.9650131505364],[37.8298719693251,48.9649565339676],[37.8298172906704,48.9649126149318],[37.829718247817,48.9648629338682],[37.829613837529905,48.9648468575021],[37.8294475719472,48.9648706320507],[37.8292738449578,48.9649166972706],[37.8291409553811,48.9649607130238],[37.8290154319899,48.9650117516216],[37.8288886311942,48.9650742875594],[37.8287898919715,48.9651428230496],[37.8287232028414,48.9652042500752],[37.8286665802324,48.9652634695581],[37.8286130370482,48.9653339604258],[37.8285859366728,48.9653939617727],[37.8285559140776,48.9654536174502],[37.8285559212642,48.9654540456134],[37.8285561674025,48.9654714605306],[37.8285562221998,48.965475229073306],[37.8285572274146,48.9655460086218],[37.828598599325,48.9656143989738],[37.8286302838034,48.9656371670356]]]},"properties":{"OBJECTID":2059,"GlobalID":"c7cf8d53-cd4d-41d1-a10b-ba1de3e97b24","Shape__Are":16685.47265625,"Shape__Len":476.9921073414171,"CreationDa":"2026-07-21","Creator":"NMesplay_understandingwar","EditDate":"2026-08-20","Editor":"mewert_understandingwar","Area_KM":0.00719824665387}},{"type":"Feature","geometry":{"bbox":[37.608810209837706,49.7096060222714,37.6106889877454,49.7115139528606],"type":"Polygon","coordinates":[[[37.6095292294759,49.7096060222714],[37.6094364622532,49.7096205280797],[37.6093820234486,49.7096356153706],[37.6093161562771,49.7096849952531],[37.6090084644276,49.7105660545052],[37.608946266874,49.7107638023074],[37.608810209837706,49.711198675019006],[37.608810209837706,49.711264136898905],[37.608838555278204,49.7113086502066],[37.6088871469485,49.7113479256297],[37.6089802806839,49.71138720334461],[37.6091058094651,49.7114186234025],[37.6093892602766,49.7114605196858],[37.6097334515743,49.711499795567],[37.6098545624409,49.7115129868514],[37.6099116090547,49.7115139528606],[37.6099673396366,49.7115100603604],[37.6100005036403,49.7115032256846],[37.6100232022709,49.711490747722806],[37.610062350851,49.7114527759193],[37.610081925141,49.7114165293135],[37.6101055283751,49.7113498309339],[37.6103426189314,49.7106910216599],[37.6106889877454,49.7098962607667],[37.6106781989788,49.7098317508869],[37.6106393136051,49.7097864891831],[37.6105562850184,49.7097487333056],[37.6095292294759,49.7096060222714]]]},"properties":{"OBJECTID":2070,"GlobalID":"adb8bb20-4121-4dc2-99d0-d6baa7c18500","Shape__Are":46864.4296875,"Shape__Len":888.5185721294574,"CreationDa":"2026-07-21","Creator":"NMesplay_understandingwar","EditDate":"2026-08-20","Editor":"mewert_understandingwar","Area_KM":0.019617952826397}},{"type":"Feature","geometry":{"bbox":[37.6472143129245,49.0183133234209,37.6484861117712,49.0190718068814],"type":"Polygon","coordinates":[[[37.6484861117712,49.0183349180177],[37.6483338248727,49.0183133234209],[37.6481239164385,49.0183430156208],[37.6477781845301,49.0184482872876],[37.6473501363989,49.0185292636645],[37.6472143129245,49.0186669239688],[37.6472883987827,49.018828878236],[37.6475888556008,49.019034018216],[37.6479428187722,49.0190718068814],[37.6482556238322,49.0188936595597],[37.6484120259131,49.018653428247],[37.6484737635293,49.0184995715757],[37.6484861117712,49.0183349180177]]]},"properties":{"OBJECTID":2072,"GlobalID":"5285008e-3024-4005-abf0-e1e327c6b1e9","Shape__Are":11934.58984375,"Shape__Len":423.45646991894404,"CreationDa":"2026-07-21","Creator":"NMesplay_understandingwar","EditDate":"2026-08-20","Editor":"mewert_understandingwar","Area_KM":0.005137718066816}},{"type":"Feature","geometry":{"bbox":[37.6376804559833,49.0238812260424,37.6390566938632,49.0245180055957],"type":"Polygon","coordinates":[[[37.6389537981356,49.024007738241],[37.6387930221576,49.023927614907],[37.6384393159043,49.0238980945112],[37.6379634208062,49.0238812260424],[37.6376804559833,49.0239613506293],[37.6376804559833,49.0241216000051],[37.6377511974136,49.0242860671267],[37.6379505587279,49.0243999270758],[37.638297833942,49.0244547490071],[37.6387994531967,49.0245180055957],[37.6389409360573,49.0244927032056],[37.6390566938632,49.0242776323697],[37.6389988145111,49.0241258171025],[37.6389537981356,49.024007738241]]]},"properties":{"OBJECTID":2073,"GlobalID":"477c0b92-dd2b-4333-85d5-830ff1ec906e","Shape__Are":12990.07421875,"Shape__Len":434.0769664066882,"CreationDa":"2026-07-21","Creator":"NMesplay_understandingwar","EditDate":"2026-08-20","Editor":"mewert_understandingwar","Area_KM":0.005590867152031}},{"type":"Feature","geometry":{"bbox":[37.8186523222435,48.5746209504943,37.819451511131,48.5751036884483],"type":"Polygon","coordinates":[[[37.8186682269156,48.5749563679609],[37.818696059418,48.5749800449213],[37.8187101746461,48.5749921496709],[37.8187925160217,48.57502421779301],[37.8188650415062,48.5750448135595],[37.8189401101212,48.5750717517301],[37.8190320365208,48.5750957959506],[37.8191234859151,48.5751036884483],[37.8192308399814,48.5750484439102],[37.8193540978216,48.574972153593],[37.819451511131,48.5748445619897],[37.8194475351875,48.574776164508],[37.8193799423523,48.5747038191683],[37.8192308399814,48.5746590962295],[37.8190419763795,48.5746222652296],[37.8189226944828,48.5746209504943],[37.8188729942913,48.5746327896488],[37.8188014246144,48.5747169724419],[37.8187000353615,48.5748393012883],[37.8186523222435,48.5749129611619],[37.8186682269156,48.5749563679609]]]},"properties":{"OBJECTID":2074,"GlobalID":"7a5b9ca8-207d-4e13-a229-aec430bb105c","Shape__Are":5090.650390625,"Shape__Len":261.64703499217165,"CreationDa":"2026-07-21","Creator":"NMesplay_understandingwar","EditDate":"2026-08-20","Editor":"mewert_understandingwar","Area_KM":0.002230367330471}},{"type":"Feature","geometry":{"bbox":[36.1846719446492,50.3215989648512,36.185462441438,50.3220587111386],"type":"Polygon","coordinates":[[[36.1849326591009,50.3220534258865],[36.1854147732357,50.3219001779835],[36.1854456411455,50.3218857956248],[36.185462441438,50.321866130283],[36.1854520182857,50.3218420503084],[36.1852575177554,50.3216095337351],[36.1852326874226,50.3215989648512],[36.185209926808206,50.3215989648512],[36.1851850964755,50.3216029292583],[36.1846967749819,50.3217680672861],[36.1846740143676,50.3217878840862],[36.1846719446492,50.321803737635],[36.1848519616422,50.322036250964],[36.1848705846164,50.3220534258865],[36.1848933452307,50.3220587111386],[36.1849326591009,50.3220534258865]]]},"properties":{"OBJECTID":2077,"GlobalID":"5fbd7bf3-1a95-49e8-aa63-1aa1299c1cf2","Shape__Are":4194.5,"Shape__Len":251.73605804598895,"CreationDa":"2026-07-21","Creator":"NMesplay_understandingwar","EditDate":"2026-08-20","Editor":"mewert_understandingwar","Area_KM":0.001711991417984}},{"type":"Feature","geometry":{"bbox":[37.5979865050991,50.2039575188517,37.6274232046083,50.2140496251849],"type":"Polygon","coordinates":[[[37.6191631524517,50.209723443655],[37.6200981324741,50.2098944046111],[37.6204711794554,50.2103718846345],[37.6207899996346,50.212149999472],[37.6231899998331,50.2083799995852],[37.6268000001766,50.2044299997171],[37.6274232046083,50.2039575188517],[37.6256974771671,50.20434695486651],[37.6241641643682,50.2046598640558],[37.6221641911523,50.2051718910725],[37.6203086598475,50.2057905855949],[37.6190531214058,50.2062812665895],[37.6173864770591,50.2069426139522],[37.6148316585097,50.2078731928138],[37.6113865574113,50.2085923835298],[37.6082341364157,50.2090931943932],[37.6074421654915,50.2092892512167],[37.6068228660363,50.2095901326166],[37.6061451329685,50.2100932647986],[37.6052776334919,50.2105963905262],[37.6040034945339,50.2109954184157],[37.6029549494933,50.2111345359034],[37.6021506330222,50.2111852833802],[37.6003328624004,50.2112382372116],[37.5991654630611,50.2114675410185],[37.5985528668346,50.211741223819],[37.59810208953,50.2121776353799],[37.5979865050991,50.2128063561517],[37.5987411995322,50.2134753914952],[37.6006064335403,50.21380363600401],[37.6028790256821,50.2139157433318],[37.6052954425924,50.2140496251849],[37.6088258162691,50.2137133763617],[37.6102215457941,50.2130093483962],[37.6114569943127,50.2115689311565],[37.6132433966632,50.2104912551874],[37.6157148317913,50.2097153484424],[37.6184660526047,50.2095959776733],[37.6191209145653,50.2097157204048],[37.6191631524517,50.209723443655]]]},"properties":{"OBJECTID":2082,"GlobalID":"cffea373-438d-4946-9daf-b2150b22bab7","Shape__Are":1739811.63671875,"Shape__Len":8601.650239790813,"CreationDa":"2026-07-21","Creator":"NMesplay_understandingwar","EditDate":"2026-08-20","Editor":"mewert_understandingwar","Area_KM":0.713431796132378}},{"type":"Feature","geometry":{"bbox":[35.3706332866007,50.801778801791,35.3726935322806,50.8031023620497],"type":"Polygon","coordinates":[[[35.3726935322806,50.801778801791],[35.3715891443686,50.8018190846278],[35.3712545425865,50.8018513452771],[35.3708753214843,50.8019288398952],[35.3707564420329,50.8020007251409],[35.3706356321019,50.8020831639266],[35.3706332866007,50.8022189526199],[35.3706387618323,50.8023656794284],[35.3707427678776,50.80248892214281],[35.3708757427942,50.802583531068706],[35.3710654624906,50.80268313297981],[35.3713271668857,50.8027904642914],[35.3725883440524,50.8030990232654],[35.3725991175476,50.8031023620497],[35.3725697228749,50.8027261793068],[35.3726378807504,50.8018969784195],[35.3726935322806,50.801778801791]]]},"properties":{"OBJECTID":2083,"GlobalID":"bcd2db79-050d-4c61-8ae3-e98ebbb838f0","Shape__Are":37973.09765625,"Shape__Len":788.3378992016644,"CreationDa":"2026-07-21","Creator":"NMesplay_understandingwar","EditDate":"2026-08-20","Editor":"mewert_understandingwar","Area_KM":0.015187586294627}},{"type":"Feature","geometry":{"bbox":[37.1936105222481,48.4098165207815,37.1946507192448,48.4105248492443],"type":"Polygon","coordinates":[[[37.1944297121254,48.4098607817233],[37.1942725419849,48.4098165207815],[37.1940963212723,48.4098196823638],[37.1938796161847,48.40985762073981],[37.193710680809,48.4099588239907],[37.1936390985556,48.4101073777788],[37.1936105222481,48.4102812587488],[37.1936233403089,48.410341815402],[37.1936342126188,48.410366011806204],[37.1936587599822,48.4104206406113],[37.1937330650293,48.4104682527865],[37.1938462770096,48.41050098028],[37.194032047712,48.4105248492443],[37.194297207926,48.4105123730325],[37.1944416183961,48.4104741083768],[37.1945702131274,48.4104282671967],[37.1946392360805,48.41032799152091],[37.1946507192448,48.4101984912141],[37.1946226028747,48.41001569531241],[37.194553543989,48.4099224312965],[37.1944297121254,48.4098607817233]]]},"properties":{"OBJECTID":2086,"GlobalID":"571e1216-7493-4a67-801a-62b2e44e7134","Shape__Are":11370.33984375,"Shape__Len":383.6220745878677,"CreationDa":"2026-07-21","Creator":"NMesplay_understandingwar","EditDate":"2026-08-20","Editor":"mewert_understandingwar","Area_KM":0.005013960028383}},{"type":"Feature","geometry":{"bbox":[37.7202961932137,48.7151967959135,37.7225060676772,48.7170482094693],"type":"Polygon","coordinates":[[[37.7222882127461,48.7155568544396],[37.72223584366,48.7154895259197],[37.7219426497209,48.715371089266],[37.721526067686,48.7152476812753],[37.7211243680404,48.7151967959135],[37.7207910715104,48.7152010835815],[37.7205361952098,48.7152435815003],[37.7203668906265,48.7153238367431],[37.7203165373599,48.7154647477926],[37.7202961932137,48.715679816550605],[37.7203229288731,48.7160675430266],[37.7204152954473,48.7163745727028],[37.7205268886634,48.7166470867903],[37.7207614118347,48.7168120177051],[37.7210595977118,48.716894545785],[37.72171013069111,48.7169981485815],[37.722078991523205,48.7170482094693],[37.7223062940361,48.7170296553444],[37.7224084738064,48.7170014000751],[37.7224633932096,48.7169685117349],[37.7225060676772,48.7169202460266],[37.7224989593084,48.716855760099506],[37.7224852258643,48.7167934267462],[37.7224333589364,48.7167358342628],[37.7223389612714,48.7166814564807],[37.722104745324,48.7165753429715],[37.7220718723745,48.716500236098],[37.7220442725357,48.7164305380565],[37.7220282528793,48.7163376239775],[37.7220161974881,48.7161658268663],[37.7221211853921,48.7158927613294],[37.7222839771895,48.715651090507905],[37.7222882127461,48.7155568544396]]]},"properties":{"OBJECTID":2087,"GlobalID":"c6c1c239-5b2e-457e-bdce-d5d08669b2ce","Shape__Are":56306.154296875,"Shape__Len":966.3892300205649,"CreationDa":"2026-07-21","Creator":"NMesplay_understandingwar","EditDate":"2026-08-20","Editor":"mewert_understandingwar","Area_KM":0.024532431306776}},{"type":"Feature","geometry":{"bbox":[37.8050322060429,48.572636050510205,37.8060480003049,48.5731947652987],"type":"Polygon","coordinates":[[[37.8051268552361,48.5731001996701],[37.8052187124655,48.57311331591471],[37.805883870916,48.5731947652987],[37.8059270915592,48.573192202919],[37.8059594569606,48.5731790468712],[37.8059680951604,48.573160470649505],[37.8060480003049,48.5727975211853],[37.8060350430052,48.5727818026343],[37.8060156070558,48.57277037139],[37.8051863183181,48.572636050510205],[37.8051496050707,48.5726377474888],[37.8051263171453,48.5726535546484],[37.8051168974112,48.5726696167955],[37.8051082789744,48.5727051267057],[37.8050322060429,48.5730246969434],[37.8050410517535,48.5730457678425],[37.8050509844256,48.5730630025833],[37.8050636380947,48.5730744836895],[37.8050888187704,48.5730884938929],[37.8051268552361,48.5731001996701]]]},"properties":{"OBJECTID":2091,"GlobalID":"c4df8b4d-ddff-428b-a4c7-57a9cd2e786e","Shape__Are":7954.58984375,"Shape__Len":349.44169607289905,"CreationDa":"2026-07-21","Creator":"NMesplay_understandingwar","EditDate":"2026-08-20","Editor":"mewert_understandingwar","Area_KM":0.003485407514596}},{"type":"Feature","geometry":{"bbox":[37.59582179074151,49.6960066170302,37.603580712327,49.7012975219974],"type":"Polygon","coordinates":[[[37.6031106419051,49.6999500460972],[37.6034359443274,49.6997501631675],[37.6035583838022,49.6996096573846],[37.603580712327,49.6995185722068],[37.6035606772012,49.6993951840153],[37.6019890350857,49.6983302315803],[37.5995193121464,49.6965713947003],[37.5985214437659,49.6960066170302],[37.5981721904616,49.6960388901669],[37.5975984158283,49.6963777570991],[37.5963261336881,49.6972007105585],[37.5960030384265,49.6974802324695],[37.5958716005273,49.6976294543423],[37.59582179074151,49.6977575087654],[37.5958521466116,49.6978784258573],[37.5961016141558,49.6980881930735],[37.596734866244,49.6985007569694],[37.5977665382287,49.699172883212],[37.5986364200375,49.6997395972424],[37.5991301907115,49.7001516881122],[37.599381120713,49.7004622826232],[37.5997339151762,49.7008674858729],[37.6000771704295,49.7011471819102],[37.6002858023576,49.7012579886153],[37.6005039824788,49.7012975219974],[37.6007146077686,49.7012932916953],[37.6010903227463,49.70120710000721],[37.6014109413526,49.7011308149283],[37.6017507452785,49.7009338709562],[37.6025415286299,49.7003658763493],[37.6029370101371,49.700056734354405],[37.6031106419051,49.6999500460972]]]},"properties":{"OBJECTID":2095,"GlobalID":"571cec28-43b5-4b76-acaf-24dc47cf7fd8","Shape__Are":393687.2890625,"Shape__Len":2561.1217151731994,"CreationDa":"2026-07-21","Creator":"NMesplay_understandingwar","EditDate":"2026-08-20","Editor":"mewert_understandingwar","Area_KM":0.16488219755331}},{"type":"Feature","geometry":{"bbox":[37.6072502925333,48.4927707016815,37.6082554049283,48.4934556125725],"type":"Polygon","coordinates":[[[37.6074335201052,48.4927724340818],[37.6073826134764,48.4927707016815],[37.6073680302261,48.4927746558406],[37.607352786714,48.4927955654909],[37.6072502925333,48.4933020457499],[37.6072566651819,48.4933198309427],[37.6072618358847,48.4933275451006],[37.6072830567867,48.493336114137],[37.6080555351675,48.4934556125725],[37.6080945561868,48.4934542570321],[37.6081144421923,48.4934489854858],[37.6081321174438,48.4934258240135],[37.6082554049283,48.4929341667918],[37.6082474341768,48.4929096048801],[37.6082370766016,48.4928972489088],[37.608206346134,48.4928848310207],[37.6077278980238,48.49283469567891],[37.6076087113486,48.4928136318553],[37.6074335201052,48.4927724340818]]]},"properties":{"OBJECTID":2101,"GlobalID":"6b5fb0f9-0168-4c95-8947-e2f3cecd8955","Shape__Are":9642.126953125,"Shape__Len":386.48733213664616,"CreationDa":"2026-07-22","Creator":"jthompson_understandingwar","EditDate":"2026-08-20","Editor":"mewert_understandingwar","Area_KM":0.00423808726407}},{"type":"Feature","geometry":{"bbox":[37.6149568845586,49.715951016646,37.6158510577109,49.7166774819147],"type":"Polygon","coordinates":[[[37.615436763685,49.7159531575867],[37.615223200006,49.715951016646],[37.615158895903,49.7159599260025],[37.6151558640889,49.7159604301631],[37.6150721491893,49.7159757269068],[37.6150375721357,49.7159886707037],[37.6150274840551,49.7159948826795],[37.6149620768209,49.7160670257606],[37.6149568845586,49.7161000377464],[37.6149793361525,49.7162016512812],[37.6150266522151,49.71635697357],[37.6151649631244,49.7165534792279],[37.61523275808061,49.7166341932543],[37.6152337911432,49.7166362580772],[37.6152409552076,49.7166419803371],[37.615263581973,49.7166515215012],[37.615369135815506,49.7166769673067],[37.6155212116099,49.7166774819147],[37.6157311586716,49.7166464427932],[37.615748839313,49.7166416655315],[37.6158232314967,49.7165880974388],[37.615837529981,49.7165702679191],[37.615837318877,49.716567633306],[37.6158510577109,49.7164758184599],[37.6158328587416,49.7164193379289],[37.6157491447403,49.7161945913238],[37.615655190843,49.7160500527726],[37.6156256569314,49.716024591537],[37.6154726316177,49.7159595995758],[37.615436763685,49.7159531575867]]]},"properties":{"OBJECTID":2119,"GlobalID":"39222722-fe4e-4006-9cec-c1625ba50a8e","Shape__Are":9481.236328125,"Shape__Len":364.2967119609477,"CreationDa":"2026-07-24","Creator":"lhiguchi_understandingwar","EditDate":"2026-08-20","Editor":"mewert_understandingwar","Area_KM":0.003968013164986}},{"type":"Feature","geometry":{"bbox":[37.8012042564452,48.5736241406827,37.8026835984618,48.5754202586723],"type":"Polygon","coordinates":[[[37.8024410946576,48.5753215087743],[37.8025755266415,48.5751597905857],[37.8025918723864,48.575122710319704],[37.8026835984618,48.5739655518787],[37.8026782687572,48.5739258834306],[37.8026218249129,48.573833953436],[37.8025045947684,48.5737305322153],[37.8023830464222,48.5736876396878],[37.8019132993939,48.5736241406827],[37.8018284876513,48.5736381697538],[37.8017038302359,48.5736777605643],[37.80161051863411,48.5737178916312],[37.801549385584,48.57376201805571],[37.8015289722675,48.573800948419],[37.8012042564452,48.5752263771343],[37.8012132629542,48.5752757527947],[37.8012559455066,48.575307522964],[37.8013057409194,48.5753345858096],[37.8013986878053,48.5753606756794],[37.802095103136,48.5754202586723],[37.8022782750123,48.5753978152064],[37.8024410946576,48.5753215087743]]]},"properties":{"OBJECTID":2120,"GlobalID":"d872c3d5-bcda-4580-8324-8072bf1a4707","Shape__Are":39815.939453125,"Shape__Len":798.4589022581865,"CreationDa":"2026-07-24","Creator":"lhiguchi_understandingwar","EditDate":"2026-08-20","Editor":"mewert_understandingwar","Area_KM":0.017444778759489}},{"type":"Feature","geometry":{"bbox":[37.7810919797536,48.5597960723889,37.7946242631773,48.5696080007786],"type":"Polygon","coordinates":[[[37.7889200563446,48.5601381453264],[37.7889307840257,48.56035825129631],[37.7889367290762,48.560480215356],[37.7889200563446,48.5607891803831],[37.7887116471987,48.5611312466047],[37.7885532562477,48.5614181384769],[37.7884865653211,48.5616664094904],[37.7887033108328,48.5619532989217],[37.7890534372996,48.5621298448608],[37.7893452101039,48.5623505271612],[37.7895036010548,48.5625270723082],[37.7894619192256,48.5629298136187],[37.7893535464698,48.5632166952895],[37.7891701464213,48.5636746001494],[37.7889367290762,48.5641104328599],[37.788561592613604,48.5647393496551],[37.7884456596363,48.5649982841666],[37.7884137344094,48.5650311480937],[37.7882461500999,48.5651168455487],[37.7879576372818,48.5652201862994],[37.7874696409784,48.565267445889006],[37.7867793054455,48.5652280630989],[37.7859580440532,48.5651099145444],[37.7848987353988,48.5649523821147],[37.784065571329,48.5647633429079],[37.7834109429303,48.56459005619911],[37.7827920207675,48.5644640292369],[37.7823516342759,48.5644088925651],[37.781935052241,48.5643852623747],[37.7818217126999,48.5643935964633],[37.7816617748501,48.5644142488748],[37.7815332295262,48.5644369338211],[37.7814132532318,48.5644794679936],[37.781310020636,48.5645231905032],[37.7813061327274,48.5645248372229],[37.7813032536269,48.5645268549004],[37.7812318528332,48.564576885429],[37.7811008982277,48.5647635426535],[37.7810919797536,48.5648107592728],[37.7811012189263,48.5649574999809],[37.7811126993956,48.564979077170406],[37.781304228299,48.5651729272601],[37.7815740938885,48.565337227685504],[37.7816485983615,48.5653634534983],[37.7821135870138,48.5654564832116],[37.7828872394927,48.5656612726983],[37.7836608919716,48.5659054442437],[37.7844464462297,48.5662913894521],[37.7859223369189,48.5670002618617],[37.7874458365217,48.5677091237406],[37.7889027377242,48.5684986878014],[37.7889063220022,48.5685007261256],[37.7902288523062,48.5693223037945],[37.7903802013636,48.569414371577],[37.790474195685,48.5694528356915],[37.7907911931825,48.5695575882567],[37.7909768201545,48.5696080007786],[37.7913607313608,48.5677361674699],[37.7916294596831,48.5661001349231],[37.7917548662934,48.5651753973079],[37.7919174739363,48.5647906141151],[37.7931927321951,48.5627770447003],[37.7945458249817,48.56090728374],[37.7946110067387,48.5607443684428],[37.7946242631773,48.560595224312],[37.7945914117874,48.5605191268131],[37.7945096570117,48.5604024434817],[37.7943248996089,48.5602458470494],[37.7939638855608,48.5601171921175],[37.7931796877588,48.5599259778558],[37.7927212145873,48.55986857164031],[37.7924161269538,48.5598303707512],[37.7921519450052,48.5598438204069],[37.7919992170338,48.559851595783],[37.7919294817167,48.5598457282815],[37.7916710543757,48.5598567629176],[37.7912959188114,48.55988986681161],[37.7909958096413,48.5599395226121],[37.7907623913978,48.5599284879939],[37.7902372012484,48.5598953841252],[37.7898203829566,48.5598567629176],[37.7895286101523,48.5598622802348],[37.7891701464213,48.5597960723889],[37.7889200563446,48.5598291763227],[37.7888283563204,48.5599450399202],[37.7889200563446,48.5601381453264]]]},"properties":{"OBJECTID":2121,"GlobalID":"d9cf3a78-2ed0-4d95-a37a-9dbb9d2b0ec0","Shape__Are":877128.169921875,"Shape__Len":5493.3059942243135,"CreationDa":"2026-07-24","Creator":"lhiguchi_understandingwar","EditDate":"2026-08-28","Editor":"eornelas_understandingwar","Area_KM":0.170674755104663}},{"type":"Feature","geometry":{"bbox":[36.0518881437652,47.6381337058355,36.0542049752398,47.6409163176279],"type":"Polygon","coordinates":[[[36.0522237336941,47.6407361283211],[36.0524073547281,47.6408038797525],[36.0526040920635,47.6408554294195],[36.0528008293989,47.6408863595585],[36.0530676685642,47.6409099248475],[36.053352299762,47.6409163176279],[36.053551577533,47.6408956678913],[36.0537152631542,47.6408579630502],[36.0538299825076,47.6408089464136],[36.0539097268536,47.6407486185547],[36.053955893971,47.6406760358262],[36.0539782781913,47.6405600923362],[36.0541018288822,47.639701714046204],[36.0542049752398,47.638659602418],[36.0541754278534,47.638505759064],[36.0540943971198,47.6383938831588],[36.0540174510259,47.6383297821461],[36.0539223176407,47.6382637949618],[36.0537418443034,47.638206292096],[36.0536075380836,47.6381732981336],[36.0534228678174,47.6381431326912],[36.0531822370006,47.6381337058355],[36.0529363591242,47.6381408937072],[36.0526740429763,47.6381791900655],[36.052516653647,47.6382204317539],[36.0523636355198,47.6382837678108],[36.0522455932982,47.6383795074841],[36.0521678548902,47.6384865707562],[36.0520414789977,47.63901589756481],[36.0519220704386,47.6399731840129],[36.0518881437652,47.640369680631],[36.0519045829349,47.6404548121946],[36.0519636040457,47.6405476026627],[36.0520794597679,47.6406477572304],[36.0522237336941,47.6407361283211]]]},"properties":{"OBJECTID":2132,"GlobalID":"6f3c0d99-bd62-4ba2-86c3-696860a9f3bb","Shape__Are":100581.984375,"Shape__Len":1232.4298770410157,"CreationDa":"2026-07-27","Creator":"edunn_understandingwar","EditDate":"2026-08-20","Editor":"mewert_understandingwar","Area_KM":0.045691607585894}},{"type":"Feature","geometry":{"bbox":[35.327887458659,47.5565170193077,35.3340198501669,47.5656226507917],"type":"Polygon","coordinates":[[[35.3340198501669,47.5565170193077],[35.3334617565253,47.5565944723974],[35.3297865357972,47.55728581678001],[35.3295969715094,47.5583411207125],[35.3295362561759,47.5587098874649],[35.3293427779283,47.5598849620017],[35.3292504176424,47.5603363047773],[35.3286846784394,47.5631008772693],[35.3281530976751,47.5640175383817],[35.327887458659,47.5646557956273],[35.32789522010311,47.5648102842424],[35.3279573089606,47.5649307326874],[35.3281280544416,47.5651061674828],[35.3283298448005,47.5652266152474],[35.3285587993153,47.5653182602978],[35.3287799932843,47.565388957712],[35.3290904393684,47.5654675099457],[35.3295405869539,47.5655434441648],[35.3302553422895,47.5656226507917],[35.3308677462766,47.5656226507917],[35.3313770730764,47.5655776471375],[35.3319227798485,47.56547536546561],[35.3322744577058,47.5652871666434],[35.3325836919626,47.5648493974524],[35.3327655945194,47.5644607201483],[35.3340198501669,47.5565170193077]]]},"properties":{"OBJECTID":2133,"GlobalID":"349e378b-b21e-4a2d-aa7c-b7aa38867d8e","Shape__Are":675729.01953125,"Shape__Len":3767.7448259919215,"CreationDa":"2026-07-27","Creator":"edunn_understandingwar","EditDate":"2026-08-20","Editor":"mewert_understandingwar","Area_KM":0.30787705569337}},{"type":"Feature","geometry":{"bbox":[37.4725786686051,50.2246395427056,37.6274899997395,50.2631065515492],"type":"Polygon","coordinates":[[[37.6265920545613,50.2534795175234],[37.6264378398782,50.2519095345452],[37.6257699999566,50.2451100001262],[37.6260009316633,50.2444667145041],[37.6263806719918,50.2434088883219],[37.626437018818,50.2432519227686],[37.6264598620774,50.24318828890021],[37.6266092492142,50.2427721394379],[37.6273099998145,50.2408200000057],[37.6265721730475,50.2396587810715],[37.6184838419422,50.2269272062458],[37.6183545986274,50.226723740472],[37.6176129135962,50.225556102898],[37.6175055334787,50.2253870520862],[37.617525276652,50.2256476200177],[37.6174480098595,50.2263025973548],[37.617356705094,50.2266440895115],[37.6172132225836,50.2268329749885],[37.6164440050872,50.227260976968],[37.6130611266953,50.2279726804351],[37.6090289603892,50.2286364109036],[37.6049496343272,50.2290587804464],[37.6040983476448,50.2290201878773],[37.6009018409283,50.2286423018999],[37.5994451876608,50.2282540261643],[37.5964876013688,50.227655592692],[37.5937659593828,50.2273527844833],[37.5913886739846,50.2272483475374],[37.5855197799091,50.2276408117367],[37.5836333869828,50.2274597917867],[37.5812989745798,50.2268865562627],[37.5722542530057,50.2257486185303],[37.5715576382489,50.2257074796133],[37.5659135484717,50.2253695612228],[37.5592130785478,50.2252633572802],[37.5578701205542,50.22536131923891],[37.5559344146103,50.2259550717715],[37.554074795971,50.2261037857579],[37.5518664980508,50.2258807148918],[37.5469849988979,50.2252114954585],[37.5447767009777,50.2252114954585],[37.5418710462923,50.2261037857579],[37.5409660098132,50.2265018506427],[37.539318952333,50.2269903871228],[37.5250182500153,50.2284087912386],[37.5218801427754,50.2295240765877],[37.5212354829814,50.2303763575109],[37.5201367499641,50.2318289173327],[37.5160384146524,50.230851203525],[37.5123632819593,50.2304443034429],[37.50890017592771,50.2295400689266],[37.506355853294,50.229178370319204],[37.5051543673812,50.2284549648739],[37.503034098969,50.2278219763949],[37.5007724788501,50.2275959067985],[37.4972386969652,50.2277767624464],[37.4954718060228,50.2276411209184],[37.4928568075357,50.2275959067985],[37.4898884315789,50.2278671897258],[37.4880508647832,50.228274111798],[37.4868526083139,50.228211336622],[37.4849397806636,50.2279176125244],[37.4836081387477,50.2273990625854],[37.4810606495526,50.2265101073718],[37.4790631862296,50.2261211838244],[37.4778183907404,50.2261026639321],[37.4755893381438,50.22558409425881],[37.4751551069085,50.2249173540292],[37.4745182346097,50.2246395427056],[37.474026106056,50.2246765847687],[37.4732444900122,50.2247136262283],[37.4728102587769,50.22513960180801],[37.4725786686051,50.2258063389307],[37.472694464140105,50.2264360266396],[37.4729839516303,50.227010146862],[37.4740550542661,50.2276768578352],[37.4755314399271,50.228102806949],[37.4772205412575,50.2280943229217],[37.4815334005473,50.2285474326926],[37.4835691437796,50.229219582673],[37.4854898065357,50.2295843404786],[37.4858950886626,50.2303250902706],[37.4862135243629,50.2312695292225],[37.4872556796869,50.2321954313682],[37.4882399367943,50.2331953858823],[37.4897452706653,50.2340286654833],[37.49171378488,50.2343064215395],[37.499110187739305,50.2343214670463],[37.5057593512841,50.2343503996392],[37.5122275851474,50.2343793327892],[37.5141725778747,50.234784390448],[37.5146875865187,50.2355126206854],[37.5145106552386,50.2356742934878],[37.5143254405934,50.2361299404259],[37.5143254405934,50.237021548394104],[37.514015087934,50.2378323513925],[37.5138641763562,50.2380640066131],[37.5136076273925,50.2382956612825],[37.5131096193653,50.2384307921743],[37.5126116113381,50.2384404447356],[37.4982142556857,50.2389474186373],[37.4979768920415,50.2389879020616],[37.4978819473025,50.2390891119084],[37.497826562572,50.2392206841006],[37.4978463425762,50.2393623765594],[37.497903705397,50.2395129240482],[37.4980211502389,50.2396078070613],[37.4982269165413,50.2396620364291],[37.5070693869208,50.23969219874841],[37.5109119853458,50.23978415124581],[37.5125184246021,50.2398225931917],[37.5148959624269,50.2399989067057],[37.5171143852587,50.2403483005972],[37.5205976225358,50.2412393999294],[37.520787851577,50.2412880649113],[37.5219434129175,50.2413717303008],[37.5253669283979,50.2411214978099],[37.5258788414474,50.2409305150269],[37.5267613670437,50.24080508639301],[37.5280105552947,50.2407466274915],[37.5289360967184,50.2409729018975],[37.5293786858791,50.2411641597078],[37.5305856595999,50.241577191504],[37.5356634864564,50.2422229555012],[37.5364629151941,50.2424109755321],[37.5370144789819,50.242844200114],[37.5372406729738,50.2431644293375],[37.5374365973339,50.2439162741474],[37.537344217285,50.245013039838],[37.5369182074312,50.2457638892309],[37.5363080609104,50.2463469463118],[37.5290927027169,50.2517039742823],[37.5288094423482,50.2520713774753],[37.5287059573258,50.25232086033981],[37.5287198910942,50.2525316833502],[37.52879984474771,50.252741300943],[37.5290192034586,50.2529623667738],[37.5293246872491,50.253086078757],[37.5296829829951,50.2531454736975],[37.5301915767696,50.2531080310051],[37.53065989188341,50.2530081720025],[37.5461182890405,50.242968443354],[37.5462405856833,50.2428055779124],[37.5464055918279,50.2427046724012],[37.546707575782,50.2425803606819],[37.5471533395889,50.2424261511929],[37.5489608442637,50.2412701644999],[37.5521389534832,50.2400690796222],[37.5531466530262,50.239811280487906],[37.5549137963952,50.239655387823504],[37.556435404146,50.239827126316],[37.558375165085,50.2402294885073],[37.563322572732005,50.2426685078242],[37.5638838670709,50.2432021073452],[37.5641522423553,50.2435882828018],[37.5645351528384,50.2447636956526],[37.5669759024149,50.2462502263677],[37.5698815571003,50.2466218519454],[37.5730196643401,50.2481083252786],[37.5762739974081,50.2504122676615],[37.5789695190806,50.251472936772906],[37.5808068181784,50.2521958878783],[37.5829389551322,50.2529593346104],[37.5842299905023,50.2532502841309],[37.591964531811,50.2534592454967],[37.5972313839662,50.253261151948],[37.6015543070821,50.2530985600464],[37.6038196031071,50.2530133586678],[37.6054960516667,50.2528722225844],[37.6059309431638,50.2528742673886],[37.6075283435717,50.253042794562],[37.6087503550903,50.2533287786523],[37.6092049780826,50.2535716272231],[37.6092599459948,50.2536874026569],[37.6095977574574,50.2541006039248],[37.6100072472931,50.2543624244444],[37.610279031684,50.2544716536545],[37.6123135981233,50.25494265214451],[37.6141646064106,50.2553532464496],[37.614956350061,50.2554342411082],[37.6159351004956,50.2555343655456],[37.6172610677539,50.25582111292191],[37.6180841554212,50.2563042253008],[37.6229773973514,50.2603298968108],[37.6258337713587,50.2618516067488],[37.6274192115968,50.2631065515492],[37.6274899997395,50.2626199999637],[37.6267241536205,50.25482431179881],[37.6265920545613,50.2534795175234]]]},"properties":{"OBJECTID":2144,"GlobalID":"ef3774ee-d19f-41db-8a25-87d5b8408dca","Shape__Are":48829223.4609375,"Shape__Len":52279.92151810448,"CreationDa":"2026-07-29","Creator":"jthompson_understandingwar","EditDate":"2026-08-20","Editor":"mewert_understandingwar","Area_KM":19.999427080389836}},{"type":"Feature","geometry":{"bbox":[37.1445231004403,50.2033439592886,37.1460412245244,50.2037317679544],"type":"Polygon","coordinates":[[[37.145169181369,50.2037316546843],[37.1459759924617,50.2036724994561],[37.1460128260833,50.2036642813221],[37.1460309190514,50.2036508194028],[37.1460412245244,50.2036211373895],[37.1459161260362,50.20337307569431],[37.1458888486926,50.2033496521657],[37.1458424345385,50.2033439592886],[37.1445772203429,50.2033991372168],[37.1445377834036,50.2034170851948],[37.1445231004403,50.2034424279698],[37.1445403211443,50.2036752760155],[37.1445570414867,50.2036926178652],[37.1445966338345,50.2037039046397],[37.1450825568262,50.20373164835961],[37.1451359401103,50.2037317679544],[37.145169181369,50.2037316546843]]]},"properties":{"OBJECTID":2146,"GlobalID":"bae46599-4fc5-47b4-8ecf-9f9149dadfcd","Shape__Are":9481.953125,"Shape__Len":422.9154843102695,"CreationDa":"2026-07-29","Creator":"eornelas_understandingwar","EditDate":"2026-08-20","Editor":"mewert_understandingwar","Area_KM":0.003889237084833}},{"type":"Feature","geometry":{"bbox":[35.3399859356679,47.5758965159278,35.3702328481897,47.58285575871011],"type":"Polygon","coordinates":[[[35.3645250849268,47.58285575871011],[35.3676403803484,47.5824977713195],[35.3698490034587,47.5814660898348],[35.3702328481897,47.5812634152962],[35.3699296272555,47.5813189060223],[35.3698179055802,47.5813286012598],[35.3696255771762,47.5813452910009],[35.3695015512765,47.5813560539208],[35.3694251720195,47.5813335040195],[35.3693417908891,47.581306924703],[35.3692596574284,47.58127865380101],[35.3692596286823,47.5812786434998],[35.3691657385654,47.5812436563758],[35.3688993710157,47.581168816246105],[35.3688992335735,47.5811687798889],[35.3686715717344,47.5811098477863],[35.368671388478,47.5811098035516],[35.3684551981251,47.5810580052964],[35.3684548522738,47.58105792652211],[35.3683092668072,47.58102527824],[35.3683088922098,47.5810251976479],[35.368190650113,47.58099998170031],[35.3681906056464,47.580999972308],[35.3680993332203,47.5809812949202],[35.3676938498707,47.5809064259354],[35.3674714836002,47.5808708695684],[35.3674698881923,47.5808706314271],[35.3673487544186,47.58085287959371],[35.3672586547431,47.5808404056481],[35.3672154960836,47.5808346490474],[35.3671625089566,47.5808254754484],[35.3670702474853,47.5808067192237],[35.3669814337481,47.5807851822485],[35.3669103707209,47.5807653564921],[35.3669102817877,47.580765329224],[35.3668239563839,47.5807379513921],[35.366753408091306,47.5807127119767],[35.36669247626391,47.5806886868923],[35.3666300828776,47.5806617883347],[35.3665928027933,47.580644530591],[35.3663582248248,47.5805114149024],[35.3663347419649,47.580494303146],[35.3663093169475,47.5804771495725],[35.3663009680052,47.5804696932079],[35.3662626629432,47.5804417819743],[35.3662116709744,47.5804154995541],[35.366189457434,47.580406779142],[35.3661777451994,47.5804027373689],[35.366165834437005,47.5803989919115],[35.3661481600838,47.5803940739152],[35.3661261819021,47.5803889601923],[35.3661158494797,47.5803869199143],[35.3660939916722,47.5803833386718],[35.3660938739929,47.58038332352271],[35.3660714583316,47.580380648195],[35.3660507943851,47.5803790490579],[35.3660040146167,47.580378420068],[35.3659537691479,47.5803823661008],[35.3659194490125,47.5803817395348],[35.3657826436795,47.5803766470194],[35.3656591419468,47.5803684713619],[35.3655393852905,47.5803572622498],[35.3654340488403,47.580344689717],[35.3653196780333,47.5803281044886],[35.3653195594556,47.5803280844919],[35.3652000287256,47.5803074053649],[35.365075205252,47.5802820433661],[35.3649520973004,47.5802531164067],[35.3647626390138,47.5802005350025],[35.3644381082444,47.58016886118461],[35.364437896242,47.5801688399758],[35.3640187189742,47.5801260696867],[35.3640185608707,47.5801260533256],[35.3634873491727,47.5800688301922],[35.3629569408511,47.5800083109301],[35.3629538245953,47.5800079437137],[35.3627993637738,47.579989679848],[35.3622869072436,47.5798731993795],[35.3622867509367,47.5798731666571],[35.3619163000866,47.5797965224135],[35.3618488896094,47.5797832456087],[35.3613502707277,47.5796952138241],[35.3609962294029,47.5796327084645],[35.3609961045371,47.5796326896793],[35.3604890630514,47.5795581290241],[35.35997434097,47.5794935644029],[35.3596488786476,47.5794584361059],[35.3596462762283,47.5794581761431],[35.3595053754759,47.5794443344847],[35.3594702359498,47.5794468209074],[35.3594349250998,47.579447651586705],[35.359380217699,47.57944565490221],[35.3593427264946,47.5794419500665],[35.3593057500569,47.5794363671367],[35.3592914371994,47.5794336723694],[35.3592462788901,47.57942310054211],[35.3592119362968,47.5794128038252],[35.3591880563816,47.5794043771437],[35.3591879315158,47.5794043286657],[35.3591643920621,47.5793949057605],[35.3591191304465,47.5793732239825],[35.3590982877353,47.5793614026225],[35.3590746791113,47.5793463265669],[35.3590445559048,47.5793239139624],[35.3590260568982,47.5793079210548],[35.3590060460269,47.5792880995868],[35.358977440075,47.5792531456732],[35.3589669630239,47.5792373502924],[35.3589490685834,47.5792035422472],[35.3589428064276,47.579188101954],[35.3589383992928,47.57917505769021],[35.358961042227804,47.579062788172],[35.359012958563,47.5788403966165],[35.3590717739596,47.5786187864413],[35.3590854139789,47.5785729607258],[35.3591374668581,47.57839805825],[35.3581067524775,47.577664311076],[35.3544302247007,47.5758965159278],[35.3547964480791,47.5761693741466],[35.3553293772146,47.5768857814788],[35.3557869718339,47.5784779647418],[35.355915294375606,47.5790328607028],[35.3558648063616,47.5792464853872],[35.3557747610342,47.579442130556906],[35.3557209726099,47.5795212949559],[35.3554473628424,47.5797936682946],[35.3551382471632,47.5800797277948],[35.3548370905575,47.5802451522116],[35.3542951647943,47.5803979914665],[35.353577495324,47.5804917781025],[35.3525838562118,47.5805233069003],[35.349423801332904,47.5806162728413],[35.3467632753289,47.5801336775918],[35.3447727748477,47.5797021540117],[35.3431507210751,47.5787188566675],[35.3413574762572,47.5782513166673],[35.3405454971567,47.5784726793379],[35.3399859356679,47.5793811707369],[35.3408942330315,47.5804771513904],[35.3421076845038,47.5814172029219],[35.3449177925789,47.5825966131672],[35.3470994832987,47.5826849993937],[35.3489330391167,47.5826058216003],[35.3505092743182,47.5824227621076],[35.3526429276282,47.582311605396],[35.3538963909616,47.5822593120636],[35.3552760298632,47.5823209368851],[35.3575431710278,47.5824699084304],[35.358899798685,47.5826854156721],[35.3607117599019,47.5828344655577],[35.3619113153351,47.58285575871011],[35.3630224837308,47.5828515002015],[35.3645250849268,47.58285575871011]]]},"properties":{"OBJECTID":2154,"GlobalID":"6ed0fad8-5b70-4b17-9a3f-3d7ec7fab261","Shape__Are":1445392.238038063,"Shape__Len":8476.409449840312,"CreationDa":"2026-07-30","Creator":"acifolelli_understandingwar","EditDate":"2026-08-21","Editor":"nkramer_understandingwar","Area_KM":0.340828974918995}},{"type":"Feature","geometry":{"bbox":[36.18481833410791,50.3234316907456,36.2430304877372,50.3815074192741],"type":"Polygon","coordinates":[[[36.2058231939338,50.3447631245593],[36.204833815531,50.34453762869911],[36.2040093345767,50.3440715994202],[36.2031612953041,50.3432898630258],[36.20101423913,50.3404565009499],[36.199942884966,50.3392492143322],[36.1996080864529,50.3382769522853],[36.1996248265582,50.3378709472309],[36.1997085261865,50.3375931522091],[36.1997589683863,50.3375094436818],[36.1999831941694,50.3372353923436],[36.1999971647687,50.3371622749861],[36.2000167228891,50.3370748904138],[36.2000278997278,50.3369215212307],[36.1999384895093,50.3366183489063],[36.1996750468741,50.3362575760553],[36.1992161604775,50.3355162334283],[36.1990846417301,50.3353873795799],[36.1981731373809,50.3342289951742],[36.1936406391059,50.3283011189762],[36.1933060858328,50.3279638941873],[36.1929187080278,50.3278290034869],[36.192548938999,50.327705353772],[36.1918446157988,50.3275592215111],[36.1914396301159,50.3274018479367],[36.1910874689649,50.3272444738413],[36.1893970938234,50.3253784267375],[36.1889040678528,50.3250524232042],[36.1885342979257,50.3249062827853],[36.185919146725,50.323656714993],[36.1855039283327,50.3234532681686],[36.1853590839763,50.3234316907456],[36.1850983650331,50.3234471032735],[36.1849824904463,50.3234840937791],[36.1848569589702,50.3235457443665],[36.18481833410791,50.3237430253648],[36.1848666158595,50.3238293355799],[36.1854252017779,50.3244458591859],[36.1935715164397,50.3333559179893],[36.1963029338926,50.3362193575692],[36.1964657328766,50.3365310923426],[36.1964295559235,50.3368774623598],[36.196393378072,50.3371891928147],[36.1962582445039,50.338030823233304],[36.1963074820629,50.33857554615],[36.1958157361915,50.34048332116641],[36.1953397359905,50.3412289927983],[36.1953397359905,50.3417537180737],[36.1956426452093,50.3426926851042],[36.1972004631509,50.3442944093814],[36.203360726687,50.3527020763951],[36.2068037535754,50.3586461409427],[36.2122358319625,50.366643173917],[36.2136987384027,50.3692002868006],[36.2139524424018,50.370260051356],[36.2140147010409,50.3708974951072],[36.214715165977,50.3718738929297],[36.2150210881453,50.3735057434537],[36.2155517652045,50.3763363802668],[36.2160637968316,50.3795384817895],[36.216168259221,50.380191718012],[36.2169441062841,50.3809797770461],[36.2170431006284,50.3812044588305],[36.2170356212554,50.3813332359155],[36.2168961856553,50.3815074192741],[36.217204889906,50.3812446620742],[36.2308500026278,50.3718000032809],[36.2334200018073,50.3637300024126],[36.2409995927126,50.3589418249079],[36.2420354328802,50.3582874266704],[36.2424626150354,50.3581136423341],[36.2430304877372,50.357931202741],[36.2422607644894,50.358056393412],[36.2418772979491,50.3581187585186],[36.241846283614,50.3581191270306],[36.2411265821544,50.358127787348],[36.2390333153029,50.3581310242923],[36.23726170281541,50.3580387271617],[36.2297848567207,50.3572383626134],[36.2259182121921,50.3571005587267],[36.2224882935204,50.3566727940421],[36.2215483709672,50.3563542146877],[36.2201942882372,50.3555791822283],[36.2189764601728,50.3544321687649],[36.21730118930451,50.3520231302413],[36.215358993931,50.3498404030909],[36.2147024620023,50.3491025398116],[36.2126717511322,50.34742071003231],[36.2113207271657,50.3464480402739],[36.2109866931189,50.34620754969931],[36.2107888113298,50.3461235702967],[36.209410311492,50.345538540531],[36.2078435607033,50.345181821944],[36.20727701301651,50.3450528297841],[36.2072260309292,50.3450538467672],[36.2058231939338,50.3447631245593]]]},"properties":{"OBJECTID":2158,"GlobalID":"8dd0e9b6-366c-4dae-8063-fe83c2f2d310","Shape__Are":13471938.65625,"Shape__Len":26016.12493415475,"CreationDa":"2026-07-31","Creator":"jthompson_understandingwar","EditDate":"2026-08-20","Editor":"mewert_understandingwar","Area_KM":5.490155648065127}},{"type":"Feature","geometry":{"bbox":[37.013481426641306,50.2292090196941,37.2234209334919,50.3779302149117],"type":"Polygon","coordinates":[[[37.1217793465661,50.3061961554511],[37.1215226143461,50.3062204527663],[37.1211178882763,50.3062084185713],[37.1208246197771,50.3062084185713],[37.1205245303699,50.3061953504936],[37.1200948580847,50.3061082314137],[37.1195287811151,50.3059557720661],[37.1189695241552,50.3057858887419],[37.1183557053216,50.305629072474],[37.1174349779695,50.305533239992],[37.116192335742,50.3055429977257],[37.1156379898717,50.305646147755],[37.1148959509043,50.3058886899819],[37.114520567405,50.3061089285093],[37.1141102636956,50.30645740444],[37.1138396381314,50.3066358231144],[37.113560281841,50.30672782025971],[37.1133529183341,50.3067687555701],[37.1130801395081,50.3068226049938],[37.1127571349764,50.3068839358205],[37.1122513619118,50.3069624687447],[37.1106577317332,50.3070739037932],[37.106862589508,50.3072784557256],[37.1064200210085,50.3073023095708],[37.1044952233071,50.3072581434875],[37.1030370177508,50.3072246819764],[37.1023617828978,50.3072078878151],[37.1021266318042,50.3071604301638],[37.0994029578291,50.3066107508952],[37.0902325197259,50.3050137271448],[37.0863385664127,50.3047028424653],[37.0826963309235,50.3047391917522],[37.076674544485,50.3039316346723],[37.074515971909,50.3027980132913],[37.0741361974446,50.301943181303],[37.0741082409746,50.3015111671663],[37.0740940332201,50.3012916113993],[37.0745519395547,50.3006722202724],[37.0749766019356,50.3004373594281],[37.0750961362589,50.3003111785259],[37.076746313588,50.29815985969971],[37.0800212827547,50.2938900280517],[37.082204194285,50.2922630226227],[37.08447806023781,50.2901710760101],[37.0848590626993,50.28975061681881],[37.0861284414846,50.2883497563223],[37.0855382779873,50.2877779291378],[37.0841309925345,50.2872257793521],[37.0823706673785,50.2869840373548],[37.0808126203666,50.286934811204],[37.0794473024073,50.2868738099432],[37.077966747665,50.2869911396824],[37.0764884135582,50.28708818214461],[37.0749761069638,50.2872040925034],[37.0740627305257,50.2875691435737],[37.0737454141263,50.2878465841646],[37.0732906402171,50.2889507314899],[37.0731196773438,50.2893645032761],[37.0723614408535,50.2911995720069],[37.0722537481223,50.2913751370009],[37.07198409812851,50.2918147321916],[37.0714898315844,50.2926204972319],[37.0704626520745,50.2942949890938],[37.0697671117029,50.2954288131253],[37.068352047738,50.296531968492204],[37.0665292528388,50.2971907841634],[37.0647540425986,50.2973205845636],[37.0619974768093,50.2973930837916],[37.061045518628006,50.2974696290934],[37.0588504906211,50.2976461281224],[37.05802159893881,50.2978618485236],[37.056901059318,50.2984991970531],[37.0565787132513,50.2990580962066],[37.054537183072,50.3007837767876],[37.0530021976101,50.3013818665027],[37.0482927195459,50.3020232004703],[37.0474659784304,50.3021819668855],[37.0466139263834,50.3027064417496],[37.0452052350673,50.3037849892364],[37.0442473929208,50.304500141881604],[37.043020961691,50.3049570482079],[37.0414933109733,50.3052631776956],[37.0381963196074,50.3056458534229],[37.0332639785045,50.305712173915],[37.0287989122662,50.3059442960563],[37.0237627322046,50.3061100977938],[37.0188433708592,50.3066717446392],[37.0160851530681,50.3073452983268],[37.0138120084625,50.3080433195797],[37.0141293580995,50.308333262507],[37.0135034650102,50.309515554352],[37.013481426641306,50.3106527778533],[37.0136543361638,50.3111544714023],[37.0152586760573,50.313403823915],[37.0163119974403,50.3153215726622],[37.0165309042986,50.3155151219299],[37.0179781036961,50.3161484331083],[37.0188428462431,50.31636105409],[37.0197390316217,50.3165814064496],[37.0229744461698,50.3169275719978],[37.0232896829693,50.3170930170882],[37.0233933234002,50.3173191239118],[37.0231142626555,50.3192525197994],[37.0229702860717,50.3212014240982],[37.0228343026973,50.3230420141742],[37.0227213808728,50.3245704252615],[37.0203027011063,50.3296903116621],[37.019592311583,50.3325623355211],[37.02148431359,50.3359078925332],[37.0238224297469,50.3418545794353],[37.0247581625575,50.3442342814024],[37.0250760341157,50.3448059682275],[37.025508077055,50.34558297545621],[37.0261584519308,50.3467526208242],[37.0269924343658,50.3475030877969],[37.027471415177,50.3479340982219],[37.0284115075117,50.348754377034005],[37.0300841238584,50.3486549261346],[37.0377460741056,50.3486494030849],[37.0415002100347,50.3465940399192],[37.0448217954765,50.3449678537121],[37.0595900466451,50.3471040629172],[37.062861042563306,50.3469823103681],[37.0628563847985,50.3469265115264],[37.0628587374862,50.3468706535745],[37.0628680862534,50.3468150965131],[37.0628843718112,50.3467601946122],[37.0629074890567,50.3467062998503],[37.062937289768,50.346653758475],[37.0629735826038,50.3466029058437],[37.0630161357988,50.3465540698623],[37.0630646753668,50.34650756468031],[37.0631188904909,50.3464636861036],[37.0631784344211,50.3464227150343],[37.0632429235771,50.346384916897],[37.0633119456319,50.3463505341865],[37.0633850577163,50.3463197847475],[37.0634617909095,50.3462928663604],[37.0635416529349,50.34626995330171],[37.063624132651,50.3462511906112],[37.0637087000519,50.3462367009707],[37.063794812555,50.3462265738123],[37.0638819194932,50.346220878503],[37.0639694612159,50.3462196465734],[37.0640568762762,50.3462228900622],[37.0641436041253,50.3462305877582],[37.0642290896044,50.3462426874927],[37.0643127829445,50.3462591147389],[37.0643941487496,50.346279761147],[37.0644726650987,50.346304496009],[37.0645478280369,50.34633316224641],[37.0646191551688,50.3463655741175],[37.0646861901502,50.3464015229496],[37.0647485026882,50.3464407800063],[37.0648056930325,50.3464830924744],[37.0648573946703,50.3465281903432],[37.0649032761235,50.3465757823925],[37.0649430427444,50.34662556593751],[37.0649764394118,50.3466772188039],[37.0650032532247,50.3467304119396],[37.0650233108084,50.3467848031089],[37.0650364837037,50.3468400454916],[37.0650426883673,50.3468957813775],[37.0704718059073,50.3466925028365],[37.0740940709493,50.3469582585978],[37.0776342389575,50.3474374739376],[37.0792269187186,50.3475279355235],[37.0817330656477,50.3478576605178],[37.0891390113103,50.34909333271321],[37.0918174299581,50.3494774813541],[37.0943314649937,50.3498316558529],[37.0965395464199,50.3501322910796],[37.1004633058343,50.350847249289],[37.1033965612568,50.3513364012767],[37.1054743258814,50.35161290820731],[37.1056102885946,50.3517009424],[37.1056864792054,50.3519510828612],[37.1057460375087,50.3523032178638],[37.1058929434987,50.3528408170114],[37.1059206304741,50.3531612271586],[37.1058834680691,50.3533125246231],[37.1057628099534,50.35353105149861],[37.1051234987286,50.3542714291932],[37.1047198470439,50.3547677877054],[37.1042093236882,50.3557071565513],[37.1033160443595,50.3573206568638],[37.1066099311478,50.3576505711889],[37.1089288422222,50.3578720651802],[37.1115133303289,50.3581305337073],[37.1137141677407,50.3584061070186],[37.1170570594244,50.3587839884836],[37.119562794026706,50.359034356974],[37.1205725120842,50.3591556516608],[37.1218131861029,50.3592365992409],[37.1229573999247,50.3593638123723],[37.1234641207118,50.3594136656095],[37.1237439162784,50.359421583529],[37.1239093185801,50.3594621324719],[37.1240468955658,50.3595036688258],[37.1243628626957,50.359542440527],[37.1259810447294,50.3596634972273],[37.1274347569126,50.3598189483796],[37.1280398010026,50.3598438618711],[37.1286828761684,50.3599209851828],[37.129801152933,50.3600704782223],[37.1309290183149,50.3602017649235],[37.1315819929152,50.3602642360981],[37.1321518041813,50.3603332340763],[37.1349770722252,50.3606611732518],[37.1362830447819,50.3607860644516],[37.1383999930209,50.3609284623342],[37.1385563636607,50.3609129118171],[37.1418621621096,50.35934741716831],[37.1434056150915,50.3586037407382],[37.1481189011141,50.3562606744093],[37.148877322657306,50.3558050503565],[37.1508831277361,50.3560190379626],[37.1517694936303,50.3561337578708],[37.1525102560917,50.3562429656518],[37.1530170020316,50.3563569691735],[37.1535256182641,50.35649232965981],[37.1562694953499,50.3573583184899],[37.15703013393531,50.3575667747895],[37.1591406089144,50.358337529195],[37.1608048583524,50.358779791059],[37.162015558285,50.3590829852653],[37.1652935646557,50.3597129713343],[37.1717737083831,50.3611229966659],[37.1746855641389,50.36181825002231],[37.1988401266584,50.369827339616],[37.2081152822726,50.3727579030329],[37.2101478328923,50.3733460613553],[37.2128002021934,50.3739545511324],[37.2145704169024,50.374437875659304],[37.2234209334919,50.3779302149117],[37.2087109946633,50.3700625509701],[37.1880383488975,50.3563456629424],[37.1773411440189,50.3469059857818],[37.1689893586004,50.3373663563196],[37.1722945677545,50.3343551881465],[37.1734278023669,50.332863253818],[37.1746318646478,50.3313260594539],[37.1750539713217,50.3298524568295],[37.1750174188728,50.3292341063486],[37.1750110282579,50.329218052846],[37.1747808915602,50.3286399361902],[37.1740408791921,50.3278317458641],[37.173567585615,50.3273272788646],[37.1728526254635,50.3268120174176],[37.1722543726371,50.3262746013273],[37.1715711257101,50.3258610639704],[37.1713648635377,50.3257173473746],[37.1709600404499,50.32546019983091],[37.170563197995,50.3252370273848],[37.1701170461159,50.3250901001014],[37.1698425847455,50.325097260973905],[37.1698269495679,50.325088159336204],[37.1686030560788,50.3252328573905],[37.1675604794448,50.3258984632249],[37.1669258682056,50.3266798148503],[37.1659739513468,50.32722964750081],[37.1641364716877,50.3275495692282],[37.1639794578541,50.3275769065574],[37.1621161022232,50.32738878625711],[37.1601267219411,50.3242853507543],[37.1592589323086,50.3229315342083],[37.1591246215972,50.322721996145],[37.159054575463,50.3226127158589],[37.1590542583577,50.3226122214656],[37.1590355226449,50.322582991745],[37.1584485270565,50.3213069164121],[37.1594103083155,50.3165984147004],[37.1597901133227,50.311393248027805],[37.164064851705,50.30709024360811],[37.1650560995019,50.3032475595096],[37.1612233573922,50.3000394598132],[37.1552651402348,50.2953998016908],[37.1477928890227,50.2906920509185],[37.1470411491486,50.2871347081815],[37.1490488164349,50.2844295235412],[37.1608817810902,50.2753572707426],[37.1744630110188,50.2624711483417],[37.1821138751571,50.2568555862486],[37.1850201532733,50.25114882296201],[37.1880058352741,50.2447152031168],[37.1919867446085,50.2361356914469],[37.1930176943477,50.2319240914644],[37.1888633589595,50.2299134074022],[37.1839956884722,50.2292090196941],[37.18026752104121,50.2302588468738],[37.1770846273946,50.2332794952906],[37.1744205386722,50.2385126826034],[37.171998640242,50.24326962710621],[37.1701140574209,50.246590742707],[37.1654740451794,50.250761280211],[37.1577702442198,50.2568615593342],[37.1521442599871,50.2613518608745],[37.1453033474517,50.2665168350775],[37.1411781623944,50.2711948575451],[37.1356263053423,50.2784825190775],[37.1291017102797,50.2859686358085],[37.1248044843708,50.292216593425],[37.1237960230565,50.2944799950692],[37.1280641875676,50.2989227688468],[37.1308844897246,50.3026930955728],[37.1297366898282,50.3057668622033],[37.1217793465661,50.3061961554511]]]},"properties":{"OBJECTID":2159,"GlobalID":"27b5268f-1a7b-471e-9d63-cd42adec75d7","Shape__Are":179682122.46875,"Shape__Len":100706.2209844849,"CreationDa":"2026-07-31","Creator":"lhiguchi_understandingwar","EditDate":"2026-08-20","Editor":"mewert_understandingwar","Area_KM":73.34492202674072}},{"type":"Feature","geometry":{"bbox":[37.6368209245632,49.6590271494197,37.6374224625286,49.6594683473222],"type":"Polygon","coordinates":[[[37.636918794216804,49.6590403345968],[37.636861947029,49.6590516920824],[37.6368406713298,49.6590623575678],[37.6368209245632,49.6590967283159],[37.6368453084333,49.6594075700574],[37.6368636017257,49.659440613565],[37.6368879900874,49.6594557146917],[37.6369528331795,49.6594683473222],[37.6373485168077,49.6594521948369],[37.6373899273456,49.659440037292505],[37.637405536472,49.65942466169],[37.6374224625286,49.65938693064691],[37.6374086751856,49.659064363779],[37.6373959083288,49.6590418081451],[37.6373863646272,49.6590335710445],[37.637340967366,49.6590271494197],[37.636918794216804,49.6590403345968]]]},"properties":{"OBJECTID":2161,"GlobalID":"e3cb9b85-ccda-43bb-b0df-54fcc00936f1","Shape__Are":4667.830078125,"Shape__Len":259.5131821019564,"CreationDa":"2026-08-01","Creator":"jthompson_understandingwar","EditDate":"2026-08-20","Editor":"mewert_understandingwar","Area_KM":0.001958110346423}},{"type":"Feature","geometry":{"bbox":[37.0098669383147,48.3487892085405,37.0656769833996,48.3676168349104],"type":"Polygon","coordinates":[[[37.0325681713332,48.3635312942259],[37.0342355505017,48.3629659720028],[37.036029887671,48.3630999232763],[37.0395407607195,48.3632137109451],[37.0413390127469,48.3632137109451],[37.0432228957803,48.3631852640518],[37.0445211877413,48.3629128613543],[37.045706196755106,48.3623602966364],[37.0464768758104,48.3615637636747],[37.0483179433408,48.3602835956821],[37.0512293993463,48.3591171923372],[37.0549971654133,48.3579223124527],[37.0587649323785,48.3569834584689],[37.0615051254734,48.3564713493291],[37.0656769833996,48.3561840531767],[37.0650229200412,48.3559874370502],[37.0645090145284,48.3557908207619],[37.0637150017336,48.3554904723337],[37.0622647516575,48.354871741863505],[37.0619236451744,48.3547726717503],[37.0614947211858,48.354727010202],[37.0610362552008,48.3546872721098],[37.0523145408533,48.3543326627803],[37.0513815173616,48.354251884596],[37.0505441437863,48.3541482221164],[37.0501571172226,48.3541003100926],[37.0494758016735,48.35356266569801],[37.0490256477998,48.3532069274441],[37.0485633271438,48.3525924656413],[37.0483383252163,48.3523440524004],[37.0486079823966,48.352405489901],[37.0492943599524,48.3524244951259],[37.0497233468231,48.35231996510711],[37.0500808358819,48.3521679216035],[37.0501548965872,48.351934422994205],[37.0502667287553,48.3517117865794],[37.0502810290362,48.3513981908968],[37.0504445799101,48.351030546706205],[37.0506814153449,48.35063795329841],[37.0512265858229,48.350177647078],[37.0525671677725,48.3494203613843],[37.0537111040148,48.3487892085405],[37.0522312903827,48.3489262657422],[37.048129205503,48.3499236514398],[37.047094911336,48.3502235944865],[37.0462949391176,48.3504555833722],[37.0460233272033,48.3505735752607],[37.0453393185049,48.3508707235498],[37.0452776491606,48.3509161043865],[37.0447111922037,48.3513329416238],[37.04418062563731,48.351701934004],[37.043353927641,48.3521283218047],[37.0425765866795,48.3525219072393],[37.0411082750762,48.3532762712724],[37.03807797285701,48.3546945423163],[37.037410852486,48.3549303468052],[37.0368005074375,48.3552133108706],[37.0355230420181,48.3558641217199],[37.0337771734499,48.3567129930468],[37.0325990652941,48.3572883310736],[37.0311938540514,48.3580711572738],[37.0303714859346,48.3586099329715],[37.0295287125862,48.3589488756434],[37.0275548524973,48.359228869933],[37.0263350508342,48.3594351801846],[37.0257584168634,48.3597446448906],[37.0253592091444,48.3605256653948],[37.0252483175125,48.3612624668336],[37.0241216423983,48.3617600938701],[37.0208211161618,48.3623053655398],[37.0159862916745,48.3632180900058],[37.0121327050569,48.36390558592371],[37.0102059112989,48.3642967431803],[37.0100096644437,48.3644271284639],[37.0098669383147,48.364593072562],[37.0101702302158,48.3655294616946],[37.0108124951013,48.3667740029125],[37.0112763527746,48.3674733032096],[37.0116077179268,48.3676168349104],[37.0126020963524,48.3675299122934],[37.0142245040612,48.3672865271023],[37.0189347178455,48.3664520545036],[37.023618764604,48.3653741744987],[37.0274131037353,48.3645222854818],[37.0325681713332,48.3635312942259]]]},"properties":{"OBJECTID":2163,"GlobalID":"01cc7676-baef-4864-a75b-4d91c00d018c","Shape__Are":5634307.427734375,"Shape__Len":15888.409707137096,"CreationDa":"2026-08-03","Creator":"mdorazio_understandingwar","EditDate":"2026-08-20","Editor":"mewert_understandingwar","Area_KM":2.48951101538488}},{"type":"Feature","geometry":{"bbox":[34.31770800042901,51.8234970017246,34.3506878880824,51.8414861257236],"type":"Polygon","coordinates":[[[34.3484144434394,51.8407594344928],[34.3486437123646,51.84075549438171],[34.3488730693246,51.8407556730993],[34.3491023211817,51.84075997564061],[34.3493312721032,51.8407683953442],[34.3495597325446,51.8407809272127],[34.3497875048765,51.840797559032],[34.3500143977577,51.8408182752571],[34.3502402189487,51.8408430592315],[34.3504647798035,51.8408718931879],[34.3506878880824,51.840904748812406],[34.3446249749735,51.839111121997],[34.344557147678,51.8391122348596],[34.3376523981636,51.8370722887926],[34.3368899422864,51.8368614670534],[34.3365688556578,51.836757474857],[34.3348685577257,51.836206783857506],[34.3336595169814,51.8358151957743],[34.3315692972154,51.8351198734663],[34.3304396747287,51.8345241943466],[34.3299022638982,51.8337818809925],[34.3298390395702,51.833195835432],[34.3299971008394,51.83251210587981],[34.3301867756201,51.8316525453974],[34.3305028999551,51.8310469360902],[34.3308190233917,51.8304217823316],[34.3314512720618,51.8296598652711],[34.3317643250568,51.8290369662266],[34.3318938459511,51.8284095105691],[34.3320519072203,51.8277257083505],[34.3320519072203,51.826963745126],[34.3319629371763,51.82604196359],[34.3316392265687,51.8251936587586],[34.3315485874548,51.8248655370127],[34.3314579483409,51.8243533415295],[34.3313932058601,51.8239451816798],[34.3311989793159,51.8236410602916],[34.3309918044552,51.8235130080697],[34.3308364228605,51.8234970017246],[34.3305904030503,51.8235130080697],[34.3305256605694,51.823537018132],[34.3303702789747,51.8235930408205],[34.3302666915444,51.8236330565873],[34.3302148982783,51.8237691115942],[34.3302148982783,51.8240252131075],[34.3301568895689,51.8244436161251],[34.3300983625315,51.824793510022204],[34.3299559292533,51.8251936587586],[34.3298652901395,51.8255858016934],[34.3297487543926,51.8260099526913],[34.3297617027091,51.827370408597],[34.3298134959751,51.8275784749688],[34.3298134959751,51.8280906337813],[34.329606321114404,51.8285387674792],[34.3292826105068,51.82890687466101],[34.3286092917604,51.8292989852704],[34.3280266112294,51.8294270204898],[34.3270813751413,51.8295950663711],[34.3262656231167,51.829747106946],[34.3253592328765,51.829971166389406],[34.3248671914594,51.8300911976963],[34.3237536263585,51.8304032780411],[34.322471730448,51.8307073537761],[34.3217854624867,51.8307793713104],[34.3207754848161,51.8308033774996],[34.3201151143862,51.8308033774996],[34.3193900014753,51.8307713694295],[34.3187579333667,51.8307784464365],[34.318526987287,51.830781031753304],[34.3185226951365,51.8307796039167],[34.3183580222668,51.8307827255048],[34.3182840585796,51.830792675947],[34.3181815635006,51.8308064641119],[34.3181249804175,51.8308247611673],[34.3180343709481,51.8308910222155],[34.3179746886772,51.8309547295027],[34.3179327346585,51.8310298498927],[34.3177496957329,51.8312937836788],[34.31770800042901,51.831396850863804],[34.3178265187576,51.8322757446756],[34.3185255975932,51.8333176311825],[34.3200471226989,51.8341307942009],[34.3214452803701,51.834283260771],[34.3231726247788,51.8342642001882],[34.3240385953228,51.8343550688645],[34.3421993368568,51.8404330468208],[34.3445938591287,51.8414861257236],[34.3447811372042,51.8414165979044],[34.3449714632635,51.8413503018366],[34.3451646890844,51.841287288041],[34.3453606691401,51.8412276087031],[34.3455592462252,51.8411713060175],[34.3457602730161,51.8411184232883],[34.3459635967992,51.8410690032642],[34.3461690513862,51.841023080367805],[34.3463868631982,51.8409786798462],[34.3466066647785,51.8409382093859],[34.3468282863456,51.840901707294],[34.3470515284735,51.84086920521631],[34.3472762034143,51.8408407253625],[34.3475021279116,51.8408162938262],[34.3477291079294,51.8407959361451],[34.3479569458383,51.84077966287],[34.3481854565853,51.8407674939865],[34.3484144434394,51.8407594344928]]]},"properties":{"OBJECTID":2164,"GlobalID":"4eca7c71-a144-4615-8d0c-2a40ffed2a73","Shape__Are":2025348.150390625,"Shape__Len":11444.452753778536,"CreationDa":"2026-08-03","Creator":"lhiguchi_understandingwar","EditDate":"2026-08-20","Editor":"mewert_understandingwar","Area_KM":0.774595440035164}},{"type":"Feature","geometry":{"bbox":[37.1839273697982,48.404522013856,37.1851058121272,48.4063592671713],"type":"Polygon","coordinates":[[[37.1839273697982,48.4061577662982],[37.1848022740877,48.4063592671713],[37.1850701013997,48.405482135161805],[37.1851058121272,48.404593134751],[37.1847487084456,48.404522013856],[37.184105922537306,48.404522013856],[37.1840523568952,48.4051383902505],[37.1839273697982,48.4061577662982]]]},"properties":{"OBJECTID":2170,"GlobalID":"1c87f085-6145-4e60-90db-218cc29c3c23","Shape__Are":32523.87890625,"Shape__Len":790.3773300583772,"CreationDa":"2026-08-04","Creator":"mdorazio_understandingwar","EditDate":"2026-08-20","Editor":"mewert_understandingwar","Area_KM":0.014344683706871}},{"type":"Feature","geometry":{"bbox":[37.7536502516408,48.6182136712595,37.8925592458323,48.7897530556562],"type":"Polygon","coordinates":[[[37.8293696682491,48.7821538302352],[37.8320907236352,48.7821872773295],[37.8323022553251,48.7822685793769],[37.8327041481084,48.7825618878797],[37.8341319717435,48.784047026419806],[37.8396330317613,48.78961882450051],[37.8397311987572,48.7896871604818],[37.8398590011744,48.7897274293379],[37.8400238483172,48.7897518352993],[37.8402664886653,48.7897530556562],[37.8406369305323,48.7897323107679],[37.867393023996,48.7847246206954],[37.8692215321805,48.7844632042567],[37.8708257903272,48.7844632042567],[37.8728190270769,48.7845310015336],[37.8725476280632,48.7845086847846],[37.8687906166269,48.7841094149012],[37.8674348962681,48.7837033710628],[37.8661079390664,48.7827940405439],[37.865894343048,48.7826476642016],[37.8652781131361,48.7817949654127],[37.8656510900488,48.78032033114901],[37.8657094733558,48.780089514903],[37.8658372308572,48.7799320719109],[37.8660510900819,48.779486028009],[37.8660511574556,48.7794858794289],[37.8662495396063,48.7790140760533],[37.8671149810426,48.7769557828803],[37.8681514841669,48.7758789922605],[37.869511829951,48.7751916886997],[37.8709402321012,48.7744699910966],[37.8736428082436,48.7724139916408],[37.8760529441334,48.7704265449128],[37.8760968286316,48.7703125034468],[37.8782652997438,48.7646770405383],[37.8784377178878,48.764228894618],[37.8804208692518,48.7590744260383],[37.8823910273835,48.7536215225363],[37.8842557529452,48.7484592058724],[37.8846914448411,48.747253034699],[37.8862367582339,48.7429747603176],[37.8865716744263,48.7415964238066],[37.8866755609957,48.7406372813972],[37.8869872207037,48.7394726001569],[37.8872988804117,48.7382393775861],[37.8874051367368,48.7380116156576],[37.8876768384827,48.7374292000032],[37.88794954724,48.73678321301491],[37.8895534343826,48.734464582784604],[37.8916949227985,48.7312865399249],[37.8919919498489,48.7303069504026],[37.8925592458323,48.7284359627413],[37.8924972836373,48.7283295753807],[37.8924498552852,48.7282481433303],[37.8911164751292,48.725958759332],[37.891116449078,48.725958730888],[37.8908970256884,48.7257702906758],[37.8898204882452,48.7248457733764],[37.88833170224,48.7239391903526],[37.886499339384706,48.7235614442818],[37.8858276403007,48.7235372757804],[37.8856407080766,48.7235305508156],[37.8833499735593,48.7234481213296],[37.88071595683941,48.724354710835],[37.8781964627418,48.7260922931652],[37.8766504100356,48.7269988385614],[37.8750026770223,48.7278753816586],[37.8748753093898,48.7279431344656],[37.871668674168404,48.7291140396994],[37.8689201384195,48.7299072157066],[37.8653126803082,48.7299827546668],[37.8634922884025,48.7297576158305],[37.8634803201479,48.729756135668],[37.8622778424951,48.7288874120451],[37.8622778191389,48.7288873889356],[37.8614189219295,48.7279809036574],[37.8597010798998,48.7271499203661],[37.8597010601369,48.7271498972559],[37.8588585481982,48.726383199217],[37.8588585293336,48.7263831772916],[37.8584181958426,48.725853255608],[37.8582680833162,48.7254472659813],[37.8581348681003,48.7242068846979],[37.8582862512936,48.7226714439842],[37.8584946433716,48.7212198161534],[37.8593269953644,48.7192633337271],[37.8685957639569,48.706655149584705],[37.8689048490934,48.7054313174934],[37.8693811354078,48.7035454066723],[37.8691680096575,48.7021950910829],[37.8689802878143,48.7010057556312],[37.8680783864555,48.6999299099668],[37.868078364896,48.6999298898085],[37.866969728851,48.6992027928079],[37.8663762074512,48.6988135335595],[37.8646440795136,48.6981794061631],[37.8642756319066,48.6980974337749],[37.862312817502406,48.6976607438954],[37.8569891585836,48.6976624977442],[37.8535533002512,48.6981244047414],[37.8504746066859,48.6990459026009],[37.849807908523,48.699245452464],[37.8493218732419,48.6994944472698],[37.8478913196267,48.7002273052902],[37.8462454326513,48.7010704670091],[37.8416598466379,48.7033605688311],[37.8388824848498,48.7048666846885],[37.8362343034945,48.7059180961034],[37.8352396151501,48.7062170050746],[37.8351739492011,48.7062367393344],[37.8346860454243,48.7062680388302],[37.834264735556,48.7062523487732],[37.8340989739282,48.7062259441516],[37.8338445009711,48.7061525445543],[37.8338444425806,48.7061525255841],[37.8337496254024,48.7060986455935],[37.8308915176467,48.7044744522943],[37.8288657726635,48.7037688777922],[37.8276705677713,48.703352578991],[37.8263177714287,48.7029850692821],[37.8250399484798,48.7024983287029],[37.8245953569743,48.7016548345879],[37.8244487707845,48.6999133819581],[37.8252916555241,48.6983411864209],[37.8264277189313,48.6968898852352],[37.8282652066753,48.695599850992],[37.830092436557,48.6943983867471],[37.8315583218107,48.6933824005047],[37.8332807434517,48.6924147767124],[37.8354062813814,48.6914229409057],[37.8374218780968,48.6906971970062],[37.8383106667473,48.6903546872392],[37.8390717176594,48.6901539084128],[37.839321082795706,48.6900165527216],[37.8393509553722,48.690000099735],[37.8393800877368,48.6899837582284],[37.8395112157172,48.6899101973665],[37.8399371195698,48.6896712737065],[37.8405187778179,48.6893389757991],[37.8410958860992,48.6890032373741],[37.8416683878196,48.6886640791187],[37.8422362578265,48.6883215371384],[37.8427994188646,48.6879756350853],[37.843357856561,48.6876263948327],[37.8439115161184,48.6872738518934],[37.844460334654705,48.68691803288521],[37.8450042942036,48.6865589638328],[37.8455433318831,48.6861966778775],[37.8460774099639,48.6858312022307],[37.8466064979033,48.6854625623245],[37.8471305355142,48.6850907984179],[37.847305488704,48.6849644172562],[37.8476494814741,48.6847159300132],[37.8478148002325,48.6845943280634],[37.8479991776479,48.6843271820706],[37.8481499508852,48.6839185487515],[37.8483540274565,48.6831249191969],[37.8484162905872,48.6827446989176],[37.8483851603693,48.6823336483411],[37.8482139486626,48.6817684515828],[37.8473890248389,48.68061747979941],[37.8463150646623,48.6790862379703],[37.8440385064585,48.6765268521132],[37.8438671132922,48.6763341570177],[37.8433695095069,48.6759621863353],[37.842926415493,48.6756309611872],[37.8424294432233,48.6754668787902],[37.841310155854,48.6752132955293],[37.8410775658573,48.6751979356855],[37.8407461171619,48.6752708904528],[37.8401312059768,48.67559686953871],[37.8399097901239,48.675707165337],[37.8388569915604,48.67623159989571],[37.8387839764941,48.676267971849704],[37.8375549338617,48.6766269232736],[37.8367986062914,48.6767829882608],[37.8361683788308,48.67684159807],[37.8351204877636,48.6769390563234],[37.8317169822562,48.6772043665309],[37.8265644559923,48.6774852818378],[37.8237754691061,48.67756331543481],[37.8233450458293,48.6775141607541],[37.8231100088217,48.6774873252558],[37.8231098390401,48.6774872878871],[37.8224842181403,48.6773482249456],[37.821982349154,48.6770250248774],[37.8219822745938,48.6770249406487],[37.8219822485426,48.6770249127702],[37.821982164101,48.6770248226098],[37.8212153765475,48.676222379075],[37.8212153442082,48.6762223458575],[37.8212152534783,48.6762222527299],[37.8211290574319,48.6761352204373],[37.8203882204103,48.6753871549434],[37.8195647761119,48.6744205004552],[37.8193911021231,48.6742166114596],[37.8193910545123,48.6742165058712],[37.8186894217664,48.6725339053667],[37.818689362477606,48.6725337855377],[37.8184677759448,48.6708754145967],[37.8182524039571,48.6697035667445],[37.8175672409236,48.6689244188384],[37.8169463056363,48.6682182861572],[37.8168973564365,48.66817909869211],[37.8168523894683,48.6681378786714],[37.8168115987679,48.6680948052561],[37.8167751684898,48.6680500653204],[37.8167750903364,48.6680499478538],[37.8167432441613,48.6680038451455],[37.8167431767876,48.6680037258989],[37.8167256326901,48.6679731762312],[37.8167159668177,48.6679563428783],[37.8167159219019,48.6679562503286],[37.8167159111221,48.6679562212585],[37.8166925701961,48.6679047197302],[37.8166906460047,48.6679004683749],[37.8166896632478,48.6678983035414],[37.8166896246203,48.6678981783619],[37.8166887397797,48.6678954736548],[37.8166875674782,48.6678918909113],[37.8166702470613,48.6678389613205],[37.8166579392436,48.6677789243116],[37.8166527532694,48.6677184375328],[37.8166547268681,48.6676578676236],[37.8166638456666,48.6675975835982],[37.8166800611557,48.66753795150651],[37.8167032700294,48.6674793362133],[37.8167333222689,48.6674220960593],[37.8167700444995,48.66736657633461],[37.8168132121421,48.6673131187709],[37.816862557499,48.667262047303],[37.816917793109205,48.6672136704415],[37.81697856683311,48.6671682872053],[37.8170445121581,48.6671261734764],[37.8171152257406,48.6670875855585],[37.8171902916607,48.6670527542447],[37.8182135284649,48.666771177993],[37.8200394647726,48.66624388973321],[37.8201761479347,48.6662053907261],[37.8203117468302,48.6661652613341],[37.820527728774,48.6660972467504],[37.82074061153,48.6660250998125],[37.8209502145369,48.6659488798319],[37.8211563581317,48.6658686508654],[37.8213588725327,48.6657844829025],[37.8215575762803,48.6656964477119],[37.8217523094743,48.6656046182486],[37.8219428969433,48.6655090751802],[37.8221291877703,48.6654098968005],[37.8223110049872,48.6653071726763],[37.8224882201349,48.6652009834745],[37.8226606553469,48.6650914276612],[37.8228281857575,48.6649785894632],[37.8229906505682,48.664862572093405],[37.82314791593,48.6647434740183],[37.8232998569772,48.6646213925183],[37.8234463416573,48.6644964331806],[37.8235872415113,48.6643687039659],[37.8237224307751,48.6642383140224],[37.8238518061423,48.6641053713123],[37.8239752472387,48.6639699909182],[37.8240926579447,48.6638322897038],[37.8242039250724,48.6636923851266],[37.8243089731634,48.6635503904924],[37.8244076962165,48.6634064327539],[37.8246112454768,48.6627192804696],[37.8246112293071,48.6627192460565],[37.8247356801099,48.662299101217506],[37.8248237365673,48.662001835497406],[37.8252860293755,48.65943688166741],[37.8254768270502,48.6573498929703],[37.8253982298528,48.6567268520739],[37.8253617339977,48.6564375596785],[37.8253579089712,48.6564072320531],[37.8248259086936,48.6521899241517],[37.8248258970156,48.6521898778624],[37.8229764895261,48.6493797258999],[37.8229764643733,48.6493796879169],[37.8219862631137,48.6478750394156],[37.8217432841006,48.6475058089737],[37.8216922786572,48.647428303343304],[37.8213766546837,48.64694867373431],[37.8150581421305,48.6450215229831],[37.801116950081,48.640767625552606],[37.8005844341705,48.64092245178681],[37.8002677573716,48.641014521505],[37.797439370377,48.6418368400217],[37.796961310339,48.6418554236446],[37.7949386088481,48.6419340412924],[37.7929511554522,48.64113228131931],[37.7929511401808,48.6411322083086],[37.7929511276044,48.6411321590413],[37.7927320671342,48.6400872041125],[37.7955270269187,48.6376570485433],[37.7971091676449,48.6366115294997],[37.8005083181198,48.62232999922641],[37.8005082372714,48.6223298929354],[37.7995987137075,48.6211608517277],[37.7982988281352,48.6194900260747],[37.797506281391,48.61847129621],[37.7974039291441,48.6183397269467],[37.7953793905984,48.6182136712595],[37.7967272632749,48.6191830094722],[37.7974784857194,48.6206777894466],[37.7977349637162,48.6228260748141],[37.7976615839339,48.6254100248378],[37.796761833142,48.6279769851793],[37.79323615406091,48.6344590270359],[37.7889701347267,48.640520056448],[37.7831280293113,48.6443084243225],[37.7758889852387,48.6473602854354],[37.7719217213134,48.6509281238544],[37.7728475987071,48.6536804453658],[37.7801438115644,48.6561939281887],[37.7893231780233,48.6590168358559],[37.7964582232372,48.6615829502766],[37.8002455950352,48.6643224406627],[37.8030124842637,48.670988500613],[37.80310756464831,48.6799983902554],[37.8036494023766,48.6925513051809],[37.8035096020605,48.6931109048458],[37.803478202348,48.6935876048014],[37.80386055587571,48.6952071076003],[37.8033697011331,48.695450099265],[37.8006208186344,48.6958533049395],[37.7998317627434,48.6958800138439],[37.7994131298547,48.6958218406521],[37.7981459429587,48.695450099265],[37.7944699649508,48.6944284590725],[37.7919548222925,48.6936622157673],[37.7894396796342,48.6934067981478],[37.7863441193011,48.6937899234982],[37.7844093943174,48.6941730459332],[37.7755437096744,48.6940155067687],[37.7687554617708,48.6941161984039],[37.7685236488168,48.6940880115023],[37.7682768878965,48.6939419790731],[37.7682570647731,48.6939307881201],[37.7668928786911,48.6928256495401],[37.766605158187,48.6926580700407],[37.7654001769295,48.6922369710748],[37.7641914182563,48.6919062899727],[37.7641906313321,48.6919077457506],[37.7635623451308,48.6919009151571],[37.7628659747158,48.6919134994827],[37.7625032466822,48.6919939259508],[37.7623613056808,48.692117946598],[37.7622370956264,48.69235684501],[37.7622543046523,48.6927372055986],[37.7623551692891,48.6929079364868],[37.7623579468799,48.6929923852754],[37.7623746851886,48.6933492429355],[37.7623241783101,48.6934742659153],[37.7621979093171,48.69357011707131],[37.7619866767662,48.6936235301729],[37.7614568306488,48.6936553249295],[37.7577747387071,48.6936427048684],[37.7568327185878,48.693687119666],[37.756527530343,48.6937040108339],[37.7561482086294,48.6937599000074],[37.75588742500751,48.6938470874447],[37.7556537363712,48.6940304037024],[37.7553395164646,48.6943707040161],[37.7549060056782,48.6948476179576],[37.7537223872565,48.6964369160271],[37.7536502516408,48.6966044782052],[37.7536710602161,48.6968233155859],[37.7537196132589,48.6969533354157],[37.7537549907114,48.6970187901947],[37.7538084027415,48.6970622954328],[37.7539452988043,48.6971087634729],[37.7543896468663,48.6971988954935],[37.7562884221706,48.6975222258099],[37.756583209721,48.6975637146908],[37.7567015546748,48.6975727015524],[37.7568072064337,48.6975697713507],[37.7569146332636,48.6975516055193],[37.7570060799628,48.69751410163621],[37.7571552353343,48.697393386175],[37.75748965116511,48.6969841616015],[37.7577035930349,48.6968576009852],[37.7580376369632,48.6967224811331],[37.758284738345004,48.696668114925],[37.7585665200867,48.696649516523],[37.7589089929073,48.69664522430941],[37.7593066186931,48.6966744734934],[37.7596303059445,48.696715168549204],[37.7632525269691,48.6975188870842],[37.7633173628747,48.6975269733103],[37.7633251746244,48.6975494864288],[37.764242552158905,48.6976372400616],[37.7659422221686,48.6976769987161],[37.7690867173285,48.697409195799],[37.784251298014,48.6971079155921],[37.7857221096287,48.6969070617119],[37.7867871809756,48.69660577849981],[37.7874715301354,48.6965272212004],[37.7883805344731,48.696583823499004],[37.7956120533587,48.6984803995121],[37.7998216189672,48.6992837868931],[37.8009374082967,48.6994176838398],[37.8022342566651,48.6993518426465],[37.8026959718565,48.6995803945197],[37.8030906772193,48.6999231670237],[37.8031615381256,48.7002583393529],[37.803067549194,48.7012922001386],[37.8042340556079,48.7037691321228],[37.814142049186906,48.717648267099],[37.8142537636757,48.7180812879561],[37.8141366790581,48.7186992715877],[37.8138989399182,48.719065253032],[37.8133442158572,48.7192743839211],[37.8118385352364,48.7196403617738],[37.7959892658279,48.71911753613211],[37.7951175559476,48.7190129698776],[37.7945961701634,48.7187454245029],[37.7940671828353,48.7186469880529],[37.7936118762251,48.7186469880529],[37.792581672986,48.7187515544755],[37.7909057167031,48.7188366100645],[37.7901946291888,48.7190341434445],[37.7886986027624,48.7198494902718],[37.7875099070627,48.720058618493],[37.7832306043404,48.7192221015767],[37.7825966336,48.7192743839211],[37.7810117071981,48.7194312318137],[37.7796645190379,48.7196926436835],[37.7777626068167,48.7205814343532],[37.7768908969363,48.7217316105913],[37.7769800493383,48.7233686055931],[37.77858974049601,48.7267175814122],[37.7794564979641,48.7294946113752],[37.7780944507708,48.73382320520071],[37.7766085815953,48.7365181794032],[37.7768562264579,48.7380697655568],[37.7779706287887,48.739702962714],[37.7791288141081,48.7401057664496],[37.780701061688,48.7400723191645],[37.7814111089532,48.74013921312],[37.7819690031688,48.7404067886442],[37.7821718733027,48.7408081495559],[37.7820704382358,48.74117606071211],[37.781715414154,48.7416443074335],[37.7819182851862,48.7423132238388],[37.7828312034836,48.7432831369023],[37.7852910108188,48.7449386358546],[37.786432579102,48.7461860080906],[37.7873731717983,48.7470864888011],[37.7880526475978,48.7479519019897],[37.7892996556375,48.7496590767752],[37.7899156169531,48.750681531323],[37.7906309660751,48.7523065563507],[37.7907282320608,48.75279047027361],[37.790642884024,48.753335544746],[37.7902825149663,48.7536757016522],[37.7889367470425,48.7540776246605],[37.7831449140454,48.7561241287596],[37.7754500504246,48.7587960528926],[37.7694896234115,48.7614602859846],[37.7653490502135,48.7639482797894],[37.7613892144573,48.767221587298],[37.7591644665876,48.7704877425242],[37.7597106548568,48.7731249338305],[37.7639867452036,48.7755223191487],[37.768941579223,48.7762881830772],[37.7751105627056,48.7769364481326],[37.7798927010015,48.7777587120709],[37.7840708588127,48.7789202896386],[37.78680636809171,48.7803446724284],[37.7907033505241,48.7823735704771],[37.7957473081994,48.78325018674591],[37.8002576171886,48.78289348254861],[37.8047499787368,48.7808519712223],[37.8104163359534,48.7796290163648],[37.8138347499013,48.7806310925307],[37.8182486247447,48.781560696719],[37.8239182581171,48.7822469310837],[37.8293696682491,48.7821538302352]]]},"properties":{"OBJECTID":2198,"GlobalID":"c79d2c69-f07a-45d7-8f41-86ca67e11575","Shape__Are":183259090.03710938,"Shape__Len":109078.14665945244,"CreationDa":"2026-08-05","Creator":"lhiguchi_understandingwar","EditDate":"2026-08-23","Editor":"NMesplay_understandingwar","Area_KM":43.29115162758191}},{"type":"Feature","geometry":{"bbox":[37.316730334442106,48.4651542496948,37.4239189365007,48.5542052599067],"type":"Polygon","coordinates":[[[37.3672331660661,48.4784095074406],[37.3670631590003,48.4784026288751],[37.3668936424145,48.4783916139977],[37.3667248561592,48.4783764770975],[37.3665570212197,48.4783572378223],[37.3663903774463,48.4783339205829],[37.3662251224683,48.4783065640806],[37.3660615060174,48.4782751951065],[37.3658997284179,48.4782398630793],[37.3657400349098,48.4782006126532],[37.3655826105462,48.4781574997956],[37.3654276915839,48.4781105774965],[37.3652754729573,48.4780599148228],[37.365126175652,48.478005576673],[37.364979982026,48.4779476410459],[37.3648165236786,48.47787455877481],[37.3646568777813,48.4777978599125],[37.3645012338785,48.4777176331727],[37.3643497554637,48.4776339756058],[37.3642026266916,48.4775469705656],[37.3641318708882,48.4775021974779],[37.364060015547,48.4774567258216],[37.363922067557,48.4773633419972],[37.3637889605881,48.4772669244801],[37.3637587996524,48.4772435340874],[37.363660839269,48.4771675816358],[37.3635378518217,48.477065428380705],[37.3635378248723,48.4770654009873],[37.3634201329936,48.4769605820138],[37.3634201069425,48.4769605522383],[37.3633077869893,48.4768531330365],[37.3632010042515,48.4767432612775],[37.3630998764084,48.4766310602173],[37.363004517546,48.4765166632362],[37.3629162221367,48.4764017455138],[37.3629161637462,48.4764016704785],[37.3629160173208,48.47640147872141],[37.3629156193672,48.476400955856],[37.3629150444454,48.4764002078843],[37.362831532565,48.47628180015],[37.3627660723302,48.4761801667881],[37.362757754829,48.4761672499279],[37.3627541112622,48.4761615954507],[37.3627135756833,48.4760922814546],[37.3626853802615,48.4760440667469],[37.3626828434192,48.476039730744],[37.3626434531923,48.4759649723022],[37.3626193154606,48.4759191627968],[37.3626178269522,48.4759163364378],[37.3625831744401,48.4758426676255],[37.3625796503492,48.4758351771073],[37.3625597032583,48.475792773893104],[37.3625594921542,48.4757923260576],[37.3625591328281,48.4757915584247],[37.3625412617439,48.4757485072412],[37.3625152618046,48.4756858727095],[37.3625138855856,48.4756825609828],[37.3625068194375,48.4756655396211],[37.3625067709285,48.4756654139649],[37.362493261165,48.475629885978],[37.3624932108593,48.4756297603216],[37.3624801628298,48.47559596946571],[37.362466102399,48.4755595665986],[37.3622892618488,48.4751016970899],[37.3622892250179,48.4751016071642],[37.3622804179348,48.4750788017789],[37.3622162970882,48.4749174808094],[37.3622161937819,48.4749172241333],[37.3620795321794,48.4745733984833],[37.3620617697913,48.4745287097203],[37.361991957219004,48.474357929188],[37.3619919176931,48.4743578333056],[37.3618643048205,48.4740456518072],[37.3618373194293,48.473979635443],[37.3617695765755,48.4738183961421],[37.3617499636579,48.4737717122183],[37.3616335348105,48.4734945861335],[37.3616335114543,48.4734945289604],[37.3616070776288,48.4734316117358],[37.3615798658622,48.4733685497135],[37.3615306453711,48.4732544907983],[37.3613736108763,48.4728905829174],[37.3613710578643,48.4728846672198],[37.36137100755861,48.4728845755035],[37.3613709851007,48.4728845361966],[37.3612291366258,48.4726330639136],[37.3611976201324,48.4725771887571],[37.3611940133965,48.4725707947853],[37.3611414457827,48.4724814559771],[37.3610855364361,48.47238642816641],[37.3610178717356,48.4722714248561],[37.3610178474811,48.4722713843575],[37.3610103276838,48.4722586034827],[37.360947012626,48.4721553034028],[37.360831943828,48.4719675637479],[37.3608200474387,48.4719481523046],[37.3607525174855,48.4718422691913],[37.3607140525234,48.4717819591233],[37.3606396657296,48.4716653237603],[37.3606396504583,48.4716652981506],[37.3606231978138,48.4716395008404],[37.3605545979672,48.4715360202319],[37.3605244226584,48.471490502729],[37.36044102666071,48.4713647013488],[37.3604198237251,48.4713327152323],[37.3603517206468,48.4712337842251],[37.3603516712394,48.4712337127556],[37.3602690819288,48.4711137355196],[37.3602360796219,48.4710657930261],[37.3602099620034,48.4710278544766],[37.3601431435159,48.4709342920556],[37.3601431264479,48.47093426585],[37.3600249440891,48.4707687816674],[37.3600249279195,48.470768757844],[37.3600248946818,48.470768711984],[37.3599936584627,48.4707249763799],[37.3599285099434,48.4706369678399],[37.3598879995173,48.4705822459243],[37.3598077709793,48.47047386623241],[37.3598077206736,48.4704738019089],[37.359770958019006,48.4704241399411],[37.3597079358119,48.4703419491973],[37.3595842234242,48.4701806089978],[37.3595841812034,48.4701805559901],[37.3595418966047,48.47012541130721],[37.3594816654632,48.4700495178838],[37.3593547281236,48.4698895740208],[37.359354629309,48.4698894501371],[37.3593065290171,48.4698288435236],[37.359249279384,48.4697591045537],[37.3591188754458,48.469600255081204],[37.3591188565812,48.4696002318528],[37.3591188008856,48.4696001639546],[37.3590648938837,48.4695344991659],[37.3590112150539,48.4694712440905],[37.3588770301067,48.4693131215425],[37.3588769762078,48.4693130578131],[37.3587670978755,48.4691854654153],[37.3586290995799,48.4690280686153],[37.358629018731406,48.4690279745096],[37.3585171533258,48.46890203539521],[37.3583768319868,48.4687470469531],[37.3583766065097,48.468746798584306],[37.3582588571388,48.4686182529777],[37.3581146550779,48.4684639355191],[37.3581144772115,48.4684637455189],[37.3579954944538,48.4683377686718],[37.3578467325444,48.4681834545296],[37.357846668764,48.46818338960751],[37.3578465097622,48.4681832228352],[37.357726024123,48.4680594508604],[37.3575724607185,48.4679049905409],[37.3575722064952,48.46790473621181],[37.3574510336449,48.4677839130677],[37.3573552804221,48.4676904822539],[37.3572922671982,48.4676289962589],[37.3572919033805,48.4676286430552],[37.35716999480991,48.4675106204694],[37.3570062849342,48.467355612887],[37.3570059947784,48.4673553388996],[37.3568832965887,48.4672399668109],[37.3567131943014,48.4670836337249],[37.3567127990427,48.4670832709874],[37.3565912722561,48.4669722559054],[37.3564134040333,48.4668135335132],[37.356412870434,48.4668130587951],[37.3562941508826,48.46670767185],[37.3562934834344,48.466707082173706],[37.3561076561381,48.4665460294259],[37.3561075663065,48.4665459490153],[37.3561068997566,48.4665453736324],[37.3560079431415,48.4664596117281],[37.3559899867173,48.4664444927109],[37.3559899570729,48.4664444676942],[37.3557930517525,48.4662787038112],[37.3557929843789,48.4662786478212],[37.355792067199005,48.4662778770662],[37.3556819993222,48.4661855483895],[37.355681312111,48.4661849741938],[37.355590530165,48.4661107206294],[37.3554664593495,48.4660092348642],[37.355466310229204,48.4660091115666],[37.3554655053387,48.46600845576611],[37.3553679977062,48.465928923367],[37.3553673410377,48.4659283902677],[37.3551231501974,48.4657342970707],[37.3551219787943,48.4657333696531],[37.3551129273695,48.4657261849948],[37.3550486529109,48.4656751972409],[37.3550479144957,48.4656746164874],[37.3549565351701,48.4656040236093],[37.3547459206601,48.465441318609],[37.3547451687703,48.4654407396398],[37.3547239316986,48.4654243384853],[37.3547239056475,48.4654243158507],[37.3547229660097,48.4654236070301],[37.3547229399585,48.4654235879693],[37.3545032084468,48.4652586016485],[37.354389354171,48.4651731222908],[37.3538851962774,48.4651625209009],[37.3533808668055,48.4651562314249],[37.3528764627735,48.4651542496948],[37.3523720614364,48.4651565822632],[37.3518677391511,48.4651632243644],[37.351363600122,48.4651741742097],[37.3508597072314,48.4651894341788],[37.3503561610905,48.4652089977159],[37.3498530281746,48.4652328671984],[37.3493504037051,48.4652610342813],[37.3488483775137,48.46529349419211],[37.3483470133805,48.4653302397748],[37.346925285713,48.465644478049],[37.3464043113572,48.4656899632702],[37.3458825276194,48.4657311770875],[37.3453600171445,48.4657681028334],[37.3448368535944,48.4658007434954],[37.3443131285972,48.4658290895517],[37.3437889095266,48.465853136244],[37.3432642835192,48.4658728817918],[37.3427393251352,48.4658883232217],[37.3422141215111,48.46589945339011],[37.3416684964856,48.46590645814],[37.3413394364105,48.4659078757678],[37.3413390600164,48.4659078793416],[37.341338580316005,48.4659078781504],[37.3411227879168,48.4659088079474],[37.3410147080117,48.4659083540683],[37.3410142552608,48.4659083522814],[37.3410086066543,48.46590832786],[37.3409453158509,48.4659084213759],[37.3408123364428,48.4659075034916],[37.340800746379,48.4659074546489],[37.3408001777454,48.4659074534577],[37.3407997088248,48.4659074480969],[37.3405770730598,48.46590651234341],[37.3404740910939,48.4659052019311],[37.340468699405605,48.4659051328366],[37.3404098920938,48.4659047254175],[37.3402744872344,48.4659026603267],[37.3402618829727,48.4659025012903],[37.3400314525259,48.4658995653708],[37.3399342593037,48.4658975014711],[37.3399290418886,48.4658973888948],[37.3398745797278,48.4658965561872],[37.3397369973522,48.4658933093421],[37.3397238738642,48.4658930305816],[37.3394860071634,48.465887973579804],[37.3393943664281,48.4658852443473],[37.3393893080147,48.4658850930542],[37.3393394676861,48.4658839142782],[37.33920075972141,48.4658794779348],[37.3391867513929,48.4658790603895],[37.338940835787206,48.4658717363716],[37.3388548580314,48.4658684424692],[37.338849765482,48.4658682465028],[37.3388046377154,48.4658668002831],[37.3386653853716,48.4658611803965],[37.3386500439432,48.4658605924973],[37.3383960201438,48.4658508537416],[37.3383156820113,48.4658470898758],[37.33831093711,48.4658468659142],[37.3382701751557,48.4658452183666],[37.3381305940285,48.4658384113616],[37.338114423455,48.4658376525128],[37.3378516518614,48.4658253322363],[37.3377769659287,48.4658211931136],[37.3377723773342,48.4658209381784],[37.3377361644485,48.4658191691188],[37.3375964898965,48.46581118214141],[37.3375792197852,48.465810224943],[37.3373078261614,48.4657951766138],[37.3372390206006,48.4657907694491],[37.3372344823118,48.4657904793708],[37.3372026918322,48.4657886596805],[37.337065435545,48.4657796529568],[37.3370462753783,48.4657784265269],[37.3367646283839,48.4657603910354],[37.3367010231702,48.4657557724142],[37.3366966277135,48.4657554513622],[37.3366698426467,48.46575369302191],[37.3365367204064,48.4657438339255],[37.336515355774004,48.465742281082],[37.3362221519535,48.465720977874],[37.336164488197,48.4657162931327],[37.3361602194028,48.4657159452765],[37.3361590399148,48.4657158559299],[37.3361589914058,48.4657158529516],[37.3361381711525,48.4657143126157],[37.3361380534732,48.4657143030854],[37.3361379366922,48.4657142941508],[37.3361377013336,48.4657142756858],[37.336137232413,48.4657142387558],[37.3360098018984,48.4657037196779],[37.3359868122136,48.4657018523329],[37.3359850874483,48.4657017093783],[37.3356804822102,48.4656769490319],[37.3356283628557,48.4656722636908],[37.3356279918515,48.4656722291434],[37.3356242620464,48.4656718931998],[37.3356063532329,48.4656704165966],[37.335987673698,48.4661233791598],[37.3360868333323,48.4665645619928],[37.3361203315092,48.4668245235054],[37.3360715871253,48.466991446487],[37.3358916069632,48.4672780594814],[37.3354628383831,48.4677405072473],[37.3346688309782,48.4685968747389],[37.329748102397,48.4729506278351],[37.3278777165506,48.4742669927047],[37.326571393651,48.4750093034741],[37.326359322972,48.4751557477297],[37.3256526039649,48.47572698074251],[37.3213570588039,48.479198882592804],[37.3211953090522,48.4794446307064],[37.3208097251828,48.480182163259606],[37.3200713423586,48.4807637752473],[37.3188471560186,48.481625964463],[37.3176229696787,48.4822514642377],[37.316730334442106,48.4830291018181],[37.3169343651993,48.4835362506493],[37.3176229696787,48.4837898237588],[37.3186431252614,48.4840095853407],[37.3196143720685,48.4842485062084],[37.3196966837997,48.4842687536879],[37.3205594437648,48.4844729887065],[37.3237027270974,48.48521706857181],[37.325898982203,48.4856958022329],[37.3273048168765,48.4859105571136],[37.3277184227929,48.486313702712],[37.3284848600034,48.4867630789052],[37.3292218180995,48.4869975350383],[37.3300766890599,48.48703661194741],[37.3305188649956,48.4869193835113],[37.330672185855,48.4867306601162],[37.3312930537687,48.4863085745108],[37.3314441800439,48.4860510039381],[37.3332313504538,48.485907103752],[37.3349847424125,48.4859599300362],[37.3366584358392,48.4859335171987],[37.3384516770639,48.4851411328218],[37.3395276234156,48.4838997034779],[37.3406035688691,48.482631831572604],[37.3423968109921,48.4822620293078],[37.3433133566866,48.4830808741933],[37.3437915541668,48.4843223223883],[37.3436321544079,48.485854279199],[37.3428351592063,48.4869635993333],[37.3431141067633,48.4875710734187],[37.3436321553062,48.48794083638],[37.3442299032794,48.4881257162543],[37.3452659985685,48.4874654247471],[37.3455847971881,48.4865145910879],[37.3465810423129,48.4851411328218],[37.3467802913379,48.4842959069116],[37.3476569886647,48.4832657717847],[37.3484141346002,48.4821827861674],[37.3504464759125,48.4819450548127],[37.3529968648693,48.4823148587931],[37.3549893560173,48.4826582461296],[37.3565833518103,48.482922395111],[37.3571786150434,48.483211599979704],[37.357691881854,48.4837219182616],[37.3581196047951,48.4846149626024],[37.3584403967763,48.4858340138949],[37.3589536653836,48.4873790486302],[37.3593813874263,48.489590207678],[37.3597235664978,48.4914894610856],[37.3597235655995,48.492212292374],[37.3596592165808,48.4927081149571],[37.3594661201172,48.4927777110564],[37.3553260948914,48.4939589923984],[37.3515885733035,48.4947591999905],[37.3487135556608,48.4956356044155],[37.346298541919,48.4968168191733],[37.3443435302813,48.4986076406481],[37.343136022063,48.4996744842633],[37.3427910213831,48.5006651024486],[37.3428485207479,48.5015414035887],[37.3429635230705,48.502112896584606],[37.3435960259638,48.5024557891702],[37.3444010305444,48.502608185461],[37.346241041656,48.5027605801032],[37.3479085501819,48.5026462843133],[37.3488285561869,48.5023795917458],[37.349173557765,48.5018461994248],[37.3491160584003,48.5006651024486],[37.3493460603507,48.4992934709237],[37.349806061556606,48.498302824743],[37.3504385653481,48.4976931868391],[37.352048576306,48.4970835410087],[37.3536585845689,48.4965881987452],[37.3560736001074,48.4960166428666],[37.3594661192189,48.4955212901787],[37.3624780338226,48.4954163051567],[37.3632552544098,48.4954319138034],[37.3637733999707,48.4955723818822],[37.3641751993293,48.4958415628617],[37.3643137339192,48.4961823572198],[37.364313759072,48.4961824167484],[37.3643137851231,48.4961824792535],[37.36445916218051,48.4965220224171],[37.3646113790105,48.4968603126264],[37.364770384409,48.4971972272798],[37.3649361307655,48.49753267056611],[37.3649361514267,48.4975327104493],[37.3649361675964,48.497532742593904],[37.3650622191971,48.4977767988217],[37.3651086441309,48.4978666871596],[37.3652878400638,48.4981991151767],[37.3654737023944,48.49852992964791],[37.3656661996817,48.498859070484],[37.36586529778971,48.4991864817639],[37.3660709607858,48.4995121045916],[37.366283154534,48.4998358794771],[37.3665018377118,48.5001577505033],[37.3667269734883,48.5004776599685],[37.3669585178461,48.5007955501723],[37.3671964402423,48.5011113723438],[37.3674406885748,48.50142505985661],[37.3676912206227,48.5017365585849],[37.3679479977585,48.5020458215471],[37.3682109687781,48.5023527862864],[37.3684800851726,48.5026573968948],[37.3687553092128,48.5029596099646],[37.3690365816097,48.5032593606616],[37.3693238574476,48.5035566020085],[37.3696170855227,48.5038512792914],[37.3697588774038,48.5040170751693],[37.3699068317277,48.50418049092491],[37.3700608595612,48.5043414236131],[37.3702208638864,48.5044997762417],[37.3703867485834,48.504655447058],[37.370558410346,48.5048083450234],[37.3707357440713,48.5049583755286],[37.3709186356732,48.505105439204],[37.3711069800489,48.50524945691631],[37.3713006137051,48.5053903013233],[37.3713006631124,48.505390337034],[37.3714995186753,48.5055279593575],[37.3714995573028,48.5055279867357],[37.3717034829572,48.5056622846319],[37.37170354404261,48.5056623245086],[37.3719124140243,48.50579321884591],[37.3719124966693,48.5057932682453],[37.3721262085703,48.50592069179551],[37.372126287622,48.505920738218904],[37.3723446851356,48.50604459935181],[37.3723447848486,48.5060446541075],[37.372567771855,48.506164898689],[37.3725678536016,48.50616494154111],[37.3727952666074,48.5062814785361],[37.3727953591339,48.5062815249592],[37.373027084053,48.5063942978525],[37.3730271577148,48.5063943347528],[37.3732630023078,48.5065032489382],[37.3732631092074,48.506503298337],[37.3735030078973,48.5066083246764],[37.3735030680844,48.506608352054],[37.3737468016822,48.5067093941552],[37.3737468870222,48.5067094280795],[37.3739943656964,48.5068064484712],[37.3739944142054,48.5068064675164],[37.3742454960223,48.5068994073007],[37.3744999357417,48.5069881766311],[37.374499985149,48.5069881927004],[37.3747577127023,48.5070727677923],[37.3750185376468,48.5071530831995],[37.3752822785226,48.5072290895442],[37.3760866345196,48.5084387367089],[37.37565222901111,48.5103204588148],[37.37488366459,48.5132203880016],[37.3736138626982,48.5183557334047],[37.3728452982771,48.5204141523941],[37.3724108918704,48.5217421204671],[37.3723440599082,48.5228929972551],[37.3728787138091,48.524198769711106],[37.3741151001689,48.525128280551],[37.3753180709968,48.5255266379673],[37.3770891103592,48.5258807300909],[37.3787933186578,48.5258143385641],[37.3806311890841,48.5254381146983],[37.3814331699354,48.5250618880378],[37.3823688138129,48.5243315575084],[37.3831707928676,48.523180712812504],[37.3841732678089,48.5215207951702],[37.3865123784008,48.5180458571221],[37.3878824268884,48.5163857700165],[37.3908337034138,48.5158173811095],[37.3914218007859,48.5157434031037],[37.3919989476947,48.5157271211562],[37.3925482998303,48.5157278542665],[37.3930489345314,48.5158369411901],[37.3936522161268,48.5159986211438],[37.3939065049292,48.5162086491228],[37.3967100750657,48.5198513059683],[37.3994732012515,48.52244400138581],[37.401085023213,48.524312185144],[37.4021787598006,48.5262184245563],[37.40321493234491,48.527933978683],[37.4040784091657,48.5298782017964],[37.404423798816,48.5322035479454],[37.4052297106951,48.5358247759369],[37.4055751012437,48.5367395719209],[37.4056326661854,48.5376924661082],[37.4056902320255,48.53895025940001],[37.4056902320255,48.5402842488167],[37.4056902311271,48.5419993264117],[37.4051808432419,48.544191407272],[37.405028059575,48.5444538969353],[37.4049040300821,48.5446872429333],[37.4044442983708,48.5451472709348],[37.4036178878352,48.5464582547698],[37.4028396072361,48.5479068569555],[37.4024387699731,48.5501388840656],[37.4021081782704,48.5512259546674],[37.4020116003943,48.5514497094577],[37.4019729683454,48.551615925778],[37.4019849446848,48.5517749821654],[37.4020220316314,48.5519631898603],[37.402022030733,48.5521309392321],[37.4020158503239,48.5525564476438],[37.4020467541663,48.5529246733603],[37.4020591176795,48.553374723771],[37.4020096681181,48.553534285402],[37.4019725829682,48.5536692991998],[37.4020158503239,48.553747033857],[37.4021456505942,48.5538411350161],[37.402324900426,48.5538861385897],[37.4024670642096,48.5539188694093],[37.4026648552689,48.5539843297956],[37.4027575712877,48.5540907031887],[37.4028626472264,48.5541520724666],[37.4030542596732,48.5542011684299],[37.4033076798047,48.5542052599067],[37.403480748329,48.5541807116357],[37.4036105485994,48.5541357077295],[37.4037650740996,48.5540743384318],[37.4039010574741,48.553951599613],[37.4040246773353,48.5538452259274],[37.4041173924557,48.5537061204876],[37.404265736648505,48.553464732897],[37.4042657357502,48.5533869972116],[37.4042657357502,48.553280622339],[37.4042904609801,48.5530678713281],[37.40430282269671,48.55294103967831],[37.4042966404909,48.5528182981103],[37.4042039253704,48.5526832820415],[37.4040370390519,48.55251553271711],[37.4039196004981,48.5523723343752],[37.4038516079126,48.5522209511654],[37.4038948752683,48.5520409277332],[37.4039072369849,48.5519795553],[37.4040553835483,48.5517230950139],[37.4045301449726,48.5508643944432],[37.4050795680751,48.5500460777182],[37.4054229580756,48.5495232577561],[37.4058178556779,48.5487503835954],[37.4062814303819,48.5482161842182],[37.4068136839844,48.5474660224955],[37.4072872937685,48.5469534604496],[37.4077064970874,48.5464203238564],[37.4084619532919,48.5456019364535],[37.4089770355977,48.5453177708343],[37.4097668317006,48.5450790705762],[37.4104658323827,48.5449918054079],[37.4124552827334,48.5449918060025],[37.4132289576702,48.5449918060025],[37.4156192452838,48.545222049889404],[37.41684533515381,48.5457215602438],[37.4180714268205,48.5462366747243],[37.4188966794276,48.5466737364536],[37.4203821353781,48.5473449321713],[37.4213017039035,48.5481565989049],[37.4214431759843,48.5484687755003],[37.4216082270448,48.5487341229624],[37.4217732781052,48.5491087298948],[37.4218675922268,48.5496862430862],[37.4219147492877,48.5501076671663],[37.4220090643077,48.5505134800043],[37.422032642389006,48.5507319931699],[37.4221505354902,48.5510441538778],[37.4224334805502,48.5512782722529],[37.4229286319348,48.5513250959169],[37.4233058911165,48.5513250965115],[37.4238010425011,48.5512002335095],[37.4238953575211,48.5510285463044],[37.4239189365007,48.5507476020241],[37.4239189356023,48.5500608423757],[37.4237656740317,48.5488209457861],[37.4228446322692,48.5477539374086],[37.4221538511719,48.546991775133],[37.4213479410895,48.5464582541751],[37.420426899327,48.5457722914977],[37.4194482917245,48.54527686670621],[37.4184696850203,48.5448195488108],[37.4169729920439,48.5444003358709],[37.4154187350242,48.5439430094604],[37.4135190856591,48.543295123206],[37.4128858704019,48.5429521209983],[37.4116194371925,48.5422661102043],[37.4104681347647,48.54150386468731],[37.409950049391,48.5406272685089],[37.4094895280606,48.539864998907],[37.4090290076284,48.5387978017041],[37.4085684862981,48.5375018891814],[37.40833822742951,48.5363202926536],[37.4082230957494,48.5355579581953],[37.408107965866,48.5338045441285],[37.4079352710408,48.5328515761667],[37.4077203913299,48.5317490386857],[37.4074171847687,48.5309455876235],[37.4066688387297,48.5293826226245],[37.4059204926906,48.5280102233514],[37.4052297106951,48.52629467299741],[37.404423798816,48.524007180536806],[37.4039057143405,48.5226727628171],[37.4035027579518,48.52160520320951],[37.402927106738,48.5206520056561],[37.4021787606989,48.5195844040532],[37.4017182393686,48.5189743348719],[37.4002215472905,48.5170296925541],[37.3993005046297,48.5156950904169],[37.3984945945473,48.5145892504645],[37.3969403366292,48.5124156348842],[37.3953285128712,48.5106995545232],[37.3929612868075,48.5075638784358],[37.3923926918602,48.5068858370399],[37.3915292150394,48.5057416660653],[37.3903719118656,48.5045643893097],[37.38988737766941,48.5037451949289],[37.3865516509484,48.5007501749928],[37.3855882320607,48.4992470378299],[37.3854790696857,48.4982677560815],[37.3854774769727,48.497358347031],[37.3861631224015,48.4962245701616],[37.3866336087434,48.4949510396732],[37.3870405806014,48.4942232015846],[37.3878981923217,48.493173224212704],[37.388563326517605,48.4926410554555],[37.3887302263108,48.4924364145716],[37.3890958451231,48.4921610561905],[37.3895290756351,48.49190031600231],[37.3904800447713,48.4913971014846],[37.3913415982991,48.4910609895116],[37.3915976424095,48.4909195950741],[37.3927607190557,48.4902772917138],[37.3916857949867,48.490482669429],[37.3909642088617,48.49051762619101],[37.3902511791898,48.4904207651331],[37.3888067555865,48.4898029688724],[37.3876096651305,48.4896778100485],[37.385752294076,48.4894098626881],[37.3840614437257,48.4887291493093],[37.3829866014034,48.4880193143886],[37.3818762280167,48.48709172277],[37.3787565335452,48.4842972728191],[37.3769602012176,48.483507634034304],[37.3757267451623,48.4825055588321],[37.3750388251991,48.4814687301084],[37.3740428908914,48.4803747845686],[37.3732764662573,48.47975061339],[37.3725806725608,48.4792753923546],[37.3712601419066,48.4787604380998],[37.3707728435942,48.4787196374164],[37.3705856769098,48.4787039682445],[37.3688138856575,48.4785556072141],[37.3674034372366,48.4784122383816],[37.3672331660661,48.4784095074406]]]},"properties":{"OBJECTID":2202,"GlobalID":"56b8311a-825c-4ccb-a0ed-40675a0ae20d","Shape__Are":33222120.94921875,"Shape__Len":57812.36042957733,"CreationDa":"2026-08-06","Creator":"mdorazio_understandingwar","EditDate":"2026-08-20","Editor":"mewert_understandingwar","Area_KM":14.601318424243459}},{"type":"Feature","geometry":{"bbox":[36.9028895966547,48.2123429152538,36.909348082899,48.2144997629455],"type":"Polygon","coordinates":[[[36.9063377637032,48.21427356905951],[36.9072496255818,48.2144827481125],[36.9075860069264,48.2144997629455],[36.9084032142219,48.2143859780503],[36.9087691582242,48.2142829938496],[36.9092064985287,48.2140748363754],[36.9092698171798,48.2140059827109],[36.9092939594031,48.2139491397288],[36.9093422456463,48.2138064959558],[36.909348082899,48.213624680807],[36.9092827924458,48.213405654279],[36.9091482787152,48.2131712259753],[36.9088779612731,48.2129633842349],[36.908437530764,48.2127626884217],[36.907573208628605,48.2125783823451],[36.906459559086,48.2124102650488],[36.9053028730548,48.2123429152538],[36.904713801909004,48.2123557213593],[36.9041239923479,48.2123983395142],[36.9038719744865,48.2124834260651],[36.9035956805529,48.2125816202226],[36.9032886875928,48.2127370931721],[36.90309221166711,48.2129375711933],[36.9029632746777,48.2131912366492],[36.9028895966547,48.2133835300329],[36.9028957366397,48.2135062703932],[36.9029325756512,48.2136494669088],[36.9030056392265,48.2137670940287],[36.9034383073932,48.2138824180873],[36.905359419307,48.2141313326337],[36.9063377637032,48.21427356905951]]]},"properties":{"OBJECTID":2203,"GlobalID":"51888cc9-3f25-4474-9cb0-6ed1e2645d74","Shape__Are":191309.58203125,"Shape__Len":1768.0645373992845,"CreationDa":"2026-08-07","Creator":"mdorazio_understandingwar","EditDate":"2026-08-20","Editor":"mewert_understandingwar","Area_KM":0.085010808622096}},{"type":"Feature","geometry":{"bbox":[37.7094552920256,49.4375982399016,37.764843072333,49.4545262375524],"type":"Polygon","coordinates":[[[37.7506556996749,49.4457271418311],[37.7427927244334,49.4451619646255],[37.7360692863844,49.4440216642952],[37.7312573428857,49.442923749939],[37.71743068334,49.4387257252246],[37.7148813804463,49.438093573204],[37.714252384576,49.4379850905939],[37.7120093757532,49.4375982399016],[37.71099785747191,49.4376475721581],[37.7100116267659,49.4380257858394],[37.7096575953225,49.4386506539221],[37.7094552920256,49.4393741757163],[37.7095058680744,49.4402621195069],[37.7101633549123,49.4410349463754],[37.7126041601842,49.44206769128],[37.7244217555633,49.4454202971796],[37.725379783661,49.4456527669294],[37.7372424160769,49.4482081192792],[37.7460321939767,49.4512743625545],[37.7464145142667,49.451553972573],[37.7471755166697,49.452110526629],[37.7471755768569,49.4521105721794],[37.7471755786535,49.4530861463532],[37.7469341447428,49.4543025055342],[37.7468897410183,49.4545262375524],[37.7470608269608,49.4543089734053],[37.7470608979277,49.4543088834764],[37.7470611440661,49.454308573981],[37.7470873730758,49.4542767595914],[37.7470940897792,49.4542686134319],[37.74723799809101,49.4540940774055],[37.7472380439051,49.4540940236816],[37.747238844304,49.4540930531463],[37.7472902872271,49.4540334013975],[37.7472951668757,49.4540277399347],[37.7474212912399,49.453881483597],[37.747421385563,49.4538813773165],[37.7474227860365,49.4538797527432],[37.7474865286925,49.4538090090073],[37.7474905432635,49.4538045498914],[37.7476107854592,49.4536711014955],[37.7476108654093,49.4536710127334],[37.74761290189,49.4536687533873],[37.7476845973312,49.4535925253581],[37.7476869051031,49.4535900692131],[37.7478063334252,49.4534630899679],[37.7478063999005,49.4534630210602],[37.7478091208975,49.4534601275198],[37.7478866607779,49.4533810850403],[37.7478890395168,49.453378658083],[37.7480078623744,49.4532575325513],[37.7480079566975,49.45325743853281],[37.7480113774821,49.453253949918704],[37.7480933730062,49.4531737526037],[37.7480955613023,49.453171610028],[37.748215322899306,49.45305447307451],[37.7482154262056,49.4530543767197],[37.7482195952868,49.4530502971149],[37.74830555417811,49.4529695768138],[37.7483076418628,49.45296761525991],[37.7484286440332,49.4528539863166],[37.7484287464412,49.4528538922973],[37.74843370065,49.452849240384204],[37.7485230147487,49.4527686692489],[37.7485249317536,49.4527669383558],[37.748647728758,49.4526561604893],[37.748647859912005,49.4526560448626],[37.7486536190113,49.4526508486675],[37.7487460628406,49.4525706947477],[37.7487478549795,49.45256913904],[37.7488725285646,49.4524610411748],[37.7488726345658,49.4524609500747],[37.7488792695225,49.452455197914],[37.7489747056399,49.4523756311549],[37.7489760423331,49.4523745140074],[37.749102923977,49.4522687317698],[37.7491030551311,49.4522686243178],[37.7491105731317,49.452262355314],[37.7492085883124,49.4521837494713],[37.7492099789044,49.4521826329034],[37.7493388898426,49.452079251578404],[37.7493390066236,49.4520791587255],[37.7493474453974,49.4520723909783],[37.749447668637,49.4519950526542],[37.7494489586178,49.4519940546303],[37.7495803408213,49.451892673631406],[37.7495804495175,49.4518925895379],[37.7495898036745,49.4518853715144],[37.7496921487348,49.4518093597055],[37.74969346836,49.4518083797813],[37.7498270442495,49.4517091719892],[37.7498272077429,49.4517090516884],[37.7498375581316,49.4517013658661],[37.7499421013694,49.4516266233567],[37.7499433751805,49.4516257111712],[37.7500791447559,49.451528644489],[37.7500792651301,49.4515285592269],[37.7500906243269,49.451520438306005],[37.7501970136026,49.4514472057131],[37.7501979559353,49.4514465574867],[37.7503364060836,49.4513512581842],[37.7503365309494,49.4513511740897],[37.7503489070391,49.4513426542751],[37.7504570552161,49.4512709795015],[37.7504579463449,49.4512703873357],[37.7505987761303,49.4511770516523],[37.7505988776399,49.4511769850774],[37.7506123173349,49.4511680774623],[37.7507222064469,49.451097951764],[37.7507231254235,49.4510973636842],[37.7508660931993,49.4510061265422],[37.7508662189634,49.4510060494551],[37.7508807590946,49.4509967703894],[37.7509923702771,49.450928190862],[37.7509934482554,49.4509275268609],[37.7511383033916,49.4508385220158],[37.7511384677833,49.45083842098461],[37.7511541379951,49.45082879324211],[37.7512672116349,49.4507619023959],[37.7512682437991,49.4507612892002],[37.7514154408433,49.4506742129952],[37.7514155693024,49.45067413707561],[37.7514323543234,49.4506642079584],[37.7515468643694,49.4505989970494],[37.7515477770577,49.4505984767073],[37.7516971848557,49.4505133928173],[37.7516973231963,49.4505133157295],[37.7517153101632,49.45050307180421],[37.7518312458355,49.4504395285842],[37.7518321935581,49.4504390082404],[37.751983581243,49.4503560340684],[37.7519837366516,49.4503559482203],[37.7520029022082,49.4503454449657],[37.7521200029954,49.4502836885864],[37.7521208626831,49.4502832330651],[37.7522745222074,49.450202195182],[37.7522746659378,49.4502021204297],[37.75229503074531,49.450191380037],[37.7524132274771,49.4501314181062],[37.7524141221992,49.4501309625835],[37.752569811916,49.4500519818961],[37.7525700005622,49.4500518867034],[37.75259158797681,49.4500409348682],[37.7527108051948,49.4499827814174],[37.7527119101226,49.4499822400446],[37.7528694539622,49.449905389572],[37.7528696390151,49.4499053013871],[37.7528924696981,49.4498941649731],[37.7530126283505,49.4498378281938],[37.7530136506332,49.4498373475561],[37.7531733064121,49.4497624918271],[37.7531734788886,49.449762411818],[37.7531975681113,49.4497511176895],[37.7533186915543,49.4496965619721],[37.7533196581415,49.4496961257177],[37.753481149178505,49.4496233891434],[37.7534813611809,49.44962329511791],[37.7535067727236,49.4496118479468],[37.7536288690421,49.4495590481933],[37.7536298077816,49.4495586423061],[37.753793018194,49.4494880616969],[37.7537932436711,49.449487965335],[37.753819974839,49.4494764060022],[37.7539427035715,49.4494254825328],[37.7539436926166,49.4494250708044],[37.7541088874074,49.4493565282071],[37.754109074257,49.4493564511174],[37.7541370612697,49.4493448397764],[37.7542602652109,49.4492958247261],[37.7542612335948,49.44929543986131],[37.754428332814,49.4492289621569],[37.7544286184783,49.4492288506101],[37.7544579188279,49.4492171948539],[37.7545817650646,49.4491699936262],[37.7545827469232,49.4491696186886],[37.7547515574331,49.449105283567],[37.7547517478759,49.4491052117331],[37.7547824325294,49.4490935174023],[37.7549068357215,49.4490481387706],[37.7549075391023,49.4490478806353],[37.7550783214143,49.44898558590971],[37.7550784813144,49.44898552809201],[37.7551104873897,49.4489738530053],[37.7552353011119,49.4489303215108],[37.7552360494085,49.4489300587029],[37.755408331907,49.448869970249305],[37.7554085618757,49.4488698931588],[37.7554419639329,49.4488582425733],[37.7555672142363,49.4488165220195],[37.755568090992,49.4488162282579],[37.7557417218617,49.4487583933971],[37.7557419751866,49.4487583122184],[37.7557767435814,49.4487467299367],[37.75590231638,49.4487068343517],[37.7559030727615,49.4487065925673],[37.7560783295818,49.4486509114469],[37.756078537991,49.4486508454525],[37.7561147095542,49.4486393536688],[37.7562404512361,49.4486013023368],[37.7562412776862,49.4486010512075],[37.756417971811,49.4485475787396],[37.7564182305258,49.4485475028167],[37.7564557387822,49.4485361523421],[37.7565815945501,49.4484999324258],[37.7565824883738,49.4484996731196],[37.7567605605142,49.4484484274227],[37.7567607761099,49.4484483666843],[37.756799708196,49.4484371621927],[37.7569257759664,49.4484027205564],[37.7569265395343,49.4484025108918],[37.7571058953673,49.4483535106679],[37.7571061397091,49.44835344584121],[37.75714649742151,49.4483424200395],[37.757272542734,49.4483097917346],[37.7572731419103,49.44830963579991],[37.7574539907433,49.4482628249956],[37.7574542638311,49.4482627560806],[37.7574959797963,49.4482519580285],[37.7576219388705,49.4482211354725],[37.7576226530312,49.4482209602646],[37.7578046759622,49.4481764189035],[37.7578049229989,49.4481763593328],[37.7578480331494,49.4481658106411],[37.7579738466965,49.4481367774903],[37.7579744907886,49.4481366285633],[37.7581588691023,49.4480940798281],[37.758159135902,49.4480940190893],[37.7582025272252,49.4480840065174],[37.7583149154504,49.4480596180938],[37.7583156529672,49.448059456318006],[37.7585085661745,49.44801759433351],[37.7585088230926,49.4480175388508],[37.7585593398526,49.4480065766327],[37.7586672023654,49.4479846352521],[37.7586678383727,49.4479845038456],[37.7588603284734,49.4479453476056],[37.758860697681,49.4479452740179],[37.7589183407762,49.4479335484569],[37.75902105863731,49.4479140336877],[37.7590216739833,49.4479139151297],[37.7592143338657,49.4478773092936],[37.7592146662423,49.4478772485545],[37.7592794015366,49.4478649482913],[37.7593766127251,49.4478477690333],[37.7593771014086,49.4478476820128],[37.7595700972609,49.4478135751961],[37.7595704808415,49.4478135086166],[37.7596423945732,49.44780080009961],[37.7597338574422,49.4477858389704],[37.7597342616841,49.4477857700547],[37.7599277372367,49.4477541208006],[37.759928139682,49.4477540577252],[37.760007188732,49.4477411266766],[37.7600925511419,49.4477282733009],[37.7600929365192,49.4477282154817],[37.7602873292517,49.4476989461226],[37.7602876580351,49.4476988976479],[37.7603736528589,49.4476859508159],[37.7604526093825,49.4476750808008],[37.7604529588272,49.4476750323261],[37.7606484070802,49.4476481247647],[37.7606488014406,49.4476480722018],[37.7607416575966,49.4476352894697],[37.7608140905545,49.4476262457153],[37.7608144516773,49.4476261972406],[37.7610109410777,49.4476016625809],[37.7610114836601,49.4476015977532],[37.7611110690959,49.447589162509],[37.7611768365545,49.4475817861627],[37.7611771833042,49.4475817464484],[37.7613751082124,49.4475595484868],[37.7613756750493,49.4475594859951],[37.7614817571013,49.4475475880518],[37.7615407198215,49.4475417190917],[37.7615409794347,49.4475416928101],[37.7617407404993,49.4475218081911],[37.7617413226076,49.4475217527078],[37.761853588662,49.4475105777902],[37.7619056038119,49.4475060532736],[37.7619058535435,49.4475060299122],[37.7621076924114,49.447488473826006],[37.762108560184,49.4474883996536],[37.7622264299291,49.4474781480877],[37.7622714004905,49.44747479631061],[37.7622717193924,49.4474747717811],[37.7624764966496,49.4474595179507],[37.7624773985582,49.4474594531228],[37.7626001488502,49.4474503088819],[37.7626379849916,49.4474479610597],[37.7626382526896,49.4474479429546],[37.7628473562332,49.4474349651025],[37.7628483048542,49.4474349072829],[37.76297460977981,49.4474270701093],[37.7630052243646,49.44742554869641],[37.763005442655206,49.4474255364317],[37.7632210185605,49.4474148298888],[37.7632221010304,49.4474147755735],[37.7633496815637,49.4474084387848],[37.7633730045234,49.4474075691554],[37.7633732443736,49.4474075598108],[37.7635992685839,49.44739912458],[37.7636009969425,49.44739906092],[37.7637252258615,49.4473944248423],[37.7637412347381,49.4473940259457],[37.7637414512321,49.4473940177692],[37.7639893188769,49.4473878240666],[37.7639919599239,49.4473877580705],[37.7641011124174,49.4473850306218],[37.7641098063127,49.447384920239],[37.7641099976539,49.4473849173188],[37.7644338744498,49.4473808092084],[37.7644397745846,49.4473807350358],[37.7644772046875,49.4473802602144],[37.7644785090413,49.4473802602144],[37.76447871565381,49.4473802590463],[37.764843072333,49.4473800487933],[37.7644983375546,49.4472780549413],[37.7644428890436,49.4472616516637],[37.7640133272512,49.4471345631626],[37.7622588878569,49.4466899269041],[37.7605067948621,49.4463622301648],[37.7576026403633,49.446050135940105],[37.7550821033216,49.4458532603618],[37.7506556996749,49.4457271418311]]]},"properties":{"OBJECTID":2204,"GlobalID":"7edcd616-534b-4288-8113-3ac437e5bf7c","Shape__Are":4293275.345703125,"Shape__Len":14407.748726266338,"CreationDa":"2026-08-07","Creator":"mdorazio_understandingwar","EditDate":"2026-08-20","Editor":"mewert_understandingwar","Area_KM":1.816750293668646}},{"type":"Feature","geometry":{"bbox":[36.226174833021,50.3281356045085,36.2303736143545,50.3297929866723],"type":"Polygon","coordinates":[[[36.2267217336542,50.3297832092563],[36.2303044216198,50.3288903024939],[36.230356355023,50.32884892917511],[36.2303702573503,50.32881342984571],[36.2303736143545,50.328770188102],[36.2300838591664,50.3281795648201],[36.2300313912656,50.3281433699385],[36.2299653552107,50.3281356045085],[36.2298356088393,50.328145391439],[36.226266324636,50.3290806837535],[36.2262019854988,50.3291295273791],[36.226174833021,50.3291589947882],[36.2261825944651,50.3292287158039],[36.2264940529505,50.3297395463316],[36.2265506270504,50.329780783539306],[36.2265958096143,50.3297929866723],[36.2267217336542,50.3297832092563]]]},"properties":{"OBJECTID":2208,"GlobalID":"6780b125-5709-47a5-8e15-1edf51943fe2","Shape__Are":63316.35546875,"Shape__Len":1173.3667884170202,"CreationDa":"2026-08-07","Creator":"jthompson_understandingwar","EditDate":"2026-08-20","Editor":"mewert_understandingwar","Area_KM":0.025834950604351}},{"type":"Feature","geometry":{"bbox":[35.795786491693,47.4897580180362,35.8568107144197,47.5584302765563],"type":"Polygon","coordinates":[[[35.7965134263872,47.5562943786244],[35.796378375464,47.5563433671975],[35.7958127781948,47.5565492827529],[35.795786491693,47.556626329009],[35.7958212591894,47.5567607094024],[35.7958971165253,47.556907887677404],[35.7959887761253,47.5570635976642],[35.7961531318896,47.5572235732375],[35.7962953630469,47.5574134099609],[35.7964578655869,47.5575271365862],[35.796459075617506,47.5575279834864],[35.7968525125591,47.5577192297936],[35.7971871646469,47.5577717155585],[35.7978460573482,47.5576955433455],[35.7986630885739,47.5574245579055],[35.7997004639623,47.5570181622935],[35.8005174736284,47.5567471624378],[35.8016110045018,47.5563361917236],[35.8025540711584,47.5561307766945],[35.8031159152664,47.5560851919851],[35.8035126445335,47.5561454453693],[35.8037467149538,47.5562118653879],[35.8039933617881,47.5562959002917],[35.8044328185234,47.5565399327274],[35.80459459522461,47.5566635198873],[35.8065298070951,47.558315014521],[35.8125352540769,47.5584302765563],[35.8154302430649,47.5570135052066],[35.8167158984248,47.5549316519903],[35.818895931753,47.5535728531264],[35.8262939318169,47.5514037636443],[35.8341900018917,47.5495794031517],[35.8491580437694,47.5461889842937],[35.8547286459666,47.543756844786],[35.8568107144197,47.54049992075401],[35.8553833318574,47.5388559497797],[35.8488208737039,47.5404285760522],[35.8420086353924,47.541828206283],[35.837331241557,47.5416306262271],[35.8360510201063,47.5401915110431],[35.8379459245699,47.5347315742924],[35.8410101408861,47.5242081532109],[35.8435875565566,47.5197051301947],[35.8498405621627,47.5113566699124],[35.8539201092103,47.504483201706],[35.8540630599181,47.5042023912653],[35.8540075098975,47.5035081536122],[35.8540352849078,47.5028701966985],[35.8539698947416,47.5023860605058],[35.8543191210965,47.4985167691071],[35.8543358845581,47.4946490795655],[35.8548946483429,47.4916740297177],[35.855126159463,47.4908983317934],[35.8554017257612,47.489975005343],[35.8559081617824,47.4897580180362],[35.8526338250297,47.490778384560706],[35.8517658440561,47.4910488665272],[35.8517652385916,47.4910490486261],[35.8517652718292,47.4910490783689],[35.8431842246722,47.4937230415838],[35.8337759207666,47.4966534824228],[35.8335516410845,47.4967233274686],[35.825763027484,47.4993685903375],[35.8218391692549,47.5006160323974],[35.8178801743219,47.5018067763437],[35.8222245195623,47.50368830413],[35.8240996763612,47.504895251928],[35.8264506833424,47.5069266703584],[35.828788149119,47.5094123545508],[35.8320708060679,47.5152177404202],[35.8304609927394,47.5196657667089],[35.8265054895579,47.525944596389],[35.8228033409308,47.53222663818661],[35.8208761061001,47.5353496363523],[35.8140734986267,47.5397611477533],[35.8060806251986,47.5462974884672],[35.8020036572142,47.5498565650861],[35.8045510691542,47.5514354669868],[35.8054235111615,47.5520795869597],[35.8055513809523,47.5524068131804],[35.8055407251364,47.5526872904789],[35.8054394948853,47.5529461917813],[35.8052370352815,47.55321587930301],[35.805007936138,47.5533453291115],[35.8028504244724,47.5540404067168],[35.8018728364577,47.5543553499033],[35.8015775287827,47.5544504890734],[35.8012122827714,47.55458349277],[35.7966486722448,47.5562451359898],[35.7965134263872,47.5562943786244]]]},"properties":{"OBJECTID":2211,"GlobalID":"6ec321c2-ad9f-40ca-a46f-d320c0da2997","Shape__Are":26900544.6328125,"Shape__Len":35745.840186945105,"CreationDa":"2026-08-07","Creator":"jthompson_understandingwar","EditDate":"2026-08-28","Editor":"eornelas_understandingwar","Area_KM":0.014713341793012}},{"type":"Feature","geometry":{"bbox":[36.900740885784,48.1685429639118,36.9426636530078,48.1946999608197],"type":"Polygon","coordinates":[[[36.9163779470712,48.1699961165086],[36.9142813546566,48.1685429639118],[36.9112180141978,48.1691129779921],[36.907085599499105,48.1695683931316],[36.9027504260577,48.1696132971484],[36.9019450891004,48.1696607449504],[36.9020910545543,48.16975803805991],[36.9024119040277,48.1701085250174],[36.902550200564,48.1703704664949],[36.9024616913557,48.1707320182083],[36.9023178620955,48.1714366668095],[36.9021076509292,48.1723146970948],[36.9019167140155,48.1726447039449],[36.901633097914,48.1729689432009],[36.9012009193292,48.1735273527101],[36.9008767865134,48.174058737366],[36.9008252950813,48.1747043833965],[36.900740885784,48.1753376396477],[36.9007499452936,48.1753405557963],[36.9013390739316,48.1755301596097],[36.9013481334413,48.1755330757473],[36.9022115653463,48.1757977972123],[36.9023511635414,48.1760537965432],[36.9030272526923,48.1766003362296],[36.9041846852234,48.1772774306603],[36.9062033568721,48.1780562711431],[36.9064199164325,48.178344169035604],[36.9061169685861,48.178576389469406],[36.9044792526866,48.1797101198385],[36.9039571284872,48.1799684716366],[36.9034503951237,48.1800205011141],[36.9020146770939,48.1795495995346],[36.9021890562602,48.1796677913523],[36.9021890885996,48.179667817109],[36.9023585458965,48.1797891120343],[36.9023585782358,48.179789136593],[36.9025230148485,48.1799134681159],[36.9025230471879,48.17991349267461],[36.9026823355558,48.1800407655337],[36.9026823687934,48.1800407918892],[36.9028363912371,48.1801709138184],[36.90283642177981,48.1801709407728],[36.9029850713998,48.1803038123187],[36.9029851019425,48.180303838674],[36.90312825746621,48.1804393651756],[36.9031282871106,48.1804393927289],[36.9032658506216,48.1805774711398],[36.9032658793677,48.180577499891],[36.9033977466615,48.180718025369],[36.903397773611,48.1807180547191],[36.9035238413813,48.1808609254174],[36.9035238683308,48.1808609559654],[36.9036440512377,48.1810060640483],[36.9036440745939,48.1810060939972],[36.9037582765177,48.1811533340259],[36.9037583007722,48.1811533651726],[36.9037782873889,48.18118094923341],[36.9038122751477,48.1812278580354],[36.9038663510329,48.1813024963407],[36.903866442661,48.1813026239224],[36.9038664642206,48.1813026556681],[36.9039173951039,48.1813781390168],[36.9039311554974,48.1813985394656],[36.9039424760667,48.1814153179138],[36.9039645279103,48.1814480044858],[36.9039683709031,48.1814536995218],[36.90396845624301,48.1814538277021],[36.9039684760059,48.1814538600466],[36.9040163068032,48.1815302536103],[36.9040587306408,48.1815980110919],[36.9040618280319,48.1816029544023],[36.9040641717365,48.1816066985717],[36.9040642462967,48.1816068219598],[36.9040642696529,48.1816068614919],[36.904065691686,48.1816093148781],[36.9040680515602,48.1816133944709],[36.9040902327612,48.18165172801291],[36.9041089653298,48.1816840999747],[36.9041319738792,48.181723863205],[36.9041351826614,48.181729407869],[36.9041381192541,48.181734482341],[36.904153684363,48.181761382066],[36.9041537589232,48.1817615120424],[36.9041537768895,48.18176154438671],[36.904195291632,48.1818395630925],[36.9042121601964,48.1818712658883],[36.9042189469684,48.1818840215127],[36.9042368342223,48.1819176325919],[36.9042369060876,48.1819177667606],[36.9042369222572,48.1819177997038],[36.9042591573571,48.1819635081005],[36.9042701904654,48.1819861879842],[36.9042752354041,48.1819965578957],[36.904313562924,48.1820753381283],[36.904313628501,48.1820754722966],[36.904313645569,48.1820755064377],[36.9043487301707,48.1821549454103],[36.9043838210607,48.1822343914474],[36.9043838507051,48.1822344489479],[36.9043838794512,48.1822345148339],[36.9043839037057,48.1822345441831],[36.9047178057002,48.1824757529744],[36.9047178362429,48.1824757799277],[36.9051835704969,48.1830079481132],[36.90518359385311,48.1830079786599],[36.9052314381251,48.1830774124575],[36.90523149382071,48.1830774951132],[36.9052315234651,48.1830775418316],[36.9052315414314,48.1830775747741],[36.9056621587443,48.183958848449],[36.9056621758123,48.1839588813909],[36.9056621946769,48.1839589161297],[36.9056622261179,48.1839589832114],[36.9056622476775,48.18395901435651],[36.9065219641505,48.1849420986531],[36.9065219919983,48.184942128000706],[36.9069979948943,48.185376773111],[36.9069980263353,48.1853768006616],[36.9082970162873,48.1865628951806],[36.9082970477283,48.1865629215327],[36.9099301301176,48.1878323798978],[36.9099302145593,48.1878324547601],[36.9100247433783,48.187671559825],[36.9101126588002,48.1875090072222],[36.9101938943497,48.1873449155189],[36.910268399721,48.1871794074762],[36.9103361039473,48.1870126082521],[36.9103969639095,48.1868446412094],[36.9104509445733,48.1866756303116],[36.9104979956329,48.1865056977267],[36.9105380748676,48.1863349764049],[36.9105711688027,48.1861635879187],[36.910596466259406,48.185997507686004],[36.9106152078112,48.1858310412095],[36.9106273638136,48.1856642992863],[36.9106329315717,48.1854974046935],[36.910631906594,48.1853304682312],[36.9106242924736,48.1851636090861],[36.9106100954989,48.1849969356655],[36.9105837245554,48.1849315412726],[36.9105804933154,48.184920629322],[36.9105640496541,48.1848651052515],[36.9105511552365,48.1847979360491],[36.9105451158628,48.1847303349268],[36.9105459486011,48.1846626193185],[36.9105536417732,48.1845950952805],[36.9105681756162,48.1845280724638],[36.9105894737732,48.1844618593236],[36.9106174401247,48.1843967589259],[36.9106519516012,48.184333066552],[36.910692842913,48.1842710786826],[36.9107399370917,48.1842110786228],[36.9107930023722,48.1841533382992],[36.9108006039162,48.1841461977181],[36.9108175443458,48.1841302868325],[36.9108177338903,48.1841299622061],[36.9108174895485,48.1841301916008],[36.9108175641087,48.1841300628283],[36.9108174688873,48.1841301532685],[36.9108287669986,48.184110773905],[36.9108797580691,48.1840415828811],[36.9109119707568,48.1839978720166],[36.9110479316734,48.1838133815711],[36.9110947401879,48.1837254640869],[36.9111479554871,48.1836391803808],[36.9112074464167,48.1835547400929],[36.9112734555222,48.1834718886788],[36.9113455075944,48.1833913077519],[36.9114234274622,48.183313190784],[36.9115070246825,48.1832377282533],[36.9115960971345,48.1831651034511],[36.9116904283242,48.1830954936798],[36.9117897900795,48.183029067258],[36.9118939389569,48.1829659865149],[36.9120026234281,48.1829064029988],[36.9121155793886,48.1828504634663],[36.9122325319538,48.1827983014967],[36.912353197256,48.182750045877604],[36.9124772824445,48.1827058134169],[36.912604484787,48.1826657107397],[36.912734497958105,48.182629834887],[36.9128670021575,48.1825982745138],[36.9130016784832,48.182571106295],[36.9131381990502,48.1825483949252],[36.9132762332784,48.1825301967127],[36.913415442503,48.1825165553863],[36.9135554925508,48.1825075050904],[36.9136960411635,48.1825030649944],[36.9138367460831,48.1825032494743],[36.91397726684801,48.1825080549364],[36.9141172620985,48.182517472395],[36.9142563913731,48.1825314766912],[36.9143943160069,48.1825500360763],[36.9145307018266,48.1825731026286],[36.9146652191505,48.1826006230346],[36.9147975373986,48.1826325284069],[36.9149273376689,48.1826687426694],[36.9150543037546,48.1827091777662],[36.9151781275333,48.1827537342602],[36.9152985089679,48.1828023055263],[36.9154151543092,48.1828547711628],[36.9155277796897,48.182911005976],[36.915636113818,48.1829708721936],[36.9157398916912,48.183034226054],[36.9158388626793,48.1831009106182],[36.9159270754436,48.1831665325531],[36.9159312094905,48.18316960338511],[36.9159312786608,48.1831696596867],[36.9159327788473,48.1831707695466],[36.9159328138816,48.1831707994942],[36.9160092784786,48.1832336481908],[36.9160198597343,48.183242338388204],[36.916020058262,48.1832425048968],[36.91602143088781,48.1832436231405],[36.9160884793439,48.1833046545291],[36.9161030401364,48.18331789255161],[36.9161033168175,48.183318157887],[36.9161045789504,48.1833193054776],[36.9161046112898,48.1833193366231],[36.9161618564313,48.18337721744171],[36.9161812753128,48.1833968534334],[36.9161820379825,48.1833976242824],[36.9161820712201,48.1833976560268],[36.916394794076,48.1835749563974],[36.9166181610697,48.1837026100803],[36.9167777108474,48.1837806198424],[36.9170648950572,48.1838586300846],[36.9173839910191,48.1839224566126],[36.9176711779239,48.1839720982814],[36.9177949576852,48.183995542127],[36.9177952478411,48.1839955972299],[36.9177945561383,48.1839955523091],[36.9177952918585,48.1839956924618],[36.918256619876,48.1840252796554],[36.9190755815812,48.1840824397482],[36.9198937931931,48.1841441822797],[36.9207112062028,48.1842105060354],[36.9215277469482,48.1842814032114],[36.9223433723105,48.184356870195],[36.9231580086275,48.1844369033724],[36.9234453841785,48.184466780796],[36.9239716199669,48.1845214925402],[36.9247841299717,48.1846106376761],[36.9255954910313,48.1847043249806],[36.9264056402635,48.184802558022405],[36.9272145246679,48.1849053218021],[36.9280220858537,48.1850126097042],[36.9288282699223,48.185124415711],[36.9296330112966,48.1852407344025],[36.93043626416241,48.1853615525717],[36.93123796653601,48.1854868647963],[36.9320380618236,48.1856166632575],[36.9328364925329,48.1857509347447],[36.9336332011719,48.1858896750305],[36.9344281383331,48.186032864913],[36.9352212420329,48.1861805073496],[36.9360124592705,48.1863325843343],[36.93610474589461,48.1865054743318],[36.936190696701,48.1866798095196],[36.9362702649772,48.1868554856726],[36.9363433878414,48.1870324015616],[36.9364100338523,48.1872104523653],[36.9364701598909,48.1873895296704],[36.9365237345161,48.1875695274602],[36.9365707253887,48.1877503415169],[36.9366110956775,48.1879318658267],[36.9366448256198,48.1881139889877],[36.9366719098256,48.1882966037917],[36.9366923132607,48.188479605427304],[36.9367060296367,48.1886628830961],[36.936713053564,48.1888463271989],[36.9367133796524,48.1890298305335],[36.9367070061055,48.1892132835038],[36.936693938313,48.18939657891081],[36.9366741834616,48.1895796083592],[36.936647752331,48.189762259862],[36.9366146664808,48.1899444292193],[36.9365749357924,48.1901260080404],[36.9364251264474,48.1904003773825],[36.936281510088,48.1906762184643],[36.93614412624,48.1909534623929],[36.9360130090395,48.1912320498582],[36.9358881791476,48.1915119155633],[36.9357696715986,48.1917930007997],[36.9356575088506,48.1920752390749],[36.9355621751411,48.1923297384564],[36.9354720004562,48.192585071361],[36.935387004559,48.1928411904679],[36.9353664115794,48.1929147998245],[36.9353528560018,48.1929891312743],[36.9353463899283,48.1930638830001],[36.9353470223423,48.1931387603724],[36.9353547694133,48.1932134603801],[36.9353695907172,48.1932876836063],[36.9353914332533,48.1933611312352],[36.93542019730871,48.193433512836],[36.9354557804755,48.1935045343865],[36.9354980354298,48.1935739120465],[36.9355467941868,48.1936413655697],[36.9356018573204,48.1937066290834],[36.9356630047435,48.1937694373146],[36.9357299993008,48.193829540561],[36.9358025679044,48.1938866933125],[36.9358804051271,48.1939406752108],[36.9359632145249,48.1939912641012],[36.9360506682128,48.1940382539977],[36.9361424059662,48.1940814622683],[36.9362380630693,48.1941207116704],[36.9363372478564,48.1941558483152],[36.9364395731538,48.1941867308885],[36.9368846308849,48.1941791336048],[36.9368846749024,48.194179131808305],[36.9381500184554,48.1943420470995],[36.9384837740244,48.1944209975846],[36.9389654390017,48.1945349364243],[36.9396630661598,48.1946999608197],[36.9426636530078,48.1924062439636],[36.9410976163797,48.182915904837],[36.9367283105507,48.1775565740776],[36.9243186535342,48.1753465498349],[36.9163779470712,48.1699961165086]]]},"properties":{"OBJECTID":2214,"GlobalID":"8a5e1a1c-4292-4ae6-9a78-af7109c45503","Shape__Are":8824125.076171875,"Shape__Len":17103.569282462475,"CreationDa":"2026-08-07","Creator":"nkramer_understandingwar","EditDate":"2026-08-20","Editor":"mewert_understandingwar","Area_KM":3.926257002200857}},{"type":"Feature","geometry":{"bbox":[37.6434869791302,49.66320695187,37.6446214390446,49.6639822047096],"type":"Polygon","coordinates":[[[37.6435169918438,49.6635379979933],[37.6435227114173,49.6636716555911],[37.6435422785208,49.663755707226],[37.6436092694848,49.6638471280558],[37.6437164591594,49.66392941875],[37.6439322344907,49.6639618230784],[37.6441502906444,49.6639822047096],[37.6443610084606,49.6639710664193],[37.644498059932,49.6639271034067],[37.64459897397601,49.6638006396771],[37.6446214390446,49.6636353576412],[37.6445969788178,49.6635302931056],[37.6445766903671,49.6633486164909],[37.6445430556462,49.6632841320319],[37.6444194088356,49.6632184124646],[37.6442322125068,49.66320695187],[37.6440570248567,49.66321798450941],[37.6438510357722,49.6632276065225],[37.6437161555289,49.6632445270269],[37.6436002899252,49.6632704031765],[37.6434869791302,49.6633218048143],[37.6435017267722,49.66342803795],[37.6435169918438,49.6635379979933]]]},"properties":{"OBJECTID":2217,"GlobalID":"cae76e8f-5ec8-4431-be28-4895e73b6097","Shape__Are":14384.802734375,"Shape__Len":440.59137241847316,"CreationDa":"2026-08-08","Creator":"nkramer_understandingwar","EditDate":"2026-08-20","Editor":"mewert_understandingwar","Area_KM":0.006033216231625}},{"type":"Feature","geometry":{"bbox":[35.3819425406318,50.665232991724,35.4082578451587,50.7088707480948],"type":"Polygon","coordinates":[[[35.3916147776527,50.7087005009271],[35.3919311059053,50.708703453932],[35.3944650089801,50.7085648314573],[35.3993640010264,50.7082324766022],[35.4039549490837,50.7081239941314],[35.4045900004974,50.7081089888565],[35.4069724700732,50.708125162605],[35.4082578451587,50.7081338686998],[35.4082578218025,50.7081338499269],[35.4054509476624,50.7057318445241],[35.4036446440351,50.7028847342739],[35.4027372081559,50.7003121624078],[35.4029742448133,50.6979964287332],[35.4036619545707,50.6966200833919],[35.4039834193901,50.6961580031179],[35.4040410067896,50.6957569078042],[35.4040621127073,50.6957471432964],[35.4041439052122,50.6957093080859],[35.4044665055021,50.6954310082943],[35.4045554548849,50.6953357592113],[35.4045555087838,50.6953356920655],[35.4045913973777,50.6952841047062],[35.4046182830558,50.6952684699547],[35.4048531062644,50.6950170078534],[35.405092206352,50.6948532076596],[35.4052897054588,50.6948056081624],[35.4053947319902,50.6948171380238],[35.4054095631755,50.6948085142431],[35.4056384916392,50.694460217447705],[35.4055010053832,50.694425108624],[35.4055344047455,50.6943617080468],[35.4055733044923,50.6943300082951],[35.4055567054224,50.6942525077833],[35.4056762047114,50.6940833075046],[35.405741442164,50.6939460763776],[35.4057708053957,50.6938843083261],[35.4057952737074,50.6938145063354],[35.4057855018337,50.6937177715895],[35.4058552200829,50.6936033982706],[35.4058598059825,50.6934104062843],[35.4059293041444,50.6932624060536],[35.4060656046242,50.6931038060571],[35.4062686041155,50.692971706702],[35.4064160041788,50.6928572058011],[35.4065052041916,50.692770006016],[35.4065358035051,50.6926009062358],[35.4065024050412,50.6924300064543],[35.4063801048052,50.6922574062392],[35.406280005533,50.6920565071498],[35.4062883041696,50.6915791067306],[35.4063523055403,50.6911228064852],[35.4064023048708,50.6908726065868],[35.4065064043408,50.6906519075129],[35.4065787043482,50.6903559068196],[35.406584305344,50.6902060069888],[35.4066551042664,50.6900192070258],[35.406753404213,50.6898049057365],[35.406804504878,50.68970020555691],[35.406793504109,50.6896463065703],[35.4068132041632,50.6895827066083],[35.4068565047565,50.6895080067764],[35.4068663044779,50.6894494067725],[35.4068609729767,50.6894333825164],[35.4068532312956,50.6894068286895],[35.4068413753305,50.6893755689218],[35.406823432381,50.6893234770405],[35.4057869777657,50.6876577885365],[35.4040505253384,50.6865026408795],[35.4036527612121,50.686204941863906],[35.4020882849577,50.6852917167349],[35.4018611234802,50.6851960014145],[35.4014753033539,50.6848524039403],[35.4014534159019,50.6848419080692],[35.401394602302,50.6848137044948],[35.4012083033902,50.6846058047028],[35.4010053038989,50.6843520047948],[35.4010192035313,50.6842780041083],[35.4009636032051,50.684249804179],[35.4008690043174,50.6839943045116],[35.4007828028811,50.6838234046805],[35.4007910431272,50.683784509160006],[35.4006025415463,50.6833769047965],[35.4005881038231,50.6833653038218],[35.4005848662947,50.6833386856584],[35.4004768034577,50.6831050130982],[35.4004018031146,50.6830234039019],[35.4001932035259,50.6826516038581],[35.4001459036328,50.6823521045363],[35.4002433043659,50.6821477040467],[35.4004099723938,50.6819420253937],[35.4004518033433,50.6818904045213],[35.4006020034554,50.6817477047387],[35.400671503414,50.6817124042572],[35.4006799412895,50.6817107695218],[35.4006823424863,50.68170093834],[35.4007530318143,50.6815744174724],[35.4006743025644,50.6814111042496],[35.4006566030584,50.6812528039999],[35.400631602944,50.6810202036822],[35.4006307028322,50.68097260380941],[35.4006288037936,50.6808775040994],[35.400598924929,50.6808111617574],[35.4005716026696,50.6807608459759],[35.4005404392141,50.680719585697],[35.400483602806,50.68065310424431],[35.4004867190618,50.6806345143977],[35.4004975024384,50.6805702043661],[35.4005364039818,50.6805174037157],[35.4006505025993,50.6804575043538],[35.4005976026089,50.6803552041815],[35.4005782034903,50.6802989048957],[35.4007089038726,50.68027070485191],[35.4007867033661,50.6802125042842],[35.4008396033565,50.6800856048586],[35.4009870043182,50.6798900048796],[35.4011947028967,50.6796846043575],[35.4013854026552,50.6795650043672],[35.4014366030331,50.6794641042501],[35.401827903781,50.67913880422],[35.4020835041237,50.6789419041554],[35.4023431028678,50.6786591047034],[35.4026597033099,50.6783214050609],[35.4027679026909,50.6782379039314],[35.4028406033468,50.6780958032689],[35.4028190024575,50.678018604959],[35.4029243029751,50.6778743052118],[35.403066803627006,50.67773950459501],[35.4033401025774,50.677293304881],[35.4037472037928,50.6767949046216],[35.4040382031476,50.6765332038279],[35.4042820032208,50.6764372036581],[35.4043276978244,50.6764248854058],[35.4044865514076,50.6760858524061],[35.4043633914839,50.6750836879552],[35.404201399187,50.6747167174191],[35.4041037738752,50.67449555864881],[35.4040450519034,50.674362534180204],[35.403022786178,50.6733686435583],[35.4026918081998,50.6728769991226],[35.4026164503273,50.6727650600159],[35.4025900093152,50.6720276292018],[35.4023240513972,50.6715349801022],[35.4009651617821,50.6701101478335],[35.4001993722569,50.669236504338706],[35.3993077215739,50.6682897883066],[35.3988999538085,50.6674219008692],[35.3987106958461,50.6664687358609],[35.3990479898792,50.665232991724],[35.3986101168737,50.6658379384341],[35.3978037369724,50.66695196996411],[35.3967133196597,50.668710977008004],[35.3953141334175,50.67035622942911],[35.39335101987431,50.6720754049563],[35.3907497961539,50.6739977429455],[35.3891805821846,50.6752215896473],[35.3890228865298,50.6760991851788],[35.3894411852452,50.6767996715812],[35.3905922819587,50.6781779783211],[35.392223902789,50.6793143033873],[35.3932789525307,50.6811477625653],[35.3935484039968,50.6816334063987],[35.3935490921063,50.6816698123223],[35.3935511034342,50.6817762067076],[35.3936401031226,50.6819136060588],[35.394026703885,50.6822396057435],[35.394463304876,50.6825286071179],[35.3946274037222,50.6828211066258],[35.3946135040898,50.6829832054296],[35.3944689040751,50.6832528063196],[35.3942186028943,50.6833849051531],[35.3940684036804,50.6835911062453],[35.3938376031278,50.6838043055422],[35.393690204861,50.6839699058997],[35.39376810496581,50.6840968073433],[35.3945319074176,50.6853250065493],[35.395074252694,50.6859531892872],[35.3959159929798,50.6870976542017],[35.3964374182898,50.6877880036895],[35.3968196298837,50.68895346156321],[35.3967415752686,50.6897193842457],[35.3965138774969,50.6914262385049],[35.3965503329278,50.692523607162],[35.3961283385433,50.6936135826167],[35.39563287185,50.6944864241435],[35.3951014294263,50.6953416350385],[35.3945244433159,50.6964063698964],[35.3929934706283,50.6995057595221],[35.3927430562597,50.7007856857688],[35.3923393794222,50.7014849308947],[35.3917094367275,50.7019297990876],[35.3911280255161,50.7022939453551],[35.3902559095972,50.702637631859],[35.3891040376376,50.7029450806392],[35.385520640003,50.7034600134454],[35.3839752080326,50.703762825174],[35.3829815859884,50.7040792675593],[35.3824228868822,50.7045240587992],[35.382105362972,50.7051188242035],[35.3819425406318,50.7056686384367],[35.382042836635,50.7064841105174],[35.3822245981563,50.7071056184553],[35.3824777784377,50.7075468061186],[35.3828282839936,50.7078620254733],[35.3831916660007,50.7080921455335],[35.3837935165798,50.7083510290377],[35.3844298498894,50.7085088129113],[35.3857432811579,50.7086941745217],[35.3868538728352,50.7088040721568],[35.3881077125627,50.7088433161299],[35.3890823783578,50.7088707480948],[35.3916147776527,50.7087005009271]]]},"properties":{"OBJECTID":2219,"GlobalID":"187c282e-6f5c-48d2-8a08-1baafad20958","Shape__Are":8946741.060546875,"Shape__Len":20228.99150205377,"CreationDa":"2026-08-08","Creator":"nkramer_understandingwar","EditDate":"2026-08-20","Editor":"mewert_understandingwar","Area_KM":3.595229354232714}},{"type":"Feature","geometry":{"bbox":[37.6854066983703,49.0661058617995,37.7343188723409,49.1088331731284],"type":"Polygon","coordinates":[[[37.7137181223405,49.0704970907802],[37.7115093977205,49.0706664510639],[37.71146604233,49.0706983130514],[37.7094007571013,49.071673144048006],[37.7085154098966,49.0721083950475],[37.7074649433595,49.0726248271659],[37.7058508315924,49.0733380671816],[37.7048916464647,49.0736535765634],[37.70442928628291,49.0737604160029],[37.7044292701132,49.07376038599071],[37.7045016258161,49.0737435650306],[37.7044292323839,49.0737602930117],[37.7044292189092,49.0737602659419],[37.7044292000446,49.0737602335758],[37.7043202370956,49.0735518278093],[37.7042068984528,49.0733444345302],[37.7042068795882,49.0733443998099],[37.7042068607236,49.0733443686205],[37.7042068454522,49.0733443427274],[37.70420683018081,49.0733443150689],[37.7040891598618,49.0731380154999],[37.7039671156456,49.0729327343291],[37.70396709947591,49.0729327078473],[37.7038585991593,49.0727569196015],[37.7038585802947,49.0727568884117],[37.7038585389722,49.0727568213243],[37.703858495853,49.0727567530598],[37.7038026646598,49.0726693033057],[37.7037468370598,49.0725818581055],[37.7037468101104,49.0725818174998],[37.7037467840592,49.072581779248104],[37.7037467571098,49.072581733346],[37.7036689998371,49.0724645627859],[37.7035912416661,49.07234738665301],[37.7035912263948,49.0723473625249],[37.7035912066318,49.0723473319233],[37.7035105900216,49.0722309823462],[37.7034299680215,49.0721146230807],[37.7034299446653,49.0721145930674],[37.7034299213091,49.0721145601118],[37.7034298997495,49.0721145283331],[37.7032630637366,49.0718836362667],[37.7032630394821,49.0718836044878],[37.7032630062444,49.0718835603505],[37.7032629766,49.0718835173903],[37.7032629469556,49.071883477961],[37.7031767212648,49.0717689286905],[37.7030904982688,49.0716543791558],[37.7030904713194,49.0716543450228],[37.7030904362851,49.0716543002968],[37.7030904012508,49.0716542543939],[37.7030903698098,49.0716542120219],[37.7030013602398,49.0715405885231],[37.7029123542632,49.07142696653],[37.7029123102457,49.0714269106223],[37.7029122832963,49.0714268770776],[37.7029122563468,49.0714268441215],[37.7029122060412,49.0714267823288],[37.7028204350501,49.0713141105086],[37.702728658669,49.0712014313709],[37.7027286317196,49.0712014007686],[37.7027285939903,49.0712013530997],[37.7027285535662,49.0712013060193],[37.7027285032605,49.0712012471688],[37.7027284430734,49.0712011783137],[37.7026313289029,49.0710864768124],[37.7026313073434,49.0710864479756],[37.7025341401724,49.070971676177],[37.7025341177145,49.0709716455746],[37.7025340925617,49.0709716155607],[37.7025340620189,49.0709715831928],[37.7025340305779,49.0709715449398],[37.7025339685942,49.0709714731419],[37.7025339102036,49.0709714078175],[37.7025337961176,49.0709712765803],[37.7024338702203,49.0708576968348],[37.7023338266438,49.0707439861804],[37.7023337664567,49.0707439190902],[37.7023337206426,49.0707438667128],[37.7023336730319,49.0707438149239],[37.7023336065565,49.070743740183],[37.7023335589458,49.0707436913367],[37.7021278438475,49.0705185173653],[37.7021277710839,49.070518439093],[37.702127717185,49.0705183802418],[37.7021276614894,49.0705183196249],[37.7021276102855,49.0705182648932],[37.7019161881901,49.0702952632884],[37.70191610734171,49.0702951779536],[37.7019160705108,49.0702951420541],[37.7019160372731,49.0702951067432],[37.7019159896624,49.0702950584849],[37.7019159106107,49.0702949760927],[37.7018074489216,49.0701846669554],[37.7016989081808,49.0700742787116],[37.7016988857229,49.0700742569365],[37.7016988479936,49.0700742175057],[37.7016988084678,49.0700741810176],[37.7016987285177,49.0700740998021],[37.7016986395845,49.070074014467],[37.7015874820512,49.0699649513234],[37.7014762526527,49.06985583379651],[37.7014761924656,49.069855777887],[37.7014761798892,49.0698557466954],[37.7014761403633,49.0698557072645],[37.7014760999391,49.0698556660681],[37.7014760190908,49.069855588971805],[37.7014759265643,49.0698554995166],[37.701475825953,49.0698554059418],[37.701361999525,49.0697476070524],[37.7012480697908,49.0696397125883],[37.7012479808576,49.0696396307836],[37.7012479341452,49.069639588998406],[37.7012478892294,49.0696395430936],[37.7012477984996,49.0696394595233],[37.7012476889051,49.0696393600628],[37.7012476368028,49.0696393112154],[37.701015691796506,49.0694272075205],[37.7010144691894,49.0694260940294],[37.7010144422399,49.0694260663687],[37.7010143982225,49.0694260251719],[37.7010143730696,49.0694259980997],[37.7010143254589,49.0694259545488],[37.7010142796449,49.0694259127635],[37.7010141853217,49.0694258286042],[37.7010141026767,49.06942575445],[37.7010139957772,49.0694256596973],[37.7008947812542,49.0693203511111],[37.7007754876794,49.0692149722667],[37.7007754607299,49.0692149457829],[37.7007754131192,49.0692149075286],[37.70077538437311,49.0692148810448],[37.700775354728705,49.0692148598578],[37.7007753304742,49.0692148321969],[37.70077529723661,49.069214812187],[37.700775272982,49.0692147851147],[37.7007752199815,49.0692147392095],[37.7007751912353,49.0692147133142],[37.700775093319,49.0692146320973],[37.7007750654712,49.0692146056135],[37.7006532638001,49.0691106337193],[37.7006532404439,49.0691106095896],[37.700531316602,49.0690065327193],[37.7005312896525,49.069006505646904],[37.7005312429402,49.0690064697465],[37.7005312052109,49.0690064344346],[37.7005311638884,49.0690063997113],[37.700531136939,49.0690063791127],[37.7005311090912,49.0690063538059],[37.7005310291411,49.0690062890675],[37.7005310039883,49.0690062667033],[37.7005309384113,49.0690062149126],[37.7005309087669,49.0690061884287],[37.7005308611562,49.0690061501742],[37.7005308369016,49.069006126633],[37.7005296987362,49.0690051832179],[37.70028315610651,49.0688017500321],[37.7002818571425,49.0688006830212],[37.7002818319897,49.0688006577142],[37.7002817789891,49.06880061769401],[37.700281752938,49.0688005935641],[37.7002817116155,49.0688005641374],[37.7002816819711,49.06880053883051],[37.7002816433435,49.0688005088153],[37.7002816154957,49.0688004829199],[37.7002815589019,49.0688004393684],[37.7002815301558,49.0688004152385],[37.7002814870367,49.0688003828692],[37.7002814636805,49.0688003552081],[37.7001544508825,49.0686990373264],[37.7000273527445,49.06859763390041],[37.7000272179972,49.0685975267869],[37.7000271389454,49.0685974655792],[37.7000270616903,49.0685974090798],[37.7000269395195,49.0685973096172],[37.7000268056704,49.0685972054464],[37.6998973575397,49.06849732730031],[37.69976777556,49.0683973453707],[37.6997676201514,49.0683972253089],[37.6997675635576,49.0683971841112],[37.6997675051671,49.0683971429136],[37.699767393776,49.0683970546329],[37.6997672922663,49.0683969781229],[37.6997670874505,49.0683968162749],[37.6997670613993,49.0683967950876],[37.6996351968005,49.0682983831785],[37.6995031049278,49.0681998021634],[37.6995029953333,49.068199723299],[37.6995029378412,49.0681996791584],[37.6995028731625,49.0681996420804],[37.6995027545848,49.0681995443827],[37.6995027276354,49.0681995226067],[37.6995026018712,49.06819943197151],[37.6995023889705,49.06819929013321],[37.6993680827507,49.06810230798911],[37.6992335609352,49.068005189113705],[37.69923348907,49.0680051349678],[37.6992334621206,49.0680051137802],[37.6992334145098,49.0680050784677],[37.6992333812722,49.068005052571806],[37.6992333040171,49.068004999602906],[37.6992331351338,49.0680048830715],[37.6992329923017,49.0680047841963],[37.6992329132499,49.0680047288733],[37.6992328871988,49.0680047018003],[37.6992310555339,49.0680034187771],[37.6990005613067,49.0678420389104],[37.6989867685739,49.067832515668],[37.6989591678368,49.0678135021362],[37.6989590447676,49.0678134185628],[37.6989589675124,49.067813366770906],[37.6989588902573,49.0678133138018],[37.6989587366454,49.0678132096293],[37.6989585740503,49.0678130966287],[37.6989583755227,49.067812963029],[37.6986814940909,49.0676258300772],[37.6986799732431,49.06762480306231],[37.6986798654452,49.0676247265511],[37.698679776512,49.0676246659308],[37.6986796947653,49.0676246153157],[37.6986795474416,49.0676245305649],[37.698679360592,49.0676243981417],[37.6986791629627,49.0676242651301],[37.6986778352527,49.0676233917259],[37.6983974315267,49.0674400171256],[37.698396138851,49.0674391731457],[37.6983959726626,49.0674390654412],[37.698395888221,49.0674390130603],[37.6983958082709,49.0674389583252],[37.6983956384894,49.0674388529748],[37.6983955082336,49.0674387794062],[37.6983953357571,49.0674386669932],[37.69825153703971,49.0673476618611],[37.6981075685407,49.067256561217],[37.698107452658,49.067256486471],[37.698107370013,49.0672564452724],[37.6981072864697,49.0672563940684],[37.6981071148915,49.0672562751809],[37.6981069181604,49.067256167476],[37.6981067304125,49.0672560491771],[37.6979607272294,49.0671666557564],[37.6978145300101,49.0670771350473],[37.697814372805,49.0670770402901],[37.6978142937532,49.0670769890859],[37.6978142012268,49.0670769308191],[37.6978141329548,49.0670768855005],[37.6978140548014,49.0670768366505],[37.6978140071907,49.067076805457205],[37.69777048112021,49.0670491092873],[37.6977268795912,49.0670213412983],[37.6977268005395,49.0670212936255],[37.6977267259793,49.0670212447754],[37.6977266487242,49.0670211971025],[37.6977265741641,49.0670211635549],[37.6977264969089,49.0670211147049],[37.6976815056863,49.0669944249326],[37.6976364354118,49.0669676874729],[37.6976363680382,49.066967650394],[37.6976363042578,49.0669676139036],[37.6976362395791,49.06696757800171],[37.6976361614257,49.066967532683],[37.6976360554244,49.0669674726503],[37.6976352837716,49.0669670324112],[37.6975440338034,49.0669166167604],[37.6975432127432,49.0669161771093],[37.6975431426746,49.0669161400303],[37.697543057334705,49.0669160911802],[37.6975429809779,49.0669160529241],[37.6975429055194,49.0669160129023],[37.6975428462306,49.066915984063],[37.6974827309717,49.0668853538518],[37.6974225510342,49.0668547000796],[37.6974224854572,49.0668546659433],[37.6974224091004,49.0668546259215],[37.6974223345403,49.0668545917852],[37.6974222509969,49.0668545505862],[37.6974221423008,49.0668545035018],[37.6974212529687,49.066854073267],[37.69729880630721,49.0667971869057],[37.6972979106869,49.0667967890412],[37.6972978325335,49.0667967531392],[37.6972977453969,49.0667967113516],[37.6972976537687,49.0667966725069],[37.6972975702254,49.0667966354278],[37.6972974669191,49.0667965918745],[37.6972335347187,49.0667695835721],[37.697169496517,49.0667425334673],[37.6971694030922,49.0667424963882],[37.6971693006843,49.0667424534235],[37.6971692018696,49.0667424145786],[37.6971691039532,49.0667423763224],[37.6971689961554,49.0667423321806],[37.6971033077486,49.0667172025258],[37.697037508849,49.0666920269507],[37.6970374297972,49.0666920004656],[37.6970373309825,49.0666919633864],[37.6970372339645,49.0666919268958],[37.69703714503131,49.0666918962908],[37.6970370695728,49.0666918703942],[37.6969697138928,49.0666686476437],[37.69690228275431,49.0666454001629],[37.6969021884312,49.0666453677922],[37.6969020878199,49.0666453354215],[37.6969019863103,49.066645304816404],[37.6969018668343,49.0666452642059],[37.69690172579881,49.0666452194754],[37.6968329723402,49.066623996627],[37.6967640778462,49.066602733159],[37.6967639628618,49.0666026990225],[37.696763903573,49.0666026819543],[37.6967638335044,49.0666026631204],[37.6967637140285,49.0666026266297],[37.6967636089256,49.06660259602461],[37.6967634831614,49.0666025607111],[37.6966933507889,49.0665833413014],[37.6966230899572,49.0665640865706],[37.6966229758712,49.0665640583198],[37.696622912989106,49.0665640418401],[37.6966228501071,49.0665640241833],[37.6966227225463,49.0665639929896],[37.696622590494,49.0665639588531],[37.6966224296955,49.0665639211853],[37.6966213085981,49.0665636333796],[37.6964808372404,49.0665298264918],[37.6964796586508,49.0665295616396],[37.6964795265984,49.0665295316231],[37.6964794619197,49.0665295180862],[37.696479397241,49.0665295027836],[37.6964792669853,49.0665294727671],[37.6964791160684,49.0665294386306],[37.6964789804227,49.0665294109682],[37.6964777569173,49.0665291372877],[37.6963353505886,49.0664994679575],[37.6963340147938,49.0664992078138],[37.6963338854363,49.0664991848599],[37.6963338225543,49.0664991689688],[37.6963337596722,49.066499156609],[37.6963336294165,49.0664991360094],[37.69633349556751,49.0664991054042],[37.6963333078196,49.066499073621905],[37.6962599900211,49.0664860999792],[37.6961864844747,49.0664730974936],[37.6961863461341,49.0664730745397],[37.6961862841503,49.066473063357],[37.6961862149801,49.0664730551172],[37.6961860955041,49.0664730345175],[37.6961859481804,49.0664730103866],[37.6961857487544,49.0664729780157],[37.6961116467267,49.0664621414313],[37.6960373425779,49.0664512742393],[37.6960372132205,49.0664512577596],[37.6960371395587,49.0664512465769],[37.6960370641002,49.0664512353943],[37.6960369203697,49.0664512177374],[37.6960367667578,49.066451199492],[37.6960365960779,49.06645117830381],[37.6960352459101,49.066451001147],[37.6958882554784,49.0664339252191],[37.6958868900392,49.0664337851415],[37.6958867481054,49.0664337727817],[37.6958866708503,49.0664337627762],[37.6958865882052,49.0664337545363],[37.69588643189841,49.0664337398223],[37.6958862612185,49.0664337209883],[37.695886171387,49.066433713337],[37.6958108189043,49.066427190311],[37.6957353891665,49.0664206596328],[37.6957352301647,49.066420649627304],[37.6957351556045,49.06642064256461],[37.6957350801461,49.0664206360904],[37.6957349328224,49.0664206266734],[37.6957347953801,49.0664206190221],[37.6957346157171,49.0664206066623],[37.6957331415817,49.066420503075506],[37.6955845934714,49.0664119895324],[37.6955831489804,49.0664119259677],[37.6955829791988,49.0664119194935],[37.6955829073336,49.066411918905],[37.69558283457,49.0664119141965],[37.6955826989244,49.0664119059566],[37.6955825453125,49.0664119012481],[37.6955823647512,49.0664118959511],[37.6955807531735,49.066411828855],[37.695432332624,49.0664076318219],[37.6954307174531,49.0664076065138],[37.6954304883827,49.06640760121671],[37.6954303177028,49.066407595919706],[37.695430238651,49.0664075976854],[37.695430156006,49.066407594154],[37.6953479915986,49.0664097847805],[37.6952658191063,49.0664119777612],[37.6951013564424,49.066413294962],[37.6950018258038,49.0664120395601],[37.6949019699752,49.0664107800382],[37.6948025507277,49.0664072757421],[37.6947028350362,49.0664037655602],[37.6946036457575,49.066398016489],[37.6945041896791,49.0663922562345],[37.6944053462518,49.0663842694495],[37.6943062638726,49.0663762620635],[37.6942078803827,49.0663660516881],[37.69410930106,49.0663558136482],[37.6940115023734,49.0663433790913],[37.6939135312102,49.0663309239315],[37.6938164296162,49.0663162852009],[37.6937191860883,49.0663016270433],[37.693622898368,49.0662848029691],[37.6935264983582,49.0662679565239],[37.6934311385975,49.0662489665246],[37.6933356952935,49.0662299553297],[37.6932413811719,49.0662088176457],[37.6931470077614,49.066187663473],[37.6930538470765,49.066164405173],[37.6929606585439,49.0661411374451],[37.6928687635853,49.06611578442],[37.6928327986345,49.0661058617995],[37.6864039226588,49.0693363608131],[37.6864289326546,49.0693347970969],[37.6868467768225,49.0693048086946],[37.6870553611399,49.06928791148281],[37.6872639454573,49.0692710142653],[37.6874721479906,49.0692522160967],[37.6876803541173,49.0692334202751],[37.6880959246492,49.0691920337777],[37.6885105771029,49.0691468630031],[37.688510668731,49.0691468577064],[37.6885525392065,49.0691446024623],[37.6885944105802,49.06914235016081],[37.6885945075982,49.0691423454526],[37.6885946046163,49.0691423442756],[37.688678630333,49.0691422683553],[37.6886787201645,49.0691422701208],[37.6886788090977,49.0691422742406],[37.6887205133848,49.069144444148],[37.6887625841845,49.0691466346538],[37.6887626686261,49.0691466399505],[37.6887627548644,49.0691466487785],[37.6888040944355,49.0691510150766],[37.6888457232641,49.0691554137435],[37.688845807705704,49.0691554249256],[37.6888458903507,49.0691554361076],[37.6888865930162,49.0691619758428],[37.6889275166673,49.0691685538316],[37.6889275948207,49.0691685685448],[37.6889276765674,49.0691685838465],[37.6889674782227,49.0691772593513],[37.68900742899831,49.0691859678122],[37.68900750176191,49.0691859860566],[37.6890075763221,49.0691860031239],[37.6890462245405,49.0691967643711],[37.689084955404,49.0692075462146],[37.6890850093029,49.0692075615163],[37.68908506320181,49.0692075809377],[37.6891223055569,49.06922035847851],[37.6891595631833,49.0692331424898],[37.6891596089974,49.0692331589686],[37.6891596566081,49.06923317839],[37.6891952352832,49.0692478915929],[37.6892307726359,49.069262587724204],[37.6892308220432,49.0692626089112],[37.6892308705522,49.0692626306867],[37.6892645573754,49.0692791906807],[37.6892981642485,49.0692957112379],[37.6892982118592,49.0692957394872],[37.6893297885397,49.0693140403338],[37.6893612196932,49.0693322617225],[37.6893612529309,49.0693322805554],[37.6893612852702,49.0693323011538],[37.6893905272293,49.0693522239668],[37.6894195922204,49.06937202612391],[37.6894196236614,49.0693720496649],[37.6894196560008,49.069372073206],[37.6894463781855,49.0693934949796],[37.6894728919611,49.0694147501911],[37.6894729207072,49.0694147731436],[37.6894969668107,49.0694375761688],[37.6895207766574,49.0694601584864],[37.689520841336,49.0694602096881],[37.6895986659824,49.0695260903676],[37.6896764897304,49.0695919697826],[37.6896765606973,49.069592033343206],[37.6896765975282,49.0695920639464],[37.6896766334608,49.0695920957267],[37.6897516975843,49.0696593110018],[37.6898268021319,49.0697265626744],[37.6898268515393,49.0697266079906],[37.6898269009466,49.0697266550724],[37.6898991973607,49.0697951996356],[37.6899715324023,49.069863778827],[37.6899715674366,49.0698638135498],[37.6900410260727,49.0699336238301],[37.6901104972852,49.0700034457828],[37.6901105332178,49.0700034816824],[37.6901105718453,49.0700035199362],[37.6901771298214,49.0700745329515],[37.6902436886957,49.0701455458654],[37.6902437183401,49.070145579999405],[37.6902437497812,49.0701456141334],[37.6903073711645,49.0702177898543],[37.6903709817681,49.0702899537001],[37.6903710033277,49.0702899790063],[37.6903710248873,49.0702900066665],[37.6904316575756,49.0703632903511],[37.6904922678062,49.0704365445019],[37.6904922920607,49.0704365745161],[37.6904923208068,49.0704366104155],[37.6905499117996,49.0705109390831],[37.6906074722498,49.0705852282092],[37.6906075000976,49.0705852629313],[37.6906075288436,49.0705853017731],[37.6906620475983,49.0706606359841],[37.6907165447933,49.0707359288851],[37.6907165663528,49.0707359612532],[37.6907166013872,49.0707360536493],[37.6907166220484,49.0707361030841],[37.6907946146797,49.0709334843724],[37.6908152498801,49.0709857073735],[37.6911791574017,49.0719621881699],[37.6911791762663,49.0719622417231],[37.6917671811119,49.0735399964769],[37.691799129695006,49.0736257216401],[37.6918296167191,49.0737075262338],[37.6920776541455,49.0743730501555],[37.6920814001202,49.0743830958801],[37.6920808943687,49.07438548446841],[37.6920807120107,49.0743863336265],[37.6920687940618,49.0744426163593],[37.6920482945071,49.074578082927],[37.6920213782862,49.0747130659969],[37.6919880768403,49.0748474355229],[37.6919484207121,49.0749810655796],[37.6919024575122,49.0751138172967],[37.6918502159869,49.0752455771089],[37.6917917545265,49.0753762061488],[37.6917271234368,49.07550558085],[37.6916563999728,49.0756335829432],[37.6915796380334,49.0757600794493],[37.6915806612145,49.07576693078251],[37.6915809109462,49.0757685990405],[37.69159009622,49.0758301115285],[37.6915901061014,49.0758301491892],[37.6915929322013,49.0758420347021],[37.691601971948,49.0758800579674],[37.6916038584101,49.0758879914424],[37.6916066386959,49.07589968393],[37.6916066494757,49.0758997245331],[37.6916208581285,49.07594306438861],[37.6916292052742,49.0759685259697],[37.6916292187489,49.075968564807305],[37.691630042504,49.0759705272828],[37.6916310477188,49.0759729246215],[37.69163258383801,49.0759765759434],[37.6916326170756,49.0759766571493],[37.6916326512116,49.0759767365898],[37.6916329557405,49.0759774697964],[37.6916331919974,49.0759780282339],[37.6916336734944,49.0759791751196],[37.691633712122,49.0759792680944],[37.6916339977862,49.0759799477522],[37.6916346400817,49.0759814818368],[37.6916346939806,49.0759816130608],[37.6916349733566,49.0759822738882],[37.6916368202928,49.075986663712],[37.6916368903614,49.0759868243584],[37.6916430887369,49.0760015826371],[37.6916506830943,49.076019655638],[37.691657731276,49.0760364352245],[37.6916921008188,49.0761031280669],[37.6916921250733,49.0761031733774],[37.6917141014584,49.0761389526966],[37.6917247698507,49.0761563236313],[37.6917249198694,49.0761565690134],[37.6917254471804,49.07615742284881],[37.691727215963304,49.0761603003505],[37.6917322240709,49.0761684491521],[37.6917322420373,49.0761684803397],[37.6917627173833,49.0762109290542],[37.6917779653869,49.0762321678148],[37.6917779950313,49.0762322095944],[37.6917993964946,49.0762580782313],[37.6917997162949,49.0762584648396],[37.6918133446361,49.0762749454155],[37.6918288064387,49.0762936332416],[37.6918291765446,49.076294078694104],[37.6918291990025,49.0762941087048],[37.69188030775231,49.076318387333],[37.6918850086362,49.0763206193021],[37.6919159942253,49.076335336879005],[37.6919605371886,49.0763564949695],[37.6920876470047,49.076422512438],[37.6921763619272,49.0764728178196],[37.692210298482,49.0764920604722],[37.6922439161349,49.0765128460123],[37.6923070138004,49.076551854992],[37.6923282679401,49.0765649972429],[37.6923285050953,49.0765651555336],[37.6923287296741,49.0765653067631],[37.6923296899732,49.0765659540486],[37.6923921219871,49.0766080228791],[37.6924350156436,49.0766369270848],[37.6924358699414,49.0766375031681],[37.6924412634264,49.0766411361995],[37.6924413397832,49.0766411926898],[37.6925164173814,49.07669635189],[37.6925491996011,49.0767204379019],[37.6925492597882,49.0767204832117],[37.6925492921275,49.0767205079262],[37.6926160360548,49.0767740105829],[37.6926518357155,49.0768027069733],[37.692651894106,49.0768027593443],[37.6926519381235,49.0768027922969],[37.6927041419196,49.0768485268956],[37.6927489741405,49.0768877998202],[37.6927490397175,49.0768878592524],[37.6927490756501,49.0768878933818],[37.6927510950628,49.076889831695],[37.6927511956741,49.0768899281987],[37.6927515370339,49.0768902565468],[37.6927523518059,49.0768910362265],[37.6927723240496,49.07691019810121],[37.692796939685,49.0769338197327],[37.6928094262675,49.076945801485],[37.6928207073109,49.0769566257795],[37.6928404289246,49.0769755510775],[37.692840472942,49.0769755981524],[37.6928405259426,49.07697564699261],[37.6928428193416,49.076978067231806],[37.6928488829697,49.0769844588282],[37.6928492943981,49.0769848966249],[37.6928493815347,49.0769849890094],[37.6928502421208,49.07698589108241],[37.6928503957327,49.0769860505486],[37.6928627035504,49.0769990290994],[37.6929260338796,49.077065801265],[37.6929260877785,49.0770658589317],[37.6929261111347,49.0770658830575],[37.692926146169,49.0770659171868],[37.6929305416257,49.0770710336325],[37.692934605604,49.07707575876821],[37.6929374649416,49.0770790851928],[37.6929433489067,49.0770859310482],[37.6929690748598,49.0771158553218],[37.6929784173387,49.0771267254772],[37.6929883050951,49.0771382270204],[37.6930056273087,49.0771583779579],[37.6930057243267,49.07715849505641],[37.6930224680253,49.0771800935334],[37.693022883047,49.0771806295968],[37.6930233950867,49.0771812904083],[37.693024125417004,49.0771822319028],[37.6930253372443,49.0771837941951],[37.6930386924977,49.0772010253056],[37.6930402888039,49.0772030824701],[37.6930432936686,49.077206962014],[37.693055215210705,49.0772223377854],[37.6930677494039,49.0772385085256],[37.6930790735663,49.0772531163819],[37.6930791355501,49.0772531940551],[37.693079158008,49.0772532264189],[37.6930791768726,49.0772532540753],[37.6930857076247,49.0772626619444],[37.6930862403257,49.0772634280843],[37.6930863571066,49.0772635963761],[37.6931062817397,49.0772923089598],[37.6931063518082,49.0772924048743],[37.6931063985207,49.07729246783661],[37.6931067120327,49.0772929179876],[37.6931067740164,49.0772930127253],[37.693106798271,49.0772930421469],[37.6931070884268,49.0772934616995],[37.6931071225628,49.077293509362505],[37.6931071818516,49.0772935958621],[37.6931075825002,49.0772941754683],[37.6931080783702,49.0772948904141],[37.6931088751759,49.0772960384463],[37.693109533641,49.0772969864114],[37.6931096261675,49.0772971199856],[37.6931102235471,49.0772979802741],[37.6931102837342,49.0772980679506],[37.6931104014136,49.077298234477],[37.6931104714822,49.0772983321569],[37.6931105298726,49.077298418068004],[37.6931110446073,49.0772991600816],[37.6931112377451,49.0772994389987],[37.6931182032818,49.077309475305],[37.693122537653,49.0773157197506],[37.6931253538714,49.0773197769923],[37.6931434378564,49.0773458245345],[37.6931441430339,49.0773468436989],[37.6931446739383,49.0773476104259],[37.6931450368576,49.0773481311883],[37.6931452524533,49.0773484424689],[37.6931456315424,49.0773489879454],[37.69314579593411,49.07734922626041],[37.693145849833,49.0773493027565],[37.6931459073252,49.0773493845486],[37.6931459962584,49.07734951400361],[37.6931461381922,49.0773497170127],[37.6931461696332,49.0773497634988],[37.6931462037692,49.0773498123387],[37.69314622712541,49.0773498452909],[37.693146248685004,49.0773498811852],[37.69314628012601,49.0773499235524],[37.6931463124654,49.0773499700385],[37.6931515559317,49.0773584775884],[37.6931530282704,49.0773608654452],[37.6931535906158,49.0773617798684],[37.6931573500653,49.0773678777879],[37.69315946919101,49.0773713148182],[37.6931670383956,49.0773836024495],[37.6931692949636,49.0773872601405],[37.6931699408523,49.0773883075488],[37.693170168126,49.0773886782607],[37.6931705786561,49.0773893437768],[37.6931712802403,49.077390480626704],[37.693174143171206,49.0773951286474],[37.69317886651291,49.0774027900252],[37.6931796749967,49.0774041057579],[37.6931818201736,49.077407586918],[37.6931842662861,49.0774115511799],[37.69318547002861,49.0774135135983],[37.6932069496453,49.0774483604877],[37.6932069730016,49.0774483981473],[37.693206997256,49.07744843874901],[37.6932070358836,49.0774484993574],[37.6932095817091,49.0774532026852],[37.6932245916592,49.0774809489564],[37.6932247066436,49.0774811590261],[37.69322495727351,49.0774816232977],[37.6932257343162,49.0774830649525],[37.6932257971983,49.0774831802848],[37.6932258196562,49.0774832250055],[37.6932259427254,49.0774834527281],[37.6932264350022,49.0774843600879],[37.6932277833734,49.0774868556214],[37.6932322650684,49.0774951413096],[37.6932323369336,49.0774952589957],[37.6932323692729,49.0774953160734],[37.6932324016123,49.077495379623905],[37.6932324240702,49.077495420814],[37.6932325399528,49.077495636768],[37.6932326109198,49.0774957673995],[37.6932334212001,49.0774972620125],[37.6932334364715,49.0774972884919],[37.6932338577814,49.0774980652199],[37.6932345638572,49.0774993721235],[37.6932348782675,49.0774999540811],[37.693234987862,49.0775001565011],[37.6932435011959,49.0775158946547],[37.6932611503963,49.0775485125006],[37.6932611800407,49.0775485689898],[37.6932612123801,49.0775486295981],[37.6932612285497,49.077548663727],[37.6940607372375,49.0796936678535],[37.6940607543054,49.0796937284591],[37.6940607686785,49.0796937619982],[37.6940631555022,49.0796997484231],[37.6940686549884,49.0797135676825],[37.6941036515552,49.0798015275379],[37.6941819828514,49.0799983914962],[37.6941941532268,49.0800289806728],[37.6944695380654,49.0807210958422],[37.694469556031706,49.0807211399716],[37.6944695775912,49.0807211882197],[37.6944695964559,49.0807212329376],[37.6947191673064,49.0814402028855],[37.6947192131205,49.0814403358602],[37.6947140217565,49.0819915670318],[37.694651536742,49.0824457026151],[37.6943868050243,49.0828842729311],[37.6940241991616,49.0833615623573],[37.693321652829,49.0838748456948],[37.6928604667453,49.0841216716665],[37.6924621654264,49.0842866240641],[37.6920297694492,49.084425652121],[37.6916356399066,49.0844841974417],[37.6912040595997,49.0845554409816],[37.6899356509949,49.0847648154758],[37.6890646301224,49.0849085854115],[37.6872461183904,49.0852097640857],[37.6862009941344,49.0856204512044],[37.6855321058789,49.0862501747007],[37.6854066983703,49.0871262870715],[37.6854447294461,49.08715803437],[37.685504411717,49.0872078517546],[37.6861487229646,49.087745655473306],[37.6862371683926,49.0878194793593],[37.6862555326519,49.0878348059574],[37.6864178896648,49.08797032307],[37.6864586201781,49.0880043206869],[37.6864628018358,49.0880078099287],[37.6864727246264,49.08801609445],[37.6866629222265,49.0880628058994],[37.6888138034271,49.0885910310893],[37.6908831535324,49.0885773378428],[37.6931499380658,49.0883257322975],[37.6933000366684,49.0883090698167],[37.693349643435,49.088303563896],[37.693400305722,49.0882967578264],[37.6935545015406,49.0882760442843],[37.6957952403206,49.087975025401505],[37.6969120716959,49.0878223132389],[37.6976973654426,49.0877149339735],[37.6985305861063,49.0876024667663],[37.7004355948203,49.087345327898],[37.7030065965196,49.08708523023],[37.7049714393198,49.0869620294974],[37.7075633403242,49.08707154421631],[37.7076750646944,49.0870938520107],[37.7082905723608,49.087216747668904],[37.7092773456492,49.0874137740237],[37.7098736374534,49.087575185032],[37.7108450324825,49.0878381363679],[37.7132906302665,49.0888100501584],[37.713320417503,49.08882533585821],[37.7148374168963,49.0896039937593],[37.7149485223273,49.0897157340182],[37.7152692684944,49.0900383052308],[37.7153232500565,49.09009259301521],[37.7153602588496,49.0901298135453],[37.7153808473376,49.0901505174898],[37.7153838396258,49.0901535277205],[37.7153894325367,49.0901591522687],[37.7153921211944,49.0901618554165],[37.7154023179712,49.090172110317],[37.7154059750127,49.090175789420805],[37.7154060621493,49.090175875898],[37.715406092692,49.0901759076651],[37.7154066244946,49.09017644123521],[37.715406817632406,49.0901766359559],[37.7154071158731,49.0901769348021],[37.7154193536222,49.0901892422082],[37.7154226576258,49.0901925648132],[37.7154226782871,49.090192591874],[37.7155442823288,49.0903618108861],[37.7156734861178,49.0905416112268],[37.7166096204753,49.0915610367681],[37.7169901899489,49.0919485851335],[37.7176172113222,49.0924090780953],[37.7185688200589,49.0931527851213],[37.719866334977205,49.094642393953706],[37.7208943247675,49.0957905212872],[37.7218039785871,49.0972503935334],[37.722666754722006,49.0988816602468],[37.7221876391635,49.0995060731857],[37.7210893103881,49.100053879502504],[37.7199102706794,49.1005230643537],[37.7187997266128,49.1009240867372],[37.718037268939,49.1011462432888],[37.7170838411139,49.101384758753],[37.7158870183557,49.1016894381005],[37.7152377169667,49.1018354286692],[37.7147912551688,49.1019284508738],[37.7142586718846,49.101938211658],[37.7138352797215,49.101879675743],[37.7131923779306,49.1018115195177],[37.7116395483338,49.1016147514454],[37.7093077464351,49.1012499146335],[37.7084494618767,49.101152103616],[37.7074012051952,49.1012446283512],[37.7067308805335,49.1013122983684],[37.7059432439806,49.1014508917524],[37.705313799851,49.1015445251728],[37.7052485632967,49.1015551494297],[37.7044286179363,49.1016886770426],[37.7038033851086,49.1018005677203],[37.702938523984,49.1019446359186],[37.7016376224171,49.102150517061304],[37.7005310048866,49.1022432704849],[37.7002550352448,49.1022900097179],[37.7001360587753,49.1023094546844],[37.7009194759413,49.1025325460484],[37.7018840329945,49.1028678846172],[37.7029905831514,49.1034816570861],[37.7038636369114,49.1039966191092],[37.7049427165869,49.10501892176101],[37.7057251438094,49.10581313248441],[37.7066364990382,49.1071647623181],[37.7072473219904,49.1078400226972],[37.7080255361143,49.10813612014841],[37.709253891535504,49.1084604911055],[37.7103567747694,49.1086259042464],[37.7122555725315,49.1088331731284],[37.7141126992442,49.1088264757241],[37.7193553705486,49.1083899916614],[37.727745816762,49.1069278283452],[37.7308050519199,49.1063796850658],[37.7336293533766,49.1055341930498],[37.7343188723409,49.104786190152],[37.7341118061763,49.1024613541814],[37.7335732571803,49.0994221854351],[37.7323814110889,49.095997864959],[37.7300668954712,49.091593806574],[37.7265510816886,49.087730850089606],[37.7244433250116,49.0846566953433],[37.723386397791,49.0824770828205],[37.7226740077196,49.0808358927763],[37.7225409833957,49.0798301633389],[37.7223125454122,49.0785557950782],[37.7209770488254,49.0765681918909],[37.7187895136663,49.0746335004001],[37.7163082536639,49.0727695702934],[37.7150441803286,49.0721326492393],[37.7137181223405,49.0704970907802]]]},"properties":{"OBJECTID":2224,"GlobalID":"562a53af-4f6f-445b-a231-d05c50d8a0f0","Shape__Are":16935022.734375,"Shape__Len":27123.830756285875,"CreationDa":"2026-08-08","Creator":"nkramer_understandingwar","EditDate":"2026-08-20","Editor":"mewert_understandingwar","Area_KM":7.270337109756056}},{"type":"Feature","geometry":{"bbox":[37.7547984836269,49.1225834779041,37.8565467077634,49.1589311067799],"type":"Polygon","coordinates":[[[37.7981881601838,49.1225834779041],[37.7942068555907,49.1235324476154],[37.7869766742966,49.1261256376395],[37.77873059992581,49.1288157797888],[37.7644888962609,49.134511229703],[37.7585578827852,49.1366780301598],[37.7547984836269,49.1382827897135],[37.7550652895545,49.1385944941809],[37.7557750277992,49.1394236536778],[37.7582786253095,49.14243273744881],[37.7592367854595,49.143137893492],[37.759675982581705,49.1434611164815],[37.7613644568881,49.1442609507151],[37.7628200357705,49.1448703415201],[37.7649160703313,49.1457844095628],[37.7680601253167,49.1474220808152],[37.7716170280404,49.1491253167131],[37.773533190237,49.1492144374383],[37.7780206981877,49.1495486654647],[37.7780713290337,49.1495524359415],[37.7799605085341,49.1498415678461],[37.7822594311951,49.1503067382349],[37.7843827889137,49.1507489728902],[37.786380187558,49.151257600409],[37.7883566213203,49.1522803268536],[37.7889083306352,49.1528375473952],[37.7896971754221,49.1536342568006],[37.7897527119679,49.1537445861769],[37.7897825504084,49.153803860516],[37.7897858607002,49.1538104366919],[37.78979202314311,49.1538226795516],[37.7900095807318,49.1542548714742],[37.7902284768104,49.1546897163703],[37.7904476989774,49.1547469203521],[37.7923866846704,49.1552528765485],[37.7945425829618,49.1563198800025],[37.798446508473,49.1571582208396],[37.8015929547736,49.1578822315603],[37.8038653888119,49.1581870773632],[37.80607955632421,49.158568130216],[37.8066813565977,49.1586696941543],[37.8105191023236,49.1588657724049],[37.8145153315268,49.1589311067799],[37.8196105228177,49.1584737625826],[37.8253051491179,49.1578857417378],[37.8279026978306,49.1571017028895],[37.8310996806542,49.1557949442875],[37.8361948728434,49.1529852969344],[37.8389887070389,49.1507134864806],[37.8411627557906,49.1495721450071],[37.8447867644626,49.1484111112022],[37.8478838420503,49.1476922721728],[37.8514804485129,49.1471694738146],[37.8558762995584,49.1473655241392],[37.8565467077634,49.1474699344702],[37.8557857017671,49.1456353745717],[37.8519917596911,49.1430598749483],[37.8482488544997,49.1408417722871],[37.846064565852,49.1397882027296],[37.8415270154518,49.1365953630825],[37.8324199930178,49.1305864629602],[37.8263592960527,49.1273797465897],[37.8223635447532,49.1258171549964],[37.8191695452346,49.1247858608602],[37.8129435510708,49.12364649066001],[37.805242197122,49.1226835488732],[37.7981881601838,49.1225834779041]]]},"properties":{"OBJECTID":2226,"GlobalID":"84cb6993-9416-4160-be2e-e1f17d43c4ed","Shape__Are":42379042.4296875,"Shape__Len":26924.384797114948,"CreationDa":"2026-08-08","Creator":"nkramer_understandingwar","EditDate":"2026-08-25","Editor":"NMesplay_understandingwar","Area_KM":25.168900445036876}},{"type":"Feature","geometry":{"bbox":[37.7371060419352,49.0311225673964,37.7892292268209,49.0693112083406],"type":"Polygon","coordinates":[[[37.7621368175896,49.0693112083406],[37.7630966602841,49.0692256040315],[37.7643475481476,49.0685667463585],[37.767840245583,49.0660372426958],[37.769946976383906,49.0648027483096],[37.7707497926685,49.0645633560784],[37.771994757041,49.0647489155142],[37.7747213972532,49.0661814235141],[37.7759696198152,49.0666847405984],[37.7767465664162,49.0666815052928],[37.7785470103328,49.0659112311314],[37.7802864631333,49.0647053216312],[37.7812083133795,49.0636753551361],[37.78055097476361,49.062933519817],[37.7742878882634,49.0527136449581],[37.7742878253813,49.0527136119895],[37.7742878711954,49.0527136166993],[37.7743127024265,49.052714749404],[37.7743181210643,49.0527151197113],[37.7743185351876,49.0527151426715],[37.774472189322,49.0527256225434],[37.7744751259147,49.052725828008],[37.7744752031698,49.0527258350727],[37.7745125245766,49.0527283777704],[37.7745172802577,49.0527288116597],[37.7746840030829,49.05274397423571],[37.7747115094969,49.052746475133],[37.7747142628332,49.0527467901001],[37.7748961393389,49.052767489024],[37.7748961923395,49.0527674955],[37.7749094469815,49.0527690020426],[37.7749104593828,49.0527691427475],[37.7751060908922,49.052795952606],[37.7753012184466,49.0528272773632],[37.7754946005744,49.052862948636],[37.7756860091036,49.0529029246159],[37.7758751916075,49.0529471475977],[37.7758752311334,49.0529471558398],[37.7758760009895,49.0529473548275],[37.7758761626863,49.0529473978042],[37.7760599373322,49.0529950488662],[37.77606163604641,49.052995491584],[37.77606203939,49.0529955940214],[37.7760959256391,49.0530052702308],[37.7760959858262,49.0530052884812],[37.7762455301682,49.053047985410004],[37.7762462137861,49.05304817851011],[37.7762490147332,49.0530490568802],[37.7762617142164,49.0530530260295],[37.7764275396245,49.0531048545421],[37.7766058201741,49.053165549102005],[37.7767808335511,49.0532301909404],[37.7771009203548,49.0533076196259],[37.7779407302258,49.0535107613436],[37.7776813955217,49.053385519752105],[37.7772315560583,49.0531682895866],[37.7769236971222,49.0530196238209],[37.7768245770138,49.0529611144149],[37.7765125265386,49.052776916248],[37.7761830200008,49.0524583306617],[37.7761119929062,49.0523896579787],[37.7760599849429,49.0523057789299],[37.7758567770425,49.0519780431874],[37.7756845655109,49.0515709364829],[37.7757955164316,49.0513056401108],[37.7759149151093,49.0510201425236],[37.785214521967305,49.0376778454342],[37.7855161519851,49.03716207953801],[37.7856723160125,49.0367996724798],[37.7854792815326,49.0364236953192],[37.7852479563638,49.0362122655149],[37.7850096342172,49.0360542069946],[37.7848439911671,49.0358517166574],[37.7848201067603,49.0356515417415],[37.787545061733,49.0335268125575],[37.7891723823281,49.0321630759718],[37.7891781926313,49.0321582128695],[37.7892292268209,49.0319101751768],[37.7891799632108,49.0317115628465],[37.7890896654567,49.0314865029773],[37.7889454553109,49.0313333733146],[37.7886879182004,49.0312093240012],[37.7883467748864,49.0311225673964],[37.787770419393404,49.0311331389883],[37.787322705344,49.0312849835293],[37.7867001683606,49.03154376487941],[37.7866995215735,49.0315443026131],[37.7866994910308,49.0315442920116],[37.7866876341674,49.0315541290629],[37.7833051070168,49.0343619186837],[37.7827891156159,49.0350294195167],[37.782500808512,49.035827381743],[37.7826179039093,49.0364898777385],[37.7834947997638,49.0371148755949],[37.7822781440008,49.0383113773446],[37.7737949853619,49.0466532077315],[37.7720272787492,49.0483024469637],[37.771605253822,49.0486702817006],[37.7699298005957,49.0501305707763],[37.7674179996702,49.0521592088203],[37.7666401799067,49.0526633084541],[37.7650082581408,49.0537209312622],[37.7637432020486,49.0541455797246],[37.7631219541476,49.0543541163431],[37.7623797175508,49.0546032654409],[37.7623796600586,49.0546032878116],[37.7617429557448,49.0546151842897],[37.7617429431684,49.054615068315506],[37.761017278692,49.0546286531857],[37.7589100457328,49.0540047119722],[37.7572107646936,49.0531752182138],[37.75619231052,49.05221713868251],[37.7554300091531,49.0510615476881],[37.7546819523716,49.0493116083654],[37.75456411676251,49.04759698339831],[37.7543864821016,49.0453975545976],[37.7479953182997,49.048922477313],[37.7469037942626,49.049613751785],[37.7418763718767,49.0508813371218],[37.7371060419352,49.0518097336813],[37.7372817802526,49.0522192392702],[37.7372818188802,49.0522193299345],[37.7373333174988,49.0523149548544],[37.7375999958656,49.0528101361157],[37.7376246429421,49.0528559081081],[37.7376262661977,49.0528589194219],[37.7376264108265,49.05285918787921],[37.7376266668464,49.0528596741637],[37.737628523664,49.0528631152444],[37.7376623317598,49.052925888874604],[37.7376623820655,49.052925978949],[37.7376863967279,49.0530108059685],[37.7378222579315,49.0534907208172],[37.7379196802241,49.0538348580751],[37.7379373878149,49.0539261817197],[37.7379751709558,49.0541209782459],[37.7380124905659,49.0543133915201],[37.7380380898566,49.054445378986],[37.7380555773602,49.0545542053903],[37.7380942480366,49.0547948467825],[37.7382330637991,49.0556586164347],[37.7383047277992,49.0561045133707],[37.7383101230808,49.0561297072605],[37.7386218268063,49.057523639971],[37.7386688113906,49.0577161295515],[37.7387077291037,49.05787558558881],[37.7387312604726,49.057971997265],[37.73880621051,49.058329169340404],[37.7388709646689,49.0586377584605],[37.7389181073567,49.0588624211685],[37.7391864943192,49.0601414745425],[37.7392895777947,49.0605660610933],[37.7393141422261,49.060667229565],[37.7393313386756,49.0607380557899],[37.7394602675801,49.061357583765],[37.7394889373124,49.0614953492556],[37.7395097881085,49.0615955428489],[37.7395122773401,49.0616075065219],[37.7395175675189,49.0616329283609],[37.7395181532204,49.0616591083268],[37.7395238494376,49.061912791994],[37.7395382602114,49.0625548978447],[37.7395018703576,49.0628314901222],[37.7415183492186,49.0641078274296],[37.7476839262896,49.0677886808323],[37.7494302260491,49.068698954343],[37.7505504081404,49.0691304077233],[37.7525013351385,49.0692679957063],[37.7607938560028,49.0692258211984],[37.7621368175896,49.0693112083406]]]},"properties":{"OBJECTID":2237,"GlobalID":"123ea6d7-2e48-41e9-9904-579f3b83b31b","Shape__Are":13428125.798828125,"Shape__Len":23888.016931712664,"CreationDa":"2026-08-08","Creator":"nkramer_understandingwar","EditDate":"2026-08-20","Editor":"mewert_understandingwar","Area_KM":5.771722885704978}},{"type":"Feature","geometry":{"bbox":[37.0847007283422,48.3358388831603,37.2034844696778,48.4214911856214],"type":"Polygon","coordinates":[[[37.1872443621539,48.3568288782375],[37.1871608960876,48.3565515712427],[37.187370950947,48.3551445833336],[37.1887008133004,48.3536830865772],[37.190181500095,48.3527756183061],[37.1915957861188,48.352350948042],[37.1938359203327,48.3520832859062],[37.1972307337414,48.3526084537077],[37.2004575127847,48.3529442938756],[37.2029387009219,48.3524139233361],[37.2034844696778,48.3513492196232],[37.2034551612434,48.3490856711188],[37.2031525421804,48.3475763857051],[37.2027466977081,48.3467105572867],[37.2021362242005,48.3462439919938],[37.1996233722461,48.3458422770016],[37.1515297889765,48.3438573416321],[37.1488804119636,48.3438315606099],[37.1478282862382,48.343563818497806],[37.1466754234369,48.3429408591511],[37.1459317073148,48.3418524337084],[37.1451909331753,48.3398763331924],[37.1453703384157,48.3369500368961],[37.1442596083978,48.3358388831603],[37.1402791500177,48.3360065828877],[37.1355561127826,48.33606901465631],[37.1315166090372,48.3379007054425],[37.1256180921169,48.3400760824605],[37.1210543684026,48.3399994549357],[37.1124569683141,48.3400199145899],[37.1071486023147,48.340357556215],[37.1044943914671,48.34052628124811],[37.1052233949815,48.3439256730107],[37.1063094087527,48.3457000261144],[37.1077660108162,48.3480796187467],[37.1113350560675,48.3524814027062],[37.1079730087088,48.3534059057308],[37.1027587960326,48.3547918939772],[37.1026441153068,48.3552058192733],[37.1024098256975,48.356451277117],[37.1025026108866,48.3568950671883],[37.1027063209453,48.3571534882428],[37.1027200238466,48.3571719449208],[37.1030489231233,48.3576149467599],[37.1033544868638,48.3578302918017],[37.1036206747505,48.357989480104905],[37.1036228235206,48.3579926986298],[37.1036289985399,48.3580019477094],[37.10374451469891,48.3581749890527],[37.1037638823764,48.3582040010286],[37.1038024290853,48.3583143298335],[37.1037869331466,48.358682995889],[37.1033736488271,48.3603395173921],[37.103197053517,48.3611348166663],[37.102967314773,48.3623341543265],[37.1027375769273,48.3635334732979],[37.1026056790907,48.3641719355832],[37.102297436574,48.3657785316016],[37.1023713221078,48.3671651530601],[37.1029938078873,48.3706802203673],[37.1030070337833,48.3707430411214],[37.1031096411517,48.3712304062792],[37.1034660621137,48.3729232892091],[37.1036162945651,48.373636821673],[37.1048421742294,48.3759416980654],[37.1049067047079,48.3760630231449],[37.105452627974,48.3770894206263],[37.1055436228207,48.3774256525312],[37.105570800451304,48.3775260742204],[37.1056089914273,48.377667192073],[37.1056140588238,48.3789808511144],[37.1053234565244,48.3794559065765],[37.1045369796965,48.380181329365705],[37.1028420375201,48.3812012407274],[37.0998474621979,48.3830471471798],[37.099847425367,48.3830471704478],[37.098495696223,48.3852353614313],[37.0980186342133,48.386921277901],[37.0974409411288,48.388585101416],[37.0950424366253,48.3921514033926],[37.0915039691279,48.3953211963618],[37.0880042944777,48.3972203939033],[37.0877013592077,48.3978852927012],[37.087156671125,48.3990807761442],[37.0867806749747,48.4005696533376],[37.0847155226967,48.402160200729],[37.0847007283422,48.40265420763],[37.0849561247674,48.4034172024057],[37.0855179976214,48.4042988707911],[37.0860836667558,48.4047899466897],[37.0863640102948,48.4049170461184],[37.0883273591966,48.4053670250173],[37.0902013311175,48.4056054496208],[37.09351350491,48.4056849238427],[37.0976636990648,48.4055789579871],[37.1012951188379,48.4054200084916],[37.1045673867705,48.40539351676141],[37.10676220008,48.4055789579871],[37.1091166377273,48.4058703640058],[37.1107926766552,48.406161768355],[37.1121095655392,48.4068240450825],[37.112952750316,48.4074437509042],[37.1132828138093,48.4077812909896],[37.1135258089919,48.4083727429905],[37.1135889120474,48.4086042314887],[37.1136116160679,48.4092834001793],[37.1135094578571,48.4098937171198],[37.1133562196427,48.4107922257203],[37.11304974411221,48.4116229084744],[37.1126666494744,48.4124027206541],[37.1122580148348,48.413165569186],[37.1120356270048,48.4135427956899],[37.1119933406094,48.4135794386056],[37.1119279836809,48.4136360751272],[37.1117137408755,48.4137725893545],[37.1117109399285,48.4137738909761],[37.1116206278014,48.4138158517065],[37.1146296821693,48.4130851454805],[37.1181310411606,48.4127314853767],[37.1210474819176,48.4126473182183],[37.1221197532616,48.4127779159756],[37.1227993521302,48.413100122378],[37.1232524156471,48.4137015671569],[37.123414225586,48.4140882062594],[37.1237553266791,48.4146768499404],[37.1238996527076,48.4149259155202],[37.1240515021266,48.4152282768924],[37.1241909080823,48.4155058605962],[37.1243527171229,48.4161502338044],[37.1245468879715,48.4170093883587],[37.124676335204,48.4175248731683],[37.1247086979104,48.41804035334731],[37.1247086979104,48.41866321766051],[37.1246763370006,48.4190068634027],[37.1244174407391,48.4195008515405],[37.124287994405,48.4200807432376],[37.1242556325969,48.4205102882235],[37.1243102708274,48.4210182627731],[37.1243276343635,48.4210517853224],[37.1244035887174,48.4211984246042],[37.1244151033227,48.4212175281594],[37.1244471929413,48.4212707681632],[37.1244508481862,48.4212768329559],[37.124454489058,48.4212828739012],[37.1245223567777,48.4213785852004],[37.1246156755661,48.4214574052232],[37.1247174771457,48.4214799252925],[37.1248447279972,48.4214911856214],[37.1249380476839,48.4214911856214],[37.1250907478075,48.4214630359867],[37.1252010330766,48.4213898455518],[37.1252689016946,48.4213053940478],[37.1253028346562,48.42115338480241],[37.1254894713345,48.4200386231319],[37.1255064378153,48.4197233317189],[37.1255488544664,48.4193855203441],[37.1255997557053,48.4190477043397],[37.1255997566037,48.4188337533406],[37.1255997557053,48.4186310624035],[37.1255575151241,48.4185525653106],[37.1255149215048,48.4184734128745],[37.1254984266396,48.41841711143941],[37.125455538373,48.4182707199044],[37.1254300882027,48.418107439912],[37.125464021164206,48.4180342440495],[37.1255488544664,48.417882224426],[37.1256930735954,48.4177470942976],[37.1256930744937,48.4176513767571],[37.125693072697,48.4175218748303],[37.1254385700956,48.4173022873783],[37.1254286706612,48.41724690698751],[37.1253791851671,48.4169700899839],[37.1254385700956,48.4167786523928],[37.1254385700956,48.4166491494354],[37.1255027268749,48.4157289008283],[37.1255027259765,48.41528900414],[37.1257413239059,48.4147347301935],[37.1259666653966,48.4138461180993],[37.1262582827924,48.4127463317963],[37.12680832124081,48.411165245755],[37.1273009474612,48.4103430205118],[37.1277217192386,48.4091947460646],[37.1287873502359,48.4079820931011],[37.1290546708982,48.4076655050454],[37.1292651183215,48.4072929703927],[37.1293426141844,48.4069547746773],[37.1292826552324,48.4065362499903],[37.1289517320515,48.4054932308634],[37.1286893359536,48.4048224005308],[37.1285559576935,48.40448140695181],[37.1284186313377,48.4035332443242],[37.128418945748,48.4025712887243],[37.1285621264245,48.4017717509292],[37.1287292418134,48.4010122108872],[37.1288634662866,48.4003012855556],[37.1287886824375,48.4001768751507],[37.1287784757792,48.4001598958665],[37.128062721517,48.3989691567148],[37.1266560873429,48.3970669163582],[37.1249815261437,48.3943882981201],[37.1247752981072,48.3939800727393],[37.1244426807036,48.3933216562954],[37.1243360596626,48.3931105968227],[37.1239524296289,48.3916549501998],[37.1237880199656,48.3901628688213],[37.1237058133373,48.3892894346522],[37.1241442441966,48.3871098283602],[37.1241935751804,48.3870024696008],[37.124815194984,48.3856496066941],[37.1255634116656,48.3843776465785],[37.1263516231403,48.3834702030742],[37.1282117196833,48.3810468014103],[37.1293201661838,48.3799819849056],[37.1299389041919,48.3796306345683],[37.1390023259953,48.3744836765131],[37.1414226883063,48.3732576438704],[37.1428597672838,48.3727095463556],[37.1443678014906,48.372317094338705],[37.1462197179747,48.3718351502707],[37.1475150517835,48.3714980465933],[37.1572792762895,48.3685429968683],[37.1641054025553,48.3661278612397],[37.1711842374869,48.3634476144489],[37.17422590698781,48.3621982522974],[37.1766785233091,48.3642520427153],[37.1766841171184,48.364295248112306],[37.1767128461395,48.3645171384118],[37.1767381453928,48.3647392103741],[37.1767589288153,48.3649216610747],[37.1767634437479,48.3649612783841],[37.1767667306835,48.36499469643801],[37.1767853105385,48.3651835125363],[37.1768025869381,48.3653591023809],[37.1768071773292,48.365405738557],[37.176810219923,48.3654424698647],[37.1768256089622,48.3656281098285],[37.1768428979381,48.3658366978705],[37.1768440405952,48.3658504664023],[37.1768448149429,48.3658619682263],[37.1768590361722,48.3660729544978],[37.1768725540206,48.3662735291361],[37.1768740299526,48.3662954201362],[37.1768748851488,48.3663119082069],[37.1768855885754,48.3665179993899],[37.1768966989388,48.3667319795018],[37.1768971445032,48.3667405502178],[37.1768973502174,48.3667462121057],[37.1769052652734,48.3669631979488],[37.17691297731,48.3671747519893],[37.1769133815519,48.3671858124792],[37.1769135162992,48.3671922937235],[37.1769180599779,48.3674085048138],[37.1769227384039,48.3676311567862],[37.1769252123642,48.368076536587],[37.1769230096952,48.3682991999616],[37.1769208052295,48.36852190831511],[37.1769151611145,48.36874454467771],[37.1769095169996,48.3689672212447],[37.1769004332354,48.3691898091119],[37.176891347674704,48.3694124300223],[37.1768788260579,48.3696349443311],[37.1768663017462,48.3698574886995],[37.1768503422769,48.3700799049842],[37.1768343801126,48.3703023465551],[37.1768149854856,48.3705246463188],[37.176795586367,48.3707469618213],[37.1767727574807,48.3709691170196],[37.1767499258995,48.3711912837804],[37.1767236645505,48.3714132729339],[37.1766974023031,48.3716352670872],[37.176667711186404,48.3718570669272],[37.1766380191713,48.3720788652044],[37.1766049027783,48.3723004518663],[37.1765717872837,48.3725220327901],[37.1765352483095,48.3727433824101],[37.1764987093353,48.3729647191332],[37.1764587513732,48.3731858102351],[37.1764187952076,48.3734068818785],[37.17637542274911,48.3736276894067],[37.1763320520872,48.3738484721084],[37.1762852696238,48.3740689727982],[37.1762384925503,48.3742894426972],[37.1761883027771,48.3745096156714],[37.176138121987,48.3747297506975],[37.1760845338871,48.3749495685162],[37.1760309520753,48.3751693454066],[37.1759739683436,48.37538878838761],[37.1759169953916,48.3756081820901],[37.1758566312995,48.3758272019107],[37.1757962645124,48.3760462166122],[37.1626169489267,48.3781512599827],[37.1600206371942,48.3785659399935],[37.159132051563,48.3786871878161],[37.1582156190562,48.3788900856987],[37.15694671278481,48.3792334506972],[37.1560302820746,48.3794363487892],[37.1549728598823,48.3795612072829],[37.1535629648237,48.3796236382048],[37.1534534018001,48.3796408695673],[37.153440429229,48.3796429125096],[37.1526700304481,48.3797641010853],[37.1516831026494,48.3797641010853],[37.1510016532513,48.3797641010853],[37.15048469166991,48.3800450310533],[37.1495682591631,48.3803415677199],[37.1483933472131,48.3805288538051],[37.1473359259192,48.38073174613731],[37.1470953993069,48.3807646359585],[37.1465369849667,48.380840994556],[37.1459730262246,48.3810594924797],[37.1455265590368,48.3815745183531],[37.1452680804919,48.3821519650469],[37.1451270908064,48.3827450138953],[37.1452669441231,48.3830143757699],[37.1453101063759,48.3830975073258],[37.1453620712201,48.38319759446291],[37.1458466009248,48.38340735626],[37.1471174134212,48.383681085367904],[37.1475506071024,48.3837743927288],[37.1486098519764,48.3841006452783],[37.1491932062438,48.3843861164825],[37.1503445607738,48.3850386122447],[37.1508051027655,48.385109979328206],[37.1513424013066,48.3850997824173],[37.1517415371603,48.38499783169111],[37.1518643485378,48.384906075326],[37.1522174304619,48.384712365111],[37.1525091071464,48.3844472868427],[37.1529542978282,48.38404966864171],[37.1537218660177,48.3834889192867],[37.1550113841333,48.382489749929],[37.1561473864551,48.3817862431842],[37.1570377687169,48.3812764471652],[37.1578499948541,48.3809448425658],[37.1591160570593,48.3806851192233],[37.16031656560501,48.3805370839024],[37.1664875424493,48.3799331944474],[37.1679599171326,48.379840391972],[37.1707605354051,48.3794845657409],[37.1761273107626,48.378802700817],[37.1767045807406,48.3788163142907],[37.1767614773357,48.3785188832854],[37.1767620531558,48.3785187878187],[37.1769754793926,48.3774154928652],[37.17777721410561,48.3758622579309],[37.1787125714204,48.3751965742935],[37.180449662550004,48.3747083961863],[37.1824540006799,48.3743533575522],[37.1858613734346,48.3735988914886],[37.190864350865,48.3721218330226],[37.1924756841429,48.371646100441005],[37.1945171909661,48.3708570534012],[37.1981316038342,48.36905928802],[37.1959220015602,48.3685014177311],[37.1929290827315,48.3673213514772],[37.190836472548504,48.3659634344689],[37.1892614491743,48.3647405204124],[37.1889977702822,48.3644917014697],[37.188829132248806,48.364279525723205],[37.1886510771764,48.3639902545043],[37.1881822536161,48.3628447404578],[37.1881060028182,48.36254840806671],[37.1879287185002,48.3605930385215],[37.1872443621539,48.3568288782375]]]},"properties":{"OBJECTID":2239,"GlobalID":"ffb92f42-25ec-4013-b987-d2d39cd008fb","Shape__Are":72035809.58984375,"Shape__Len":64002.70075246555,"CreationDa":"2026-08-08","Creator":"nkramer_understandingwar","EditDate":"2026-08-26","Editor":"lhiguchi_understandingwar","Area_KM":33.99429860758231}},{"type":"Feature","geometry":{"bbox":[36.6090532723336,47.9257595869715,36.6125725850542,47.9282484661274],"type":"Polygon","coordinates":[[[36.6090532723336,47.9277627055219],[36.6090789129467,47.9278142494875],[36.6094166273913,47.9280857978352],[36.6102905848565,47.9282484661274],[36.6110917123083,47.9282484661274],[36.6116572601702,47.9281943300976],[36.6119132324154,47.928108571162],[36.6120749156918,47.9279881957715],[36.6122327128563,47.9277767269111],[36.6125725850542,47.9262801469975],[36.6125240311131,47.9261500073317],[36.612159882843,47.9259385303536],[36.6118200106451,47.9258246576375],[36.6105576279393,47.9257595869715],[36.6099507126586,47.9257758547962],[36.609464704327,47.9258979809999],[36.6093226797823,47.9260692857456],[36.6090767551934,47.9268657705388],[36.6090532723336,47.9277627055219]]]},"properties":{"OBJECTID":2253,"GlobalID":"c5769436-38ab-4e18-aac1-dde2b218f7f9","Shape__Are":139390.80859375,"Shape__Len":1372.302881892771,"CreationDa":"2026-08-12","Creator":"lhiguchi_understandingwar","EditDate":"2026-08-20","Editor":"mewert_understandingwar","Area_KM":0.06262909266419}},{"type":"Feature","geometry":{"bbox":[37.5890771973675,49.7158068549108,37.6110203888301,49.7316020046699],"type":"Polygon","coordinates":[[[37.6089486833421,49.7280332387873],[37.6088347059972,49.7276301563424],[37.6087654719399,49.7273697640676],[37.6087457054104,49.7272685292886],[37.6087408365415,49.7271658361701],[37.6107043094109,49.7217649962449],[37.6109254216332,49.721375318091205],[37.6109746762603,49.7211881857917],[37.610834285751,49.7202809001995],[37.6108127154044,49.7202297666825],[37.6107731589892,49.7199036987157],[37.6108530210146,49.71947905148],[37.6110132238674,49.7191094626052],[37.6110203888301,49.7188782595518],[37.6109452106206,49.7187341187031],[37.6108337395753,49.7186285267716],[37.6106807906184,49.7185212584228],[37.6103747274146,49.7183879867917],[37.6102382284072,49.7183462922144],[37.6096651364936,49.7181712382549],[37.6094614030787,49.718076858702204],[37.609234941388905,49.7179189468694],[37.608579243995,49.7172348718092],[37.6082846621588,49.7169280105765],[37.6080064458305,49.7167269626708],[37.6077445959083,49.7165153324889],[37.6074991105957,49.7163566093924],[37.6072858334792,49.7162229426661],[37.6069908851304,49.7161015839121],[37.6067294538232,49.7160105650832],[37.6065484630564,49.7159282144013],[37.6063741755182,49.715880537474],[37.6062669211648,49.7158501977452],[37.606112744211,49.7158155238292],[37.6059049396312,49.7158068549108],[37.60574405855041,49.7158198579975],[37.6055496604279,49.71582852633281],[37.6052815258921,49.7158892057985],[37.6051809756656,49.7159542199255],[37.6050938309983,49.716097249769],[37.6050213513279,49.7163231712547],[37.6049899291576,49.7168852617204],[37.6049480335293,49.7176098741672],[37.6049267901695,49.7181730004137],[37.6048601100226,49.71842761484411],[37.6048057062523,49.7186353488288],[37.6047175851162,49.7188112990259],[37.6045994054524,49.7189353284718],[37.6036305194179,49.7194973329464],[37.6022883564334,49.7207868933668],[37.6015508072457,49.7212926257239],[37.6008077936062,49.721974385051304],[37.6005376558273,49.722133324992],[37.6000987048435,49.7225761764734],[37.5993995388713,49.7231570844294],[37.5990633075453,49.7232318040816],[37.5986615656789,49.723221814715],[37.598198017026,49.7231419014508],[37.5962974684474,49.7224626319423],[37.5960656941209,49.7224326639424],[37.595895726580906,49.7224726214651],[37.5939831369843,49.7231644796255],[37.5935999570066,49.7233139646707],[37.5935346000781,49.723320485245],[37.5934500003378,49.7233065212958],[37.5933815999172,49.7232681208504],[37.5923446656016,49.722526026844],[37.5921730047373,49.7223884146196],[37.5919258117273,49.722228606704],[37.5918022161206,49.7221886547881],[37.5915756223784,49.722179776193],[37.5914108282361,49.7221886547881],[37.5913284302667,49.7222019720971],[37.591074371433,49.722277437166],[37.5909370423823,49.7223307062824],[37.5907928466095,49.722415049705],[37.590758514796,49.7225038316688],[37.590758514796,49.7226813951095],[37.5908546453112,49.7229432998248],[37.591067504711,49.72330730123281],[37.591314697721,49.7236180316855],[37.5915138245751,49.7239287601493],[37.5915756223784,49.7240397344091],[37.5916168218123,49.7241773419531],[37.5916511536258,49.7243193876289],[37.5916786196156,49.7244126052045],[37.5916483957979,49.7245399339747],[37.591130563749,49.7248886393531],[37.5908599947787,49.7250885384824],[37.5904116222642,49.7252784414574],[37.5898704843236,49.7257032220592],[37.5893732784919,49.7260329873658],[37.5891560065674,49.7261474085466],[37.589105343382,49.7262420209553],[37.5890771973675,49.7264057731674],[37.5891166019674,49.7266131919593],[37.5893603562265,49.72690682346921],[37.5895777081011,49.7270452486387],[37.589932838184,49.7272136111879],[37.5902733050666,49.7273336797413],[37.5906646363572,49.7274392208037],[37.5909644895075,49.7275357365253],[37.5910844523271,49.7275460240605],[37.5914951926178,49.7276378046188],[37.592243562013,49.727862405931],[37.5929244643371,49.7281104891087],[37.593518707084,49.728350568059],[37.5939891494084,49.7285666382151],[37.59454625131,49.7287827079901],[37.5950181794479,49.728964525136],[37.5951110562651,49.7289929636724],[37.595583366187,49.7291812882045],[37.5966396547054,49.72946009538631],[37.6046413406065,49.7315720423115],[37.6051357922035,49.7316020046699],[37.6054757272834,49.7316020046699],[37.6059392759363,49.7314921427925],[37.606510986241,49.7312923931292],[37.6075535332305,49.7306672484165],[37.6083515408334,49.7301388477534],[37.6088770579696,49.7297173809193],[37.6091008893923,49.7293022014121],[37.609130084639,49.7286982966577],[37.6089486833421,49.7280332387873]]]},"properties":{"OBJECTID":2254,"GlobalID":"377ded45-a4b8-475a-8075-a00c0c4a624d","Shape__Are":3439747.876953125,"Shape__Len":8791.300813536274,"CreationDa":"2026-08-12","Creator":"lhiguchi_understandingwar","EditDate":"2026-08-20","Editor":"mewert_understandingwar","Area_KM":1.439069758320534}},{"type":"Feature","geometry":{"bbox":[36.7169038177722,47.9704380640311,36.7445383207516,48.0081911002273],"type":"Polygon","coordinates":[[[36.7169038177722,47.9704380640311],[36.7198675593205,47.9715990573444],[36.7212941666367,47.9721514079382],[36.7230817215256,47.9724851168171],[36.7260743681648,47.9726784188978],[36.7268587932406,47.9730396157723],[36.7272225336755,47.9738155892956],[36.7268587932406,47.9744240395612],[36.726383031093,47.9748639609645],[36.725327983148,47.9751072475043],[36.7249208415085,47.9757070251812],[36.7249567615434,47.9760064594777],[36.725519402457,47.976564769946],[36.7265180766263,47.9786915940228],[36.726622260538,47.9792266039029],[36.7268300219986,47.9802934976055],[36.7268338083976,47.9804536937687],[36.7268766939692,47.9822680179605],[36.7268716643019,47.983129034762],[36.7261922100621,47.9850798308176],[36.7247499298391,47.9892205024425],[36.7247499630768,47.9892205252887],[36.7243119732903,47.9904777857582],[36.72258549216261,47.993944030675],[36.7224543587924,47.99507810447],[36.7226942071766,47.9966799359624],[36.72339110669931,47.9978061958335],[36.7244388926636,47.9995477666552],[36.7250762060352,48.0002010193052],[36.7260911855252,48.0006849517084],[36.7269796462907,48.000888379186506],[36.7279795188126,48.000874480414105],[36.7300061737891,48.0005859641831],[36.7317086204914,48.0007424644302],[36.732266981831,48.0009288114112],[36.7327201818918,48.0011410821747],[36.7333848759132,48.0012320550917],[36.7350269585234,48.0016320629374],[36.7355149161992,48.0018890773517],[36.7360278874641,48.002200379271],[36.7361376714733,48.0026319935488],[36.73608209091,48.0031104497849],[36.7358489170083,48.003773468802],[36.7356424886476,48.0043511545906],[36.735674668996,48.00470317985071],[36.7357857852068,48.0048611094868],[36.7359759720272,48.0050394322444],[36.7363745284676,48.0050797386052],[36.7368267799075,48.0050588383468],[36.7372270898594,48.0049487695633],[36.7375155469819,48.0049403316661],[36.73771049667,48.005126445309],[36.7381412118992,48.0057598512548],[36.7389038267782,48.0065303998335],[36.7392636065411,48.0081911002273],[36.7421657317457,48.00447853575071],[36.7438678227152,48.0025338193883],[36.7439765664752,48.0022752448195],[36.7439535749938,48.0022224731993],[36.743893080646,48.0020836157261],[36.7438786510076,48.0020504951772],[36.7386431536491,47.9955716502971],[36.7377144959696,47.994552701201],[36.7374631877773,47.9938962089117],[36.7380628374839,47.9927414004755],[36.7398236046111,47.9913680740752],[36.7411448970366,47.9902707448795],[36.7433985212512,47.9886934018023],[36.74437530976521,47.9879084482355],[36.7445343771475,47.9877280647556],[36.7445383207516,47.9873869124741],[36.7438818669763,47.9755648723779],[36.7438464293367,47.9749476048615],[36.743345724567,47.9740615281044],[36.7411999646619,47.9736720516804],[36.7315590500983,47.9723888031983],[36.7192682752281,47.9707527986149],[36.7169038177722,47.9704380640311]]]},"properties":{"OBJECTID":2258,"GlobalID":"df7f331e-f640-4884-9863-1b641615eebf","Shape__Are":9786467.6640625,"Shape__Len":17882.22735797782,"CreationDa":"2026-08-12","Creator":"mewert_understandingwar","EditDate":"2026-08-20","Editor":"mewert_understandingwar","Area_KM":4.38688834596378}},{"type":"Feature","geometry":{"bbox":[37.8306981840279,48.9586232784951,37.8341511031641,48.960745562323],"type":"Polygon","coordinates":[[[37.8318185044597,48.9605694104688],[37.8318938686205,48.96064716739501],[37.8320424248156,48.9607243573901],[37.8321954070102,48.960745562323],[37.8323075940128,48.9607344018952],[37.832401083481,48.9606931079369],[37.8340593797837,48.959867000408],[37.8341511031641,48.9597701172345],[37.8341511031641,48.95971512970651],[37.8340992595924,48.9596103909409],[37.8329307840715,48.95864940474161],[37.8328390606911,48.9586310749639],[37.8327124970507,48.9586232784951],[37.8325479382671,48.95864940474161],[37.8308099461273,48.9593061644428],[37.8307170252926,48.95935030606281],[37.8306981840279,48.9593803896768],[37.8307071483161,48.9594227281275],[37.8318185044597,48.9605694104688]]]},"properties":{"OBJECTID":2259,"GlobalID":"6b0f0166-defe-49f2-8c67-f39b8c2a5612","Shape__Are":80324.171875,"Shape__Len":1089.6944457062523,"CreationDa":"2026-08-13","Creator":"NMesplay_understandingwar","EditDate":"2026-08-20","Editor":"mewert_understandingwar","Area_KM":0.034660283431292}},{"type":"Feature","geometry":{"bbox":[37.1879455205893,48.4054723711095,37.1906609309622,48.4071364485522],"type":"Polygon","coordinates":[[[37.1900609839131,48.4057511661808],[37.1898953085236,48.4056588675849],[37.189664337291,48.405530627403],[37.1895385471001,48.4054865684334],[37.1894338682167,48.4054723711095],[37.1893044263741,48.4054813378408],[37.189119830668,48.4055119735647],[37.1890083982503,48.4055485876793],[37.188862237862,48.4056421405971],[37.1885178803759,48.4059097717425],[37.1882701115459,48.4061104941773],[37.1879573855376,48.4064347387766],[37.1879455205893,48.40645529519541],[37.1879464386675,48.4064732939073],[37.1879538147343,48.4064950578968],[37.1879792235821,48.4065162774197],[37.1880769360305,48.406573268281],[37.1883037076392,48.4067126567287],[37.1889349519927,48.4070518791496],[37.18906962652181,48.4071183266343],[37.1891333242619,48.4071340322173],[37.1892152209715,48.4071364485522],[37.1892898377339,48.407119534802206],[37.1894026733201,48.4070603363347],[37.1896181432241,48.4069496169884],[37.1897819635926,48.4068644646563],[37.1902863891842,48.4065301756867],[37.1905332408344,48.4063665836724],[37.1906233382642,48.4063053472272],[37.1906569738833,48.406263317086704],[37.1906609309622,48.4062114353387],[37.1906342204555,48.4061628375977],[37.1900694891622,48.405758480384],[37.1900609839131,48.4057511661808]]]},"properties":{"OBJECTID":2260,"GlobalID":"0067d8c5-a01f-4310-a2c3-8c59401f8e24","Shape__Are":50278.662109375,"Shape__Len":844.3803032665032,"CreationDa":"2026-08-13","Creator":"acifolelli_understandingwar","EditDate":"2026-08-20","Editor":"mewert_understandingwar","Area_KM":0.022174666154466}},{"type":"Feature","geometry":{"bbox":[36.8406771956579,50.1996094632791,36.8701495403176,50.2357924285732],"type":"Polygon","coordinates":[[[36.8477371920197,50.2280554462537],[36.8478071644921,50.2280470081925],[36.84786710188451,50.2280751078557],[36.8493137955305,50.22905478189081],[36.8493300855798,50.2290712697527],[36.84932524006721,50.2290994866196],[36.8489530276208,50.2303775200366],[36.8508159044496,50.23147257048001],[36.8508409243269,50.2314829714834],[36.8508883472891,50.2314829714834],[36.855169079231,50.2277777899844],[36.8551848868851,50.2277191358058],[36.855169079231,50.2276786841901],[36.8551659180596,50.2276018272324],[36.8551916943183,50.227478727227],[36.855677933517,50.2270079204939],[36.8565555776681,50.2261581201404],[36.8582168087668,50.2242422278152],[36.8600799380223,50.2215517839921],[36.8582170620917,50.2200377161786],[36.8592763213388,50.2175501357328],[36.8599792422688,50.21398096434851],[36.8595829576678,50.2136935128136],[36.8591199057832,50.2133231125199],[36.8587436760709,50.21252674220921],[36.8587708896341,50.2113389488992],[36.8585989718516,50.2105820607492],[36.8591488468067,50.2102857215365],[36.8600295901455,50.2100501077057],[36.8648629988879,50.2107267535865],[36.8671790075057,50.2105656481304],[36.8701495403176,50.2099212214418],[36.8700488436658,50.2091156762742],[36.8698474521589,50.2079878891602],[36.8693439715949,50.2076656597859],[36.8695917781543,50.206375712655706],[36.8699605383751,50.2044875533004],[36.8681167390679,50.2034647693431],[36.8653711093689,50.2020615709662],[36.8627082612199,50.2000815582201],[36.8585289832095,50.1996094632791],[36.8558247442856,50.2003962853953],[36.8561935045063,50.2055103153412],[36.8568576658268,50.2062478231968],[36.8552107035681,50.20768190782281],[36.8541388732969,50.2100501077057],[36.8564045331396,50.2151086092538],[36.854793396592704,50.2186524627616],[36.8532589501199,50.2195747795136],[36.8531694770193,50.2196285591953],[36.853142661409706,50.2196294196468],[36.8531202196973,50.21961746759],[36.8531100624464,50.2195882225717],[36.8528437694569,50.21882147594],[36.8527994744285,50.2187839148892],[36.8527411468171,50.2187630866481],[36.8508074207601,50.2183653618336],[36.8507610003178,50.218375772018604],[36.8507316873917,50.2184153854214],[36.8498312709482,50.220542537814204],[36.8497814988916,50.2206601166507],[36.8497998909987,50.220707455951406],[36.8498633506853,50.2207313054873],[36.852190926909,50.2211109180959],[36.8523263443448,50.2211330040489],[36.8522487110396,50.2211800146895],[36.8495068560614,50.222840314515],[36.847718322907205,50.2245145097254],[36.8420050026658,50.2298621936823],[36.8406771956579,50.235261711018],[36.8406905949287,50.2353798166722],[36.8407027347614,50.2354665297301],[36.840737132152,50.2355364180002],[36.8407654596261,50.23557006782901],[36.8408160446581,50.2355946586259],[36.8408826439566,50.2356153123114],[36.8433747744723,50.2357924285732],[36.8435516662265,50.2357874974495],[36.8436083211748,50.2357797318767],[36.8436953266034,50.2357629073266],[36.8437681691931,50.2357370226404],[36.8438045895897,50.2357033729294],[36.8438490175687,50.2356308814322],[36.8448244909492,50.2333727455782],[36.8463349317426,50.2306995966111],[36.8461469574728,50.2289860558743],[36.8461529636088,50.2288695313972],[36.8462015921101,50.2288294318823],[36.8477371920197,50.2280554462537]]]},"properties":{"OBJECTID":2261,"GlobalID":"665f9b6c-f5c1-457a-a5f1-5f7eecaf4ad8","Shape__Are":5658684.650390625,"Shape__Len":18498.3865816329,"CreationDa":"2026-08-13","Creator":"mdorazio_understandingwar","EditDate":"2026-08-20","Editor":"mewert_understandingwar","Area_KM":2.319857747548426}},{"type":"Feature","geometry":{"bbox":[36.8826964985371,50.2020473214257,36.9071487555551,50.2250361628997],"type":"Polygon","coordinates":[[[36.8922371188941,50.2211328523108],[36.893438531145,50.2222180557159],[36.8944279284124,50.2222180557159],[36.8975374638364,50.2234388802515],[36.8998693807195,50.2250361628997],[36.9025551242301,50.2244336033221],[36.9026964660552,50.2220824069997],[36.9012830406175,50.2164752396066],[36.9054526455689,50.21606824215831],[36.90700741373,50.2138523059962],[36.9071487555551,50.2110030943179],[36.90474593285,50.2093748969726],[36.9009296847072,50.2102342303359],[36.8993749165461,50.2070681891601],[36.8951346411313,50.2049030692654],[36.8890569121084,50.2020473214257],[36.8836152253411,50.2032234277944],[36.8826964985371,50.2066158803349],[36.8870781166753,50.2085607774671],[36.8885622134747,50.2101890025895],[36.8886328848365,50.213671409044906],[36.890167095052306,50.2168476560319],[36.892095777069,50.2191432483245],[36.8922371188941,50.2211328523108]]]},"properties":{"OBJECTID":2262,"GlobalID":"8feb46d6-6ecf-4c0c-8625-c62d040dcb66","Shape__Are":5404999.646484375,"Shape__Len":11234.303783762783,"CreationDa":"2026-08-13","Creator":"mdorazio_understandingwar","EditDate":"2026-08-20","Editor":"mewert_understandingwar","Area_KM":2.216133973160634}},{"type":"Feature","geometry":{"bbox":[37.6103886504032,49.702918220046506,37.6116501680314,49.703970898208],"type":"Polygon","coordinates":[[[37.6103886504032,49.7034909511721],[37.6104067155236,49.7038206901406],[37.610427034517,49.703848286467],[37.6104970932277,49.70391844322981],[37.610556704531604,49.7039548238261],[37.6107721160452,49.703970898208],[37.6111942029561,49.7039548406743],[37.6113688049047,49.7039246631401],[37.6114480075666,49.7038906099056],[37.6115280115258,49.7038335157531],[37.6115776685981,49.7037567961608],[37.6116052558605,49.7034088778859],[37.6116438789261,49.7030787991515],[37.6116501680314,49.703041473799],[37.6116042632221,49.7029638245407],[37.61155129495971,49.7029352772188],[37.6114454518596,49.7029333704226],[37.611304552904,49.702928925298],[37.6109017761783,49.702918220046506],[37.6107391209248,49.7029272840122],[37.610523718394404,49.7029466959172],[37.6104266105122,49.7029946556993],[37.6103941678557,49.7030413308768],[37.6103886504032,49.7034909511721]]]},"properties":{"OBJECTID":2275,"GlobalID":"78760b46-2c65-4165-b290-3b28a61e6c38","Shape__Are":23137.771484375,"Shape__Len":574.9796459394009,"CreationDa":"2026-08-14","Creator":"acifolelli_understandingwar","EditDate":"2026-08-20","Editor":"mewert_understandingwar","Area_KM":0.009688543806061}},{"type":"Feature","geometry":{"bbox":[36.1341960795517,47.715571916995,36.2055479779785,47.7708793107067],"type":"Polygon","coordinates":[[[36.2028498943108,47.7162985468056],[36.2027990281062,47.7162814353584],[36.201270142205004,47.7157671138376],[36.1995294102036,47.715571916995],[36.1970083153082,47.716152730043206],[36.1939057957266,47.717156721101],[36.1918072108487,47.718396663065],[36.1900718462811,47.7207588015058],[36.1891109498627,47.7232008415214],[36.1884881317066,47.7242715524816],[36.1917338966434,47.7248090080756],[36.1945275556674,47.7257294600214],[36.196466013151,47.7268416508367],[36.1976632949482,47.7283373178662],[36.1975228128108,47.7303038022356],[36.196971744893,47.7321509388986],[36.1961741954309,47.733855729573],[36.1953827572077,47.7346646668139],[36.1924180580553,47.7355082561021],[36.1893028434821,47.7362536696118],[36.185669947777,47.7370159444958],[36.18178847296141,47.7376432397216],[36.178851140085804,47.7379055062367],[36.174860197468,47.7379208428749],[36.1726412365454,47.737778208220206],[36.1714422344744,47.7376557768495],[36.167143391598,47.73927640054501],[36.162565633504,47.74041695192871],[36.1567515043215,47.741027877922],[36.1489635069652,47.741505484417],[36.145298631236,47.741505484417],[36.1398579119542,47.7416147006227],[36.141314050487,47.7436019403054],[36.1410548146623,47.748472205480205],[36.1401884434697,47.7530139448286],[36.1393743766845,47.7550804909983],[36.138351127304,47.756538286717],[36.1376217330225,47.7571201666554],[36.1369309977393,47.7574789928362],[36.1356908133024,47.7579116917573],[36.13501939269611,47.7580291313261],[36.1341960795517,47.7580734252641],[36.1348567976297,47.7581456792694],[36.1405856479456,47.7586531550706],[36.1426323093019,47.7587810180143],[36.1431323340469,47.7588310603917],[36.1433537355267,47.7588239682498],[36.1434774479144,47.7587984693825],[36.1435816354194,47.7587052351173],[36.1438051632115,47.7583995201498],[36.1441078469533,47.7578145371527],[36.1446001650515,47.7571588793877],[36.1450125420725,47.7567737370576],[36.1457229819015,47.7565793292056],[36.1470074721465,47.7566606815307],[36.1572301168234,47.756868529872],[36.1639611671962,47.7570053895126],[36.1639617897287,47.7570053997792],[36.1671844275385,47.7570571807254],[36.1671998354423,47.7570574253112],[36.1678127083499,47.7570693327111],[36.1684879342197,47.7572848907835],[36.1690808447651,47.7575358697071],[36.1696641532185,47.757860474502],[36.1701164926933,47.7582913446574],[36.1723021898993,47.7620070241854],[36.1726231175261,47.7623593789766],[36.1728363263706,47.762458638579],[36.1731256988764,47.7624676281345],[36.1734148108708,47.7624798495073],[36.1737035797088,47.7624952960527],[36.1739919272369,47.7625139641448],[36.1742459932571,47.7625331116886],[36.1744996128147,47.7625547591713],[36.1745670277835,47.762561234876],[36.1746368843732,47.7625679448745],[36.174786272408305,47.762582293592],[36.1747872192326,47.7625823896043],[36.1755801127266,47.7626757425223],[36.1755803849162,47.7626756972335],[36.1755809427699,47.7626757612416],[36.1755837311406,47.7626751139141],[36.1759097620965,47.7626732480168],[36.1762357759845,47.7626761567635],[36.1765616182943,47.7626838401536],[36.1768871345156,47.7626962909385],[36.1772121701382,47.7627135060958],[36.17753657065191,47.7627354771668],[36.1778601824448,47.7627621914646],[36.1781828510066,47.7627936393203],[36.1785044245222,47.7628298026099],[36.1788247502777,47.76287066743511],[36.1791436746615,47.7629162114423],[36.179461048553,47.7629664152963],[36.1797767201371,47.7630212536219],[36.1800905393951,47.7630807022508],[36.1804023572066,47.7631447309748],[36.1807120271463,47.7632133107926],[36.1810194009922,47.763286407267],[36.181324333217,47.7633639877716],[36.1816266791922,47.7634460142443],[36.1819262942889,47.7635324480183],[36.18222303837,47.7636232492182],[36.1825167695016,47.7637183725332],[36.1828073484449,47.7638177756711],[36.1830946368592,47.7639214078853],[36.1833784990991,47.7640292220511],[36.1836588004172,47.7641411674207],[36.1839354069646,47.7642571896226],[36.1842081884854,47.7643772342846],[36.1844770147241,47.764501244619],[36.1847417590181,47.7646291608186],[36.185002294705,47.7647609218681],[36.1852584987156,47.7648964673557],[36.1855102497774,47.7650357314353],[36.1857574284143,47.7651786470528],[36.1859999241337,47.7653251616458],[36.1860142199231,47.76541527015571],[36.1860160614695,47.7654268725261],[36.1860389352716,47.7655279944857],[36.1860684979292,47.7656283288727],[36.186104693747,47.7657276776404],[36.1861474481646,47.7658258403282],[36.1861966776388,47.7659226225153],[36.1862522824566,47.7660178340088],[36.1863141530235,47.7661112815978],[36.1863821662702,47.7662027793188],[36.1864561847547,47.7662921436242],[36.1865360629498,47.7663792006286],[36.1866216409553,47.7664637764473],[36.1867127498881,47.7665456996117],[36.18680920739,47.7666248095224],[36.1869108194251,47.7667009461842],[36.1870173838723,47.7667739580559],[36.1871286905259,47.766843703257],[36.187244517502,47.7669100386999],[36.1872559440724,47.7669152374271],[36.1872571505098,47.7669157862823],[36.1874008584974,47.7669811144943],[36.1874024763632,47.7669819066803],[36.1874042667056,47.7669827212068],[36.1874270812188,47.7669939337764],[36.1874555748814,47.7670079371072],[36.1875533475169,47.7670558685378],[36.1875566488255,47.7670576117067],[36.1875599887617,47.7670592534372],[36.1875717099796,47.7670654641172],[36.1876165547769,47.7670892290483],[36.1877017914226,47.7671342132637],[36.1877066549016,47.7671369738304],[36.1877106721675,47.7671391016161],[36.1877114815496,47.767139530313],[36.1877685057055,47.7671720720197],[36.1878460051617,47.7672160508405],[36.1878523266064,47.76721990246491],[36.1878562010402,47.7672221129675],[36.1878585393549,47.7672234485675],[36.1878675216094,47.7672289636533],[36.1879141648339,47.7672576011523],[36.1879858081727,47.76730127558731],[36.1879934887684,47.7673063015896],[36.1879989469321,47.7673096526601],[36.188000972633,47.767310895877],[36.188009070047,47.7673162424943],[36.1880544008329,47.76734617146511],[36.1881210225893,47.7673897794081],[36.188129936571904,47.7673960419751],[36.1881385936362,47.7674017587102],[36.1881894724173,47.7674378795495],[36.188189505655,47.7674379037013],[36.1882514804264,47.7674814542071],[36.1882615128116,47.7674890245816],[36.1882712209048,47.7674959162902],[36.1883193768923,47.7675326891615],[36.1883770145975,47.7675761834351],[36.1883880144681,47.76758510267],[36.1883986783689,47.7675932448216],[36.1884032489971,47.7675970022264],[36.1884439202215,47.7676304294108],[36.1884974696939,47.7676738463172],[36.1885093427271,47.767684201353],[36.1885199572205,47.7676929237332],[36.1885208007385,47.767693618094],[36.1885630574895,47.7677310405053],[36.1886126903072,47.7677743220786],[36.1886252766027,47.76778614128741],[36.1886374254186,47.7677969014445],[36.1886526626424,47.7678114630654],[36.1886767276106,47.76783446144581],[36.1887225345035,47.767877481492],[36.188735699314,47.7678908222275],[36.1887453930343,47.7679000861723],[36.1887484005938,47.76790296081451],[36.1887847419386,47.767940515305],[36.1888268612474,47.7679831965381],[36.1888404428762,47.7679980769071],[36.1888499111193,47.7680078649211],[36.1888535780423,47.7680116524853],[36.1888869881843,47.76804908432841],[36.188925541181305,47.7680913313492],[36.1889394147626,47.76810782017651],[36.1889528203216,47.768122838777],[36.1889833351935,47.7681600181573],[36.1890184512362,47.7682017536812],[36.1890324478867,47.7682198612234],[36.1890459998711,47.7682363711424],[36.1890621102574,47.7682578049268],[36.1890736581003,47.7682731706606],[36.1891054710378,47.7683143222338],[36.1891194578068,47.7683341010125],[36.1891329882316,47.7683521004312],[36.1891514279494,47.7683790171311],[36.1891578760565,47.7683884265009],[36.1891864918899,47.7684288951038],[36.1892002837245,47.768450328205006],[36.1892092210632,47.76846337414751],[36.1892136749104,47.7684698744756],[36.1892190926499,47.7684786045732],[36.1892358812642,47.7685056492095],[36.1892614140796,47.7685453267667],[36.1892748726391,47.7685684648999],[36.1892879539063,47.768589537486],[36.1893075452643,47.7686246310724],[36.1893301396904,47.7686634741138],[36.1893430951934,47.7686883082138],[36.189355724608,47.7687109318627],[36.1893610084985,47.7687215517514],[36.1893728204461,47.7687452947936],[36.1893925842807,47.7687831843773],[36.1894048741321,47.768809725303505],[36.1894117597188,47.7688235657288],[36.1894168998788,47.7688338987997],[36.1894315792489,47.7688673988502],[36.1894486696972,47.7689043078095],[36.1894601313019,47.768932556157],[36.1894635502898,47.7689403593785],[36.1894713997688,47.7689582746623],[36.1894837965197,47.7689908882881],[36.189498324074506,47.769026695267605],[36.1895087894475,47.7690566389523],[36.189519150616,47.76908389883601],[36.1895263982237,47.7691063321236],[36.1895293743423,47.769115541512],[36.1895414836323,47.76915018795],[36.1895507856871,47.7691818076422],[36.1895530395601,47.7691887776172],[36.1895600913351,47.7692106040663],[36.18956648195001,47.7692345394891],[36.18956825881771,47.7692411954946],[36.189578096268306,47.7692746318864],[36.189586078698,47.7693079305965],[36.1895941680271,47.7693382224962],[36.1895969366348,47.7693513098762],[36.18960041042,47.769367718606],[36.1896081170668,47.7693998719007],[36.1896146064964,47.76943480433701],[36.1896180677053,47.7694511556821],[36.1896213330813,47.7694665886858],[36.1896248194429,47.7694888183374],[36.1896257743521,47.7694949121994],[36.1896315038069,47.7695257467801],[36.1896363421331,47.7695622978401],[36.189638216917,47.7695742536985],[36.1896415550567,47.7695955299513],[36.1896443317492,47.7696226476668],[36.1896482313359,47.7696521013515],[36.1896512514718,47.7696902166878],[36.1896528810158,47.7697061223714],[36.1896548034105,47.769724880856],[36.1896560538653,47.76975075474171],[36.1896582736024,47.7697787725939],[36.189659321038,47.7698184310668],[36.1896597522294,47.7698273366343],[36.1896610628714,47.769854469926806],[36.1896609227342,47.7698790390083],[36.1896616243184,47.769905605941],[36.1896605292721,47.769948323598705],[36.1896603244562,47.7699841244852],[36.1896590713064,47.7700051270647],[36.1896584613503,47.7700288520117],[36.18965487437741,47.7700753913966],[36.1896525899616,47.7701136766842],[36.1896505355146,47.7701317171468],[36.1896489760392,47.7701519516795],[36.1896424767282,47.7702024788083],[36.1896410699664,47.7702148438706],[36.1896378674724,47.7702429526411],[36.1896365226944,47.7702509482661],[36.1896353396132,47.7702579778703],[36.1896331818599,47.7702747576277],[36.1896232734423,47.7703296437946],[36.1896161794465,47.77037178571991],[36.189614744837,47.7703782145657],[36.1896135069586,47.7703837589012],[36.189611094982,47.7703971243518],[36.1895971459423,47.7704570421251],[36.1895875528334,47.7705000056637],[36.1895850653983,47.7705089280197],[36.189582742355,47.7705189045378],[36.189563778021,47.7705852823865],[36.1895637690379,47.7705853155933],[36.1895595460577,47.770600469324],[36.1895520253622,47.7706274428211],[36.1895500508652,47.7706333336871],[36.1895481590132,47.7706399563068],[36.1895217539337,47.7707177800255],[36.1895096428471,47.7707539287498],[36.1895088891606,47.770755852317905],[36.1895085181564,47.7707567978005],[36.1895073862791,47.7707601347623],[36.1894604726617,47.7708793107067],[36.19009488178,47.770502780542],[36.1913774101043,47.7697504945176],[36.1926366172656,47.7690608895364],[36.1941056942335,47.7681831963119],[36.1952483090541,47.7673838549661],[36.1964375617093,47.7664904610553],[36.1981995801897,47.764817262431],[36.1990375942637,47.7635682056177],[36.2002399632203,47.7614373945518],[36.200932235521,47.7595269377014],[36.2017581977972,47.7560266539892],[36.2017311333543,47.7553642851133],[36.2017079595149,47.7547018703613],[36.2016869425305,47.7539741552551],[36.2016851423067,47.7538935711845],[36.2016851342219,47.7538932861191],[36.2016833232183,47.7538291427328],[36.2016793589529,47.7536360519764],[36.2016793382916,47.7536350675295],[36.2016706021755,47.7532463937343],[36.2016679512471,47.7530805135218],[36.2016679449589,47.7530801813429],[36.2016654018283,47.7529563255757],[36.2016631623283,47.7527819563139],[36.2016631596334,47.7527816645988],[36.2016589294667,47.7525185791537],[36.201656429455305,47.7522575549402],[36.2016564231671,47.7522571708145],[36.2016541926502,47.7520834418375],[36.2016535503548,47.7519584723847],[36.2016535485582,47.751958131139],[36.20165192709911,47.7517907278188],[36.2016506991021,47.7514046264953],[36.2016506955088,47.7514038872224],[36.2016497001755,47.751210517486506],[36.2016498654655,47.7511453216729],[36.2016498672621,47.7511451815486],[36.2016495923777,47.7510628536203],[36.20165102069901,47.7506914987346],[36.201651024292204,47.7506902551205],[36.2016519217092,47.7503375736612],[36.2016526385648,47.7502676178834],[36.2016526412597,47.7502672941425],[36.2016529035678,47.7501960620286],[36.2016572136845,47.7498207942894],[36.2016572136845,47.74982076227751],[36.2016572244643,47.7498197076944],[36.2016608590479,47.7494646357295],[36.2016620574005,47.7493977145045],[36.2016620618921,47.7493975767915],[36.2016628335449,47.7493292765364],[36.2016700730678,47.7489507137152],[36.2016700955257,47.7489494181147],[36.2016765085985,47.7485917236249],[36.2016781471256,47.7485278358462],[36.2016781543121,47.7485275211547],[36.2016793850041,47.7484625237211],[36.2016895781876,47.7480817064344],[36.2016896329848,47.748079584513405],[36.2016988748524,47.747718865738506],[36.2017009068416,47.7476578864747],[36.2017009149265,47.7476576303682],[36.2017025561485,47.7475958241221],[36.201715786536,47.7472113074562],[36.2017158637911,47.7472090061029],[36.2017279551148,47.7468460820067],[36.2017303230739,47.7467883592793],[36.201730334752,47.7467880524298],[36.2017323478766,47.7467292031121],[36.2017487142827,47.7463399353112],[36.2017487681816,47.7463386166922],[36.2017637466907,47.7459733941797],[36.201766417382,47.7459185620468],[36.2017664263652,47.7459183784172],[36.2017687574933,47.7458626830455],[36.201788286867604,47.7454696878165],[36.2017883344783,47.745468666368],[36.201806252275,47.7451008300494],[36.2018091682064,47.7450491181487],[36.2018091798845,47.7450489357242],[36.2018117841005,47.7449962838617],[36.20183456178291,47.7445990053463],[36.2018346183767,47.7445979832767],[36.2018554673761,47.7442284089528],[36.2018585827335,47.7441798161808],[36.20185859531,47.7441796180476],[36.2018614259014,47.7441300297302],[36.2018874078744,47.7437302328798],[36.2018875632829,47.7437278129747],[36.2019113901975,47.7433561568729],[36.2019146672517,47.7433105474174],[36.2019146870146,47.7433102773959],[36.2019176846927,47.7432639448217],[36.2019469859407,47.7428605675811],[36.2019471781801,47.7428578939219],[36.2019740243324,47.7424840973784],[36.2019774073878,47.7424415836991],[36.2019774235574,47.7424413396487],[36.2019805568811,47.7423980514968],[36.2020133399991,47.7419897665618],[36.202013530442,47.7419873598658],[36.2020433625942,47.7416122522269],[36.2020468022435,47.7415728338235],[36.2020468291929,47.7415725347964],[36.2020500397717,47.7415323703047],[36.2020863532688,47.7411195025198],[36.2020865724577,47.741116990066],[36.2021194067797,47.7407406455941],[36.2021228572087,47.740704309884],[36.2021228787683,47.7407040996554],[36.2021261333645,47.7406669302539],[36.2021660230547,47.7402497495058],[36.2021662638032,47.7402472128456],[36.20220215149881,47.7398692992408],[36.2022055776733,47.7398359357742],[36.2022056055211,47.7398356856705],[36.2022088358628,47.7398017458559],[36.2022523906794,47.7393800556641],[36.2022526673605,47.7393773618901],[36.20229159765,47.7389982403665],[36.2022949402811,47.7389679658391],[36.2022949780104,47.7389676160504],[36.2022981445717,47.7389368467262],[36.2023452091061,47.7385126973626],[36.2023457903161,47.7385074275304],[36.2023877407415,47.7381274871102],[36.2023909647951,47.7381002019429],[36.2023909971345,47.7380999361233],[36.2023940541014,47.7380722516079],[36.2024450658331,47.737642301491],[36.2024457018403,47.73763691074251],[36.2024905798753,47.7372570666745],[36.2024936215708,47.7372328990463],[36.2024936673849,47.7372325395797],[36.2024965671467,47.7372079852868],[36.2025519788266,47.73676936088481],[36.2025524360691,47.736765715438],[36.2026001123562,47.7363870002223],[36.2026029375578,47.7363658590099],[36.2026029654055,47.73636566265941],[36.2026056783177,47.7363440701339],[36.2026651890103,47.73590003242171],[36.2026659400019,47.7358944107033],[36.2027163327944,47.7355173119386],[36.2027188938913,47.7354992069097],[36.2027189450952,47.7354988425978],[36.2027213849195,47.7354805303336],[36.2027855461904,47.7350277996941],[36.202786513676,47.7350209489973],[36.2028392411899,47.7346480260101],[36.2028414797916,47.7346330122461],[36.2028415193175,47.7346327427837],[36.202843683359,47.7346173852392],[36.2029133261497,47.7341513152325],[36.2029145343837,47.7341432053064],[36.2029688312545,47.7337791629998],[36.2029706970553,47.7337672786676],[36.20297073029301,47.7337670792863],[36.202972570941,47.7337546590384],[36.203048368988,47.7332723031853],[36.2030502635349,47.7332602278128],[36.2031051020898,47.7329107495144],[36.2031065564622,47.732901913756],[36.2031066175477,47.732901545196505],[36.2031080449707,47.7328923759204],[36.2031925306248,47.7323799035026],[36.2031945931567,47.7323673820221],[36.2032480492043,47.732042806724],[36.2032490553174,47.7320369713045],[36.2032490840635,47.7320368123984],[36.2032501009564,47.7320305588678],[36.2033476202671,47.7314655242006],[36.2033527945631,47.7314355177932],[36.2033976663098,47.7311753576133],[36.2033981666715,47.731172586679406],[36.2033982241636,47.731172271883],[36.2033987344067,47.7311692284477],[36.2035430775032,47.7303687625247],[36.2035539543047,47.7303084269807],[36.2035697098564,47.72985959700291],[36.2035925890484,47.7294109009229],[36.2036225909823,47.7289623901049],[36.2036597102681,47.7285141183315],[36.2037039415161,47.72806613455371],[36.2037552838278,47.7276184907448],[36.2038137282202,47.7271712376719],[36.20387926750671,47.7267244236865],[36.20395189539911,47.726278101976],[36.2040316056092,47.7258323269381],[36.2041183846623,47.7253871433039],[36.2042122262701,47.724942604266],[36.2043068080898,47.724526535726],[36.2043131187546,47.7244987612059],[36.2043247357679,47.724451077006],[36.2044210486411,47.7240556642983],[36.2045360069463,47.7236133649282],[36.2046491551462,47.7232038588328],[36.204657978399,47.7231719120648],[36.20478695042261,47.7227313577009],[36.2049229068476,47.7222917502048],[36.2049508318765,47.7222060625519],[36.2050658333009,47.7218531415725],[36.20521571181611,47.7214155795712],[36.2053372996882,47.7210771723381],[36.205372528020305,47.7209791149915],[36.2054081974253,47.720884291258],[36.2055362612522,47.7205438010428],[36.2055479779785,47.7205139998618],[36.2050966769561,47.7181518678485],[36.2050589575957,47.7179544371256],[36.2050128075463,47.7177128810784],[36.2046694274272,47.7173241288262],[36.2042977261222,47.7169033088335],[36.2033115960275,47.7164538635137],[36.2028498943108,47.7162985468056]]]},"properties":{"OBJECTID":2277,"GlobalID":"f255b422-1b0c-43dd-8dbc-c4f3e1e0381c","Shape__Are":29028197.865234375,"Shape__Len":31623.0276148202,"CreationDa":"2026-08-14","Creator":"lhiguchi_understandingwar","EditDate":"2026-08-20","Editor":"mewert_understandingwar","Area_KM":13.132826440526653}},{"type":"Feature","geometry":{"bbox":[36.2612674621029,50.2886171459042,36.2910477079195,50.3023416617314],"type":"Polygon","coordinates":[[[36.2910477079195,50.295069512887906],[36.2865469588016,50.2952847095506],[36.2818575248464,50.294872791791],[36.2785749217964,50.2936744635292],[36.27464752061191,50.2920267130306],[36.2703707565285,50.2902935176674],[36.2661315087864,50.28904713631861],[36.2636492444675,50.2886171459042],[36.2622662746128,50.2887938671786],[36.2615594226551,50.2893043918731],[36.2612674621029,50.2900210805617],[36.2618052843618,50.2908064809537],[36.2631677861027,50.291875416632],[36.2660189624577,50.2933374280881],[36.2692452923434,50.2949911250279],[36.274588902844705,50.2967076727683],[36.2798058976033,50.2986548162907],[36.2825023220826,50.2998530191102],[36.2844312942551,50.301318204121],[36.2848541752768,50.3019338124353],[36.2850144428083,50.3023416617314],[36.2851597533904,50.3014458386498],[36.2856099997906,50.2986699998597],[36.2862680525671,50.2985943103512],[36.2910477079195,50.295069512887906]]]},"properties":{"OBJECTID":2281,"GlobalID":"3a2ab081-11ee-4172-901f-4cfcc87ce0b8","Shape__Are":2339858.623046875,"Shape__Len":8763.179065767808,"CreationDa":"2026-08-17","Creator":"acifolelli_understandingwar","EditDate":"2026-08-20","Editor":"mewert_understandingwar","Area_KM":0.956104933626371}},{"type":"Feature","geometry":{"bbox":[37.6286004674494,48.5610487659084,37.6328868731507,48.5644002975],"type":"Polygon","coordinates":[[[37.6306673130517,48.5644002975],[37.6307875067384,48.564395497627],[37.6309118452518,48.56437012677681],[37.6310227144259,48.5643166414851],[37.6311894336578,48.5642114827294],[37.6316870051038,48.5638652925447],[37.6321854937296,48.5634032041537],[37.632383124888804,48.563115464488],[37.632703287151,48.5627091932962],[37.6328316114893,48.5624556012044],[37.6328868731507,48.5622995592664],[37.63285187478721,48.562203251558],[37.6327505609928,48.5621106011045],[37.6326345121328,48.5620301409713],[37.6321525552031,48.5618077569585],[37.6311746833208,48.5613966685654],[37.6304295721151,48.5610914349146],[37.630280366438,48.561058518487506],[37.6300795821922,48.5610487659084],[37.6299193236439,48.5610694910286],[37.6297492438145,48.5611507588636],[37.6294476829669,48.561320401050104],[37.6291159656752,48.5616197678069],[37.6287540928377,48.562058836321],[37.6286033124139,48.5622683902964],[37.6286004674494,48.5623725656128],[37.6286399933219,48.562464120503],[37.6287865516639,48.5626023826325],[37.6290510659892,48.5627309373117],[37.6300290923817,48.5631501042204],[37.6302992912461,48.5633225332465],[37.6304440403811,48.5634310997212],[37.6305135358481,48.5635313786985],[37.6305135358481,48.5636464740526],[37.6304423883793,48.5637615691448],[37.630363335736,48.5639420579727],[37.630331715038,48.5640649996485],[37.6303277624507,48.5641617829691],[37.630347525387,48.5642376401654],[37.6304028625068,48.564316112987],[37.6304818405899,48.5643564125896],[37.6305761313554,48.564387954798505],[37.6306673130517,48.5644002975]]]},"properties":{"OBJECTID":2288,"GlobalID":"2f0bb70d-424f-47d3-99a5-a0ada74fe388","Shape__Are":149769.533203125,"Shape__Len":1587.2714731423546,"CreationDa":"2026-08-19","Creator":"edunn_understandingwar","EditDate":"2026-08-20","Editor":"mewert_understandingwar","Area_KM":0.065650326798565}},{"type":"Feature","geometry":{"bbox":[35.8957120484911,47.509897411351,36.193820718981,47.71767360232331],"type":"Polygon","coordinates":[[[35.9424412749988,47.5226570557094],[35.9537221135208,47.5206021564872],[35.9647535572622,47.5191115704656],[35.9765870680931,47.5180358582951],[35.9841981485424,47.5188044727787],[35.9888511279651,47.5198420155236],[35.997193933824,47.5218035024868],[36.0025033409708,47.5230513886808],[36.0069919107302,47.5245602211864],[36.0131675740852,47.52578391449881],[36.01821902371,47.5291271970757],[36.0204862322483,47.5319299669959],[36.0224726202422,47.535745135384],[36.0247764557895,47.5410536405859],[36.0265714586105,47.5462869930218],[36.0237110475743,47.552552606197],[36.0203402308618,47.5548833708133],[36.0143344919275,47.5586390640373],[36.0108154684644,47.5607646545101],[36.0054336328512,47.56398545956281],[36.0011229977901,47.5671170832798],[35.9979200726108,47.5688058512926],[35.9933512770084,47.572183145181],[35.99328210224,47.5722204765304],[35.9932037080618,47.5723355897911],[35.9931598999203,47.5724320356942],[35.9931575930466,47.5725129264321],[35.9931990961111,47.572615593750406],[35.9932544341292,47.5726933715206],[35.993289020166,47.5727369278699],[35.9933674143442,47.5727867059044],[35.9934734784298,47.5728224835155],[35.9936948278074,47.5728535951206],[35.9941444435902,47.5728847067072],[35.9944180407814,47.5728979192018],[35.9960534812483,47.5729906374755],[36.0033511215286,47.5733336951154],[36.0108574862635,47.5735312992909],[36.0141000217569,47.5737051453319],[36.0178579279153,47.573792068439],[36.0219379411885,47.5738934763261],[36.0247724771511,47.5740238592517],[36.02717010669561,47.5741650723086],[36.0277975484805,47.5743403949665],[36.0281690764107,47.5744733124157],[36.0284674248828,47.5746593971262],[36.028636301868,47.5748340878605],[36.0287601445114,47.5750467545819],[36.0288249642474,47.57531174985271],[36.0286499877014,47.5754825913963],[36.0284808097806,47.5756560697726],[36.0283175194181,47.5758320958712],[36.0281602010556,47.5760105805821],[36.0280089346433,47.5761914287366],[36.02786379833441,47.5763745481965],[36.0277248675875,47.576559845613],[36.0275922142678,47.5767472240021],[36.0274659075456,47.5769365857748],[36.0273460120996,47.5771278345556],[36.0272325881169,47.5773208709399],[36.0271256966829,47.5775155967366],[36.0270253916966,47.5777119101198],[36.0269317261585,47.577909706841005],[36.0268447458828,47.578108889925105],[36.0267644984802,47.5783093545204],[36.0266910234765,47.5785109951709],[36.02662436129591,47.578713709452],[36.0265645424811,47.5789173931224],[36.0265116029648,47.579121939518906],[36.0264655652048,47.5793272450095],[36.0264264561506,47.5795332011161],[36.0263942928701,47.5797397023921],[36.026369096923,47.579946643998404],[36.0263508763941,47.5801539162502],[36.0263396438598,47.5803614137057],[36.0263354038117,47.5805690297133],[36.0263381580464,47.5807766564107],[36.0263479056655,47.5809841859376],[36.0263646412792,47.5811915110414],[36.0263883585993,47.5813985268948],[36.0264190423545,47.5816051226129],[36.0264566772733,47.5818111951897],[36.0265012435929,47.5820166373791],[36.0265527215503,47.582221341331],[36.0266110797044,47.5824252040442],[36.0266762920041,47.5826281176718],[36.0267483225169,47.58282997921581],[36.02682713531,47.5830306832562],[36.0269126872644,47.58323012800991],[36.0270049379559,47.5834282080599],[36.0271038370788,47.5836248228379],[36.0272093334291,47.5838198693536],[36.0273213740063,47.584013250071],[36.0274399004198,47.5842048607907],[36.0275648506859,47.5843946051912],[36.0276961610243,47.5845823851346],[36.0278337640612,47.5847681030903],[36.0279775879314,47.5849516633463],[36.0281275589732,47.5851329714036],[36.028283599033,47.5853119333701],[36.0284456281608,47.5854884571725],[36.0286135619149,47.5856624519501],[36.02878453377141,47.5858307918892],[36.0289609907409,47.5859965380426],[36.0291428474837,47.5861596056091],[36.0293300132698,47.5863199164537],[36.029522396471,47.5864773918355],[36.0297411820568,47.5865827401087],[36.0299639148399,47.5866842553081],[36.0301904457001,47.5867818726257],[36.0304206246186,47.5868755248299],[36.0306543006785,47.5869651537767],[36.0308913175729,47.5870506970806],[36.0311315207917,47.58713209902],[36.0313747477397,47.5872093050848],[36.0316208412118,47.5872822656112],[36.0318696350196,47.5873509303286],[36.0321209665681,47.5874152556304],[36.0323746678723,47.5874751979092],[36.032630572744,47.5875307177978],[36.0328885087064,47.5875817789574],[36.0331483095715,47.5876283468662],[36.0334098001675,47.5876703912419],[36.0337021164525,47.587714373788806],[36.0341985919539,47.5877926011101],[36.0346934424029,47.5878753875353],[36.0351865734764,47.5879627136549],[36.0356778935463,47.58805456611681],[36.0361673118828,47.5881509261153],[36.0366547377559,47.588251776055],[36.0371400795376,47.5883570989456],[36.037623246498,47.5884668711313],[36.0381041515005,47.5885810750138],[36.0385827038154,47.5886996905705],[36.0390588154075,47.5888226941427],[36.0400457117652,47.589681451212506],[36.0416010449666,47.5909901507983],[36.0444450833084,47.5932977801164],[36.0459707909701,47.5946163788893],[36.0467109335939,47.5952238222106],[36.0493136925352,47.5976504137803],[36.0529693569395,47.6018766914877],[36.0532466839357,47.602133782704],[36.0536946629881,47.6023980260733],[36.0543112648025,47.6025953194565],[36.0550309330244,47.6026096795345],[36.0557976675772,47.6024927521148],[36.0578832673078,47.6016856996934],[36.0586258515526,47.6016055875514],[36.0594109431782,47.6018577653318],[36.0601622779122,47.6021221088262],[36.060589900242,47.60242155057001],[36.0608145985389,47.6028880830425],[36.0609788069796,47.6035128398438],[36.0611760994739,47.6089090034576],[36.067876424769,47.6098190778049],[36.0685866418158,47.607191278976806],[36.0687176952359,47.6066676543165],[36.0688264515724,47.6062406291044],[36.068846320509905,47.6061371913014],[36.0713894438927,47.5965243742319],[36.0741635627626,47.5955205337746],[36.0755629726853,47.5951096582665],[36.0763958861251,47.5948697322829],[36.0768312636107,47.5949743330762],[36.0772642174417,47.5950834116829],[36.077694647905,47.595196942026],[36.0781224543894,47.5953148962101],[36.0785475344869,47.5954372469449],[36.0789697929761,47.5955639675448],[36.0793891283474,47.5956950246598],[36.0798054426843,47.5958303916028],[36.0802186398673,47.5959700350224],[36.0806286219798,47.5961139221721],[36.0810352938005,47.5962620190932],[36.0814385601079,47.5964142918265],[36.081838326579,47.5965707033832],[36.082234499789,47.5967312173797],[36.0826269872114,47.5968957992492],[36.0830156963196,47.597064407761],[36.0834005381806,47.5972370035012],[36.0837814211662,47.5974135458441],[36.0841582554447,47.5975939941635],[36.0845309556763,47.5977783072271],[36.0848994320294,47.5979664395622],[36.0852636009607,47.598158349936],[36.0856233753337,47.5983539916639],[36.0859786707067,47.5985533174551],[36.0863294044347,47.5987562842594],[36.0866754956692,47.5989628417571],[36.087016863562,47.5991729438692],[36.0873534263664,47.5993865390648],[36.0876851077254,47.5996035776302],[36.0880118267909,47.5998240116693],[36.0883335107992,47.6000477860174],[36.0886500833935,47.6002748509613],[36.0887163467222,47.6004249477387],[36.0888418530455,47.6005861755751],[36.0890214388472,47.6007788050296],[36.08907233559451,47.600833398581],[36.0894859262395,47.6010325998388],[36.0897999727713,47.6011838544008],[36.0902860835109,47.6013033978266],[36.0911813840489,47.6014416365135],[36.0922504609837,47.60156489361331],[36.0957658363884,47.6020450586234],[36.0989997812927,47.602512767708],[36.1016118719332,47.6028748217859],[36.1031667685534,47.6029724010306],[36.1043808955588,47.602984718579506],[36.1055557913391,47.60281541441601],[36.1065190772762,47.602585616044],[36.1069511920807,47.6023797627512],[36.1073308812052,47.6021467606756],[36.1078031237534,47.6017101040105],[36.1079371676651,47.6014794188562],[36.1084197076015,47.60111746839131],[36.1089074353086,47.6007586912508],[36.109400306769,47.6004031202096],[36.109898274372,47.6000507910716],[36.1104012896086,47.5997017372178],[36.1109093093597,47.5993559865781],[36.1114222815229,47.5990135798032],[36.1119401602842,47.5986745430061],[36.1124628953379,47.5983389107803],[36.1129904363784,47.5980067140852],[36.1135227384899,47.5976779850916],[36.1140597468752,47.5973527541533],[36.1146014121269,47.5970310534414],[36.115147683041,47.5967129108866],[36.1156985084137,47.5963983580544],[36.1162538370408,47.5960874246929],[36.1168136168203,47.5957801399441],[36.1173777929547,47.5954765323446],[36.1179463133418,47.5951766298248],[36.1185191240827,47.5948804633439],[36.1190961730751,47.5945880596206],[36.1196774037252,47.5942994459792],[36.120262762134,47.5940146491377],[36.1208521935043,47.5937336970257],[36.121445640344,47.59345661575511],[36.1220430478556,47.5931834320432],[36.1226443612422,47.5929141707897],[36.1232495230115,47.5926488581054],[36.1238584738746,47.5923875188893],[36.1244711590343,47.592130176828],[36.1250875209985,47.5918768586372],[36.1257075004784,47.5916275855794],[36.1263310381851,47.5913823819459],[36.1269580766265,47.5911412732391],[36.1275885565137,47.59090427950851],[36.1282224176596,47.5906714226202],[36.1288596016738,47.5904427292869],[36.1295000465725,47.590218215315204],[36.1301436948634,47.5899979037812],[36.1307904827663,47.5897818177605],[36.131008342189,47.5897134003919],[36.1312290492712,47.5896492687591],[36.1314524198582,47.5895894786168],[36.1316782671004,47.5895340808717],[36.1319063996566,47.5894831221891],[36.1321366270842,47.5894366449918],[36.1323687544485,47.5893946868551],[36.1326025877136,47.5893572853532],[36.1328379310467,47.5893244707887],[36.1330745850218,47.5892962704341],[36.1333123520095,47.5892727097429],[36.1335510316856,47.5892538068972],[36.1337904237256,47.5892395764427],[36.1340303260087,47.589230034135504],[36.134270539109,47.5892251842194],[36.1345108573121,47.5892250345718],[36.1347510829888,47.5892295809516],[36.1349910122214,47.5892388239636],[36.1352304419907,47.5892527526998],[36.1354691746673,47.5892713550392],[36.1357070063338,47.5892946182537],[36.1359437366656,47.5893225223438],[36.1361791707285,47.5893550406442],[36.1364131064016,47.589392148912],[36.1366453496486,47.5894338144211],[36.1368757055352,47.5894800044442],[36.1371039782287,47.5895306759536],[36.1373299781845,47.5895857901613],[36.1375535131632,47.5896452991906],[36.1377743972134,47.5897091533466],[36.1379924434857,47.5897772980863],[36.138207469622,47.5898496770486],[36.13841929416261,47.589926229630706],[36.1386277401395,47.59000689098811],[36.1388326314828,47.5900915926406],[36.1390337975126,47.5901802661077],[36.1392310666506,47.5902728338204],[36.1394242745053,47.5903692182097],[36.1396132575832,47.5904693386768],[36.1397978586791,47.5905731128054],[36.1399779223846,47.5906804515147],[36.1401532977825,47.5907912639062],[36.1403238357527,47.5909054590818],[36.1404893934629,47.59102294069061],[36.1406498325727,47.5911436081414],[36.1408050183347,47.591267361449],[36.1409548186965,47.591394095176],[36.1410991114873,47.591523703885706],[36.141237770943,47.5916560791126],[36.1413706829775,47.5917911099685],[36.1414977344031,47.5919286807196],[36.1416188210152,47.5920686774501],[36.1417338395075,47.5922109826102],[36.1418426928621,47.5923554762279],[36.1419452894507,47.592502034697],[36.1420415421367,47.5926505386535],[36.1421313736651,47.5928008614646],[36.1422147058825,47.592952875287],[36.1422914696185,47.5931064559137],[36.1423615983977,47.5932614700518],[36.1424250365248,47.5934177904679],[36.142481728304,47.5935752850837],[36.1425316261248,47.5937338206107],[36.1425746895629,47.59389326497341],[36.1394639611762,47.619732993851905],[36.1386587320168,47.6223045705902],[36.1381614821677,47.6239085597504],[36.1374421526107,47.625243905531505],[36.1360746463553,47.6262094208654],[36.1341688893447,47.6268769660119],[36.1315308778168,47.626765436335],[36.1290839945436,47.6264688353883],[36.1221970119088,47.625634015135006],[36.1218217029697,47.6255752953614],[36.11843660304411,47.6250456665051],[36.1108031464594,47.6233705555558],[36.1059299073156,47.6216719659222],[36.1053074682485,47.6213956835149],[36.1047912998795,47.6211193996474],[36.1047040537025,47.620959568396],[36.1044818661967,47.620552524457],[36.1044448843531,47.6203976220587],[36.10440095134581,47.6201138349708],[36.1043863079084,47.6199978561486],[36.1043094255948,47.61994356476411],[36.1042288817481,47.6199262896979],[36.1041898768985,47.6199237598963],[36.1040385053832,47.6199139476799],[36.1035003282897,47.6199040755166],[36.1033978197361,47.619909012204],[36.1032953093857,47.6199139464689],[36.1032550388098,47.6199213499846],[36.1031927999337,47.619955898298],[36.1031378832254,47.6200249942509],[36.1030756461459,47.6202002026689],[36.1030353737734,47.6210244106474],[36.1030780895635,47.621240709745],[36.1031365222778,47.6215287049046],[36.1036071460619,47.6224394030688],[36.1037437798166,47.6227975386474],[36.1040474049927,47.6231147390926],[36.1045180314718,47.6235240335713],[36.1052619200703,47.6238616965759],[36.1107000423226,47.6257810785538],[36.1170434301244,47.6275544871719],[36.11765427643281,47.62780782755931],[36.117889215524,47.6284095003824],[36.1178892164223,47.6295178323102],[36.1175603000777,47.6317344244459],[36.11765427643281,47.63268436510841],[36.117889218219,47.6336342878982],[36.1188759645579,47.6347741703947],[36.1214923841798,47.6359080759124],[36.1229373297042,47.6364224600278],[36.1243822716353,47.6373961014651],[36.1249275301481,47.6380206923881],[36.1249292854562,47.638653379447504],[36.1245286188732,47.6392955787066],[36.1270226681903,47.6391744781732],[36.1349787690824,47.6396545484719],[36.1389271333523,47.6397945681952],[36.1412130277468,47.6399145832458],[36.1422520713067,47.6401946203181],[36.1424598785814,47.6407546905648],[36.1419255148363,47.6427348878321],[36.1406192880564,47.6446550086694],[36.1396099329183,47.6459750501615],[36.1385115152097,47.6465750583238],[36.1345928384633,47.6473950577073],[36.12859607549531,47.6482350447314],[36.1221361510484,47.648895429572],[36.1215899088803,47.6489512709814],[36.1225700211609,47.6508714900951],[36.1225700463137,47.6508715427429],[36.1225700597885,47.65087157179],[36.1226651554444,47.6510757939511],[36.122760250202106,47.6512800147085],[36.1227604648994,47.6512804667497],[36.1228588906102,47.6514839121278],[36.1229573127277,47.6516873548978],[36.1229576001885,47.6516879352247],[36.1230595050744,47.6518909003536],[36.1231614099602,47.6520938598525],[36.1231614252316,47.652093889504],[36.1231614530793,47.6520939421506],[36.1232084340704,47.6521843658491],[36.1232558193033,47.6522755687992],[36.1232998250741,47.6523602652364],[36.1233501873239,47.6524571972368],[36.1233505241921,47.6524578308063],[36.1234093207241,47.6525674757458],[36.1234475943451,47.6526388480373],[36.123544667193,47.6528198640358],[36.1235450031629,47.6528204800523],[36.1236449137888,47.6530011220608],[36.1237448244147,47.6531817628392],[36.1238417077181,47.6533518654659],[36.1239385856316,47.653521959672],[36.1239386098861,47.6535220002148],[36.1239386332424,47.6535220419679],[36.1240378898947,47.6536915111418],[36.1241371465471,47.6538609803709],[36.1242387828366,47.6540298306272],[36.12434042002451,47.6541986797325],[36.1244444170867,47.6543668784075],[36.1245484114538,47.65453507230501],[36.1246547585087,47.6547026006531],[36.12476110107211,47.6548701199923],[36.1247611540727,47.6548701877636],[36.1247612016834,47.6548702519042],[36.124761719113,47.6548709150945],[36.12476965572851,47.6548811025667],[36.1247779606533,47.6548917819835],[36.1247780954006,47.6548919550422],[36.1247781484012,47.6548920228135],[36.1247781960119,47.6548920857439],[36.1248222664614,47.6549513407649],[36.1248663306228,47.6550105890626],[36.1248746553105,47.6550222771527],[36.1249050489098,47.655066721642],[36.1249117638166,47.6550765417814],[36.1249225552781,47.6550923203194],[36.1249488669328,47.6551307984875],[36.1249488920856,47.6551308360035],[36.1249489154418,47.6551308723094],[36.1249492064959,47.6551313182663],[36.1249567128185,47.655142799386],[36.1249642236325,47.6551543083377],[36.1249644994153,47.6551547306956],[36.1249645416361,47.65515479483591],[36.124995193052,47.655203783489],[36.1250258408745,47.6552527636247],[36.1250258956717,47.655252853784],[36.1250259244178,47.6552528979561],[36.1250259513673,47.6552529427332],[36.1250366503023,47.6552700439576],[36.1250474794931,47.6552890681708],[36.1250476025623,47.6552892811644],[36.1250673744817,47.6553240215137],[36.125072401454,47.6553328522741],[36.1250971931592,47.6553764179015],[36.1251048324324,47.6553905644089],[36.1251104873271,47.6554010343589],[36.1251237752068,47.6554256429384],[36.1251309509493,47.655439606089],[36.1251434366334,47.6554639078679],[36.12516309806,47.655502170954],[36.1251737520793,47.6555241158666],[36.1251778645667,47.655532587773],[36.12518197615571,47.6555410566526],[36.1251926283784,47.6555629979183],[36.1252074865132,47.6555952838316],[36.1252223428513,47.6556275673046],[36.1252383795758,47.6556646436867],[36.1252544136053,47.6557017164119],[36.1252655922407,47.6557291681706],[36.1252767690795,47.6557566138641],[36.125292783346,47.6557987293428],[36.1253087940193,47.6558408375264],[36.1253169309592,47.6558637310763],[36.1253250661024,47.6558866185653],[36.1253252439688,47.6558871341009],[36.1253411980483,47.6559320371161],[36.1253558531638,47.6559801912291],[36.1253559753347,47.6559805869565],[36.1253619581145,47.656000263195],[36.125367937301,47.6560199345855],[36.1253680325224,47.6560202558868],[36.1253818701711,47.656070005532],[36.1253957069214,47.6561197490789],[36.1254000718354,47.6561369601452],[36.125404435851,47.6561541651548],[36.1254046056326,47.6561548422457],[36.1254172736747,47.6562047442442],[36.1254273707385,47.6562542413933],[36.1254274938077,47.65625482832531],[36.1254313673432,47.6562738189],[36.1254352390821,47.6562928009966],[36.1254439994527,47.656341556835],[36.1254527580268,47.6563903053669],[36.1254561545569,47.6564123025484],[36.1254595528836,47.6564342966952],[36.1254653694751,47.65647873272161],[36.1254711860665,47.6565231650798],[36.1254740534889,47.656550335044],[36.1254769218096,47.6565775001534],[36.1254769703186,47.6565779793774],[36.1254812606724,47.65661862687391],[36.1254833914763,47.6566562186853],[36.1254834166291,47.6566565986755],[36.1254852914131,47.6566897346544],[36.1254871652988,47.6567228663768],[36.1254871931466,47.6567234635898],[36.1254882899895,47.6567565456743],[36.1254893850359,47.6567896204769],[36.1254897192091,47.6568204486041],[36.1254900524841,47.656851268847],[36.1254900048734,47.6568673112676],[36.1254895853602,47.6568948174755],[36.1254891658469,47.6569223194335],[36.1254873314871,47.6569674442266],[36.1254854944324,47.6570125629298],[36.1254841442645,47.6570337109282],[36.12548279319831,47.657054854682606],[36.1254781560948,47.6571066557553],[36.1254735189913,47.65715845375131],[36.1254722002645,47.6571732453898],[36.1254703075142,47.657186920058],[36.1254703039209,47.6571869497065],[36.125470298531,47.6571869793552],[36.1254702940394,47.6571870422829],[36.1254622639991,47.6572450621658],[36.1254542294672,47.6573030753284],[36.125454206111,47.6573032350675],[36.1254530751321,47.6573113999136],[36.1254516908282,47.6573187702987],[36.1254516854383,47.6573188059979],[36.1254516800484,47.6573188404871],[36.1254395860298,47.6573832764016],[36.1254274929094,47.6574477067911],[36.125427459671705,47.6574478659247],[36.1254272359912,47.657449057914],[36.125426975479805,47.657450145831],[36.1254269512253,47.6574502698706],[36.1254104527668,47.6575198838112],[36.1253939084942,47.6575896797848],[36.125373977573,47.6576588960097],[36.1253539963461,47.6577282712756],[36.1253306527251,47.6577970105243],[36.1253072614934,47.6578658930831],[36.1252805294272,47.6579340791211],[36.1252537515469,47.6580023897133],[36.1252236651714,47.6580699493323],[36.1251935284903,47.6581376099094],[36.1251601165516,47.6582044692968],[36.125126660595505,47.6582714072565],[36.1250899581279,47.6583374865497],[36.1250532188294,47.6584036298956],[36.1250132671555,47.658468860729],[36.1249732867355,47.65853413444],[36.1249301262793,47.6585984399775],[36.1248869487552,47.6586627720584],[36.1248406307208,47.658726086355905],[36.1247943054999,47.6587894066273],[36.1247448792947,47.6588516546654],[36.1246954584793,47.65891389113321],[36.1246429753072,47.6589750075738],[36.1245905154912,47.6590360936902],[36.1245350346409,47.6590960071451],[36.1244795924182,47.6591558751525],[36.1244211749753,47.6592145208897],[36.1243628150245,47.6592731060561],[36.1243015256677,47.6593304169238],[36.1242403099726,47.6593876527027],[36.1241762142788,47.6594435657847],[36.1241122138064,47.6594993910751],[36.1240453818442,47.6595538440608],[36.1239786684596,47.659608194132],[36.1239091729926,47.6596611259209],[36.1238398221544,47.659713945723006],[36.12376774043761,47.6597652988454],[36.1236958276042,47.6598165266732],[36.1236213375042,47.6598661777096],[36.1235468447093,47.6599158232534],[36.1235467944036,47.6599158577409],[36.1235462383465,47.6599162177409],[36.1235442692394,47.659916562009904],[36.1235442216286,47.6599165698754],[36.1235441731196,47.659916578346],[36.1235440787965,47.6599165940771],[36.1235438883537,47.6599166285645],[36.1233191190898,47.6599550051607],[36.1230943480293,47.6599933793086],[36.1230889428662,47.6599942753746],[36.1228635465783,47.6600305403214],[36.1226381475954,47.660066803428],[36.1226332185394,47.6600675724343],[36.1226317686586,47.6600677987194],[36.122406137012,47.6601018933369],[36.1221805053655,47.6601359836969],[36.1221800157837,47.6601360550916],[36.1221779703198,47.6601363545862],[36.1221759742632,47.6601366468202],[36.122175931144,47.6601366522656],[36.1221758889233,47.6601366589211],[36.1221758053799,47.6601366710218],[36.1221756382933,47.6601366952234],[36.1221753023234,47.6601367442316],[36.121948434595,47.6601688216035],[36.1217215641717,47.6602008971406],[36.1217210233859,47.6602009709554],[36.1217190228377,47.660201245038],[36.1217170366627,47.6602015154903],[36.1217169953401,47.6602015209357],[36.1217169531193,47.6602015275911],[36.1217168686777,47.6602015378768],[36.1217166970995,47.66020156147331],[36.1214888412243,47.6602315762293],[36.1212609835525,47.660261589758],[36.1212605631409,47.6602616430014],[36.1212587898665,47.6602618674705],[36.1212570282703,47.6602620913346],[36.1212569501168,47.6602621022253],[36.1212568674718,47.6602621106959],[36.12125670847,47.6602621312672],[36.1212563877715,47.6602621705946],[36.1210280288397,47.660290057398],[36.1207996708063,47.6603179429765],[36.1207990644435,47.6603180119508],[36.1207973612377,47.6603182122182],[36.1207956508454,47.6603184143007],[36.1207955933532,47.6603184191409],[36.120795538556,47.6603184264014],[36.120795424469904,47.6603184391072],[36.1207951998911,47.6603184651238],[36.1205658608974,47.6603442784349],[36.1203365192087,47.6603700868929],[36.1203361104753,47.6603701310607],[36.1203348240878,47.6603702720342],[36.1201040109587,47.660394054817],[36.1198731951347,47.660417836378905],[36.1198693395655,47.6604182163417],[36.1196380539225,47.6604398488046],[36.11940676738121,47.6604614812586],[36.1192936721819,47.6604092611989],[36.1191805715927,47.6603570356415],[36.1191804889477,47.6603569969192],[36.1191804368454,47.6603569727177],[36.11918038564141,47.660356947306106],[36.119069367347,47.6603028684663],[36.1189583445611,47.6602487865452],[36.1189580624901,47.6602486467814],[36.1188491489484,47.6601927291162],[36.1187402318135,47.6601368083658],[36.11873992548801,47.6601366462152],[36.118633150835,47.6600789090741],[36.1185263707921,47.6600211664238],[36.1185260267374,47.6600209752309],[36.1184214637366,47.6599614573245],[36.118316898939206,47.6599019369301],[36.1183165324266,47.6599017233502],[36.1182142394685,47.659840460969],[36.1181119447139,47.6597791954907],[36.1181116006591,47.6597789843305],[36.1180116235579,47.6597160034791],[36.1179116419651,47.6596530189215],[36.1179113554025,47.6596528349878],[36.1178137381755,47.6595881640911],[36.1177161173553,47.65952348766881],[36.1177158182163,47.6595232855832],[36.1176206569833,47.6594569869485],[36.1175254930554,47.6593906845992],[36.1175252792563,47.6593905315221],[36.1174329638862,47.6593228967706],[36.1173406440244,47.6592552576962],[36.1173398903379,47.6592546907645],[36.1173397519973,47.659254587301],[36.1172495898889,47.659185092448006],[36.1171594259838,47.6591155944772],[36.1171593568135,47.6591155382075],[36.1171589579616,47.6591152211605],[36.1170715896137,47.6590443550737],[36.1169842176725,47.6589734840503],[36.1169840416027,47.6589733364174],[36.1168992091988,47.6589008939726],[36.1168143732017,47.6588284484022],[36.1168141567078,47.658828258415],[36.1167771326433,47.6587954299511],[36.1167401040873,47.6587625966261],[36.1166950526775,47.6587215907904],[36.116649999471,47.6586805800821],[36.1166497533327,47.6586803531859],[36.1165704797038,47.6586051633746],[36.1164912024816,47.6585299710348],[36.116490967123,47.6585297411127],[36.1164145240856,47.6584532320558],[36.1163380801499,47.6583767186514],[36.116337872639,47.6583765062753],[36.1162872381997,47.6583234328099],[36.1162366037605,47.6582703562653],[36.116229704699,47.6582621268275],[36.1161907321888,47.6582209197183],[36.11604925292141,47.6580626728381],[36.1159137285861,47.6579020766144],[36.115784248116,47.6577392326766],[36.1156608914611,47.657574247496],[36.1155437385717,47.6574072239143],[36.1154328595162,47.6572382659847],[36.1153283279564,47.6570674813917],[36.1153111306087,47.6570372445691],[36.1152302103678,47.6568949772159],[36.1151385687341,47.6567208684055],[36.1150762319416,47.6566765197166],[36.1150092472658,47.65663536278771],[36.1149379713379,47.656597619086],[36.1148627886369,47.6565634870854],[36.1147840989129,47.6565331507376],[36.1147023243743,47.6565067722113],[36.1146179042972,47.6564844967319],[36.114531293229,47.6564664410856],[36.1144429511074,47.6564526996697],[36.1143533540393,47.656443349333],[36.1142629799284,47.6564384366692],[36.11417231656,47.6564379937488],[36.1140818481261,47.6564420181518],[36.1139920579202,47.6564504905144],[36.1139034283376,47.6564633636381],[36.1138164354855,47.6564805703555],[36.1137315419962,47.6565020156645],[36.1136492096038,47.6565275900401],[36.1135698712962,47.6565571500721],[36.1134939573665,47.6565905420632],[36.1131692550188,47.6567952216868],[36.112839902093,47.6569965030067],[36.1125059830305,47.6571943388665],[36.1121675732899,47.6573886827148],[36.1118247546179,47.6575794873954],[36.1114776096595,47.6577667075668],[36.1111262210597,47.6579503021234],[36.1107706696669,47.6581302214881],[36.1104110426177,47.6583064293952],[36.1100474234552,47.6584788786879],[36.1096798993163,47.6586475306796],[36.1093085582358,47.6588123436584],[36.1089334873501,47.6589732813575],[36.1085547791859,47.6591303056945],[36.1081725199814,47.6592833761663],[36.1077868004664,47.65943245711],[36.1073977158623,47.6595775158871],[36.107005356000705,47.6597185156235],[36.1066098152047,47.6598554218647],[36.1062111860007,47.6599882037858],[36.1058095645086,47.6601168305611],[36.1054050477462,47.6602412707595],[36.1049977282402,47.6603614935539],[36.1045877066018,47.660477473562],[36.1043252601983,47.6605485210292],[36.1041750762559,47.6605891799554],[36.1037599387119,47.66069658735],[36.1032319700733,47.6607335433613],[36.1001886027566,47.6610295045203],[36.0983675514873,47.6612065998978],[36.0982505252603,47.6615514478989],[36.098286558483,47.6620368793144],[36.0986511262663,47.6623256461217],[36.0991150881443,47.662924414333],[36.0993429673757,47.663523797616904],[36.09957028516,47.6644290492899],[36.099694377535,47.6655776019318],[36.099449069190506,47.6665780964165],[36.098942359183106,47.6673861278601],[36.0988646037071,47.667454198017],[36.098794996849,47.6680050741577],[36.0988910321427,47.6681990916243],[36.0989401870568,47.668298400088],[36.09902577763871,47.6693400964402],[36.0987488800372,47.6706149745017],[36.0970530727832,47.6726470115349],[36.0906395732701,47.6774909395586],[36.08498343349161,47.6825375977564],[36.0860772778771,47.682513939971],[36.087336720397,47.6826199281935],[36.0894226731655,47.6829908837647],[36.0910363348766,47.6833883347038],[36.0942242995131,47.6839712571897],[36.0971367634284,47.6845806681429],[36.0986717093644,47.6850575930409],[36.1001279395254,47.6857199825402],[36.1016235293706,47.6866473144336],[36.1019664800949,47.6869571625968],[36.1040173186172,47.6857202407655],[36.1105528614482,47.682063994886605],[36.122737575826,47.6759301301088],[36.1242901808439,47.6754905058532],[36.1256897488701,47.6753147412464],[36.1264169692286,47.6753534325439],[36.1268701926456,47.6754761476467],[36.1271399351659,47.6756886248674],[36.1272770001119,47.6758715745234],[36.1273381681962,47.6760794356971],[36.1279294815371,47.6748281479623],[36.1293780194243,47.6717625756162],[36.1294798012409,47.67160726002741],[36.1295868606598,47.671453550008],[36.1296991851046,47.6713015508269],[36.1298166901337,47.6711513369029],[36.1299393083733,47.6710029790265],[36.130080805607,47.670841208544],[36.1302283871301,47.670681912276805],[36.1303819613144,47.6705252027627],[36.130541431142,47.670371186491],[36.1307066906115,47.6702199663224],[36.1308776319253,47.6700716348348],[36.1310541454887,47.6699262918654],[36.1312361118259,47.669784031808],[36.1314234159526,47.66964495026671],[36.131615936596,47.6695091355868],[36.1318135452973,47.6693766749041],[36.132016107309,47.669247645675604],[36.1320165313139,47.6692473873688],[36.1320281770732,47.6692401711111],[36.1321256469765,47.6691813612052],[36.132223502257,47.6691221513707],[36.1322294715621,47.6691187213868],[36.132234822826206,47.6691154928463],[36.1323351287108,47.6690579997459],[36.1323351700333,47.6690579779682],[36.1324355909023,47.6690002670272],[36.1324409089288,47.6689973663551],[36.1324411604571,47.6689972278246],[36.1324461074793,47.6689943930904],[36.1325490571058,47.6689383619907],[36.1325491154964,47.668938329324],[36.1326522349044,47.6688820701025],[36.132656219831,47.6688800060533],[36.1326573669796,47.668879412004],[36.1326618962853,47.6688769480905],[36.1327677178258,47.6688222882612],[36.1327678696411,47.6688222090142],[36.1328732896346,47.6687676374488],[36.1328762145492,47.6687662013223],[36.1328779509926,47.6687653507773],[36.1328820482086,47.6687632340938],[36.1329911198538,47.6687098039888],[36.1330181771102,47.668696526155],[36.1330986122607,47.6686570459184],[36.1331027858335,47.6686551052683],[36.1331064204171,47.6686533255324],[36.1332181016682,47.6686014899405],[36.133218146584,47.6686014681626],[36.1333280581539,47.6685503651041],[36.1333317601112,47.6685487359952],[36.1333348700787,47.6685472932084],[36.13344886718661,47.6684972100301],[36.133487386946,47.6684802631639],[36.1335614746007,47.6684476664132],[36.1335636611001,47.668446755368706],[36.1335646456537,47.6684463476369],[36.1335672462764,47.6684452036893],[36.1336842904698,47.6683965952661],[36.133684658779,47.6683964422153],[36.1337987106841,47.6683490152031],[36.1338011819495,47.6683480448724],[36.1338013050186,47.6683479976867],[36.1338034016865,47.6683471259618],[36.1339250686103,47.6682994266796],[36.1339538623101,47.6682881281216],[36.1340396118938,47.6682544774359],[36.1340407159233,47.668254066678],[36.1340416357982,47.6682537279085],[36.1340431826971,47.668253122963],[36.1341688839548,47.6682066800678],[36.1342143306233,47.668189879504204],[36.1342840183298,47.6681641130237],[36.1342854736006,47.6681636066835],[36.1342864330013,47.6681632521848],[36.1344175061844,47.6681177081609],[36.1344185239756,47.6681173548718],[36.1345317745835,47.6680779836927],[36.1345326315763,47.668077703602],[36.134533004377104,47.6680775807976],[36.1346928416156,47.6680254542589],[36.1347000982065,47.66802308891171],[36.1347827180598,47.6679961451192],[36.1382310818393,47.6657685793516],[36.1388284444352,47.6653826878217],[36.1429060385454,47.6627485106011],[36.1436946785164,47.6620710156022],[36.1440804150994,47.6621411364358],[36.1448243486138,47.6622811491247],[36.1455664091407,47.6624255949738],[36.1463065409848,47.6625744636611],[36.1470446857554,47.6627277406283],[36.1477807832655,47.662885419181706],[36.1485147787179,47.6630474835512],[36.149246611027,47.66321391978081],[36.1496472416774,47.6633077049791],[36.1499762253957,47.6633847163337],[36.1507035643318,47.663559860462],[36.1507075321904,47.6635608284618],[36.150710457105,47.66356103779181],[36.150720113096,47.6635618194516],[36.1507394637055,47.6635633894262],[36.1509394870783,47.6635796070493],[36.1509397035722,47.6635796245943],[36.1509399056932,47.6635796427443],[36.1510130375405,47.6635870999694],[36.1510172120116,47.6635875240741],[36.1511675711255,47.6636028565756],[36.1511679789607,47.6636029007406],[36.1511684047621,47.6636029443005],[36.1512574808074,47.6636139074931],[36.1512594984235,47.6636141549378],[36.1513945053292,47.6636307573246],[36.1513951332516,47.6636308468644],[36.1513957459027,47.6636309218843],[36.1514371384743,47.6636368992746],[36.1514901938733,47.6636445609812],[36.1516200722971,47.6636632990036],[36.1516209005438,47.663663435733405],[36.1516217171124,47.6636635531031],[36.1516849351522,47.6636740486191],[36.1517192966101,47.6636797531501],[36.1518440645182,47.6637004422793],[36.1518450939876,47.6637006364837],[36.1518454596019,47.6637006969836],[36.1518461045922,47.6637008028583],[36.1518886497024,47.6637087997244],[36.1519447485936,47.6637193436312],[36.1520662771768,47.6637421556819],[36.1520675015805,47.6637424134109],[36.152068705323,47.6637426408901],[36.1521322853839,47.6637560089189],[36.1521684389808,47.6637636095032],[36.1522865036603,47.6637884010855],[36.1522879014389,47.663788725969],[36.1522885473276,47.6637888626984],[36.1522893099972,47.6637890224177],[36.1523290137362,47.6637982734294],[36.15238962756,47.6638123964801],[36.1525045409494,47.6638391343135],[36.1525061121029,47.6638395372413],[36.152507713799,47.6638399105242],[36.1526075408816,47.6638654873555],[36.1526079729712,47.6638655992798],[36.1527201887199,47.663894309978],[36.152721944028,47.6638948000247],[36.1527226213577,47.6638949718436],[36.1527237155057,47.6638952537717],[36.1528227107483,47.6639229728657],[36.1529332439524,47.6639538730103],[36.1529351681438,47.6639544592508],[36.1529371156913,47.6639550043516],[36.1530358441343,47.6639850532494],[36.1530362519694,47.6639851778783],[36.1531435117127,47.664017773786],[36.153145572448,47.6640184519849],[36.1531467725972,47.6640188161916],[36.153147712235,47.6640191029591],[36.1532463598296,47.6640516008364],[36.1532465790185,47.6640516722258],[36.1533507988628,47.6640859493696],[36.1533530006336,47.6640867310216],[36.1533542277323,47.6640871351574],[36.1533553119988,47.6640874927087],[36.1533908259953,47.6641001086422],[36.153452721715,47.6641220971305],[36.1535549095701,47.6641583374302],[36.1535572622578,47.66415923402981],[36.1535575748716,47.6641593459535],[36.1535597218451,47.6641601082445],[36.1535851468626,47.6641698183801],[36.1536560077688,47.6641968809113],[36.1537556596799,47.6642348732162],[36.1537581210638,47.664235878108],[36.1537607540259,47.664236885419704],[36.1538558433937,47.6642758245073],[36.1538562018214,47.6642759697053],[36.153952860546,47.6643154810853],[36.1539554432025,47.6643166118137],[36.153958219895,47.6643177491969],[36.1540167244745,47.6643433832683],[36.1540514443603,47.6643585957597],[36.1541463325054,47.66440009204981],[36.1541490391294,47.6644013570842],[36.1541519361961,47.6644026251435],[36.1542433649291,47.6644454106315],[36.1542435616602,47.66444550259],[36.1543358940983,47.6644886250218],[36.1543387040285,47.6644900249666],[36.1543403147079,47.664490779388],[36.1543417250628,47.6644914376161],[36.1543923711803,47.66451671223881],[36.1544315664727,47.6645362727326],[36.1545213728483,47.6645809983079],[36.1545242627286,47.6645825307425],[36.1545267205192,47.6645837582632],[36.1545274086287,47.6645840994765],[36.1546158657347,47.6646311215431],[36.1546159879056,47.6646311856718],[36.1547025953805,47.6646771277944],[36.1547055310748,47.6646787848536],[36.1547088153155,47.66468053084581],[36.1547623576014,47.6647108189006],[36.1547951389227,47.6647293641547],[36.1548793928115,47.6647769215029],[36.1548824309138,47.66477874614],[36.1548857753416,47.6647806379304],[36.1549594910938,47.6648249851804],[36.1549697839904,47.6648311790187],[36.1549698837034,47.6648312395172],[36.1550516034447,47.6648802892696],[36.1550546873611,47.66488225788931],[36.1550576374285,47.664884032309],[36.155058126112,47.6648843269365],[36.1550666529207,47.6648897790568],[36.1551403417235,47.6649369079302],[36.1551797041026,47.6649620208066],[36.1560768821196,47.6653850097301],[36.1569521547183,47.665808378174304],[36.1572132859883,47.6658865383131],[36.157753708869905,47.6658845479522],[36.1581521242749,47.6658139862813],[36.1583721100098,47.6657519885343],[36.1587392541614,47.6656485154132],[36.1587921245074,47.6655931740244],[36.158866673896206,47.66532005917381],[36.1587733739725,47.6647859672494],[36.1587111737239,47.6643147030667],[36.1588355742211,47.6640214703027],[36.1590688271745,47.6637596540293],[36.15923987628611,47.6634140540779],[36.1593331771081,47.663152235968],[36.1594507432226,47.66303346616951],[36.1594710442497,47.6630129570679],[36.1594821725795,47.6630017166562],[36.1595111594171,47.6629951420518],[36.1595448390537,47.6629951420518],[36.1595569851746,47.6629951414468],[36.1599862810658,47.6629951426567],[36.1605616349372,47.6630998709784],[36.1607668290128,47.6632610991726],[36.1608415365051,47.6633197983786],[36.1608935399769,47.663464964935],[36.1608880809149,47.6635265745682],[36.1607793443413,47.6637356283606],[36.1601666367237,47.6645108970863],[36.1597953001347,47.6655362342278],[36.1597952992364,47.6663239802932],[36.1596838973614,47.6668491369254],[36.1592939934938,47.6673742906939],[36.1590961179928,47.6675575169253],[36.1590396588772,47.6676097939597],[36.1589969242225,47.667649368151],[36.1589519626443,47.6677384418832],[36.1589132677134,47.6679057451726],[36.1589430765095,47.6679820244103],[36.1590231703002,47.6680852406425],[36.1590362147365,47.6680982948015],[36.1590495708881,47.6681109569514],[36.1590897139032,47.6681518338179],[36.1590941569706,47.6681562813855],[36.1591339972535,47.668196153401],[36.1591477998678,47.6682109848635],[36.1591563626091,47.6682197057639],[36.1591581556464,47.6682215314905],[36.1591619195874,47.6682253638223],[36.1591783030616,47.6682433228453],[36.1591989328721,47.6682659308672],[36.1592394154503,47.668309433073],[36.1592538208343,47.6683260902262],[36.1592685442218,47.66834222833181],[36.1592798737741,47.6683556266397],[36.1593023065034,47.66838215707],[36.1593392030071,47.6684248201223],[36.1593393188897,47.6684249580494],[36.1593541958891,47.6684435231569],[36.1593693298067,47.6684614191907],[36.1594000926136,47.6685007955251],[36.1594335943839,47.6685426043021],[36.1594482081769,47.6685623871158],[36.1594641595614,47.6685828045059],[36.1594959383629,47.6686269954755],[36.1595388931048,47.6686867273304],[36.1595421207516,47.6686912159883],[36.1595529319761,47.668706251175],[36.159569212144,47.6687309545084],[36.1595834001356,47.668752484921505],[36.1596232997072,47.6688130308806],[36.1596355509311,47.6688316218625],[36.1596467744823,47.6688503084179],[36.1596645413619,47.668879891115],[36.1597013624071,47.6689411973328],[36.1597119194083,47.6689587743941],[36.1597203653686,47.668974306157004],[36.159739225498,47.6690089926352],[36.1597392434643,47.6690090216722],[36.1597648813825,47.6690549272751],[36.1597649200101,47.6690549986576],[36.1597729787965,47.6690710657603],[36.1597772960998,47.6690790049397],[36.1597819538645,47.6690875720414],[36.159792297965,47.6691087544694],[36.1598074237977,47.6691397301859],[36.1598313117978,47.6691873488487],[36.159831366595,47.6691874595518],[36.1598380662304,47.6692024818919],[36.1598432710692,47.6692131378116],[36.1598455788411,47.6692178665833],[36.1598690652942,47.6692719761136],[36.1598910344928,47.6693212309999],[36.159891091985,47.6693213671098],[36.1598965411655,47.66933527996441],[36.1598969885265,47.669336311375],[36.1599027206764,47.6693495164542],[36.1599241005801,47.6694056517658],[36.1599439641277,47.6694563807441],[36.1599440332979,47.6694565622236],[36.1599483523979,47.6694693353513],[36.1599533182847,47.6694823746457],[36.1599639543377,47.6695147523702],[36.1599724164677,47.669540508505],[36.15999005399,47.669592675875705],[36.159990123160306,47.6695928882061],[36.1599934325538,47.6696044810824],[36.1599973132758,47.6696162947555],[36.1600139662445,47.66967641505251],[36.1600292331128,47.6697299028459],[36.1600293103679,47.6697301889771],[36.1600317340225,47.669740567127],[36.1600319630929,47.6697413940639],[36.1600346571405,47.6697511249386],[36.1600453479907,47.6697984109384],[36.1600486978083,47.6698132334766],[36.160061487123,47.6698680047845],[36.1600615527001,47.6698683072478],[36.1600632190749,47.6698774664431],[36.1600639278457,47.6698805987533],[36.1600653112512,47.6698867212152],[36.1600720243613,47.6699249295718],[36.1600765913962,47.6699509335238],[36.1600765976845,47.6699509637701],[36.1600867477488,47.6700067294304],[36.1600868097326,47.6700070833116],[36.1600878454901,47.6700149860532],[36.1600892405737,47.6700229281138],[36.1600928059871,47.6700513045314],[36.1600975958042,47.6700894226339],[36.160097606584,47.6700894958297],[36.1601050104985,47.6701460096324],[36.1601050518211,47.67014635685851],[36.1601055827254,47.6701529626231],[36.160106416362,47.6701595950035],[36.1601116472519,47.6702284636707],[36.1601162295581,47.670285535061],[36.1601162609992,47.6702859639506],[36.1601164208993,47.6702913011764],[36.1601165125274,47.6702925170693],[36.1601168197513,47.6702965724652],[36.1601187142982,47.6703682955738],[36.1601204112158,47.670425277283],[36.160120420199,47.6704257479109],[36.1601203375539,47.6704297778898],[36.1601203851646,47.6704315823669],[36.1601204408602,47.6704337056369],[36.1601189289956,47.6704992305527],[36.1601186927386,47.6705095081331],[36.16011754559,47.6705650584504],[36.160117528522,47.6705655478297],[36.1601174907928,47.6705661981172],[36.1601173308927,47.6705684544638],[36.1601173255028,47.6705686637656],[36.1601172769938,47.6705708451022],[36.1601113849438,47.6706519628112],[36.1601076281893,47.6707047158405],[36.1601075877651,47.6707051991692],[36.1601075536291,47.6707055167507],[36.1601074081021,47.6707067150913],[36.1601073919324,47.6707069419352],[36.1601073272537,47.6707078360026],[36.1600991687543,47.6707745262478],[36.1600922166923,47.6708313611239],[36.1600920540972,47.6708326919382],[36.1600906069113,47.6708445295299],[36.1600358231537,47.67101384085421],[36.1599916898221,47.6711065836874],[36.1599415189135,47.6711813266111],[36.159463349281,47.6718931508089],[36.1591377001091,47.6723630418045],[36.1588585737873,47.6728955790519],[36.1585794465673,47.6738979850149],[36.1584298600045,47.675020331512],[36.1584166242271,47.6751196475616],[36.1584863945786,47.6774689113393],[36.1593324818121,47.6802682636265],[36.1593325060666,47.680268312011],[36.160531853989,47.6827151717187],[36.1605318737519,47.68271522010091],[36.1610406786305,47.6839875168527],[36.1610406930036,47.68398756644331],[36.1615858473118,47.6861161802292],[36.161513158334,47.6874129095232],[36.1612587446657,47.6884404828559],[36.1601684073031,47.6897616209818],[36.1583875206085,47.6911316521589],[36.1565907337334,47.6918135964231],[36.1531834265557,47.6927309978532],[36.1490378677078,47.6936101570892],[36.1446651554673,47.6943364086498],[36.1431809329037,47.6945526618298],[36.1419481245337,47.6948188184982],[36.1385288212537,47.6958677723971],[36.1365981952827,47.696525316452],[36.1352723439071,47.6971358830585],[36.1346979350633,47.697450329221],[36.1343294641001,47.6977189143033],[36.1343098080633,47.697800773372],[36.1341980046414,47.6982756632312],[36.1340897001575,47.6987509151477],[36.1340890551671,47.6987537930051],[36.1340881092411,47.6987564096787],[36.1340852642766,47.6987642699767],[36.1339671079689,47.6990826832992],[36.1339643294798,47.69908997463071],[36.1339641803594,47.6990903742634],[36.1339640330357,47.6990907533401],[36.1339640213576,47.6990907853832],[36.1339611898679,47.6990982133505],[36.1338371693581,47.699415219579805],[36.1338341887479,47.6994226475009],[36.1338339515927,47.6994232490621],[36.1338337512684,47.6994237399844],[36.1338337135391,47.6994238361132],[36.1338306709453,47.6994314169928],[36.1337008473188,47.6997469127682],[36.1336974966027,47.6997550588834],[36.1336939940714,47.6997631656995],[36.1335583879894,47.700077139562],[36.1335549492385,47.7000849156248],[36.1335546878287,47.7000855147601],[36.1335544318089,47.7000860848756],[36.133550924786,47.7000940163132],[36.133409487739506,47.7004066000842],[36.1334058944784,47.7004143670293],[36.1334058675289,47.7004144256728],[36.133405696849,47.7004147999033],[36.1334054920331,47.7004152376138],[36.1334018403815,47.7004231278904],[36.1332546532188,47.7007341765014],[36.1332507877681,47.7007421713201],[36.1332507742934,47.7007422003394],[36.1332504976123,47.7007427825392],[36.1332502227278,47.700743338138],[36.1332501993716,47.7007433877126],[36.1332462629541,47.7007515252081],[36.1330934056253,47.701060897819],[36.1330891619839,47.7010694844568],[36.1330847871885,47.7010779737582],[36.1329261321329,47.7013859418496],[36.1329216225901,47.7013946995246],[36.1329169477574,47.7014034124607],[36.1327526351122,47.7017097233509],[36.1327481192812,47.701717976166],[36.1327481049082,47.7017180051848],[36.1327479036856,47.7017183745694],[36.1327476764118,47.7017187856685],[36.1327430932072,47.701727163021],[36.13257323616,47.7020316293289],[36.1325681804416,47.7020406921951],[36.1325629576366,47.7020497042773],[36.1323874456947,47.7023525497161],[36.1323823360773,47.7023613658701],[36.132377058475,47.702370142122305],[36.1321959239778,47.7026713201741],[36.1321907766312,47.7026797245782],[36.1321904011354,47.7026803460518],[36.1321899959952,47.7026809959392],[36.13218477858,47.7026895176236],[36.1319981410033,47.702988841511306],[36.131992549889,47.7029978080888],[36.1319868141459,47.7030066906334],[36.1317947184056,47.7033041144472],[36.1317890446463,47.7033127514967],[36.1317886242347,47.7033133977489],[36.1317882002299,47.7033140313058],[36.1317824348424,47.7033228080022],[36.1315848818367,47.7036183402345],[36.1315788469546,47.7036273671573],[36.1315726521724,47.7036363281842],[36.1313784965951,47.7039171836268],[36.1313779980301,47.7039179012063],[36.13136958081591,47.7039300813154],[36.1313631102509,47.7039394412812],[36.1313614025535,47.7039418721033],[36.1318774801927,47.70406690120261],[36.1320382426959,47.7041058468413],[36.1324676796226,47.7042098760413],[36.1330155737924,47.7043425983143],[36.1330211388556,47.7043423196273],[36.1330213185187,47.704342312373],[36.1333857129272,47.7043231331436],[36.1333858898953,47.704323121053],[36.1333993736077,47.7043223460491],[36.133399690713,47.70432232307701],[36.1333998685794,47.7043223140091],[36.1337621483537,47.7042992561236],[36.1337623253218,47.7042992446376],[36.1337787510168,47.7042981099393],[36.1338138832293,47.704295484476006],[36.1341389844289,47.7042711957599],[36.1341474519488,47.7042705664463],[36.1341559913338,47.7042698337585],[36.1345158564367,47.7042389556727],[36.13453148891921,47.7042375247543],[36.1345316631924,47.7042375042003],[36.1348927113765,47.7042025074416],[36.1348928865479,47.7042024887012],[36.1348933096544,47.7042024469887],[36.1349054620636,47.704201190778],[36.1349055384204,47.7042011841283],[36.1349057153885,47.7042011641788],[36.1352670231857,47.7041620922647],[36.1352672010521,47.7041620747334],[36.1352672585443,47.7041620692926],[36.1352781461255,47.7041608306124],[36.1356411167043,47.7041174937114],[36.1356459496405,47.7041169194082],[36.1356502094516,47.7041163614273],[36.1356522324576,47.7041161075248],[36.1360141807536,47.7040687879415],[36.1360216367704,47.7040677735398],[36.1363856035808,47.7040160553463],[36.1363888438041,47.7040155971119],[36.1363921091801,47.7040150959558],[36.1367555432896,47.7039592832183],[36.1367583541181,47.7039588509783],[36.1367613922204,47.703958351030806],[36.1371209815404,47.7038989847923],[36.1371304650549,47.7038973634368],[36.1374875094477,47.7038342514428],[36.1374930251035,47.7038332805629],[36.1406133645654,47.7046606335934],[36.1428933336723,47.7052651552806],[36.1428939858492,47.7052653275677],[36.1466133848246,47.7062304211531],[36.148411201169004,47.7066969072451],[36.1485410490501,47.7067871372197],[36.148680045374,47.7068845690228],[36.1487958768417,47.7070014865835],[36.1488085565619,47.7070201540283],[36.1488885380632,47.7071378855391],[36.1489131222576,47.7071854471564],[36.1489357310566,47.7072291847039],[36.148949592061506,47.7072560036597],[36.1489701607866,47.70729579622811],[36.1489812019797,47.7073171589999],[36.1489806369394,47.7135233196128],[36.1493083288803,47.7143963990488],[36.1513899814135,47.7167759250265],[36.1523848080985,47.7172422278888],[36.1533620700247,47.7175360276323],[36.1544524612862,47.71767360232331],[36.1618616678333,47.7174084513677],[36.1626534815523,47.7173133231776],[36.1633463161983,47.7172467335226],[36.1641098482572,47.7171896560896],[36.1648168223858,47.7171135527483],[36.1654250635798,47.717051279922],[36.1682366934011,47.7151180256929],[36.1811393512354,47.7035418960642],[36.1914442564396,47.6908846995512],[36.1926101807452,47.6894894471412],[36.1935012556081,47.687466995954],[36.1936118355246,47.6864735612637],[36.193820718981,47.6845969112875],[36.1936130527418,47.682830993803904],[36.1935397214686,47.6822073977724],[36.1933445624731,47.6817057272584],[36.1910574158271,47.6729131910748],[36.1909754229979,47.6708886949928],[36.1903863770048,47.6629905917982],[36.18969076566621,47.6512770979231],[36.18969076566621,47.6395609750038],[36.1889951543276,47.6262013891955],[36.1858649037532,47.6127211545879],[36.1776574021424,47.5951970753002],[36.1775085270453,47.5949483802351],[36.1772408883795,47.5946541279957],[36.1706748549311,47.5888553084803],[36.1701562611109,47.5884769715834],[36.1696899348671,47.5882598935294],[36.1571938796832,47.58377205833601],[36.1568368128325,47.5836556862606],[36.1564142093902,47.5836153291931],[36.1364765148842,47.5824658940839],[36.1256945413821,47.5825831971009],[36.108054664609405,47.5823338579651],[36.104686526673,47.5822968277071],[36.1032148472857,47.582108952915],[36.1028971688653,47.5820683983293],[36.1019419668675,47.5818177884953],[36.099925495193,47.5814945749631],[36.0932077255134,47.5804177852459],[36.0924434990568,47.5802952854755],[36.0922593767629,47.5802657744024],[36.0900668712254,47.5799143361836],[36.0868347130702,47.5793962413286],[36.086023150788,47.5792661565889],[36.08577710313,47.5792267154039],[36.0857764940722,47.5792267372191],[36.0849652740482,47.5790967029603],[36.0849623985409,47.5790962521126],[36.0804731110277,47.5783766396633],[36.0798929341014,47.578283640052],[36.0794739751243,47.5782077600568],[36.0791554235414,47.5781552929483],[36.0790936976033,47.5781307073623],[36.0790587252909,47.5781115187077],[36.07902259774521,47.5780839589031],[36.0789988840183,47.5780508076124],[36.078996444194,47.5780457166884],[36.0789832371627,47.5780181483652],[36.0789862105863,47.5779822209882],[36.0789973712553,47.5779454567123],[36.0790118206567,47.5779095329213],[36.079034316268,47.5778807967796],[36.0791390517453,47.5777631947731],[36.079307092399,47.5775564826929],[36.0793728993835,47.57747087599991],[36.0794257086441,47.577367550390704],[36.0794992474282,47.5772247891565],[36.0795412176165,47.5770779376293],[36.0795607999914,47.5767918611222],[36.0795437778151,47.5763712036293],[36.079453582469,47.5762139220696],[36.0793477923696,47.5760294476075],[36.0793198745272,47.5759777927993],[36.079297137269,47.5759357244877],[36.0792411353959,47.5758708426955],[36.079036346460605,47.575731283817],[36.078893316701,47.5756329004897],[36.0788164325908,47.5755922893759],[36.0786376561712,47.5755152625274],[36.0784189514338,47.5754512704581],[36.0783796483435,47.5754394300319],[36.0781716155917,47.5753932603439],[36.077907518983,47.5753556585467],[36.0773729692866,47.57526731630651],[36.0768416732882,47.5752380490507],[36.07659435271751,47.5752154722733],[36.0765942610893,47.5752153510687],[36.0764302880073,47.575011972372],[36.076195169253005,47.5747203339602],[36.0759043495612,47.574359600154],[36.0757862893733,47.5742131599671],[36.0754728168651,47.5738243273062],[36.07528722313071,47.5735941155614],[36.0751229580962,47.5733903584569],[36.0750004278914,47.5732383678154],[36.0749333345195,47.5731551430995],[36.074573470315,47.5727087537299],[36.0745734649251,47.5727087167607],[36.0737353933589,47.565146714598],[36.0734075963151,47.5621886706485],[36.0733892410389,47.5620230261257],[36.0725708308993,47.5546369432062],[36.0725707707122,47.5546369850382],[36.0725707428644,47.5546367861846],[36.0725381986983,47.5543430572845],[36.0723176542112,47.552352482565],[36.0724482198461,47.5522241458759],[36.0726707774578,47.552006011707],[36.0729295632265,47.5518334487081],[36.0734568320775,47.5515732850555],[36.0740237992775,47.5514346218071],[36.0746762375835,47.5512254539642],[36.0756525221427,47.5507722368277],[36.0758978385721,47.5506583536657],[36.0759023840474,47.550656422577205],[36.0764561190633,47.5503975287583],[36.0765781785508,47.550340457353705],[36.076804094065,47.5502348336501],[36.0768353707082,47.5502158160616],[36.0769973836664,47.550117313865],[36.0771097090095,47.5500202963476],[36.0771790077454,47.5498874193093],[36.0771789304903,47.5498872810692],[36.0772279892846,47.5497595282902],[36.077166204956,47.5495320471386],[36.0770970634252,47.5493957801301],[36.0770695938421,47.5493416434479],[36.0770695713842,47.5493415937295],[36.0770695147904,47.5493414585196],[36.0770137509708,47.549207059706006],[36.0768928754628,47.5489157208306],[36.0768928512083,47.5489156802067],[36.0768928125807,47.5489156171486],[36.0768927946144,47.5489155868323],[36.0768927658684,47.5489155413577],[36.0768308997931,47.5488174265865],[36.0768149133743,47.5487920747737],[36.0768148765433,47.5487920456699],[36.0766924289836,47.5487046451224],[36.0765562767259,47.5486424908249],[36.0763265182189,47.5486196297344],[36.0759105425468,47.5486688607385],[36.0755866810222,47.5487508759296],[36.0742406094679,47.5490294028411],[36.073523035219,47.549142543157],[36.07342147438791,47.5491431955624],[36.07292941500451,47.5491463557267],[36.0726184317279,47.5491097209704],[36.0725093717608,47.5490968771841],[36.0721642264522,47.5490658284713],[36.0717932680539,47.549013267896505],[36.0713291858018,47.5489344120805],[36.0710315999993,47.5488476854009],[36.0708549678582,47.5487957800487],[36.0708549310273,47.54879575276391],[36.0707156957515,47.5487054491157],[36.0707156768869,47.5487054090979],[36.0707156166998,47.5487052793433],[36.0702792402876,47.5477646818171],[36.0702792196263,47.5477646393732],[36.0702791522527,47.5477644962768],[36.068803696348,47.5445840635589],[36.06880366850021,47.5445840120168],[36.0674819062558,47.5417347372966],[36.058272409404,47.5332549998031],[36.055188588255,47.5316373602855],[36.0542251505027,47.5311319714817],[36.0542252843517,47.53113207823151],[36.0542251792488,47.5311320266762],[36.0499938420711,47.5289123483511],[36.038467483202,47.526031340942],[36.0325174793413,47.5250653554564],[36.032303564421,47.5250525458149],[36.0320891365627,47.5250445659471],[36.0318744329216,47.5250414231345],[36.0316596951445,47.5250431222309],[36.0314451603866,47.52504965959601],[36.0312310667016,47.5250610249159],[36.0310176548379,47.5250772121214],[36.0310168472524,47.5250772909798],[36.0310165283505,47.52507732434301],[36.0308699161096,47.5250918069893],[36.0308051655439,47.52509820301],[36.0305938278902,47.5251239654258],[36.0303838817268,47.5251544787375],[36.0303799596823,47.5251551411471],[36.03017636730291,47.5251895633826],[36.0301755579209,47.5251897016878],[36.0299690963225,47.5252296075768],[36.0297647197139,47.5252741387666],[36.0295626571654,47.5253232527836],[36.0294594101966,47.5253578514294],[36.0293533074834,47.52538825784351],[36.0292447227251,47.525414363452],[36.0291340368074,47.5254360760584],[36.0290216404973,47.5254533210563],[36.0289079272571,47.5254660359706],[36.0287932977353,47.5254741771294],[36.0286781543771,47.5254777166314],[36.0285629050177,47.5254766423456],[36.0284479494075,47.525470954271604],[36.0283336980764,47.5254606790983],[36.0282205480798,47.5254458441199],[36.0281089009647,47.5254265075661],[36.0279991457016,47.525402740404],[36.027891671261,47.5253746166327],[36.0277868522404,47.5253422411871],[36.0276850614406,47.5253057311331],[36.0275866545945,47.5252652077824],[36.0275080043965,47.5252283325008],[36.0274919775535,47.525220817923],[36.0274644145456,47.5252041278891],[36.0273384168438,47.5251278355498],[36.0271805397293,47.5250382129888],[36.0270185043133,47.5249520400347],[36.0268524758858,47.5248694076952],[36.0266826233302,47.5247903942395],[36.0265091200213,47.5247150852155],[36.02633214652051,47.524643556465],[36.0261518788974,47.5245758789769],[36.0259685031035,47.52451212495251],[36.0257822050901,47.5244523562805],[36.0255931770964,47.5243966372752],[36.0232028607366,47.5245080667341],[36.0214710921252,47.5247345075631],[36.0192036428385,47.5251280721248],[36.0182915348215,47.5252863933145],[36.0167243779942,47.5244287603478],[36.015044890434,47.5236726748764],[36.0135180823361,47.5228134771146],[36.0122457427036,47.5217136813341],[36.0112278706383,47.5204420127166],[36.0102608935238,47.5195140199976],[36.00878497858,47.5185172675133],[36.005833150489,47.5174173816689],[36.0017998343392,47.5168545411031],[35.9983009007991,47.5167471281185],[35.993450106961,47.5167471275118],[35.9899511743193,47.5169619538678],[35.9794702765745,47.5158018825525],[35.9754496868574,47.5152519143552],[35.971938027783,47.5145300718558],[35.9686808398691,47.5137394704226],[35.9651182876406,47.5123301099493],[35.9608481881583,47.5106874105011],[35.9607263721142,47.5105747879012],[35.9592732761753,47.509897411351],[35.9615893467767,47.512064215446],[35.9620420581541,47.5141012896377],[35.9594431871214,47.5161011524878],[35.9547209934044,47.517600938938806],[35.9209798087005,47.5232771915633],[35.9166906002555,47.5237988721671],[35.9109241886826,47.52436943744],[35.9052947198849,47.5254831869359],[35.901347612358,47.5264826416576],[35.8984350325601,47.5273875831368],[35.8966413421778,47.5284299032762],[35.8958454653787,47.5291354262235],[35.8957120484911,47.5302904747255],[35.8959164682188,47.5310087759828],[35.8963697805691,47.5317718647993],[35.8971549485515,47.5323061735712],[35.8986266530916,47.5324581034462],[35.90100127768,47.5320972308362],[35.9045660828832,47.5312354683599],[35.9059992074768,47.5309873568199],[35.9148017926577,47.5289183338722],[35.9172289776733,47.5284579125884],[35.9221119841991,47.5274041171925],[35.9283302025459,47.5260089394933],[35.9342428616437,47.5247926969173],[35.9364075661198,47.5243119470399],[35.9377704352717,47.5238794685667],[35.9386261964624,47.5236903487272],[35.9394951521081,47.5234764210287],[35.9399677836269,47.5233376591909],[35.9404472791727,47.5231908852919],[35.9410357771934,47.5230149158565],[35.9415244292669,47.5228922484702],[35.9424412749988,47.5226570557094]],[[36.1301031368267,47.6666828925654],[36.129674131091406,47.6667033300495],[36.1291456917356,47.6666463352023],[36.1285801869929,47.6665375201952],[36.1280408627508,47.6663265338624],[36.1276196912231,47.6659943074714],[36.1273397797738,47.6656047327005],[36.12724207720691,47.6651260110408],[36.1272259802953,47.6647877924911],[36.1273232849086,47.6643438914606],[36.12765135773521,47.6634911977708],[36.128214056141,47.6623566155784],[36.1285766952414,47.6617413134997],[36.1287792815076,47.6614908759707],[36.1292391892887,47.6611976170589],[36.1296577592953,47.6610988976936],[36.1301178395529,47.661079743701],[36.1304475158723,47.6610880737344],[36.1309615687088,47.6611897746951],[36.1316017971135,47.6612973901931],[36.1326429759688,47.661628125452],[36.1336451886021,47.6621697337343],[36.1344566053572,47.6625758751524],[36.1346674911583,47.6627779176738],[36.1348282770177,47.6630245435406],[36.1348965498777,47.6633100523899],[36.1349204100299,47.6635347753461],[36.13489754970261,47.66383190460311],[36.1348232617235,47.6639884139962],[36.1345539710559,47.6643510805656],[36.1340803711532,47.6647196831626],[36.1335511035508,47.6650232596333],[36.1334934200314,47.6650643597366],[36.1326137699423,47.6656911068929],[36.1319539618577,47.66618428819191],[36.1314633559484,47.6664382507288],[36.1309345563682,47.6666107923391],[36.1304125004408,47.666668155043105],[36.1301031368267,47.6666828925654]],[[36.1338093943478,47.6314551489898],[36.1338743721872,47.6314544885291],[36.1339390922102,47.6314584325267],[36.1340028393577,47.6314669380002],[36.1340649066556,47.6314799117201],[36.1341120044277,47.6314935561883],[36.13412059861,47.6314960460808],[36.1341246086894,47.6314972089993],[36.1341249114217,47.6314973803194],[36.134127798607,47.6314990124006],[36.1341727188628,47.6315244234625],[36.1342162000175,47.6315549753203],[36.134254543707,47.6315885037662],[36.1342873052654,47.631624620147],[36.1343141029087,47.6316629055417],[36.1343346258197,47.6317029131831],[36.1343486341482,47.6317441787497],[36.1343559644009,47.6317862197601],[36.1343565303396,47.631828547681],[36.1343503292691,47.631870673375],[36.1343374294617,47.6319120992312],[36.1343125461283,47.6320346270977],[36.1342815776072,47.6321565214665],[36.1342445589327,47.6322776479515],[36.1342015278339,47.6323978667197],[36.1341525382099,47.6325170470197],[36.1340976421629,47.6326350514423],[36.1340369016766,47.6327517480276],[36.1339703859214,47.6328670054224],[36.1338981712541,47.6329806946956],[36.1338203340313,47.6330926844959],[36.1337369667797,47.6332028543693],[36.133563367351,47.6334115664785],[36.133391695707,47.6336210011435],[36.1331063036362,47.6339761411509],[36.1331062021265,47.6339762688782],[36.1331060359382,47.6339764795374],[36.1331059748527,47.6339765594427],[36.1328734998404,47.6342728605155],[36.1328734755859,47.6342728919931],[36.132811157658,47.6343535842547],[36.1328110830978,47.6343536829248],[36.1326656745994,47.634543327197],[36.1325021470817,47.6347597967507],[36.1324010902055,47.634894704851],[36.1322266427672,47.63513193029941],[36.1321426143555,47.6352467895866],[36.1318899757583,47.6355998834461],[36.1318510364857,47.6356918223731],[36.1318057227678,47.6357824264039],[36.1317541298261,47.6358714921577],[36.1316963753398,47.6359588229135],[36.1316325868698,47.6360442261886],[36.1315629045532,47.6361275131334],[36.131487484697,47.6362084961096],[36.1314064934892,47.6362870014026],[36.1313201087966,47.636362848034],[36.1312285237567,47.6364358725808],[36.131131941389,47.6365059122255],[36.131030574594,47.636572813836],[36.1309246479506,47.6366364248858],[36.1308143986141,47.63669660919181],[36.1307000673329,47.6367532293604],[36.130581910127,47.6368061625254],[36.1304601866094,47.636855291267906],[36.1303351653764,47.6369005060377],[36.1302071276006,47.6369417057586],[36.1300763535565,47.6369788014597],[36.1299431351965,47.637011709012],[36.1298077662697,47.6370403569974],[36.1296705459151,47.6370646806548],[36.1296338425492,47.63698670678],[36.1296037579703,47.6369074580086],[36.1295803909932,47.6368271843279],[36.1295638179745,47.6367461484378],[36.1295540919149,47.6366646106189],[36.1295512406622,47.6365828299423],[36.1295552785894,47.6365010733504],[36.1295661895268,47.6364196023388],[36.1295839384402,47.6363386784053],[36.1296084687357,47.6362585606277],[36.1296397022598,47.6361795141385],[36.1296775366046,47.6361017847018],[36.12972185319251,47.6360256271628],[36.1299447728252,47.6356954264649],[36.1301732979453,47.6353669676261],[36.1304074025016,47.6350402978951],[36.1306470514598,47.6347154554416],[36.1308922151756,47.6343924844894],[36.1311428604112,47.6340714280523],[36.1313989548274,47.6337523297507],[36.131660464288,47.6334352301788],[36.131927353759,47.6331201705369],[36.1321995909008,47.6328071902103],[36.1324771361876,47.6324963364542],[36.1333265256281,47.631650873217],[36.1333636556937,47.6316149324116],[36.1333740492015,47.6316068367978],[36.1333798029109,47.63160235887491],[36.1334061819393,47.6315818192667],[36.1334536399357,47.6315519024585],[36.1335054978804,47.6315255107089],[36.1335611844449,47.6315029382337],[36.1336200833848,47.6314844356617],[36.1336815434216,47.6314702045859],[36.1337448809373,47.6314604072496],[36.1338093943478,47.6314551489898]]]},"properties":{"OBJECTID":2291,"GlobalID":"32673752-be74-434b-adc4-ab68dcd7c2a6","Shape__Are":216546307.1875,"Shape__Len":170110.63216318836,"CreationDa":"2026-08-21","Creator":"nkramer_understandingwar","EditDate":"2026-08-28","Editor":"nkramer_understandingwar","Area_KM":null}},{"type":"Feature","geometry":{"bbox":[36.7105287616617,50.2631526892838,36.7279619046465,50.2663110421137],"type":"Polygon","coordinates":[[[36.7176084113653,50.2662002890735],[36.7190530541574,50.2662309915934],[36.7228196461263,50.2663110421137],[36.7278932544942,50.2650635250787],[36.7279619046465,50.2650466476988],[36.7269803397901,50.2649762686555],[36.7266054297029,50.2649390804604],[36.72529201640071,50.264808800097605],[36.7244187452484,50.2645668994557],[36.7231961659945,50.2639342319317],[36.7223137032802,50.2636612718227],[36.7213914065712,50.2633759883277],[36.7196334556625,50.2631536999801],[36.7183931760042,50.2631526892838],[36.716588416581,50.2632643389366],[36.7154441695215,50.26351955282921],[36.7147321459627,50.2637791750334],[36.7143143718634,50.2640537102043],[36.7136857568787,50.2645625231555],[36.712886912046,50.265073176840204],[36.7124815275111,50.2652484747239],[36.7119224942317,50.2654667922474],[36.7105287616617,50.2658528326486],[36.715983606053,50.2661657570412],[36.7176084113653,50.2662002890735]]]},"properties":{"OBJECTID":2294,"GlobalID":"ff934a5c-ab5c-4ef8-92ae-883d628c1601","Shape__Are":629498.560546875,"Shape__Len":4156.194498018617,"CreationDa":"2026-08-23","Creator":"mewert_understandingwar","EditDate":"2026-08-23","Editor":"mewert_understandingwar","Area_KM":null}},{"type":"Feature","geometry":{"bbox":[37.8731677009679,48.857496414547704,37.9042184808032,48.8813791036422],"type":"Polygon","coordinates":[[[37.9042184808032,48.857496414547704],[37.9036800315202,48.8581490115431],[37.902894961454,48.85881638845141],[37.9018874990663,48.8596175772175],[37.9007934606447,48.860220250811],[37.899545486916,48.8606839638719],[37.897204572507,48.8614552602564],[37.894823065027,48.86183572818021],[37.8916568575867,48.8621282310087],[37.8886701101839,48.8625347149445],[37.8853619249113,48.8628737743641],[37.8823459535157,48.8638092254136],[37.87894313521951,48.8651605525037],[37.8776382029119,48.8662251510934],[37.8768007197422,48.8676553529816],[37.8762887923197,48.86949788341661],[37.8764071094257,48.8704402486114],[37.8756376898085,48.8716170987146],[37.8740458553621,48.8725451016839],[37.8733199151029,48.8735684099162],[37.87321502511541,48.8745486593431],[37.8731677009679,48.8754626752187],[37.8735096886982,48.8759884928732],[37.8738801853624,48.8764576441508],[37.8745254030102,48.8768129497007],[37.874607901591,48.8767281432404],[37.8753608011901,48.8766834021384],[37.876315701354,48.8767117023124],[37.8775066024177,48.8768387022554],[37.8790677010067,48.8769622019628],[37.8803819021314,48.8771880019832],[37.8817284021821,48.877590202034],[37.8825760012802,48.8779112029427],[37.8833753015588,48.8782217023173],[37.8843579012744,48.878716202002806],[37.8847325005446,48.879057802604],[37.885006101329,48.8795305022205],[37.8852636016085,48.8801020023706],[37.8853708020629,48.8804654020453],[37.885381600711,48.880867601737],[37.8851348029597,48.8813791036422],[37.8875889760614,48.8789362192407],[37.8877142039069,48.8788115629325],[37.8890247695497,48.876756445161604],[37.8896608701956,48.8751532334264],[37.8932475583592,48.8716675331953],[37.8957435291727,48.8699657897073],[37.8979014082493,48.8685436605754],[37.8987914752025,48.8680385622654],[37.8998849566686,48.8673756285075],[37.9008466975034,48.8666349995691],[37.901500217381,48.8658899625357],[37.9019309371018,48.8652485956545],[37.9024480469053,48.8642951002018],[37.9027663496548,48.8632755647185],[37.9034051344669,48.86122966285501],[37.9035339582685,48.8608170539064],[37.9038348345999,48.85935754697],[37.9038746380518,48.8591644582252],[37.9041390436809,48.8578817997728],[37.9042184808032,48.857496414547704]]]},"properties":{"OBJECTID":2297,"GlobalID":"2a7b2acc-0841-4fa4-90f4-05c78ecec69c","Shape__Are":5905615.359375,"Shape__Len":11780.22657851598,"CreationDa":"2026-08-23","Creator":"nkramer_understandingwar","EditDate":"2026-08-23","Editor":"nkramer_understandingwar","Area_KM":null}},{"type":"Feature","geometry":{"bbox":[37.8180992160483,48.965649838496,37.9364983499833,49.0330880426886],"type":"Polygon","coordinates":[[[37.8905391054382,48.9804087610119],[37.8882158581959,48.9800546287449],[37.8806529966161,48.9789014560639],[37.8710240799515,48.9742411742209],[37.8602730830553,48.9685892024078],[37.8580274143209,48.9679212870032],[37.855114008073,48.9672578776644],[37.8518428953738,48.9668155176979],[37.84753396801,48.9661459773678],[37.8468710598394,48.9659618481612],[37.8468238228285,48.965649838496],[37.8441553395477,48.9662977854356],[37.8415819016173,48.9670829990548],[37.8408332654225,48.9677280547993],[37.8405993162747,48.9686495483617],[37.8405291335966,48.9694174464583],[37.8406461059246,48.9701853327286],[37.8412309783449,48.9707996347632],[37.8417924550418,48.9711528533104],[37.8433131249514,48.9714907115983],[37.8462655576086,48.9724981371756],[37.8469746661344,48.9728114655365],[37.8474927802542,48.9730993908882],[37.8477147674357,48.9731867669441],[37.8479101986207,48.9732636898716],[37.8483887904613,48.9733705864333],[37.8484288391533,48.9733741391521],[37.8485576207342,48.9733874484304],[37.8486864014167,48.9734007577052],[37.8488147104836,48.9734159096713],[37.8489430159574,48.9734310604535],[37.8490707896284,48.9734480509765],[37.8491985615029,48.973465039135],[37.8493257359976,48.9734838552386],[37.8494529113907,48.9735026713351],[37.8498358200772,48.9736320151482],[37.84983654861091,48.9736322675226],[37.8502159853088,48.9737654278573],[37.8502170399309,48.9737657987524],[37.8505936765801,48.9739030161576],[37.8505942829429,48.9739032390478],[37.8509678985578,48.9740444380145],[37.8509681950019,48.9740445512282],[37.8513377071125,48.9741893177864],[37.851338677293,48.9741897022403],[37.8517047452629,48.9743382869599],[37.8517056408832,48.9743386549023],[37.8520686051738,48.9744912051615],[37.852068642903,48.9744912222614],[37.8520689950426,48.9744913696738],[37.8524280579499,48.9746475558236],[37.85242864724471,48.9746478152687],[37.8527835554438,48.9748075134491],[37.8527845148445,48.9748079462492],[37.8531358441555,48.9749714199966],[37.8531365017223,48.9749717295597],[37.8533105431221,48.9750554382928],[37.853484527928,48.9751391185826],[37.8536991489241,48.9752602267687],[37.8539137663269,48.9753813340709],[37.8539148595766,48.9753819549609],[37.8541279067243,48.9755049706245],[37.8543409529737,48.9756279871638],[37.8545513069723,48.97575226168],[37.8547616600725,48.9758765370657],[37.8547627524238,48.9758771868415],[37.8551802085195,48.976129515031],[37.8554627259814,48.9762434249803],[37.8554628679153,48.9762434804054],[37.8557488295179,48.9763534808634],[37.8557490720631,48.9763535722557],[37.8560383861784,48.9764596296395],[37.8560386934023,48.9764597398996],[37.8563312908599,48.9765618288804],[37.8563316115585,48.9765619379611],[37.8566274492395,48.9766600444125],[37.8566276980728,48.97666012695981],[37.8569267319595,48.9767542284996],[37.8569268253843,48.9767542568015],[37.8572288641357,48.9768442939007],[37.8575335106963,48.9769301451194],[37.8575336876644,48.976930192289004],[37.8578408692708,48.9770118458566],[37.8578411603249,48.9770119219175],[37.8581508922483,48.9770893802128],[37.8581511518615,48.977089443302],[37.8584631852687,48.9771626473829],[37.8584635275268,48.9771627269814],[37.8587779558425,48.9772316939655],[37.8587781543702,48.9772317375972],[37.8590947673887,48.97729642210171],[37.8590948931528,48.9772964480448],[37.859413613619,48.9773568270915],[37.859734171140005,48.9774128517578],[37.8600564291717,48.9774644978843],[37.8603802682384,48.9775117430794],[37.8607055095752,48.9775545631813],[37.861032030113,48.977592944640406],[37.8610320849102,48.9775929511261],[37.8613597256472,48.9776268721369],[37.8616883796838,48.9776563226852],[37.8616884192096,48.9776563262228],[37.8620179464087,48.9776812927554],[37.8620180039008,48.9776812962931],[37.8627311656251,48.9776429815282],[37.8634448600504,48.9776091843471],[37.8641590224979,48.9775799206783],[37.8646286015413,48.9781522848979],[37.8651193125535,48.9797259370363],[37.86538105018621,48.98056528118901],[37.8650196723205,48.98212751638291],[37.8649815496164,48.9822923061901],[37.8640032222883,48.9837253963444],[37.86391957566061,48.983847932756],[37.861518369923,48.9858621497461],[37.8615180743773,48.9858623802466],[37.8615161672539,48.9858639896228],[37.8600702326844,48.986997571827104],[37.8595331721968,48.9874186057156],[37.8566418779795,48.9905762190728],[37.8540182368012,48.99212114509831],[37.8529454624007,48.99275283743201],[37.8525460543574,48.9928643251365],[37.8480372168086,48.9941229104355],[37.84803618015281,48.9941230754724],[37.8468964210765,48.9942988129044],[37.8335040870891,48.99636367643011],[37.8302508805086,48.9968002664002],[37.8258886228613,48.997236859027],[37.8246205502264,48.9973168555846],[37.8220439340566,48.9974794020877],[37.8210106999016,48.9975848557878],[37.8210106163583,48.9975850302432],[37.8210089347121,48.9975875716343],[37.820919320576,48.9977232429495],[37.8202925156966,48.9986721591535],[37.8200166888869,48.9994159534039],[37.8191560992515,49.0017364595652],[37.8180992160483,49.0027180864908],[37.8207562449109,49.00259991323261],[37.8223755965511,49.0024952857668],[37.8245636230886,49.0023539210647],[37.8287999378313,49.0020802171215],[37.830598630931405,49.0018606837131],[37.8305986875253,49.0018606754625],[37.8308453711905,49.0019090950389],[37.830999900284,49.002035304188],[37.8310031845247,49.00203813471],[37.8311492676579,49.002164107803104],[37.8311493035905,49.0021641419838],[37.8312864071641,49.0022891052518],[37.8312934598374,49.0022955347409],[37.8312990257989,49.0023009010948],[37.8314322459555,49.002429335109305],[37.8314322791932,49.0024293692898],[37.8315656287072,49.0025655324618],[37.8315656610466,49.0025655654636],[37.83169350298961,49.0027040324883],[37.8318157106992,49.0028446194805],[37.8318157394453,49.0028446548393],[37.8319322527342,49.0029873600131],[37.8319322931584,49.0029874048008],[37.8320430239919,49.0031320713812],[37.8321478439109,49.0032785143082],[37.8321479058946,49.0032786050618],[37.832246780763,49.0034268143012],[37.8322468409501,49.0034269038759],[37.8323397177673,49.0035767745156],[37.8323397707679,49.0035768593755],[37.8323703619966,49.0036302203732],[37.8323991979173,49.0036805216458],[37.8324216019004,49.003719604881],[37.8324265821604,49.0037282918082],[37.8324266333643,49.0037283796144],[37.8324320358325,49.0037386164085],[37.8324446266195,49.0037624737704],[37.8325073146533,49.0038812618584],[37.8325073577724,49.0038813443606],[37.8325818613471,49.0040355762215],[37.8325818900932,49.0040356339729],[37.8325819062629,49.0040356699202],[37.8325860843273,49.0040451859373],[37.8325916844247,49.0040579389767],[37.8326116315156,49.0041033698481],[37.8326501638514,49.0041911323473],[37.8326502015807,49.0041912189741],[37.8327121799454,49.0043478147218],[37.8327122176746,49.0043479072413],[37.83276260687391,49.0044906004467],[37.8327656288065,49.004499157005206],[37.8327678799846,49.0045055325832],[37.8327697709383,49.0045061371994],[37.8327716942313,49.0045067536015],[37.8333572107436,49.004693141806904],[37.8333591502063,49.00469375290311],[37.8333609171924,49.0046943139093],[37.8333626958567,49.0046948654869],[37.833955164431,49.0048785357716],[37.8339568927896,49.0048790702577],[37.833958631928,49.0048795970831],[37.8339601869117,49.0048800696938],[37.8345520706828,49.0050586796689],[37.8345541296214,49.0050592966534],[37.834555741199,49.0050597822267],[37.8345573635564,49.0050602607286],[37.8345594503428,49.005060877713],[37.8351537272258,49.0052353573243],[37.8351558292835,49.0052359695923],[37.8351574022336,49.005236429824606],[37.8351589850651,49.0052368859319],[37.8351611050892,49.0052374934856],[37.8357573753338,49.0054077390629],[37.8357601457381,49.0054085233997],[37.8357618076214,49.0054089960054],[37.8357634811828,49.0054094633075],[37.8357655410197,49.0054100384485],[37.8363657890043,49.0055766039601],[37.8363674167516,49.0055770518143],[37.8363688971752,49.005577461365206],[37.8363703856837,49.005577864434],[37.8363724113846,49.0055784142339],[37.8369752968229,49.0057409208117],[37.836977248862,49.0057414429137],[37.8369786044198,49.0057418064994],[37.8369799662658,49.0057421671387],[37.8369822309186,49.0057427629007],[37.8375876585892,49.0059011828884],[37.8375896330862,49.0059016967389],[37.8375908610832,49.0059020173061],[37.837592097165,49.0059023331591],[37.8375944489544,49.0059029336334],[37.8382021439728,49.00605719930401],[37.838204355625,49.00605775617],[37.8382056078765,49.006058073200606],[37.8382068691112,49.0060583837491],[37.8382088804391,49.0060588834553],[37.8388194195236,49.0062091392201],[37.8388216545321,49.0062096848882],[37.8388222150808,49.0062098227783],[37.8388224944568,49.0062098923127],[37.838822634594,49.0062099264906],[37.8388227046626,49.0062099429903],[37.8388227765278,49.0062099600793],[37.8388233397715,49.0062100962016],[37.8388236209442,49.0062101627896],[37.8388237646746,49.0062101969676],[37.8388238347432,49.0062102146458],[37.8388239039135,49.0062102323241],[37.8388266725212,49.0062108970255],[37.8394385626719,49.0063567763932],[37.8394411920408,49.0063573980758],[37.8394417445047,49.006357528894405],[37.8394420238807,49.0063575948929],[37.8394421622213,49.0063576278922],[37.8394422295949,49.0063576443918],[37.8394423005618,49.0063576626592],[37.8402503279734,49.0065432142442],[37.8402508687592,49.0065433368124],[37.8402520949596,49.0065436102339],[37.8402546623446,49.006544183594],[37.8407439091029,49.0066526493023],[37.8407468196444,49.0066532904272],[37.840748115015,49.0066535774012],[37.8407494193688,49.0066538602504],[37.8407522769097,49.00665448134],[37.8412425414592,49.0067602367653],[37.8412456101042,49.006760893799],[37.841246167958,49.0067610145989],[37.8412464473341,49.0067610752935],[37.8412465865729,49.0067611041676],[37.8412466584382,49.0067611200778],[37.8412467285067,49.0067611342202],[37.8412472917504,49.0067612532523],[37.8412475747197,49.0067613139469],[37.8412477130603,49.0067613416425],[37.8412477849255,49.0067613563742],[37.8412478549941,49.0067613711059],[37.841250797875,49.0067619933728],[37.8417429282253,49.0068652200267],[37.8417454201519,49.0068657391706],[37.8417466759966,49.006866001983504],[37.8417471637818,49.0068661009803],[37.8417474108185,49.006866151068],[37.8417475329894,49.0068661769957],[37.8417475949732,49.0068661881917],[37.8417476569569,49.0068662017449],[37.841750227037,49.0068667291385],[37.8423866187371,49.00699591211901],[37.8423886848622,49.0069963269616],[37.8423892139699,49.0069964353864],[37.8423894780746,49.006996487831],[37.8423896119236,49.0069965149372],[37.8423896775006,49.0069965284903],[37.8423897466709,49.00699654145421],[37.8423902784735,49.0069966463433],[37.8423905470698,49.0069966993772],[37.8423906809188,49.0069967253049],[37.8423907473941,49.0069967388579],[37.8423908138694,49.006996752411],[37.8423933004061,49.0069972438581],[37.8430318660292,49.0071220470934],[37.8430339564089,49.0071224519174],[37.8430344163463,49.0071225391284],[37.8430346472134,49.007122585091],[37.8430347612994,49.0071226068937],[37.8430348205882,49.0071226180898],[37.8430348789787,49.0071226310536],[37.8430353452043,49.007122717086105],[37.843035577868,49.0071227612808],[37.843035694649,49.0071227842621],[37.8430357521411,49.0071227954581],[37.8430358114299,49.0071228066541],[37.8430380724895,49.0071232368165],[37.8436782227408,49.0072435489694],[37.843680901517,49.007244046895906],[37.8436814539808,49.0072441506061],[37.8436817261704,49.0072442006934],[37.843681864511,49.0072442266209],[37.8436819345795,49.0072442389954],[37.843682005546405,49.0072442525484],[37.843682557112,49.0072443521337],[37.8436828346915,49.0072444039888],[37.8436829721337,49.00724442932701],[37.8436830431006,49.007244440523],[37.8436831113726,49.0072444540761],[37.8436853957883,49.0072448695059],[37.8443272231942,49.0073607100545],[37.8443300403109,49.0073612138725],[37.8443305424692,49.0073613052079],[37.8443307948958,49.0073613476347],[37.8443309188633,49.0073613729729],[37.844330980847,49.0073613818118],[37.8443310437291,49.0073613947755],[37.8443315494806,49.0073614831646],[37.8443318037038,49.007361526770005],[37.8443319303663,49.0073615485726],[37.8443319923501,49.0073615603578],[37.84433205523211,49.007361570964505],[37.8443352496413,49.0073621284052],[37.8449783858925,49.0074734360978],[37.8449809523793,49.0074738750961],[37.8449814419611,49.0074739587709],[37.8449816863029,49.0074740006083],[37.8449818084737,49.0074740224109],[37.8449818695592,49.0074740324283],[37.8449819315429,49.007474043035],[37.8449824256164,49.0074741249421],[37.8449826717548,49.0074741661902],[37.8449827948239,49.0074741868143],[37.844982857706,49.007474197421],[37.8449829205881,49.0074742068491],[37.8449849714419,49.0074745497981],[37.8456309697256,49.0075815916],[37.8456333933802,49.0075819881707],[37.8456339925565,49.0075820877553],[37.8456342916955,49.0075821366637],[37.8456344399176,49.0075821625911],[37.8456345162743,49.0075821755548],[37.8456345935295,49.0075821861614],[37.8456351954007,49.007582283389],[37.8456354963363,49.0075823311189],[37.8456356481516,49.0075823552785],[37.8456357236101,49.0075823676529],[37.8456357999669,49.0075823794381],[37.8456380322804,49.0075827365285],[37.8462858173132,49.0076853203695],[37.84628789960811,49.0076856456393],[37.8462884260208,49.0076857293138],[37.8462886901255,49.0076857705618],[37.8462888221778,49.0076857911858],[37.8462888877549,49.0076858012031],[37.8462889551285,49.0076858118098],[37.8462894842362,49.0076858931272],[37.8462897492392,49.0076859331967],[37.8462898839865,49.0076859532314],[37.8462899495635,49.0076859632488],[37.8462900169372,49.0076859744447],[37.8462921935551,49.007686306196305],[37.8469414096042,49.0077843808392],[37.8469438727847,49.0077847491241],[37.8469444081806,49.0077848298521],[37.8469446767769,49.0077848693323],[37.8469448106259,49.0077848887777],[37.8469448753046,49.007784898795],[37.8469449435765,49.0077849088124],[37.846945483464,49.0077849865941],[37.8469457538569,49.0077850266635],[37.8469458877059,49.0077850455197],[37.8469459559779,49.007785055537106],[37.8469460224532,49.0077850661437],[37.8469483320218,49.007785401430105],[37.847068632608,49.007802701386],[37.8471671975576,49.0078168753362],[37.8473309451625,49.0078404231531],[37.8474726067879,49.007860794286],[37.847598756305,49.007878935082],[37.8476012033158,49.0078792833315],[37.847602488805,49.0078794665897],[37.8476037832773,49.0078796451338],[37.8476067333447,49.0078800534873],[37.8482580119257,49.0079690002119],[37.8482604140207,49.0079693237121],[37.8482609664846,49.00796939854731],[37.8482612404708,49.007969435081],[37.8482613797096,49.0079694545264],[37.8482614479816,49.0079694621867],[37.8482615180502,49.0079694727933],[37.8482620723107,49.0079695452714],[37.8482623516868,49.0079695818052],[37.8482624900273,49.007969600072],[37.8482625582993,49.0079696083215],[37.8482626292662,49.0079696171604],[37.8482649091904,49.0079699165012],[37.8489183500163,49.0080544595812],[37.8489208033153,49.0080547712958],[37.8489213773388,49.0080548461309],[37.8489216665963,49.008054881486],[37.8489218112251,49.0080549009314],[37.848921883090306,49.0080549103594],[37.8489219576505,49.0080549191982],[37.8489225343689,49.0080549904977],[37.8489228236264,49.0080550264421],[37.8489229682552,49.0080550441197],[37.848923041917,49.0080550529585],[37.8489231137822,49.0080550623866],[37.8489254440121,49.0080553499418],[37.8495800265967,49.008135349158],[37.8495825616424,49.0081356549796],[37.849583144649,49.0081357256898],[37.8495834348049,49.0081357592771],[37.8495835812303,49.0081357775439],[37.8495836539938,49.0081357863827],[37.8495837267573,49.00813579581071],[37.8495843142555,49.0081358623962],[37.8495846080046,49.008135897162],[37.8495847526334,49.0081359142503],[37.8495848262952,49.0081359230891],[37.8495849008554,49.0081359319278],[37.8495877799559,49.0081362689797],[37.850242919496,49.0082116560011],[37.8502454177108,49.0082119394307],[37.8502467615904,49.0082120938144],[37.8502481162499,49.0082122405378],[37.8502506225495,49.0082125151286],[37.8509074733802,49.0082834290393],[37.8509098206781,49.0082836794705],[37.8509104054813,49.0082837407524],[37.8509106947389,49.0082837713934],[37.8509108420625,49.0082837878924],[37.8509109157244,49.0082837961419],[37.8509109884879,49.0082838032129],[37.8509115750878,49.0082838627271],[37.8509118688369,49.0082838927789],[37.8509120152623,49.0082839086886],[37.8509120898225,49.0082839151704],[37.8509121616877,49.0082839228306],[37.8509145727659,49.0082841697263],[37.851572250945,49.0083505133196],[37.8515749539757,49.00835078142791],[37.851576328398,49.0083509175444],[37.8515777082103,49.0083510495362],[37.8515803034432,49.0083512970208],[37.8516126580648,49.0083543328317],[37.8517293465252,49.0083652787198],[37.8517985374634,49.0083717698848],[37.8520581308175,49.0083961152817],[37.8520876512544,49.008398890642],[37.8520967251371,49.0083997426953],[37.8521020503501,49.0084002411995],[37.8521102825114,49.0084010148827],[37.8521193815469,49.0084018675252],[37.8521230242154,49.0084022087],[37.8521343349031,49.0084032699365],[37.8521456940999,49.00840433706531],[37.8521615179236,49.008405819025],[37.8521784736246,49.0084074117634],[37.8521981242714,49.0084092537537],[37.8522115325253,49.0084105117989],[37.8522389104803,49.008413079743],[37.85224148774681,49.0084133177993],[37.8522420977029,49.008413373778],[37.8522424040284,49.0084134020619],[37.8522425558437,49.0084134167931],[37.8522426330988,49.0084134244533],[37.852242708557306,49.0084134309351],[37.852243323005,49.0084134851459],[37.8522436275338,49.0084135122513],[37.852243782044,49.0084135240363],[37.8522438601975,49.0084135322858],[37.8522439347576,49.0084135387675],[37.8522465434652,49.0084137697528],[37.852906226684,49.0084710069417],[37.8529086530336,49.0084712137676],[37.8529100571004,49.0084713345634],[37.8529114629638,49.00847144769891],[37.8529144256076,49.0084716892904],[37.8535743369985,49.0085243114305],[37.8535769897235,49.0085245188455],[37.8535782976706,49.0085246207852],[37.853578754913,49.0085247127077],[37.8536408985678,49.008537486402],[37.8537030404259,49.0085502636285],[37.8537034967701,49.0085503590865],[37.8537039333513,49.0085504627939],[37.8537647331263,49.0085653300744],[37.8538260036186,49.0085803140213],[37.8538264303183,49.0085804224426],[37.8538268426451,49.0085805367564],[37.8538864036434,49.0085975158861],[37.8539463823582,49.0086146175731],[37.85394676054901,49.0086147283513],[37.8539471153835,49.0086148420758],[37.8540052615352,49.0086338888569],[37.8540637688097,49.0086530564261],[37.8540641380173,49.0086531789891],[37.8540644838686,49.0086533062661],[37.8541210346124,49.0086743623588],[37.8541778943766,49.0086955345237],[37.8541782375331,49.0086956647468],[37.854178556435,49.0086957967377],[37.8542333680404,49.00871881322941],[37.8542884374623,49.0087419398992],[37.854288730313,49.0087420677652],[37.8542890069941,49.0087421938635],[37.854341919561,49.0087671088783],[37.8543950414353,49.0087921240521],[37.8543953127265,49.0087922548643],[37.8543955651531,49.0087923844979],[37.854446417883,49.0088191255532],[37.8544974341064,49.0088459543914],[37.85449767934641,49.0088460863819],[37.8544979039252,49.0088462154261],[37.854546556681,49.00887471298541],[37.8545953334043,49.0089032835945],[37.8545955454067,49.0089034085139],[37.8545957331546,49.0089035304871],[37.8546420431041,49.008933705586],[37.8546884401903,49.0089639372338],[37.8546886225483,49.0089640592069],[37.8546887878383,49.0089641770552],[37.8547326175393,49.0089959424799],[37.8547764948511,49.0090277455958],[37.8547766619377,49.0090278687472],[37.8547767329046,49.0090279253143],[37.8547767724305,49.00902795536561],[37.8547768092614,49.0090279836492],[37.8548180383397,49.0090612622031],[37.854859284486,49.0090945554659],[37.8548594066568,49.0090946568152],[37.8548594551658,49.0090946986512],[37.8548595117597,49.0090947487366],[37.854898022536,49.0091294461355],[37.8549365216341,49.0091641364393],[37.8549366258387,49.0091642330745],[37.8549366671612,49.0091642731428],[37.8549367165685,49.0091643208712],[37.8549723904651,49.0092003428308],[37.8550080293273,49.0092363299992],[37.8550081020909,49.0092364042433],[37.8550081559898,49.0092364637564],[37.8550408932937,49.0092737112791],[37.8550735740037,49.0093108969039],[37.855073626106,49.0093109623093],[37.8550736692251,49.0093110118053],[37.8551033639352,49.0093493752875],[37.8551329885766,49.009387649176205],[37.8551330263058,49.0093877004398],[37.8551596191332,49.0094271115251],[37.8551861212307,49.0094663917688],[37.8551900190207,49.0094731125922],[37.8552094891062,49.0095066860556],[37.8552235396555,49.0095309130505],[37.8552327671502,49.0095468241625],[37.8552403040154,49.0095622397231],[37.8552431741327,49.0095681085003],[37.8552528453951,49.0095878885136],[37.8552542557501,49.0095907734051],[37.8552552106592,49.0095927273062],[37.8552728374017,49.0096287790068],[37.855274100433,49.0096319314081],[37.8552753562778,49.0096350602398],[37.8552895640323,49.0096704949824],[37.8552919724156,49.009676503395205],[37.85529611993731,49.0096868414931],[37.8553062107129,49.009712005280804],[37.8553124764619,49.0097318748003],[37.8553150528302,49.009740039797],[37.8553161712327,49.0097435834417],[37.8553195417117,49.0097542626913],[37.8553327936587,49.0097962761239],[37.855342686805,49.0098389559418],[37.8553525161708,49.0098813605523],[37.85535894182,49.0099243390371],[37.8553653198585,49.0099670069606],[37.8553671084043,49.0099933025167],[37.8553682555529,49.010010168621804],[37.855371167891,49.0100529820113],[37.855370042302,49.0101390376378],[37.8553660151546,49.01018177196],[37.8553619502779,49.0102249328458],[37.855354465515,49.0102674820773],[37.8553482204271,49.0103029794169],[37.85534691248,49.0103104219291],[37.85533598627121,49.0103526688149],[37.8553249693326,49.0103952691997],[37.8553106313223,49.0104370911827],[37.8552961855143,49.0104792319007],[37.8552784770251,49.0105205087816],[37.8552606427717,49.0105620725798],[37.8552396060244,49.010602689463],[37.855218440818,49.0106435555539],[37.8551941333047,49.0106833987228],[37.8551696973324,49.0107234533902],[37.8551421882234,49.0107624073615],[37.8551145515537,49.0108015410144],[37.8550839136126,49.0108394956082],[37.8550531579923,49.0108775945318],[37.8550194774573,49.0109144407472],[37.8549856909212,49.0109514024222],[37.8549490612171,49.0109870359728],[37.8549123425799,49.0110227555236],[37.8548728625215,49.0110570738907],[37.854833316886,49.0110914523343],[37.8547910987626,49.0111243577136],[37.8547488384184,49.0111572960673],[37.8547039981127,49.0111886959577],[37.8546591479255,49.0112201040773],[37.8546118076083,49.0112499083346],[37.854564495139,49.0112796966653],[37.8545147922526,49.0113078192701],[37.8544651495533,49.0113359082738],[37.8544132206417,49.0113622679204],[37.8543613905448,49.011388578059204],[37.8543073802366,49.011413099334],[37.8542535127606,49.0114375569618],[37.8541975728712,49.0114601703434],[37.8541418207298,49.0114827088847],[37.8540841030744,49.0115033477973],[37.8540266261676,49.01152390303331],[37.8539672987313,49.0115425097392],[37.8539082614508,49.0115610256996],[37.8538474859303,49.0115775442285],[37.8537870535662,49.011593970835],[37.8537250060312,49.011608354054104],[37.8536633492634,49.0116226471199],[37.8536001985972,49.0116348526101],[37.8535374970887,49.0116469738402],[37.8534734220561,49.0116569609491],[37.8534098545716,49.0116668755832],[37.8533450348357,49.0116746231021],[37.8532807792417,49.0116823046284],[37.8532153971604,49.011687783099],[37.85315063312001,49.0116932132538],[37.8530852115128,49.0116963902712],[37.8530197934989,49.0116995708237],[37.8530182151589,49.0116995890892],[37.852666170789,49.0117052767272],[37.8526643220561,49.01170532681],[37.8526627679707,49.0117053503784],[37.8526612120886,49.0117053857309],[37.8523128247602,49.0117154959729],[37.8523127852343,49.011715496562104],[37.8523127439118,49.01171550009731],[37.8523075318865,49.0117156780385],[37.8523059912758,49.011715732835],[37.8523044479701,49.0117157882206],[37.8519597841586,49.0117302256118],[37.8519596907338,49.0117302338608],[37.8519511504504,49.0117306380582],[37.8519495918733,49.011730712887704],[37.8519480359913,49.01173078948491],[37.8516073283602,49.0117494544451],[37.8516072573933,49.0117494591588],[37.8516071846298,49.0117494638724],[37.851595241528,49.0117501891885],[37.8515937161887,49.0117502828727],[37.8515921908494,49.0117503765569],[37.8512553819066,49.01177318777041],[37.8512400458681,49.0117743202292],[37.851238489986,49.0117744374817],[37.8512369350023,49.0117745523773],[37.8509042888525,49.0118014043698],[37.8508856263525,49.0118030270491],[37.850884057894,49.0118031643346],[37.8508824921305,49.0118033010309],[37.8505541372329,49.0118340942191],[37.8505540770458,49.0118341001112],[37.8505540186553,49.0118341065924],[37.8505321258135,49.0118362960886],[37.850530557355,49.0118364545855],[37.8505289879982,49.011836611904],[37.8502049189628,49.011871257898605],[37.8501796197095,49.011874123214],[37.8501781204213,49.0118742952625],[37.850176621133,49.0118744649542],[37.8498569206049,49.0119128671165],[37.8498284467053,49.0119164712949],[37.8498268827385,49.0119166704468],[37.8498253214665,49.0119168695987],[37.8495102248041,49.0119589136128],[37.8494784675622,49.0119633568175],[37.849476985342,49.0119635648074],[37.8494755058168,49.0119637727972],[37.8491649663079,49.012009374396],[37.8491300577759,49.0120147290974],[37.8491285611827,49.012014960066],[37.8491270618944,49.0120151916239],[37.8488212798633,49.0120642323658],[37.848783253279,49.0120705828178],[37.8487817450077,49.0120708355868],[37.848780235838,49.0120710901233],[37.8484792597936,49.01212347101],[37.8484381483946,49.0121309026444],[37.8484366661744,49.0121311719108],[37.8484351857508,49.0121314411771],[37.848139077677,49.0121870649772],[37.8480949281757,49.0121956567438],[37.84809346302351,49.0121959436859],[37.8480919996679,49.0121962300388],[37.8478008934135,49.01225497772],[37.8478008467011,49.0122549871472],[37.8478007999888,49.0122549953961],[37.8477537642005,49.0122648138711],[37.8477522694038,49.0122651255593],[37.8477507737089,49.0122654396043],[37.8474646935286,49.01232721452361],[37.8474146627571,49.0123383675266],[37.8474132110796,49.01233869276601],[37.8474117585038,49.012339019773],[37.8471307502116,49.0124037193953],[37.8470778160852,49.0124162888201],[37.8470764263914,49.012416619951],[37.8470750349011,49.0124169522603],[37.8467991452093,49.0124844728715],[37.846743447865,49.0124985105622],[37.8467420384084,49.0124988682066],[37.8467406280534,49.0124992264401],[37.8464699872178,49.0125694478285],[37.8464115266558,49.0125850445156],[37.8464101764879,49.0125854062838],[37.8464088281167,49.0125857686411],[37.8461434325441,49.0126586024116],[37.8460822734429,49.0126758405761],[37.8460809753773,49.0126762094139],[37.8460796755151,49.01267657766251],[37.8458195665279,49.0127519147982],[37.8457559038221,49.0127708344977],[37.8457545572474,49.0127712375083],[37.8457532088762,49.0127716405188],[37.8454985293067,49.0128493431317],[37.8454323549112,49.012870044521705],[37.8454310487608,49.0128704546018],[37.8454297426104,49.0128708652711],[37.8451804897635,49.0129508384851],[37.8451804547292,49.0129508508582],[37.8451804169999,49.0129508644097],[37.8451118944084,49.0129733857787],[37.84511057568151,49.01297382178251],[37.8451092569547,49.0129742577863],[37.844865483831,49.0130563866928],[37.8448654290337,49.0130564049578],[37.8447945474663,49.0130808541188],[37.8447932637737,49.0130812983704],[37.8447919782845,49.0130817461571],[37.8445536426633,49.0131659435395],[37.8444804191878,49.0131924147528],[37.8444792307167,49.0131928460412],[37.8444780413473,49.0131932779187],[37.8442451647879,49.0132794441879],[37.8442451144823,49.0132794636312],[37.8441698051188,49.0133079592422],[37.84416860137631,49.0133084176324],[37.8441673904473,49.0133088783792],[37.8439401112905,49.0133968597406],[37.8439400573916,49.013396882719],[37.843940001696105,49.0133969033406],[37.8438637158638,49.0134270869109],[37.8438625193078,49.0134275635647],[37.8438613218536,49.0134280402186],[37.8436385243918,49.0135181801539],[37.8435612189716,49.0135501323915],[37.8435600538567,49.0135506172928],[37.8435588887418,49.0135511016049],[37.8433406825694,49.0136432887401],[37.8433406286705,49.0136433111292],[37.8432624527829,49.0136770420391],[37.8432613218039,49.0136775322418],[37.8432601917233,49.0136780230337],[37.8430465400094,49.0137722066815],[37.84296756012961,49.0138077510138],[37.8429664363372,49.0138082583016],[37.8429653125448,49.0138087685353],[37.8427563401552,49.0139048273062],[37.8427563024259,49.0139048455709],[37.8426766227586,49.0139422257024],[37.8426755106442,49.0139427500751],[37.8426743994282,49.0139432756262],[37.8424701090579,49.0140411364444],[37.8424700650404,49.0140411588333],[37.8423897062467,49.0140804419178],[37.8423886606077,49.0140809556838],[37.842387615867,49.0140814706281],[37.8421879832614,49.014181071612505],[37.8421879464305,49.0141810910555],[37.8421879060063,49.0141811104984],[37.8421070207998,49.0142222817929],[37.8421059868389,49.014222810287],[37.8421049519797,49.0142233411377],[37.8419100166648,49.0143246056779],[37.8418286643343,49.0143677081787],[37.8418276052206,49.0143682743786],[37.8418265443103,49.0143688388109],[37.8416363997107,49.0144716413952],[37.8415546404434,49.0145167180977],[37.84155361905891,49.0145172837067],[37.841552602166,49.0145178481374],[37.8413672231291,49.0146221262969],[37.8413671845015,49.0146221486855],[37.8412851135188,49.014669220785],[37.8412841388468,49.0146697840356],[37.841283165971305,49.0146703455186],[37.8411025219542,49.014776044444],[37.8410202084264,49.0148251478644],[37.8410192607038,49.0148257158266],[37.8410183174727,49.014826284378],[37.8408424749508,49.0149332891646],[37.84084243273,49.0149333139098],[37.840760027574,49.014984444511],[37.8407590951228,49.014985024844],[37.8407581635698,49.0149856075336],[37.8405870964919,49.0150938515898],[37.8405046266573,49.0151470547212],[37.8405037310369,49.0151476350523],[37.840502838111505,49.015148215383405],[37.8403365608508,49.0152576268157],[37.8402541152706,49.0153129313295],[37.8402532744475,49.0153134981078],[37.8402524345227,49.0153140672428],[37.8400909515706,49.0154245547155],[37.8400909174346,49.0154245771038],[37.8400086802637,49.0154819435085],[37.840007817881,49.0154825462239],[37.8400069563966,49.0154831530634],[37.8398503198555,49.0155946004971],[37.8398502893127,49.0155946228853],[37.8397682677374,49.015654123041],[37.8397674583553,49.0156547151494],[37.8397666471767,49.0156553066686],[37.8396147636217,49.0157676993207],[37.8395330474735,49.0158293585428],[37.8395322830072,49.0158299370985],[37.8395315212359,49.0158305156541],[37.83938283209,49.0159449870533],[37.8393542378162,49.015967329731],[37.8393537176917,49.0159677391964],[37.8393511934257,49.0159697175919],[37.8393501774311,49.015970515902204],[37.83934697673381,49.0159730239514],[37.8393314601339,49.015985213646],[37.8393314322861,49.0159852348557],[37.8393314053366,49.0159852572437],[37.8393313505394,49.015985300252304],[37.8393031623041,49.0160075309718],[37.839302387058,49.016008145464],[37.839301635168106,49.0160087469948],[37.8393116082644,49.0160036955504],[37.8393328192849,49.015996028830706],[37.8393428390936,49.0159919760088],[37.8393887627675,49.0159835351328],[37.8408265056,49.0159393264118],[37.8408268775025,49.0159393163961],[37.8415191120739,49.0160015893088],[37.8420985469917,49.0163331984154],[37.8420994255441,49.0163348733818],[37.8422097126099,49.01654676766431],[37.842267173347,49.0166571669742],[37.8424136508406,49.0169385916984],[37.8424203118484,49.0169513885673],[37.8425963286435,49.0172791901936],[37.8426755357971,49.0174266979236],[37.8426755825095,49.0174267851165],[37.8428171659814,49.0176904571062],[37.8430556228752,49.0181379664651],[37.8431925773285,49.0183949857649],[37.8435787271365,49.0191167786786],[37.843686953467,49.0195337795981],[37.8437210849562,49.0196652849954],[37.8437259502318,49.0196840329915],[37.8438467188403,49.0201493514692],[37.8440310369669,49.0205536520696],[37.84407383270711,49.02064752521141],[37.8441152477366,49.0207383678334],[37.8441631099749,49.0208433504871],[37.8441899480424,49.0209022157986],[37.8442305860292,49.02093002722461],[37.8451428566413,49.0215543545971],[37.84693781454651,49.0221194368555],[37.8526507287492,49.022507752045],[37.8641793325081,49.0218145373398],[37.86721567230451,49.02163195985],[37.8693245527739,49.0221587377175],[37.8696475887467,49.0225576713735],[37.8697211562768,49.0226485246469],[37.8698365251122,49.0227909975192],[37.87116760917431,49.0239764477553],[37.8737071042617,49.0261497522717],[37.8776801766936,49.0283359331073],[37.8823698594821,49.0295733675781],[37.8871005674313,49.0304944650909],[37.8944727014049,49.0308876529571],[37.9004934718488,49.0317192012306],[37.9009880599897,49.0317875072621],[37.9104047038544,49.0330880426886],[37.9138135830839,49.0237406065505],[37.9167381625774,49.0150373720278],[37.9167381652724,49.0150373425694],[37.9168469566431,49.0098532241786],[37.9211549901832,49.0044446625453],[37.9244258513541,48.9984440089226],[37.9304031065074,48.995181802262],[37.9354018834155,48.9919569489427],[37.9364861185224,48.9867349233718],[37.9364983499833,48.985926670366204],[37.9352422707558,48.9853080384084],[37.9297702146436,48.9840081161275],[37.9187796271797,48.98266766887021],[37.90117524014891,48.9820293481768],[37.8905391054382,48.9804087610119]]]},"properties":{"OBJECTID":2304,"GlobalID":"4f7225fa-bdb7-45a1-b3ee-3e9b1bede6d5","Shape__Are":72340888.84548187,"Shape__Len":47601.18676528869,"CreationDa":"2026-08-25","Creator":"nkramer_understandingwar","EditDate":"2026-08-25","Editor":"nkramer_understandingwar","Area_KM":null}},{"type":"Feature","geometry":{"bbox":[34.8103964560548,51.0816214420303,34.8119044165998,51.0823940323329],"type":"Polygon","coordinates":[[[34.8108265110224,51.0823940323329],[34.811749436552,51.0822756252373],[34.8117903116941,51.082258506998],[34.8118910272105,51.082154297449],[34.8119044165998,51.0820239152629],[34.8117839058078,51.0817084722603],[34.8117103454641,51.08164685732591],[34.8115526704705,51.0816214420303],[34.8114290676773,51.0816369719085],[34.8106189642592,51.08167061911341],[34.8104783680357,51.0817210901571],[34.8104082024255,51.0818024661694],[34.8103964560548,51.08183936323271],[34.8104783680357,51.0821164446669],[34.8105988788277,51.0823015029197],[34.8106993050866,51.0823687969028],[34.8108265110224,51.0823940323329]]]},"properties":{"OBJECTID":2309,"GlobalID":"ff2843d7-0de6-4cd1-9832-f691b98f6f5d","Shape__Are":18401.671875,"Shape__Len":506.40428063634596,"CreationDa":"2026-08-26","Creator":"lhiguchi_understandingwar","EditDate":"2026-08-26","Editor":"lhiguchi_understandingwar","Area_KM":null}},{"type":"Feature","geometry":{"bbox":[34.7542180469062,51.1295450380495,34.8040655386658,51.16405771188481],"type":"MultiPolygon","coordinates":[[[[34.8040653194769,51.1295451226117],[34.8040655386658,51.1295450493244],[34.8040654694956,51.1295450380495],[34.8040653194769,51.1295451226117]]],[[[34.8040653194769,51.1295451226117],[34.7970962317235,51.1318558496532],[34.7875088100385,51.1351416635603],[34.7852536739593,51.1355493381877],[34.77806572606,51.1370419512331],[34.7712166047195,51.1389398802362],[34.7659400444711,51.1410074971165],[34.7646163454589,51.1413511554382],[34.7634191741545,51.1415264134395],[34.7619027568695,51.141551450323],[34.7593487917195,51.1413761924167],[34.7574508761029,51.1410937758861],[34.7572769128566,51.1410739312705],[34.7568646903458,51.141077085218],[34.7560696507766,51.141077085218],[34.7553164556317,51.141214914652],[34.754979612553,51.1413317054562],[34.7549189358471,51.1413527436745],[34.7548882035829,51.14138230864481],[34.7546675441115,51.1415945855563],[34.7544116572062,51.1420391643923],[34.7543198799268,51.1421962010524],[34.7542180469062,51.1425603696903],[34.7542180469062,51.1427769509323],[34.7543121957379,51.1430525992383],[34.7544218324234,51.1431774288336],[34.7548713709511,51.1434171533711],[34.7554587829087,51.1435934050048],[34.7565059095095,51.1438497697135],[34.7573997969976,51.143977951534],[34.7584724627019,51.144138178168106],[34.7596728257206,51.1444906746927],[34.7602827934766,51.1447351567702],[34.7607551195681,51.1450734278988],[34.7613839824878,51.1459006349995],[34.7618947762365,51.1471984014724],[34.7624841375382,51.148333226329],[34.7625256783319,51.14845074127601],[34.7627527598593,51.1489998012159],[34.763019694246,51.1493644272785],[34.7638137824992,51.15044911113511],[34.7642072221358,51.1507910120804],[34.7648232032143,51.1512432863029],[34.7657755162302,51.1519422003762],[34.7672039462281,51.1528069840893],[34.769248113861,51.153943205312],[34.7716616283147,51.154948539120404],[34.7774396218666,51.1570505085809],[34.778091508607,51.1571980266186],[34.7785916618111,51.157394197327],[34.78096214516601,51.1583913554373],[34.7823524812059,51.1592674200804],[34.7842595910794,51.1604772325565],[34.7850723023068,51.1611654268291],[34.7851411231391,51.1615902252985],[34.7848747124702,51.1622139676757],[34.784195713676205,51.1633291003154],[34.783745416072,51.16405771188481],[34.7844852002681,51.163776321944],[34.7852410211885,51.1635199113138],[34.7859110772539,51.16329259107481],[34.7869548953595,51.1629384737702],[34.7882504726118,51.1625322369966],[34.7916716120482,51.1620696260763],[34.7922885830702,51.1620696277663],[34.7927273813404,51.1620357010591],[34.7929413214135,51.1620191599282],[34.7932012453477,51.1619797235995],[34.7934956996231,51.1619350474932],[34.7938980712085,51.1619574762515],[34.7964213112809,51.1600495737199],[34.7999635912283,51.1563290313656],[34.8015754832584,51.1537847165951],[34.8015754958348,51.153784687859],[34.8025073155841,51.1516427519938],[34.8022250200061,51.15137659556011],[34.8012703192682,51.150476459134],[34.7981826003292,51.1480206103635],[34.7938119012132,51.1455424613029],[34.793387374478,51.1453279624126],[34.7908918150928,51.1442845714643],[34.7905865900171,51.1441569546287],[34.78982738424461,51.1438962932547],[34.7883857310458,51.1434013207468],[34.7863126286775,51.1428127352925],[34.7850196017424,51.1428648004896],[34.7842774998929,51.1430888799014],[34.783797707903,51.1433493395647],[34.7836420190845,51.1434338584099],[34.783208097768,51.1435195414518],[34.7831081467179,51.1435064596858],[34.7828682094004,51.1434750593746],[34.7826430314031,51.143392174421],[34.7824536144389,51.1432418287189],[34.7823891791819,51.14294369226581],[34.7823963800772,51.1428841776866],[34.7824066693805,51.1428273795158],[34.7824163972367,51.1427736911467],[34.7824429882674,51.14266374933201],[34.7824761145418,51.1425545089244],[34.7825157320425,51.1424461220981],[34.7825617832772,51.1423387410292],[34.7826142044657,51.1422325150769],[34.7826729219459,51.1421275936018],[34.7827378539712,51.1420241248384],[34.7828089098119,51.141922250823],[34.7828859906532,51.1418221152838],[34.7829689869006,51.1417238591319],[34.7830577826715,51.1416276187707],[34.7831522548967,51.1415335277866],[34.7832522706254,51.1414417214574],[34.7833576888223,51.1413523277347],[34.7834683648586,51.1412654678077],[34.7835841397324,51.1411812668115],[34.7837048535437,51.141099841427],[34.783830340104,51.1410213072088],[34.7839604197504,51.1409457718208],[34.7840949101249,51.1408733412366],[34.7842336252761,51.1408041180478],[34.7844641284864,51.1407338858904],[34.7846969861811,51.1406667816754],[34.7849320941556,51.1406028414878],[34.7849323977862,51.14060276314561],[34.7851406766764,51.1405494306477],[34.7851693410188,51.1405420884489],[34.7854083117489,51.1404846268398],[34.7854086117863,51.1404845558244],[34.7854085515991,51.1404845496246],[34.7855754981048,51.1404304425826],[34.7857421787091,51.1403764211469],[34.7903212294788,51.1390521102483],[34.7926931052224,51.137409812434],[34.800996280105906,51.131660195546],[34.8036989883007,51.1297885236536],[34.8039773285965,51.1295957635242],[34.8040005500466,51.1295823857913],[34.804062860788,51.1295465404385],[34.8040629425347,51.1295464902649],[34.8040630072133,51.1295464547488],[34.8040630808752,51.1295464119039],[34.8040631527404,51.129546369059],[34.804063972004,51.1295458972018],[34.8040653194769,51.1295451226117]]]]},"properties":{"OBJECTID":2310,"GlobalID":"fdaa3cf4-f96c-4620-843e-93dd3ac77b47","Shape__Are":14080472.20703125,"Shape__Len":21479.781770934544,"CreationDa":"2026-08-26","Creator":"lhiguchi_understandingwar","EditDate":"2026-08-26","Editor":"lhiguchi_understandingwar","Area_KM":null}},{"type":"Feature","geometry":{"bbox":[34.8074036818549,51.0693017273684,34.9226422318032,51.1384781707427],"type":"Polygon","coordinates":[[[34.8736429652675,51.1343361838622],[34.8748054930429,51.1343323513355],[34.8763117440939,51.1343972562241],[34.8775821981626,51.134357894931505],[34.8791886374188,51.1341347409989],[34.8795892420181,51.134079092706706],[34.8799530067076,51.1340285609938],[34.8812102690163,51.1338539103772],[34.8835322002267,51.1335313648615],[34.8841542045092,51.133890613713],[34.8859987979271,51.1340133361933],[34.8878306271831,51.1337884387735],[34.8899412135533,51.1327888786145],[34.8933261158495,51.1300399804169],[34.8951017231451,51.1279988007089],[34.8958593038653,51.1271278833727],[34.8981844465528,51.1245666862191],[34.8985658029505,51.1240547679224],[34.8992613460171,51.1231210843739],[34.8996703471693,51.1225720402518],[34.9010698586016,51.1206932822593],[34.9016457092414,51.1194071696388],[34.9018483700679,51.1189545366703],[34.9032538256524,51.1158153961451],[34.905250430186,51.1113555333368],[34.9055444119476,51.1109028124652],[34.905572526521,51.1108595171531],[34.9055999035776,51.1108173576497],[34.9062694179589,51.1097863170156],[34.9078798389977,51.107306227242],[34.9084507385728,51.1070092513247],[34.9092009575992,51.1068869867078],[34.9094010528371,51.1069014725538],[34.9096002057424,51.1069203831667],[34.9097981692782,51.10694369710811],[34.9099946982045,51.1069713872981],[34.9101895490778,51.1070034165034],[34.9103824775564,51.1070397457975],[34.91057323840031,51.1070803289202],[34.9107616007423,51.1071251196106],[34.9114520135303,51.1075008316635],[34.9118435226873,51.1080179006411],[34.9118435253823,51.109067995365],[34.9118230887096,51.1117120412398],[34.9119061406525,51.1135233412473],[34.9117507078539,51.1134918207263],[34.9116983306829,51.1144864005771],[34.9116696214247,51.1150315589188],[34.9115658130088,51.1156613222451],[34.9114267475146,51.116504964176606],[34.9112966508002,51.117294179677],[34.9112952790728,51.1173024994239],[34.9112949475944,51.1173045114107],[34.911294407707,51.1173077899115],[34.9112900589627,51.1173341639587],[34.9113655084634,51.1176591402016],[34.9113796856752,51.117739232719],[34.9113817293425,51.117750775029805],[34.9113822611451,51.1177537788834],[34.9113926411782,51.11781242306681],[34.9116639620385,51.1181189861438],[34.9119410491845,51.1184849461209],[34.9120853967725,51.1186928127496],[34.9121288662491,51.1187554107951],[34.9122173610844,51.1188828463567],[34.9123965291695,51.1191408515716],[34.91302056723781,51.1198220828218],[34.9130784034708,51.11990472703],[34.913097833132,51.11993249065121],[34.9131167660249,51.11995954265771],[34.9132662771293,51.1201731805526],[34.9133219762702,51.1202527685665],[34.9138023108424,51.1211823860886],[34.9138238129171,51.1212453658701],[34.9138412195724,51.1212963525008],[34.9140566782475,51.1219274592128],[34.9140069785052,51.1226294593131],[34.9140043051189,51.1226672146595],[34.9140041811514,51.1226689653585],[34.9139802482356,51.1230070085701],[34.9139719028866,51.1231248704698],[34.913717539524,51.1240295518421],[34.9134631734665,51.1249874262087],[34.9134612313089,51.1250335848084],[34.9134235406945,51.1259322926296],[34.9134229684676,51.1259459454229],[34.9134221015934,51.1259666146029],[34.9134207657986,51.1259984739094],[34.9133810207371,51.1264349953304],[34.9133776727161,51.1264717660154],[34.9133658338189,51.1266017928677],[34.9133359774122,51.1269297049231],[34.9133359765138,51.12769784618641],[34.9133359765138,51.1281801834005],[34.9144974227177,51.1254639485256],[34.91533278766,51.1225802665797],[34.9164814149048,51.1206140164029],[34.9179433035537,51.1186476836637],[34.92025554643381,51.11544444406541],[34.9209715010203,51.1144525584393],[34.9221201282651,51.1118304130176],[34.9226422318032,51.1098637058835],[34.9225378107362,51.1063889851179],[34.921598024727,51.1034385454005],[34.9213437520943,51.1016064284098],[34.9195560912041,51.0974743201794],[34.9195180556367,51.0969488233847],[34.9194800209676,51.0959933588527],[34.919936445082,51.09491843751291],[34.9197843037105,51.0943929122341],[34.9186022070349,51.09226563194521],[34.918117785128,51.0918092542039],[34.91782830931591,51.0915068057303],[34.9175114277011,51.0912911632337],[34.9097912513522,51.0880133756143],[34.9090245491386,51.0879009566855],[34.9081796916988,51.0879838746577],[34.9073084318744,51.08821604543041],[34.9065691812776,51.0887301331038],[34.905671519967,51.0906537684632],[34.9039382484741,51.0950570896168],[34.90345391909371,51.0955453759784],[34.9028268941271,51.0959026060995],[34.90257967326931,51.0959839673185],[34.9008323404472,51.0965448332547],[34.8988520304545,51.0969349989839],[34.8966775720711,51.0970325386325],[34.8947749214347,51.0969349989839],[34.8917462110301,51.0963985210331],[34.8899254553066,51.0958063706619],[34.8892560765709,51.0954874200243],[34.8885976222474,51.0950620774358],[34.8872031467707,51.0944720295597],[34.8859994285445,51.0941306170351],[34.8845239034695,51.0937404293345],[34.8829707190381,51.0933746243172],[34.8783633165398,51.0923985873618],[34.8773449602825,51.0922771952879],[34.8759037292918,51.0922771952879],[34.874700011964,51.0921552567453],[34.8740787380118,51.0919113786956],[34.8734186343814,51.09152117226941],[34.8731079978545,51.0911797373939],[34.87295267914191,51.0904236969982],[34.8731468266343,51.089740810214],[34.8732686687296,51.0895587625821],[34.87495264966291,51.087988877346],[34.877467258722,51.0862812866726],[34.8801509567687,51.0837484913086],[34.8797561310316,51.0827053341969],[34.8796591731681,51.0824491667166],[34.87951570952221,51.0812475890722],[34.8793360383806,51.0797426489184],[34.8788167609424,51.078546643554],[34.8781643379077,51.0770439278417],[34.876291646086,51.0744644605285],[34.8750311799359,51.0729257619005],[34.873755377298,51.0716533471197],[34.8722325860169,51.0708136407195],[34.8703928300268,51.0701381643956],[34.8683372358234,51.0696051316338],[34.866231922564005,51.0693486443744],[34.8642726088944,51.0693017273684],[34.8625154017907,51.0693823936557],[34.8607556820992,51.0696332218237],[34.8589930815105,51.07016021779],[34.858115745481605,51.070522679053],[34.8581156763113,51.0705227134856],[34.8573266779124,51.070848678733704],[34.8553977201129,51.0720738128197],[34.8549114665412,51.0725937920607],[34.8544252129695,51.0731137643303],[34.8542126284541,51.0735223775232],[34.8532144456633,51.0754407771856],[34.8529305322194,51.0759864141209],[34.8513604792237,51.0786938198696],[34.8506437053737,51.0795403031642],[34.8501001401851,51.0800881068376],[34.8491617169202,51.0807732541206],[34.8469748312431,51.0822569466386],[34.8464263217272,51.08262178883061],[34.8462165974477,51.0828650172411],[34.846135935023405,51.08330079611521],[34.8461843326577,51.0836960332921],[34.8462327302919,51.08393925549021],[34.846377924093005,51.0843648899898],[34.8466360460067,51.0852566834999],[34.8468619022321,51.086685543653],[34.8467966827458,51.0876075723174],[34.8458966777306,51.0896289783391],[34.8422492670472,51.1007882278195],[34.8421554541854,51.1015833695653],[34.8422961586558,51.1032619808562],[34.8418740712957,51.1043515801208],[34.8418740452446,51.104351593094],[34.840920040701,51.1073888131829],[34.8402674119522,51.1121008292319],[34.8389621544545,51.1145590800807],[34.8377281746813,51.115544992081],[34.8371674274163,51.1159930033456],[34.8370776569733,51.1161745843114],[34.8362495863512,51.1169760049049],[34.8346284174192,51.1177196741092],[34.8326954845746,51.1181893536365],[34.830139024803,51.1185807492193],[34.8271460969912,51.1190112813203],[34.8249014002339,51.1197157791254],[34.8212225934313,51.1215943874191],[34.8179179017067,51.12425561877621],[34.8164214378008,51.1261340430213],[34.8124308670855,51.1287167508536],[34.8107030968754,51.129194324993406],[34.8094118126719,51.1294815430419],[34.8085128164648,51.1296354090584],[34.8074036818549,51.1297875032747],[34.8078774865734,51.129787504966],[34.8086532761443,51.1297875032747],[34.8094479914217,51.1297875055297],[34.8100724067824,51.1297756307976],[34.8100725629749,51.129775591738],[34.8107914030645,51.1297637154728],[34.8112076814688,51.1297518418622],[34.811775333185,51.1297399665572],[34.8122389905341,51.1296993661265],[34.8125889678806,51.1296687203008],[34.8131187744722,51.1296568449745],[34.8137810367542,51.1296449713363],[34.8145469870778,51.1296601699534],[34.8151040413687,51.1296981704204],[34.8156853169345,51.1297209649355],[34.8160970534568,51.1297513643696],[34.816496680689,51.1298197607682],[34.8169568570664,51.1299413558695],[34.8172838240668,51.1300477510387],[34.8176713411107,51.1301541448352],[34.818083077633,51.1302605389505],[34.8186159133438,51.1303897332066],[34.8189307710542,51.1305569234793],[34.8192456287647,51.1308381056267],[34.8195968161418,51.1309900955381],[34.8199843331857,51.131104086234],[34.8202870807078,51.1311496828845],[34.8206503773751,51.131180081942],[34.8212361939246,51.13120050468551],[34.8216163034607,51.1312886113462],[34.82183133588521,51.1313384538016],[34.8218487434388,51.1313613884385],[34.8218601700092,51.1313764433044],[34.8219910635293,51.1315488946216],[34.8221878511704,51.1318929035196],[34.822373859028,51.1323354855303],[34.82260007188461,51.1330267089318],[34.8229959145145,51.1334921539024],[34.8231798948746,51.1335562144232],[34.8233736533965,51.1335756671173],[34.8235984127789,51.1335416230653],[34.8238929254448,51.133483263788],[34.8241874390091,51.1334346294035],[34.8245258703092,51.1333524913659],[34.8248427725852,51.1332919694869],[34.8249510770691,51.1332337147429],[34.8250864900134,51.1331258415524],[34.8252239609979,51.1328265264443],[34.8262969527907,51.1314842213661],[34.8265904800048,51.131117014234],[34.8268559474426,51.1307849095469],[34.8274425221703,51.1306424195845],[34.8278777208911,51.1304168084038],[34.82829400019381,51.130143698717],[34.8287102785982,51.1299180839724],[34.829448227536105,51.129419354719],[34.8297698944764,51.129110613869905],[34.8302050949939,51.1288731208055],[34.8303545575892,51.1287871405397],[34.8306592158279,51.1286118758966],[34.8311890233178,51.1283150047601],[34.8317755971472,51.1279350081611],[34.8324000143046,51.12763813211],[34.8331758065705,51.1272581299419],[34.8335353168387,51.126949374645],[34.833559407858,51.1268939392596],[34.8336488486193,51.126688119982],[34.8336299265062,51.126498114535],[34.8336688783552,51.1259431253343],[34.8335764875265,51.1253342708449],[34.8335353168387,51.1248949171772],[34.8337245352752,51.1246098976486],[34.8339326740282,51.1243842581258],[34.8342165003355,51.1241704914219],[34.8345381690725,51.1239448469337],[34.8347841520518,51.1236479469265],[34.8348598387077,51.1232204068421],[34.8349544465785,51.12278098627],[34.8349642858258,51.1224626998675],[34.8348916273907,51.1223030819391],[34.8347947467822,51.122120659566],[34.8346706193729,51.1219648373597],[34.8346514349517,51.1219407545868],[34.834625209535304,51.1219078330235],[34.8344798908684,51.1217634143936],[34.8343111082063,51.1215814646472],[34.8341824299318,51.1214513385215],[34.8341473372452,51.121415844337406],[34.8341474540262,51.1214158691467],[34.8341475169082,51.1214158838067],[34.834147578892,51.1214158979029],[34.8344791452667,51.121490971876],[34.8344793716422,51.1214910248776],[34.8344794848299,51.1214910519423],[34.8344795710682,51.12149107167691],[34.8348088350609,51.1215700732764],[34.8348088997395,51.1215700890641],[34.8348089653166,51.1215701048517],[34.8348090874874,51.1215701347356],[34.8348091297083,51.1215701465763],[34.8348092213364,51.1215701691301],[34.8348092851168,51.1215701849178],[34.8348093479989,51.1215702007055],[34.8351361272515,51.1216530864951],[34.8351363033213,51.1216531310388],[34.8351363706949,51.1216531479541],[34.835136430882,51.121653163741705],[34.8351364919675,51.1216531812209],[34.8351365512563,51.1216531970086],[34.8351366114434,51.1216532127963],[34.8354608484637,51.1217399664035],[34.8354609185323,51.12173998501031],[34.835461082924,51.1217400289901],[34.8354611323313,51.121740043086206],[34.8354612077898,51.1217400645123],[34.8354612661803,51.1217400819914],[34.8354613263675,51.121740097779],[34.8357829007813,51.1218306887346],[34.8357829582735,51.1218307045222],[34.835783016664,51.1218307203098],[34.8357831298517,51.1218307530127],[34.8357832295647,51.1218307817686],[34.8357832996333,51.1218308031946],[34.8357833562271,51.1218308201099],[34.8361022078474,51.1219252303484],[34.8361023794256,51.1219252816579],[34.8361024647655,51.1219253075946],[34.8361025501055,51.121925334659],[34.8364185360999,51.1220235235604],[34.8364186268298,51.1220235523163],[34.8364187211529,51.1220235821998],[34.8364187606788,51.1220235951681],[34.8364188172726,51.1220236120833],[34.8364188585951,51.1220236267432],[34.8364189106974,51.1220236436584],[34.8367318756575,51.1221255644001],[34.8367319313531,51.12212558300671],[34.8367319879469,51.1221256016134],[34.836732053524,51.1221256230393],[34.8367321379656,51.122125651795],[34.8367322224073,51.1221256805508],[34.8370421411803,51.1222313257781],[34.8370422408933,51.1222313601722],[34.8370422822158,51.1222313742681],[34.8370423495894,51.1222313985131],[34.8373490928179,51.1223407276043],[34.837349153005,51.1223407490301],[34.8373491997174,51.12234076481751],[34.8373492751759,51.1223407930093],[34.8376526829598,51.1224537495548],[34.8376527530283,51.1224537754913],[34.837652800639,51.1224537924063],[34.8376528581312,51.1224538155235],[34.837652916521705,51.1224538380769],[34.837952829859105,51.1225703605922],[34.8379528855547,51.1225703820179],[34.8379529412502,51.122570405135],[34.8379530113188,51.122570432199],[34.8379530508447,51.1225704479864],[34.838249431108,51.1226905223487],[34.8382494733289,51.1226905409552],[34.8382495146514,51.1226905578701],[34.8382495613637,51.1226905764765],[34.8382495981947,51.1226905922638],[34.8385423321963,51.1228141739029],[34.8385424148413,51.122814209988],[34.838542482215,51.1228142387434],[34.8388314837166,51.1229412938013],[34.8388315367172,51.1229413163544],[34.8388315879212,51.1229413394714],[34.8391167742778,51.1230718323984],[34.8391168111087,51.1230718493132],[34.8393980323017,51.1232057112935],[34.83967516166851,51.1233428836603],[34.8396752011944,51.1233429033941],[34.8396752398219,51.1233429236918],[34.8399481048861,51.1234833190229],[34.8399481875311,51.1234833618733],[34.8399482683795,51.1234834047238],[34.8402168601579,51.1236270167876],[34.8402168933955,51.1236270353937],[34.8402169266332,51.1236270523083],[34.8404812208713,51.123773872054],[34.8407410765335,51.1239238205166],[34.8409986810176,51.1240782389816],[34.8409988013919,51.1240783117137],[34.8409996197571,51.1240788163281],[34.8412514633453,51.1242356660006],[34.8412517777557,51.1242358650266],[34.8412526814609,51.1242364497008],[34.8412538402876,51.1242371725091],[34.8413414745368,51.1242939010857],[34.8414722108517,51.12437849259181],[34.841499552874005,51.1243961827319],[34.8414999139967,51.1243964200963],[34.841500097253,51.1243965413157],[34.8415037857356,51.1243989752881],[34.8415038576008,51.1243990226482],[34.8415040713999,51.1243991641647],[34.841504214232,51.1243992571936],[34.8415042851989,51.124399303989904],[34.8415043265214,51.1243993327443],[34.8415043561658,51.12439935135],[34.8417428570771,51.1245597400916],[34.8417431220801,51.1245599182553],[34.8417432541325,51.12456001015611],[34.841748684448405,51.1245637329874],[34.8417490554526,51.1245639878291],[34.8417492872179,51.1245641462594],[34.8417494031006,51.1245642263203],[34.8417494614911,51.1245642663507],[34.8417495189833,51.1245643063812],[34.8419812537838,51.1247262602421],[34.8419813184625,51.1247263076019],[34.8419815259734,51.12472645757461],[34.8419853060841,51.1247292016235],[34.8419893970119,51.124732062944],[34.842089710083,51.1248049941391],[34.8420898484236,51.1248050944966],[34.8420899211871,51.124805148622],[34.8422143926512,51.1248955086087],[34.8422192839779,51.12489919871221],[34.8422243064587,51.1249028521681],[34.842323813741,51.1249780789034],[34.842442284459,51.125067477267905],[34.8424480866774,51.1250720294122],[34.8425464854387,51.1251492274872],[34.8425467360687,51.1251494231265],[34.8426637443294,51.1252412190041],[34.8426708985123,51.1252470560331],[34.8426781847476,51.1252527859393],[34.8427695119709,51.1253275075039],[34.8427695640732,51.1253275503527],[34.8427695991075,51.1253275791065],[34.8428799059362,51.1254175699107],[34.8428884111853,51.12542478766],[34.8428969847064,51.1254318024409],[34.8429859987679,51.1255076118451],[34.842986073328,51.1255076749904],[34.8430797810869,51.1255872047638],[34.843090691126,51.1255964651211],[34.843100415389,51.1256050551229],[34.8431966986178,51.125690103721],[34.8432960244404,51.1257778397696],[34.843306895852,51.1257878392228],[34.8434014875531,51.1258748489204],[34.8434958304209,51.1259616278632],[34.8435077645394,51.1259730666372],[34.843519863948,51.125984249447],[34.8436001329102,51.1260615976571],[34.8436002020805,51.1260616647482],[34.8436003071834,51.126061765103],[34.843654874447004,51.126114064559],[34.84368144391811,51.1261395292602],[34.8436900381005,51.1261477662286],[34.8437029738405,51.1261606944885],[34.8437932150007,51.1262508770489],[34.8438785774106,51.1263361838001],[34.8438924186525,51.1263506184468],[34.8439064153029,51.1263646917015],[34.8439802235816,51.1264421836038],[34.8440613800793,51.1265268145871],[34.8440760603477,51.1265428029654],[34.8440908627869,51.1265583453845],[34.8441612763322,51.1266356148311],[34.8441613086715,51.1266356503495],[34.8441613481974,51.126635693197],[34.8442116233106,51.1266904495338],[34.8442272791494,51.1267075011499],[34.84423837963131,51.1267195892169],[34.8442412829863,51.1267228963663],[34.8442481254539,51.1267306878423],[34.8442537857385,51.1267371313131],[34.8442693328811,51.1267541919325],[34.8443364972199,51.1268313054479],[34.8444095131845,51.1269144394452],[34.8444255651804,51.12693356681711],[34.8444417582117,51.12695215971771],[34.844505569139606,51.1270288979895],[34.8445056086654,51.1270289447832],[34.844522668571,51.1270492729563],[34.844554770766,51.1270875247616],[34.8445747178569,51.1271112930821],[34.8445769627467,51.1271140978773],[34.8445807069249,51.1271187715959],[34.8445913052486,51.1271320045878],[34.8446080767949,51.1271521737303],[34.8446686870255,51.1272286179422],[34.8447339343595,51.1273100801938],[34.8447362196736,51.12731307496931],[34.84474005098831,51.1273180931346],[34.8447437331826,51.1273229173606],[34.8447509762988,51.1273324040076],[34.8447682248505,51.1273541600892],[34.8448255400606,51.127430079657],[34.8448362354024,51.1274440916952],[34.8448439645071,51.1274542159455],[34.8448680249837,51.12748573427051],[34.8448871060986,51.1275107280287],[34.8448888075077,51.1275130705057],[34.8448920019169,51.127517468499],[34.8449045379067,51.1275347238956],[34.8449762063984,51.1276333721868],[34.8449945823358,51.1276586657915],[34.8450145590711,51.1276861625991],[34.8450341773786,51.1277131660911],[34.8450385952932,51.1277195665783],[34.8450450595699,51.1277289313694],[34.8450518759863,51.1277388069346],[34.8451206824455,51.1278384904337],[34.8451750943006,51.1279173182488],[34.8451929528085,51.1279446006707],[34.8452110700311,51.1279712009179],[34.845309744575204,51.1281230198596],[34.845309767033,51.12812305424931],[34.8453097832027,51.1281230784912],[34.8453098074572,51.1281231140085],[34.8454094351138,51.1282669202398],[34.8465539983802,51.1299189899085],[34.8476737708398,51.131402486869],[34.8486534941499,51.1327687170069],[34.848793542401,51.132964010155],[34.8494156383117,51.1345254812025],[34.8501803615366,51.136811541883],[34.850211233938,51.1368762561521],[34.850418275848,51.1371486941645],[34.85047176693,51.1372190800172],[34.8505398727032,51.1372960007631],[34.8506215996311,51.1373601005353],[34.850622519506,51.1373607639547],[34.8506281842822,51.1373648515648],[34.85073972719271,51.1374453377293],[34.850757812076,51.1374583879574],[34.8508940236225,51.1375438543757],[34.8510642885048,51.1376378672531],[34.8511899789828,51.1376964518118],[34.8512348651026,51.1377173733206],[34.85130265916041,51.1377489731341],[34.8517794013699,51.1379711852213],[34.852153983572,51.1381164769881],[34.8525424896611,51.1382436584823],[34.852623914755,51.1382703131071],[34.8528146118185,51.13832586616551],[34.8532028151753,51.1384156044963],[34.8536182617397,51.1384781707427],[34.8543480827209,51.1384781707427],[34.8549100849323,51.1384194006112],[34.8549919915233,51.1384053840119],[34.8555093456685,51.1383168535443],[34.8558241261238,51.138262989146],[34.8558787032689,51.1382536501638],[34.8559404220205,51.1382430880766],[34.8559987622083,51.1382197938718],[34.8562879640342,51.1381667302969],[34.8562883413266,51.1381666643507],[34.8565784818921,51.1381165773167],[34.856579048729,51.1381164843155],[34.8568702421199,51.1380693479044],[34.8568706822944,51.138069281958],[34.8571631701576,51.1380250550329],[34.8575014496425,51.1379777545077],[34.8575018466979,51.1379777032159],[34.8578410595323,51.1379343684544],[34.8578414988085,51.137934316599],[34.8581818848427,51.1378949121026],[34.8584894895555,51.1378593877168],[34.85848996835761,51.1378593279703],[34.8587960522226,51.1378204825479],[34.8587962076312,51.1378204605656],[34.8591014794192,51.1377782044783],[34.8591018800679,51.137778144168],[34.8594056768222,51.1377325692809],[34.8594058349257,51.1377325422258],[34.8594080690358,51.1377321820545],[34.8595937436185,51.1377021548093],[34.8596707975103,51.137689695354],[34.8597079850682,51.1376836806571],[34.8597085510068,51.1376835904733],[34.8597089750116,51.1376835160717],[34.8600100076498,51.1376312821362],[34.8602288327615,51.1375910600886],[34.86022948404,51.1375909343947],[34.8604468188466,51.1375490839256],[34.8618218440009,51.1372794468171],[34.8623165597026,51.1371868028914],[34.8627608978832,51.1371035915634],[34.8628398023044,51.1370830406623],[34.8637702143936,51.1367697211451],[34.8648653191155,51.136301979581404],[34.865524930469,51.1359739948432],[34.8661594914026,51.1356460489233],[34.866753282297,51.1354343647033],[34.8673470767846,51.1352226778217],[34.8691639311248,51.1348430711964],[34.8703172592535,51.1346982882827],[34.8714845939141,51.134530746042905],[34.8725846815908,51.1344087126381],[34.8736429652675,51.1343361838622]]]},"properties":{"OBJECTID":2312,"GlobalID":"8a3eb4f5-47fd-4391-98e2-178f003cd154","Shape__Are":72634176.64648438,"Shape__Len":54274.3427702017,"CreationDa":"2026-08-26","Creator":"lhiguchi_understandingwar","EditDate":"2026-08-26","Editor":"lhiguchi_understandingwar","Area_KM":null}},{"type":"Feature","geometry":{"bbox":[37.8294875514689,48.91354007817,37.9729575384962,48.9590027459295],"type":"Polygon","coordinates":[[[37.9439554529046,48.9499901175068],[37.9507813833377,48.9483409229646],[37.9574696909709,48.9468113974913],[37.961989732308,48.945771253718306],[37.9646076646927,48.9443841649596],[37.9697938508303,48.9414013269661],[37.9729575384962,48.9393845398963],[37.9724351214461,48.938433285054],[37.9689623248384,48.934718713914],[37.9690072590181,48.934607886908],[37.9690503880332,48.9344983626465],[37.9690919494881,48.9343868547386],[37.969131687363,48.9342769151342],[37.9691698280333,48.9341647994914],[37.969206191836,48.93405441267131],[37.9692408937555,48.933941723513506],[37.9692738601298,48.933830977991],[37.9693051044337,48.933717759570804],[37.969334666193,48.9336066972401],[37.9693624367117,48.9334929873194],[37.9693885929579,48.93338163178131],[37.9694128699284,48.933267482286],[37.969435602695,48.93315593917111],[37.969456387914,48.9330413064254],[37.9694756909129,48.9329296512685],[37.9694929592276,48.9328146125754],[37.9695088369502,48.93270288019281],[37.9695225748859,48.9325874603336],[37.9695350273323,48.9324757079677],[37.9695452142277,48.9323600037222],[37.9695542521777,48.9322482130777],[37.9695608781513,48.932132230344],[37.9695665105881,48.9320205684328],[37.969569561716,48.9319042883232],[37.9695717810039,48.9317927598672],[37.96957178010561,48.9317927309496],[37.9695712366248,48.931676270902],[37.9695700580352,48.9315649030496],[37.9695659343188,48.9314482474232],[37.9695613650381,48.9313371502406],[37.9695536215604,48.9312202462142],[37.9695456930297,48.9311095457037],[37.9695343068835,48.9309924496362],[37.9695230644677,48.9308822369824],[37.9695230608745,48.9308822086544],[37.9695080149917,48.9307648807085],[37.9695080113985,48.9307648517903],[37.9694934577926,48.9306552246709],[37.96949345419931,48.9306551951625],[37.9694747265714,48.93053766897631],[37.9694569017504,48.9304286445124],[37.9694344501565,48.9303108442482],[37.9694134089176,48.9302026121869],[37.9694134026294,48.930202582088],[37.96938716239081,48.9300843826275],[37.9693630089386,48.929977212687106],[37.969363001752,48.9299771837685],[37.9693328637234,48.9298583463828],[37.9693057098982,48.9297525115315],[37.9693057018134,48.9297524837931],[37.9692715438238,48.9296328125383],[37.9692415297627,48.9295286090602],[37.9692415207796,48.9295285807315],[37.9692032264973,48.929407958746],[37.9692032175142,48.9294079310074],[37.9691704990749,48.9293055778768],[37.9691704900917,48.929305549548],[37.9691277105213,48.9291832494217],[37.9690926573606,48.929083557867],[37.9690926474791,48.9290835289479],[37.9690447713169,48.9289583410782],[37.9690080171962,48.9288625933086],[37.9690080055181,48.9288625649796],[37.968953562222,48.9287314855677],[37.9689535514422,48.9287314590091],[37.9689166441587,48.9286428229107],[37.9689166315823,48.9286427945815],[37.968851259382504,48.9284971031751],[37.968851246806,48.9284970760262],[37.9688185373499,48.9284242856418],[37.9688185238752,48.9284242579026],[37.9687137466262,48.9282070532271],[37.9687252634773,48.9279424433533],[37.9687321814034,48.9276777786638],[37.9687344873787,48.9274130771591],[37.9687309641861,48.9270864647869],[37.9687281282048,48.9269981680908],[37.9687204404226,48.9267601660427],[37.968720438626,48.9267601371222],[37.9687140704689,48.926641382973],[37.9687028972234,48.9264339513382],[37.96869302923,48.9263023898341],[37.9686930274334,48.9263023603231],[37.9686783372835,48.9261079257344],[37.9686649281313,48.9259689383621],[37.9686468010272,48.9257822297088],[37.9686467974339,48.925782201378],[37.968629887547,48.9256388890945],[37.9686298839537,48.9256388607635],[37.9686082507251,48.92545674876351],[37.9685878679513,48.925310751765],[37.968562720064,48.9251317302102],[37.968557809872706,48.9251012490804],[37.9684880709623,48.9246860504739],[37.96847756516501,48.9246286172822],[37.9676502441869,48.9243969652732],[37.9652680198513,48.9238882567706],[37.96258801837201,48.9234186739567],[37.9599080159944,48.9229099543083],[37.9571684580084,48.9224012300681],[37.9542049715816,48.9219175464511],[37.9519236109844,48.9215973958827],[37.9519043430199,48.921594780374],[37.949669217812,48.921291412902704],[37.9471917046826,48.9209157280613],[37.9450953467282,48.9205901315773],[37.9429258075193,48.920043126217],[37.9415841395064,48.9197385634143],[37.939998530384905,48.9192576709351],[37.9384861043147,48.91898516286621],[37.9367785255372,48.9188088340527],[37.9355100396773,48.9187447141688],[37.9339000368043,48.9188088340527],[37.9321192767722,48.9191134019343],[37.9315199477641,48.9192268801479],[37.9306800319566,48.9193859081229],[37.9294359398483,48.9196423850527],[37.9283869986506,48.9198828300191],[37.9273624503061,48.9201393026263],[37.92594760103871,48.9205240099534],[37.924898659841006,48.920716363096],[37.9233862337707,48.9211651828373],[37.9222716670483,48.92144736722631],[37.921483502286,48.9218223745679],[37.9206785012986,48.92220706893121],[37.9198978940628,48.9226398466955],[37.9190928930755,48.9232329060801],[37.9184586501455,48.9238099296264],[37.9178731947187,48.9245312014544],[37.9171169812344,48.92541274064931],[37.9164827374061,48.9259897384189],[37.9158484944762,48.9265026213679],[37.9150678872404,48.9270635811539],[37.9143604621575,48.9275283696921],[37.9137750067307,48.9279611019334],[37.9129456110934,48.92847396404451],[37.9120557453629,48.92882160052401],[37.9119893535752,48.9287481625835],[37.9119893185409,48.9287481230407],[37.9119892853032,48.9287480829078],[37.91198921433631,48.9287480055929],[37.9119890750974,48.9287478509629],[37.9119887885349,48.928747535211],[37.9114947609427,48.9282061009444],[37.9114947178236,48.9282060531385],[37.91149467290781,48.9282060041521],[37.9114945839746,48.9282059073598],[37.9114944088031,48.928205716136],[37.911494049477,48.928205326606],[37.9109940112572,48.9276662761932],[37.9109939753246,48.9276662366496],[37.9109939402903,48.927666197106],[37.9109938675268,48.9276661191991],[37.910993722898,48.92766596515611],[37.9109934291489,48.9276656505777],[37.910487327301,48.9271289297984],[37.9104872922667,48.927128892025],[37.9104872563341,48.9271288548418],[37.9104871871638,48.9271287781146],[37.9104870443317,48.9271286293817],[37.9104867550742,48.9271283248336],[37.9099746084627,48.9265939496992],[37.9099745545638,48.9265938953994],[37.9099745024615,48.9265938416897],[37.9099744009519,48.92659373249981],[37.9099741871528,48.9265935141198],[37.9094560308121,48.9260615325158],[37.9094559787098,48.9260614776251],[37.9094559230143,48.92606142155401],[37.9094558170131,48.9260613111825],[37.9094555951292,48.926061086898],[37.9089315889594,48.9255316559017],[37.9089315521284,48.9255316216684],[37.9089315215857,48.9255315874352],[37.9089314560087,48.9255315207393],[37.9089313239564,48.9255313879379],[37.9089310508685,48.9255311187937],[37.9084011751066,48.9250042213686],[37.9084011176144,48.9250041641159],[37.9084010601223,48.9250041080436],[37.9084009460362,48.925003993538],[37.908400708881,48.9250037598051],[37.9078649096281,48.9244793429108],[37.9078648593224,48.9244792968719],[37.9078648099151,48.9244792472917],[37.9078647137953,48.9244791546239],[37.9078645170643,48.9244789633858],[37.9073227718625,48.9239570093941],[37.9073227116754,48.9239569533206],[37.9073226577765,48.9239569013788],[37.9073225365039,48.9239567868709],[37.9067749935753,48.9234374404728],[37.9067749459646,48.9234373938428],[37.9067748992522,48.9234373472128],[37.9067748040308,48.9234372586748],[37.9067746064014,48.9234370756963],[37.9062212953904,48.9229203623531],[37.9062212369999,48.9229203092297],[37.9062211822027,48.9229202572869],[37.9062210627267,48.9229201492695],[37.9056619162596,48.9224060106284],[37.9056618686489,48.9224059681292],[37.9056618228348,48.9224059262204],[37.9056617222235,48.9224058359098],[37.9050969864386,48.9218944969443],[37.9050969280482,48.9218944450004],[37.9050968696577,48.921894391876],[37.9050967546733,48.9218942879882],[37.9050965166198,48.9218940749002],[37.904526204992,48.9213855480898],[37.9045261546863,48.9213855044092],[37.904526105279,48.92138546072871],[37.9045260091592,48.9213853733676],[37.90452580614,48.9213851974649],[37.90394968151401,48.9208792639012],[37.903949615937,48.9208792107757],[37.9039495485633,48.9208791517474],[37.9033676082442,48.9203758244982],[37.9027807469539,48.9198758668954],[37.9027807011398,48.9198758273456],[37.9027806544274,48.9198757877958],[37.90278056100261,48.9198757098769],[37.902780376848,48.9198755516777],[37.9027800130303,48.9198752411824],[37.9020242118728,48.9192423000414],[37.9010296807335,48.9191057698884],[37.900215843917,48.9192153379513],[37.9001946275066,48.919227053697],[37.8990619273918,48.9198552254428],[37.8990425210867,48.9198660355251],[37.8979143511759,48.9204971707448],[37.8979037420724,48.9205031055002],[37.8978932506482,48.9205090237269],[37.8967685931502,48.9211436895527],[37.8967684961321,48.9211437444487],[37.896761253016,48.921147848668],[37.8967499369383,48.9211542638343],[37.8956292850281,48.9217921862595],[37.8956292212478,48.9217922228563],[37.8956092606821,48.9218036334169],[37.8944922640168,48.92244501535491],[37.894483249423,48.9224501907982],[37.8944741566757,48.9224554559612],[37.8933614431776,48.9230999384135],[37.8933516218966,48.9231056279029],[37.8933419057185,48.923111304406],[37.8923115892916,48.9237132514898],[37.892361967711004,48.9236905823427],[37.8923887114554,48.9236892643137],[37.8924348435385,48.9236892643137],[37.8925144055266,48.923698489925],[37.8925745782775,48.9237191374626],[37.8926514507097,48.9237753091571],[37.8930977804552,48.9241523642857],[37.8931854524337,48.9242492463868],[37.8931986379054,48.9242896579942],[37.89318302967741,48.92432585523551],[37.8931508933464,48.9243554157653],[37.8929334606235,48.9244628728243],[37.8915710756636,48.9251787446272],[37.8914372446525,48.9252214910311],[37.891372238067,48.9252229642507],[37.8913049892865,48.9252008712655],[37.8907814187996,48.9247118217564],[37.8906753196797,48.9246067167472],[37.8906637574637,48.9245731362427],[37.8906637574637,48.9245502927748],[37.890681489309,48.9245219063486],[37.8895364867665,48.92508854518571],[37.8895264256353,48.9250935255779],[37.8895156260889,48.9250989185429],[37.8890849926063,48.925313908321],[37.888194321087,48.9257585533951],[37.8881730651507,48.9257692122824],[37.8868564682192,48.9264322886944],[37.8868564071337,48.926432319976],[37.88683510718,48.926443093811905],[37.8855227368219,48.92710983592271],[37.8855014395631,48.9271207022753],[37.8841935176623,48.927790995436006],[37.8841934224409,48.927791045013],[37.8841824611978,48.9277966619633],[37.8841721943524,48.9278019690572],[37.8828680067482,48.9284761849435],[37.8828573976447,48.9284816696134],[37.8828478278919,48.92848666029071],[37.8824830193601,48.9286770670045],[37.88248293941,48.9286771094983],[37.88233035157591,48.9287566784416],[37.8814346890168,48.9292241985309],[37.8812778638294,48.9293060571061],[37.8771464157181,48.9280363423186],[37.8734133901981,48.9262649710898],[37.8722617311392,48.9259452497423],[37.8685051535891,48.9249023373023],[37.8642884364926,48.9218286226005],[37.86373678107671,48.921350732919],[37.8635835437606,48.9210318743855],[37.8634303055462,48.9206291034854],[37.8633536864389,48.9201088523912],[37.8632515282282,48.9193200741528],[37.8634813846515,48.9183634541437],[37.8638389401858,48.9174235993279],[37.8640177175037,48.9165676441231],[37.8643497330361,48.9157116748415],[37.8644774312487,48.9152585089387],[37.8647839067792,48.9145703598471],[37.8648027983496,48.9143096381534],[37.8647879932154,48.9142220698077],[37.8647210426756,48.9140328731293],[37.8646206164167,48.91390527514331],[37.8644532405164,48.9138128757061],[37.8641958830689,48.9136973702657],[37.8640943366109,48.9136640020432],[37.8637664407524,48.9135856417436],[37.8635293205517,48.9135444781992],[37.8632481281049,48.91354007817],[37.8629937153349,48.9135620777218],[37.8629697482831,48.9135675091253],[37.8624993634509,48.9137577460229],[37.8623019236329,48.9138692557245],[37.8617191487789,48.9144360856763],[37.8614085356081,48.9147843069231],[37.8612105864454,48.9151238044803],[37.8610551177141,48.9155438360539],[37.8606464830745,48.9162151884113],[37.8597525955864,48.9170375823844],[37.8586288507767,48.91801101051251],[37.8586071151401,48.9180224372852],[37.8584245334569,48.9182795392752],[37.8581435970299,48.9187326777723],[37.857898341686,48.9191403274806],[37.8577267904162,48.9195160947412],[37.8576969088566,48.9196928153767],[37.8576450634883,48.9199994309104],[37.8576372822813,48.9201630370916],[37.8575817250742,48.9204277162271],[37.8575817250742,48.9209983103663],[37.8577349623903,48.9217199344654],[37.8579116026162,48.9221068271893],[37.8604828297927,48.9247744088064],[37.8615061160042,48.9255908262758],[37.8632603200399,48.9268874620557],[37.8648683412294,48.9281840635771],[37.8658916265426,48.9293365707853],[37.866841821331,48.9308251862626],[37.8680843827101,48.9328419491459],[37.8695462192568,48.9348106149761],[37.8713004241907,48.9359629692263],[37.8721044343363,48.9368272168671],[37.8725176629603,48.9370443737162],[37.8730624642306,48.9374573021723],[37.873631293638205,48.938184939733],[37.873721108997,48.9388929014083],[37.8735654552128,48.9392677913144],[37.8729815368033,48.9397559459338],[37.8720313420149,48.9404760994017],[37.8713004241907,48.9411002234516],[37.8706425968914,48.9413402689035],[37.8698385867458,48.9412442507432],[37.8690146663402,48.9410638578165],[37.8685811043498,48.9408423627233],[37.8674996477321,48.9397559459338],[37.866257086353,48.9383636212209],[37.8648683412294,48.93610701134221],[37.8620908509822,48.93274591463731],[37.8613858729102,48.9316771390213],[37.860987840187505,48.931235871617],[37.8592402684136,48.930441031602406],[37.8571936968889,48.92900042589261],[37.8549278492983,48.9266953699468],[37.85273509313081,48.9245823085691],[37.8496652353946,48.922757320049605],[37.8490611138745,48.9225512086381],[37.848923691399,48.9230591291902],[37.8488265799235,48.9247500479293],[37.8491664700876,48.92628139631541],[37.8494092496746,48.9271427595888],[37.8498632752872,48.927842716565],[37.8506032562143,48.9285671537791],[37.8529538239194,48.9301095630153],[37.8559790479623,48.9327404634838],[37.8578072677875,48.935473134642905],[37.8580507085346,48.936592550285205],[37.8583315003328,48.9378836864064],[37.8587794111133,48.9399431953437],[37.8573406361166,48.9428474514879],[37.8573659991503,48.942832163378],[37.85734855386751,48.9428427779089],[37.8561880356233,48.9435541109482],[37.8550319550566,48.9442685278456],[37.8538803058792,48.9449860343682],[37.8527331366001,48.9457065997028],[37.8515904436261,48.9464302166369],[37.8505352878833,48.947103872405705],[37.8505355259368,48.9471035662095],[37.8504512352171,48.9471573823843],[37.850449630826,48.9471584077571],[37.8498698401753,48.9475114315209],[37.8487145689907,48.9480431898868],[37.8477119871499,48.9484645894025],[37.847070334017204,48.9486489507558],[37.8461659227655,48.9486814266013],[37.8452847464387,48.9486599929468],[37.8437834837325,48.9484456594351],[37.8398671479957,48.9480169896496],[37.8356492550045,48.9477117744565],[37.8320984437568,48.9475060120682],[37.8305110209367,48.947629469367],[37.8298217472125,48.9479175377661],[37.8294875514689,48.94823304060691],[37.8294904000267,48.9482741956206],[37.8295084399942,48.9485348220141],[37.82962545903471,48.9488166104439],[37.8296337621629,48.948836602186],[37.8299470684828,48.949056078976405],[37.830594569648,48.9492755536214],[37.8310958601193,48.9494675924803],[37.8317642498098,48.949618480858504],[37.838068065925,48.95071263286591],[37.8402376778975,48.9510892061277],[37.8427976132509,48.951592083983],[37.8435154183669,48.9518028420544],[37.8440119369874,48.9519820428779],[37.844626699052,48.952262903374205],[37.845051939948,48.9524809540284],[37.8454310074383,48.9527516665011],[37.8461250790645,48.9534152316521],[37.8473907406211,48.9545345569474],[37.8480632401041,48.9551430993274],[37.8489255006059,48.9558617171163],[37.8489396346986,48.9558734979976],[37.8489427859886,48.9558761246878],[37.8489582738424,48.9558814582902],[37.8504399398007,48.956391634594],[37.8513029261413,48.9577912258257],[37.8518855958925,48.9590027459295],[37.8517857768948,48.95826679902171],[37.8520631793495,48.9571953451199],[37.8535169499232,48.9565536580891],[37.8710240754599,48.95534020623321],[37.9026341625608,48.9535519069071],[37.9199467633126,48.9524022523126],[37.9398547002265,48.9505987306591],[37.9439554529046,48.9499901175068]],[[37.9000418743825,48.9337786168715],[37.8980699681292,48.9338586432975],[37.8961104990511,48.9338077168147],[37.8947894195263,48.933673137918],[37.8938842815376,48.9335581151014],[37.8931777673464,48.9333100063659],[37.8926018834689,48.9329818816772],[37.8920422851492,48.9324940638793],[37.8916393718797,48.9317481069862],[37.8913463441289,48.9309299453305],[37.891325767319,48.9301067077514],[37.8914941313662,48.9292720512879],[37.8917258571836,48.9286194530826],[37.89205690612881,48.9279026750695],[37.892234627028,48.927595179664],[37.8925462993124,48.9272659025132],[37.8930743739522,48.9269019334738],[37.8934334395544,48.9267035308457],[37.8942508840051,48.9264982189388],[37.8953719203942,48.9263159229731],[37.8962825084617,48.9261992270473],[37.8985987811842,48.925996633995],[37.9000272911321,48.9259244360918],[37.9020052286742,48.925876302721],[37.9025945297887,48.9259035403914],[37.9029229736196,48.9259577689741],[37.9032395812482,48.926049738103],[37.9038188418929,48.9263258563621],[37.9043132288111,48.9266272732815],[37.9047941553732,48.9271121418725],[37.9049300300515,48.9272873748667],[37.9050589050571,48.9276618166169],[37.9050939133021,48.9278308977845],[37.9052320930574,48.9286679019223],[37.90527832215851,48.9299610772733],[37.9050969603875,48.9313579521924],[37.9046677884639,48.9322623064271],[37.9040945088024,48.9328881017786],[37.90353006497,48.9331632220686],[37.9027677950441,48.9333780685417],[37.9013974842485,48.9336224532005],[37.9000418743825,48.9337786168715]],[[37.93435227117621,48.9343571685494],[37.9313131987049,48.9284690447794],[37.9303504966727,48.9256411496648],[37.9304757415863,48.9246264573018],[37.9322182163193,48.9240175268056],[37.9346744546478,48.9231590904197],[37.937933043933604,48.9220201047926],[37.9404905439543,48.9230495805898],[37.9428882723134,48.9259289595673],[37.9455564753198,48.928269923617],[37.9472406125599,48.9296620671645],[37.9489022991045,48.9327840620724],[37.94982327529,48.9358506024442],[37.9440062598205,48.936718679395],[37.9384203233814,48.9375851621798],[37.93706758812431,48.9367576888749],[37.93435227117621,48.9343571685494]]]},"properties":{"OBJECTID":2315,"GlobalID":"192d8c85-fbbc-4d25-800f-e8bf28d51af9","Shape__Are":58157270.2890625,"Shape__Len":65880.17262718113,"CreationDa":"2026-08-26","Creator":"lhiguchi_understandingwar","EditDate":"2026-08-26","Editor":"lhiguchi_understandingwar","Area_KM":null}},{"type":"Feature","geometry":{"bbox":[37.787449222272,48.7958191299742,37.9153507442655,48.8506871956646],"type":"Polygon","coordinates":[[[37.8442301314817,48.8422458657453],[37.851645941544405,48.8420968398257],[37.8520998764271,48.842133052264],[37.8525971002251,48.84224992323511],[37.8719283950834,48.8390176338609],[37.8726314507607,48.8389617807705],[37.8741119740619,48.8389723884045],[37.8750603515585,48.839007223123],[37.8757929519272,48.839007223123],[37.881025916935,48.8389329365798],[37.8817035323234,48.8389233157362],[37.8820225510303,48.8388963806755],[37.8838928739946,48.8384406884079],[37.8845735975539,48.8383531201837],[37.8860360359719,48.8382693878965],[37.8921709077282,48.8382013924486],[37.8950181153263,48.8383947406073],[37.8959106930707,48.8385657799462],[37.897807770559005,48.8391296218808],[37.8981091373706,48.8392427389336],[37.8984069495485,48.8393598602425],[37.8987010840237,48.8394809432099],[37.8989914213201,48.839605932230306],[37.8992778383687,48.8397347793837],[37.89956021749,48.8398674296551],[37.8998384445982,48.8400038280289],[37.9001124011154,48.8401439206721],[37.9003819783456,48.8402876454738],[37.9006470613045,48.8404349474182],[37.9009075412959,48.840585763803],[37.9011633114202,48.8407400301524],[37.9014142674729,48.840897685538],[37.9016603025545,48.8410586643018],[37.901901316952,48.8412229007857],[37.9021372118506,48.841390324011],[37.9023678893341,48.8415608671379],[37.9025932514861,48.8417344615532],[37.9028132093733,48.8419110315493],[37.9030276686726,48.8420905061493],[37.9032365422476,48.8422728114203],[37.903439747453,48.8424578710654],[37.9036371944575,48.8426456099706],[37.9038288024127,48.8428359494756],[37.9040144967583,48.8430288115119],[37.9041941966461,48.8432241174205],[37.9043678302108,48.8434217832228],[37.9045353237904,48.8436217296705],[37.9046966100115,48.8438238745605],[37.9048516215003,48.844028134508],[37.9050002953747,48.8442344249472],[37.9051425669562,48.8444426595398],[37.9052783823457,48.8446527513574],[37.9054076813561,48.8448646158379],[37.9055304100885,48.845078164873],[37.9056465218306,48.8452933091735],[37.9057559653782,48.8455099618164],[37.9058586985108,48.845728032924],[37.9059546772107,48.8459474308466],[37.9060438619521,48.8461680716213],[37.9058914969001,48.8419188580692],[37.9072702240117,48.8393937611143],[37.908506651694,48.8362616654828],[37.9117332079551,48.8310188958602],[37.9127031575949,48.8289110000267],[37.9139003037465,48.8240887165893],[37.9153507442655,48.8185867243624],[37.9153243751186,48.8165519853786],[37.9151050469504,48.8117711798278],[37.9149529037824,48.804073264952],[37.9134068546694,48.7979499703348],[37.8897152874406,48.7960430455896],[37.882193643261,48.7958191299742],[37.8804314397277,48.7958847655977],[37.8797772317406,48.7959779463062],[37.8781965759296,48.7963851080637],[37.8768272595689,48.7968188750793],[37.875942806188,48.79705318852881],[37.8701690365146,48.7992545627516],[37.8700389640547,48.799358194049],[37.8699485495197,48.7994893293217],[37.8698554454287,48.7996729854646],[37.8697596589682,48.7999129305137],[37.8697385791018,48.7999939115386],[37.8697203855223,48.8001017980675],[37.8697397855392,48.8001979265268],[37.8697904837589,48.8003159367261],[37.8699097548758,48.8004551888776],[37.8702608748794,48.8008640834799],[37.8704620004849,48.8010175076648],[37.8706709836543,48.801113552123],[37.8709218004682,48.8011877586484],[37.8713230554477,48.8012391599146],[37.8717865376253,48.8012241704727],[37.8723828150564,48.8011428127478],[37.8748748548422,48.8007089186289],[37.8761096179464,48.8006012771877],[37.8771104804117,48.800609267554],[37.8782933155025,48.8006791873472],[37.8790951382504,48.8008296938283],[37.88004341513571,48.8011175105803],[37.8804952847916,48.801242395901],[37.8818277199199,48.8016427163946],[37.8857736793999,48.8028282289426],[37.882751202405,48.8024962896975],[37.8813800768374,48.8025228514501],[37.8810977866493,48.8028947145097],[37.88105745858121,48.8035056269993],[37.8815010574483,48.8040368492795],[37.8827108752353,48.8044352624449],[37.88452559967,48.8049133533556],[37.8881550512343,48.8062944822315],[37.8913409012366,48.8076490134552],[37.8919522622796,48.8080760800448],[37.8922619744401,48.8083990360075],[37.8925974978937,48.8090109439685],[37.8927781634704,48.8104896896773],[37.8928442363562,48.8117086890875],[37.8925303919453,48.812274326981],[37.889740433082,48.8137298131749],[37.8895541674079,48.8137335925802],[37.8892695011758,48.8137960364306],[37.8890290643951,48.8138904704798],[37.8882417898632,48.8142419131941],[37.8877507240165,48.814510070651],[37.8871600619543,48.8147921017509],[37.8861709503511,48.815145928526],[37.8819588523918,48.8162227361091],[37.8804572132915,48.8166391604948],[37.8771424119268,48.8166855056341],[37.8752939162273,48.8168328811179],[37.8731215778679,48.8166828497364],[37.871493738945,48.8164209479562],[37.8704239182051,48.8157442200581],[37.869946658566,48.8153085652851],[37.8616937650839,48.8131747521497],[37.8566339359741,48.8125326152703],[37.8524328971743,48.8123000991387],[37.8483508420305,48.8131248964295],[37.8393690348656,48.8148699307117],[37.83354752332811,48.8160934428128],[37.8270577281013,48.816875090820005],[37.8231852247604,48.8181491216507],[37.8187762601083,48.8201456529013],[37.8144176595026,48.8220412860348],[37.8073160648549,48.8243342278102],[37.7999756180546,48.8261588076513],[37.7956990938215,48.8273279818849],[37.7919345787576,48.8281033339288],[37.7892435486615,48.8294489548984],[37.787449222272,48.8314806766603],[37.7880031755785,48.8334333156503],[37.7905426302417,48.8346184018031],[37.793855493042,48.8348570727274],[37.7984105686751,48.8347452093808],[37.8039239733415,48.8343759217366],[37.8083633369828,48.8334361652035],[37.8125822675281,48.8318762196245],[37.81462690498,48.8300499668546],[37.8171716336523,48.82840540183061],[37.8204229043635,48.8262975350291],[37.8241337630554,48.8244596473268],[37.8249488584117,48.8242877909748],[37.8257915536066,48.8241730036786],[37.8268376570264,48.8242303973595],[37.8277094109242,48.8244982340627],[37.8283196382933,48.8250147726559],[37.8287448711044,48.8255746828409],[37.8288760781365,48.8258646735162],[37.8290170408725,48.8265452247832],[37.828987983068,48.8274634740975],[37.828987983068,48.8280182414849],[37.8289008078579,48.8286303913722],[37.8283992838247,48.8292365077637],[37.824910172464,48.8323470108843],[37.8246327035339,48.8328218920445],[37.8246881969606,48.8334063551676],[37.8247414580738,48.8336517692952],[37.8253384649369,48.8342308915144],[37.8259265506309,48.8352718013836],[37.8260309923591,48.8369560857997],[37.8256245451172,48.8400325379831],[37.8250826148625,48.8431533837497],[37.8252858389326,48.8445354106805],[37.8252180978753,48.8487258384428],[37.8254890630027,48.849973983638506],[37.825844410478,48.8503896789262],[37.8260666608658,48.85052373915941],[37.8265106109741,48.8506172208845],[37.8270688959569,48.8506871956646],[37.8283098421651,48.8506489713517],[37.8371405760554,48.8476113973471],[37.8420718068407,48.8449071028426],[37.8423175400884,48.8446864908008],[37.8424458814947,48.8444663708363],[37.8425445479539,48.8433300285555],[37.8426663029126,48.8430456365564],[37.8432636987462,48.8424998227027],[37.8436492044622,48.8423562106668],[37.8442301314817,48.8422458657453]]]},"properties":{"OBJECTID":2317,"GlobalID":"5f60c961-351c-42ea-b087-ea665358020f","Shape__Are":59552948.869140625,"Shape__Len":51571.86681541853,"CreationDa":"2026-08-26","Creator":"lhiguchi_understandingwar","EditDate":"2026-08-26","Editor":"lhiguchi_understandingwar","Area_KM":null}},{"type":"Feature","geometry":{"bbox":[36.89278016575471,48.1725904204448,36.8942446020259,48.1734769916321],"type":"Polygon","coordinates":[[[36.8935159272949,48.1734080738072],[36.8937290984102,48.1734718420584],[36.8938072545348,48.1734769916321],[36.8938561713953,48.1734696800281],[36.8939127490885,48.1734403880726],[36.8942446020259,48.1729391938671],[36.894241428278,48.1728970640745],[36.8942281080589,48.1728796765762],[36.8941905252424,48.1728556555317],[36.893948140914105,48.1727853242544],[36.8932100482457,48.1725904204448],[36.8931480635928,48.1725949680351],[36.8931110009008,48.1725977142019],[36.8930714902997,48.1726170835401],[36.89278016575471,48.1730922812307],[36.8927836916422,48.1731399480689],[36.8928074116573,48.1731663131407],[36.8928503466363,48.17320524008711],[36.8935159272949,48.1734080738072]]]},"properties":{"OBJECTID":2321,"GlobalID":"4f21edd2-c7e9-4d36-8b34-2c2ecf57f297","Shape__Are":15563.048828125,"Shape__Len":478.5258685068691,"CreationDa":"2026-08-26","Creator":"lhiguchi_understandingwar","EditDate":"2026-08-26","Editor":"jthompson_understandingwar","Area_KM":null}},{"type":"Feature","geometry":{"bbox":[37.5716979784525,48.465822286714,37.6763957857902,48.5230077840466],"type":"Polygon","coordinates":[[[37.6148547955181,48.4939687489765],[37.625561759694,48.48781743529911],[37.6260861009354,48.4876406777596],[37.6262974215212,48.4876319237862],[37.6265219500365,48.4876844464129],[37.6267200626927,48.4878420127759],[37.6268653463253,48.4881396368588],[37.6269681719843,48.4887712618847],[37.6260451467416,48.4957622183086],[37.6257729446341,48.49702487057581],[37.6263173488491,48.4990991583274],[37.6272955144805,48.5002810906009],[37.6277715209698,48.5005807285673],[37.629224393228306,48.5009898705515],[37.62977765752691,48.5010815198318],[37.6303780824797,48.5011427265994],[37.6312690297819,48.5010265932588],[37.6324418783016,48.5007675468623],[37.6359124439433,48.5002264536372],[37.638906659041,48.5000911794284],[37.643329929364,48.4999559048587],[37.6499308120555,48.5011733623954],[37.6554199128019,48.5025392611604],[37.6589613222819,48.5046991075803],[37.6595308083579,48.5050909358127],[37.6599955966859,48.5054107266521],[37.66054302463021,48.505956028346404],[37.6606844068795,48.5063307149714],[37.660761576654,48.5071818215721],[37.6607447134795,48.5074052836303],[37.6594790806689,48.5137699455817],[37.6591339093092,48.5153324052073],[37.657747139580906,48.5207653141965],[37.657553546349,48.5223119743786],[37.6576246246475,48.5225968873281],[37.6577635958186,48.5227313351399],[37.6578925660456,48.5227868581528],[37.658530716647,48.522945754065],[37.6593133001765,48.5230077840466],[37.6595294977159,48.5229914199478],[37.6597054067132,48.5229047860458],[37.6598543276243,48.5227595458597],[37.6600399617828,48.5225090865956],[37.6622963923343,48.51349312074791],[37.6626073028474,48.5127347754852],[37.6631878157436,48.5118279623615],[37.6640008593476,48.51106011502141],[37.6640853997991,48.5109949008395],[37.6654220695856,48.5100676652707],[37.6669948336968,48.5092436726099],[37.6677496664705,48.5087282388426],[37.6689011054422,48.507909634305],[37.6693152189066,48.5075951269288],[37.6693758210524,48.5075862044013],[37.6694936566614,48.5076085125025],[37.6700188773536,48.5079297104565],[37.6705205262526,48.5082843665961],[37.6710148116613,48.5085820028083],[37.671519829242705,48.5088782422702],[37.6717355147424,48.5090594702287],[37.6716719643259,48.50914757517641],[37.67119725051231,48.509457612413804],[37.6707222636109,48.5097752320524],[37.6701695014705,48.5102036769906],[37.6694940627,48.5106445705298],[37.66940571968,48.510714516334],[37.6693663384362,48.5107403354304],[37.6693505954609,48.5107506571141],[37.6693076847364,48.5107838984678],[37.6694376754496,48.5108661593726],[37.6696498494348,48.5111475749612],[37.669824966118,48.5115858918117],[37.6698043677485,48.511708782171],[37.669789399121,48.5117980792649],[37.6697874749296,48.5118965479144],[37.6697945060434,48.511970717208705],[37.6698198367377,48.5120448441423],[37.6698723872835,48.512101838053],[37.6699491662909,48.5121633016874],[37.6700488631177,48.5122130798986],[37.6701901941631,48.5122404091851],[37.6703990318054,48.5122566523816],[37.6705321594355,48.5122387101803],[37.6706556957534,48.5122220617162],[37.6708172927916,48.5122108345927],[37.6712231731965,48.5122118712539],[37.6715273077174,48.5122498831439],[37.671641101806,48.5123117881608],[37.6729228018837,48.5130090473652],[37.6733573250715,48.5129722381253],[37.6742639740265,48.512841895532],[37.6748349872385,48.512726590587],[37.6748983858397,48.5126504080088],[37.6754547708856,48.5119818140583],[37.6757905656304,48.511336701417],[37.675847842213,48.5112266651254],[37.6759286744188,48.5110114890054],[37.6762987488749,48.510026340474],[37.6763934968828,48.5095613435803],[37.6763957857902,48.509515668566],[37.676388309112,48.5093245017465],[37.6763839028756,48.509211861542],[37.6763571231986,48.5091042815186],[37.676347695379704,48.50907478900981],[37.67634209707891,48.5090784217146],[37.676333982597,48.5090545883334],[37.6761893942604,48.5086299955457],[37.6760626240075,48.508516364672],[37.675729120865,48.5082174276819],[37.6757290984071,48.5082174038761],[37.6757269729932,48.5082136752912],[37.6755899547595,48.5079733806562],[37.6752688250117,48.5074102073454],[37.6752417479924,48.5068182523135],[37.6752426301381,48.5068165483657],[37.6752417390093,48.5067970722915],[37.6754873159501,48.506322267165],[37.6755645081824,48.5061730275109],[37.67560328486,48.5060980873175],[37.6757753876954,48.5058149224449],[37.6759549034285,48.5052418308734],[37.6758599128754,48.5046544316689],[37.6751633259665,48.5042348569805],[37.6736434977783,48.5039411526915],[37.6705721793815,48.5044446444613],[37.6674691980658,48.5048432395323],[37.6651015084714,48.5045532206035],[37.6637012936583,48.5043817084868],[37.6620124097202,48.5039115827784],[37.6588976964069,48.5025574639274],[37.6574071155678,48.5017737610945],[37.6556042363184,48.5010315015223],[37.6541001070881,48.49996445313171],[37.6537119558337,48.4993642901493],[37.6532555856182,48.498606188218304],[37.6527992306741,48.4978480832838],[37.6525778920763,48.4969813945269],[37.6522201209464,48.4957988257448],[37.6518926814321,48.4948729051658],[37.6512650761537,48.49400719007831],[37.6507057320572,48.4928798874395],[37.650246447707,48.4920121939558],[37.6496886460179,48.4911494305646],[37.6485410105131,48.4900231413924],[37.647483563168,48.489338590176],[37.6469000750516,48.4889608659802],[37.6436533722737,48.4873726088926],[37.640715881294604,48.4858867747604],[37.6386287158005,48.4842471837658],[37.6370826657892,48.4826075403621],[37.6353727361206,48.48180614420651],[37.6318601140523,48.4809534944318],[37.6306232740432,48.4800680356999],[37.6300295927433,48.4786578289276],[37.62908959563,48.477444363703],[37.6270117070379,48.4765260468034],[37.6255769735616,48.4762636671529],[37.6237464522527,48.4760668818223],[37.6214211954791,48.4760668812267],[37.618848570524,48.4758372977733],[37.6161275250194,48.4758700945373],[37.6121912853108,48.47533097896],[37.6110354383061,48.4751477419736],[37.6087626727895,48.4747874381687],[37.6086353734289,48.4747672577735],[37.6017554578405,48.474357275282],[37.5952620540812,48.473332304261305],[37.5898508830841,48.472204812402],[37.5845633975251,48.470786185846],[37.580605513808,48.469408523190104],[37.5764497357255,48.4679324134049],[37.5728381651269,48.4662922426517],[37.5716979784525,48.465822286714],[37.5736218984999,48.4670464355426],[37.574466354392804,48.467746325863],[37.575101447129,48.4685744690627],[37.5761479278411,48.4706559718083],[37.5770625223949,48.4746983456477],[37.57704158985211,48.4837730629395],[37.5771826424197,48.4840535440926],[37.5774897279063,48.4842956080077],[37.5782991441133,48.4845638580713],[37.5804554915623,48.484979974246],[37.5816277067698,48.485081756099504],[37.5827489515681,48.4851195442174],[37.5856187544906,48.4849913098139],[37.5894236623012,48.484713466204],[37.5929834674816,48.48425208829511],[37.5960216712821,48.4832728956067],[37.5988368862796,48.4815915904795],[37.6007880234835,48.4805199592757],[37.6051084043671,48.4793004914473],[37.6078974864747,48.4783650828836],[37.6111639027816,48.477470078264],[37.6171305551196,48.476575057258906],[37.6187098805256,48.4765295365347],[37.6194723498775,48.4766093459099],[37.6208324917442,48.4769792614419],[37.6227052365664,48.4783939536991],[37.6235006399533,48.4794141050451],[37.6234421156108,48.4801395213203],[37.6234421156108,48.4807166302718],[37.6232808904752,48.4814006035653],[37.6227327259124,48.4822555567661],[37.6221523163225,48.48289676191221],[37.6179349138115,48.4860888568284],[37.6158890519558,48.4879919190514],[37.6149453915128,48.4888017729843],[37.6140775515747,48.4896641292022],[37.6138047359179,48.490057192931],[37.6132663063978,48.4910280698064],[37.6129224115441,48.4925760539172],[37.6128520734574,48.4927214645756],[37.61282578785391,48.4929027717396],[37.6127349888399,48.4934835853933],[37.6127364162629,48.49355592841331],[37.6127791841552,48.4936259406657],[37.612805094263,48.4936683581436],[37.6129461719834,48.4937432750429],[37.61312833595,48.4937913020725],[37.6134124335485,48.4938202682876],[37.6145051164123,48.49394336841551],[37.6148547748569,48.4939687114718],[37.6148547955181,48.4939687489765]]]},"properties":{"OBJECTID":2334,"GlobalID":"cc98b865-788f-4321-b6d1-7945979df0d5","Shape__Are":19090821.033203125,"Shape__Len":43402.935165939736,"CreationDa":"2026-08-26","Creator":"lhiguchi_understandingwar","EditDate":"2026-08-28","Editor":"jthompson_understandingwar","Area_KM":6.481758210108651}},{"type":"Feature","geometry":{"bbox":[37.6713545059927,48.4847102032957,37.7709461491182,48.597672343851],"type":"Polygon","coordinates":[[[37.7108031718886,48.4950266321287],[37.7108346272966,48.4950257344161],[37.7104190495781,48.4953171710889],[37.7102802374088,48.4953967276686],[37.7099835103958,48.4955417700846],[37.7095605206779,48.495649578916],[37.7084525619627,48.495807122315405],[37.7082015672824,48.4958428099954],[37.7082014199587,48.4958428314258],[37.7072650735987,48.4958970409338],[37.7056401533021,48.4960947976369],[37.70395230063,48.4965983899682],[37.7028740734556,48.4969007671476],[37.7019273650289,48.4972666374445],[37.7015719322137,48.4975100419411],[37.7015066875746,48.4975798028869],[37.70145411816421,48.4976436658079],[37.7012036427101,48.497947960651906],[37.7009258512849,48.4982031587971],[37.700819373076,48.4984563335601],[37.7008185232697,48.498458356253],[37.7008282762788,48.4986764792204],[37.7009141192873,48.4989910871818],[37.7009765602844,48.4991772773927],[37.7011264190367,48.4994586287234],[37.7013012545472,48.4996903302923],[37.7013949155937,48.4998682422685],[37.7014511132995,48.499979954425],[37.7014805277352,48.5001631743287],[37.7014823324506,48.5001744136454],[37.7014674859939,48.5002563953434],[37.7014266764289,48.5002974227499],[37.7013699388355,48.5003275001284],[37.7013074969401,48.5003481876164],[37.7012872947277,48.5003571108229],[37.701186860384,48.5003733429476],[37.7010789628369,48.5003839322187],[37.7009750627928,48.5003759893727],[37.7008711582572,48.5003601018914],[37.7008537668733,48.5003514584471],[37.7008512300309,48.5003501953529],[37.70085376328,48.5003303025083],[37.7008072161752,48.5003071691796],[37.7008026958527,48.5003035745366],[37.7007517676643,48.5002153167132],[37.7006643499091,48.50005395544571],[37.7005269804341,48.4996526202947],[37.7002959481161,48.4992057679014],[37.70013492510141,48.49894568895791],[37.7000464958432,48.4988491785336],[37.6999012966522,48.49875013451431],[37.6998030146719,48.4987310107085],[37.6997338533782,48.4987248373018],[37.6996973162007,48.4987401913505],[37.6992437972379,48.4988940720679],[37.6988391062024,48.4989342207912],[37.6987059417413,48.4989474348382],[37.6981689791701,48.4989436936662],[37.6976338159244,48.4988257552348],[37.6965518212159,48.4984232394831],[37.69569809291261,48.4980362932594],[37.6952473982531,48.4981547264055],[37.6950085281342,48.4982174968906],[37.6946269570391,48.4979937889556],[37.69408326608651,48.4979514685532],[37.6936183861303,48.4982018206463],[37.6932986891954,48.4984758801038],[37.6929774938706,48.4987512131189],[37.6925268441269,48.499137493156],[37.692492197903,48.4991762368933],[37.6921269788411,48.4995846300838],[37.6919723383565,48.499757544757806],[37.6912445484661,48.4998379193771],[37.6906727070074,48.499860882085],[37.6901817875861,48.5002785405994],[37.6901744582317,48.5002900596525],[37.6900980187876,48.5003498036865],[37.689442390564,48.5006072200847],[37.6888532232984,48.50085982391871],[37.6886869038168,48.5009807807919],[37.6881427556216,48.5013765103076],[37.6872243495162,48.5018817090494],[37.6863877862213,48.5024763234152],[37.6863613640738,48.5024951035608],[37.6863613119716,48.5024951416544],[37.686271289102,48.5025591287345],[37.6855954802256,48.5029954259358],[37.6855668185781,48.5030713861377],[37.6836371493129,48.5043236595473],[37.6834628950124,48.5044944058522],[37.6833682700736,48.5046074023463],[37.683237142093304,48.5047741587613],[37.6831593030739,48.5049102096866],[37.6831271793194,48.5051231750223],[37.6831457358182,48.505328628898],[37.6831696947851,48.5055047046042],[37.6831492572141,48.5057690089601],[37.6830546205973,48.5059197972517],[37.6826399825166,48.5062404851364],[37.6822755809216,48.506498612600005],[37.6819507573014,48.5067712857054],[37.681580798728,48.5070404393588],[37.6812336214303,48.5073388738386],[37.6809660393583,48.5077214478949],[37.6809114119075,48.5079418264902],[37.6809061603564,48.508188450648206],[37.6809058118101,48.5082048427396],[37.6809062483913,48.5082057176033],[37.6809058154033,48.5082259959869],[37.6810783422435,48.5085724686496],[37.6830386620262,48.5123343459076],[37.6830492594516,48.5123546809586],[37.6830961218651,48.5124446071204],[37.6832135244862,48.5125000200093],[37.6832193940782,48.5125171313658],[37.6832990027787,48.5125894466294],[37.6844185856937,48.5132956764993],[37.6846231626266,48.5132250695465],[37.6847106531454,48.5132044373016],[37.6848030008549,48.5131826595059],[37.6850778422128,48.5130461083008],[37.6853068739826,48.5129323153487],[37.6855902178946,48.5126946894662],[37.6859023626929,48.5126667980618],[37.6861657523275,48.512727487391],[37.6864520445102,48.5129019699232],[37.6872307607923,48.5133647260169],[37.6875514090431,48.5135240347186],[37.687730673248,48.5137392715785],[37.6877300695801,48.5137417703209],[37.6876888261288,48.513912531311],[37.6866238167656,48.5146407859138],[37.6863375254812,48.5148076765284],[37.6859825211624,48.5150428396432],[37.6854786471363,48.5154297179264],[37.6850190393926,48.515749137666],[37.6848144453917,48.5158621049005],[37.6843334739138,48.5162186334886],[37.6840013739398,48.5163703463368],[37.6837608895483,48.5164158610547],[37.6835204033603,48.5164082747753],[37.6829525665911,48.5161325181943],[37.683181564225,48.5162793489109],[37.6780868176001,48.5196528731945],[37.6713545059927,48.5268971133296],[37.6738398236853,48.5275650089309],[37.6739328047071,48.5275874010432],[37.6739976091717,48.5275651011432],[37.6757357333638,48.524579936134],[37.675910171818906,48.5244721227956],[37.6760175025291,48.524465243933605],[37.6787577845572,48.52517147187011],[37.6808577842817,48.5253639103845],[37.6809304750562,48.525405392825505],[37.6809616358168,48.5254856482379],[37.6788777096476,48.5287461661052],[37.6788496462782,48.5287943699707],[37.6788704198191,48.528835641980706],[37.6789292783348,48.5289181853048],[37.6847234694096,48.53047468457021],[37.6851338404926,48.5307004906477],[37.6852492928713,48.5309213600112],[37.685290565967,48.5314816628901],[37.6849655366326,48.5338039510684],[37.6852879869038,48.5346153174542],[37.6863326485275,48.5362161541024],[37.6863456884722,48.5362030336422],[37.6863556849246,48.5361811901918],[37.6863575965395,48.5361577478638],[37.6868067335204,48.5350154400552],[37.6871399438121,48.5345320273802],[37.6876163410685,48.5341349905619],[37.6880295463362,48.5340437859224],[37.688566712825,48.5340437859224],[37.689922074756,48.5342173366834],[37.6915487036483,48.5348417457012],[37.693110951182504,48.5350226767618],[37.6948653294914,48.5351175080964],[37.6974431898279,48.5354849767993],[37.6995914075236,48.5364095642103],[37.7005402036351,48.5377015885393],[37.7008087307348,48.5382942480227],[37.7002537749085,48.539017284398],[37.6992512730177,48.5394321369938],[37.69745431456441,48.5394988592067],[37.6973966939271,48.5395009962431],[37.6973888228886,48.5395330190661],[37.6973853976124,48.5395352839783],[37.6962922413364,48.5401130218045],[37.6953897399031,48.5403986750154],[37.694262711751,48.5409116817145],[37.6935348401139,48.5413469557964],[37.6930182863677,48.5418444079014],[37.692795552686306,48.5425817339786],[37.6927393307259,48.5426991269002],[37.6926412867991,48.5432137749454],[37.6926272802672,48.5435475975045],[37.6926342844315,48.5437469631593],[37.6926342835332,48.5438953267231],[37.6926763022306,48.5440529633881],[37.692718320928,48.5442059631061],[37.6928023583228,48.5443404165893],[37.6929844387461,48.5445444155466],[37.6931595159034,48.5447298674574],[37.69324615931091,48.5447987004691],[37.6932487967645,48.5448007962464],[37.69329097715871,48.5448343054779],[37.6933105936696,48.5448498893891],[37.6937931183345,48.5451554464315],[37.6943331522457,48.5453419772846],[37.6950845031493,48.5454196985678],[37.6958358549513,48.5454663313994],[37.69710375870281,48.5452642564767],[37.6986299424717,48.54489119351031],[37.6996865301291,48.5447046604011],[37.7001326451772,48.5446269386145],[37.7012127129995,48.5445647614562],[37.7025510563475,48.5446580274624],[37.7031647817563,48.5447348969729],[37.7035275088916,48.5447810992666],[37.70388940059381,48.5448290160818],[37.7039040197767,48.54482886324],[37.7040104036625,48.5448455896003],[37.7041448625959,48.5448841633909],[37.7044003353779,48.54502659017191],[37.7044346016144,48.5450596228892],[37.7045567760863,48.545177400194106],[37.7055736411402,48.54666874757],[37.7058443745022,48.5471374953119],[37.7062887207676,48.5479068284109],[37.7075423475943,48.5500772720587],[37.7095110540485,48.5565929277138],[37.7101168096041,48.5628070790434],[37.7107225651598,48.5697219315019],[37.7119845508103,48.5751116166064],[37.7120053728603,48.5755332110683],[37.7121356725939,48.5781714379405],[37.711577408272404,48.5834651270183],[37.7116394369427,48.5881428094674],[37.7117634960801,48.5910558839549],[37.7118000494274,48.5911842094389],[37.7123956073079,48.59327496149711],[37.7134484669568,48.5946676654383],[37.7146599780681,48.5961700266856],[37.7169315623001,48.5973718847049],[37.7192031465321,48.597672343851],[37.721626169653,48.5974720375561],[37.7248063881168,48.5966708050282],[37.7324981390753,48.5936886931216],[37.7343828162194,48.5926189764821],[37.7401017230835,48.5879565701112],[37.7450992082142,48.583248254569405],[37.7488851813353,48.5783391182359],[37.7513082053546,48.5730287001177],[37.7538826673644,48.5680183596653],[37.756760007152,48.5636088497037],[37.7608488598476,48.5581966527325],[37.7653920283116,48.553986765308],[37.7694808792105,48.5499770246853],[37.7709461491182,48.54779805616],[37.76993200775631,48.5479999687281],[37.7685378987922,48.5478785359568],[37.766666858074,48.547441374616],[37.7576785246486,48.5444782947037],[37.7357763412787,48.5388188148941],[37.7338617331675,48.5388765061049],[37.7327725851743,48.5389144605156],[37.7319700554523,48.5391801423781],[37.7316261156829,48.5402048994954],[37.7312821741168,48.540812153095],[37.7304796443948,48.5412296364623],[37.7294478205948,48.5412296370571],[37.7247472888526,48.540584434741],[37.7192442264901,48.5406603409728],[37.7167219898359,48.5411537304895],[37.713225253575,48.5414194000044],[37.7117983255603,48.5412171887827],[37.7113080646041,48.5410844000601],[37.7109960868925,48.5408925946358],[37.7095673811118,48.5400803813814],[37.7083210450118,48.539371838904],[37.7081116881433,48.539335132684],[37.7079540562688,48.5393137218005],[37.7077438783401,48.5393083705652],[37.7076145398038,48.5393163989049],[37.7075539125053,48.5393404839166],[37.7012367671879,48.5421519314784],[37.7011860662733,48.5421603953164],[37.701151971615,48.54216402981201],[37.7010999816179,48.5421458222411],[37.7009058422103,48.5419981464309],[37.7006869218772,48.5417821006427],[37.700583656942,48.541675443846],[37.7005490116165,48.5416057888014],[37.7006047287237,48.541525089676],[37.7041041284894,48.540037149843506],[37.7071861898387,48.5387266307514],[37.708005245867,48.538358644317704],[37.7092071126654,48.5366338407324],[37.7098123139605,48.534740550914705],[37.7118932658077,48.5337580772216],[37.7135005647517,48.5336046907988],[37.7164921379042,48.5334413265113],[37.7177415893615,48.5340030071177],[37.719313014983,48.5344762668173],[37.7201523980895,48.5346981553172],[37.7222914529693,48.5349743860316],[37.7242493050799,48.5349713363334],[37.7258053362724,48.5345439657397],[37.7276999559701,48.5338590509052],[37.7302323777229,48.53279323505001],[37.733140236874,48.5316241731888],[37.7355901097405,48.5303340711004],[37.7375093971759,48.5293953421074],[37.7392986588639,48.52845116599111],[37.7401532504482,48.5277227137039],[37.7405439690878,48.5266693079903],[37.7408976681544,48.5254615471159],[37.7409784841907,48.5242231599883],[37.7424586418776,48.5233871917856],[37.7460696824702,48.5211604334662],[37.747606912822,48.5201207483404],[37.7495156791889,48.5184852454394],[37.7489120670135,48.5174583712904],[37.7477926035744,48.516902429036804],[37.7357510519068,48.51227481595271],[37.7347737585395,48.51213216789001],[37.7336785469181,48.51239209943051],[37.7316632924609,48.5129871623696],[37.729862511676,48.5135232319518],[37.7277375217186,48.5144362564481],[37.7254348575744,48.5155625507299],[37.7232226618642,48.5168284216731],[37.7210162854404,48.5182982508715],[37.7182959990121,48.5199502801932],[37.7153073022653,48.5216759032012],[37.7113468331968,48.5234625960675],[37.7088095066425,48.5251051008316],[37.7038626227134,48.5268331873211],[37.699259207836604,48.5277265193821],[37.6959931203131,48.5269779446452],[37.693958648197,48.52617921662],[37.6889141120066,48.5232418548129],[37.6882239525435,48.5229790766636],[37.6875773550835,48.5226998544213],[37.6872206116263,48.5224478973024],[37.6871398458957,48.5223110218161],[37.6870704842777,48.5221934727336],[37.6870609845935,48.5221773713535],[37.686982091850304,48.521992673366206],[37.6874213680243,48.521956968398406],[37.687953243436,48.5217695320766],[37.6882658329004,48.5212411239996],[37.6883944051737,48.5210081274731],[37.6886631469707,48.5200330432768],[37.6885944770555,48.5206455749047],[37.6887813814318,48.5203068775912],[37.6889368007557,48.5200737958466],[37.6889923121487,48.5200132902491],[37.6890261813299,48.5199818215264],[37.6890314975597,48.519976882967704],[37.689125884445,48.5199191749811],[37.6891863895726,48.519882188094],[37.6892568785763,48.5198390910358],[37.689330190985,48.5197942767442],[37.6895405881026,48.5197163988992],[37.6903217073781,48.5194464617053],[37.6903217747518,48.5194464343347],[37.69087066695,48.5192252013496],[37.6913300357419,48.5190400469291],[37.6918944966422,48.518811502934305],[37.6922675606915,48.5186604519215],[37.6925120416876,48.5184432164528],[37.6946066856564,48.5166709918057],[37.6956487179113,48.5160318733359],[37.6970862155037,48.515052826619],[37.6974101587749,48.5149857681117],[37.6979770568046,48.51497235711361],[37.6995348918141,48.515673893278],[37.7007785769857,48.5162339518905],[37.702701220527,48.5149356546269],[37.7057363242415,48.5130006506595],[37.7083614170974,48.5113269856734],[37.7108895898189,48.5097150504018],[37.7118405185309,48.5091087170581],[37.7118655033739,48.5090718026215],[37.7119718459372,48.5089940207739],[37.7120928310397,48.5089127435671],[37.7121910869688,48.5088851928801],[37.7144248296695,48.5074609264033],[37.7160682193284,48.5061639648683],[37.7184128051519,48.50434661486641],[37.7199150227673,48.5032964495601],[37.7235653026698,48.50091811253681],[37.7272764182799,48.4988621717631],[37.7303183177495,48.497531813376305],[37.7326301608793,48.4966045731584],[37.7348203298988,48.4960401573518],[37.7392615018488,48.4944275066474],[37.743337646078,48.4927744867679],[37.7471096009891,48.4911214135911],[37.749166632497,48.4901776034416],[37.7495729647545,48.489885864551006],[37.7500298245518,48.4891457177255],[37.7502731763657,48.4878554261909],[37.7499689870475,48.486686071372006],[37.7493606066146,48.4858392802788],[37.7480830100411,48.4850731243404],[37.7457103276104,48.4847102032957],[37.743337646078,48.4847908530381],[37.7402957484051,48.485476365312],[37.7372538489355,48.4865247789772],[37.733056027901,48.4877344606252],[37.7272764191782,48.4893070029754],[37.7240412840062,48.4901014590041],[37.7209894159319,48.4906223326109],[37.7192542382139,48.4907305656715],[37.7163146451771,48.4910755564519],[37.7155899544744,48.4912446685122],[37.7152020915792,48.4914543668742],[37.7149703495921,48.4917815711715],[37.714945017101,48.4918171795283],[37.7141824570193,48.493100105536506],[37.7136795298176,48.4941453511093],[37.71366067148481,48.494182843153],[37.713587056344,48.49425331352321],[37.7135390297139,48.4942664174675],[37.7134111177023,48.4942790070615],[37.7133129677743,48.4942668109668],[37.7129367587232,48.4942220627574],[37.712570194883305,48.4941581365905],[37.712319387951,48.4941517429573],[37.7120975202455,48.4941709214731],[37.7118843796729,48.4942533164997],[37.7114126267065,48.494599225085],[37.7108031718886,48.4950266321287]],[[37.7179732145676,48.5274356129185],[37.7180385867675,48.5273902627808],[37.719853968769,48.526179405809],[37.7212905473848,48.525221189705],[37.7259634999495,48.5222221650923],[37.7264068347119,48.5220658753138],[37.7267053134397,48.5220866848246],[37.7274156355894,48.5223712587134],[37.7278800996256,48.5226548367991],[37.7300224333562,48.5239628185328],[37.7311693070895,48.524663017687],[37.731453487333,48.5249250910094],[37.7316194196407,48.5251930868516],[37.7316316924242,48.5253393957184],[37.7313827530893,48.5255202399616],[37.7309160235019,48.5257178662148],[37.7288936732522,48.5266391736636],[37.7243477990626,48.5287100441109],[37.7243153546095,48.5287248239165],[37.7216491638294,48.529939366050904],[37.72140672380561,48.5299671271834],[37.7211943827336,48.5299415600055],[37.7209115436749,48.5298043008393],[37.7200288060761,48.5290470486625],[37.7191407306879,48.5284910420339],[37.7180230216586,48.5277912581072],[37.7179127462709,48.5276596549364],[37.7178998770062,48.5275744282662],[37.7179732145676,48.5274356129185]],[[37.712955933263,48.5244640367711],[37.7130677474647,48.5244971786948],[37.7146758521975,48.5253975199397],[37.7147071530953,48.5254386459824],[37.7147120120827,48.5254697478051],[37.7146930791897,48.5255203666842],[37.7139249001459,48.5262065895371],[37.7138511260032,48.5262724921097],[37.7135629770028,48.5265298964213],[37.7134888902463,48.5265764068473],[37.7134711610959,48.5265827892514],[37.7134711260616,48.5265828053145],[37.7118728560845,48.5275034670098],[37.7117689883797,48.5275286891762],[37.7116651197767,48.527521810729304],[37.7115732481743,48.5274866373522],[37.710401387801305,48.5266046302986],[37.7103079064179,48.526487689086],[37.7103079064179,48.5264395365686],[37.7103370217146,48.5263610817425],[37.7112998126799,48.52558754094411],[37.7113254973105,48.5255540112372],[37.7115064485514,48.5254215199519],[37.7118913407181,48.52513969995461],[37.7127643037482,48.5245005128169],[37.7128749618182,48.5244657127576],[37.712955933263,48.5244640367711]],[[37.73620702776181,48.5139074802859],[37.7362509904135,48.5139074802859],[37.7363670895792,48.5139374341429],[37.7371274946026,48.5143419046908],[37.737178460520205,48.514389408774],[37.7371855509227,48.514412894504005],[37.7371489930839,48.5144675137948],[37.736747839614004,48.5147521001391],[37.7366357855621,48.5148315928934],[37.7364232127249,48.5149823958741],[37.7363474820515,48.5150097653215],[37.7363039164551,48.515012170576],[37.7362371383919,48.5149910136158],[37.7355390288385,48.5145473069113],[37.7355007902518,48.51449932215841],[37.7354965358306,48.5144692603305],[37.7355276965912,48.5144105255205],[37.7361021009434,48.5139538350861],[37.73620702776181,48.5139074802859]]]},"properties":{"OBJECTID":2348,"GlobalID":"898115e9-cd00-49a6-8421-523ecec3700c","Shape__Are":77505457.08984375,"Shape__Len":84297.51531269959,"CreationDa":"2026-08-26","Creator":"jthompson_understandingwar","EditDate":"2026-08-28","Editor":"jthompson_understandingwar","Area_KM":16.37595911509507}},{"type":"Feature","geometry":{"bbox":[36.1864498812764,47.7762320395507,36.192221796827,47.77940705142011],"type":"Polygon","coordinates":[[[36.1886093755238,47.7789733686424],[36.1886207733482,47.7789629995554],[36.1893561198667,47.7784860507133],[36.1896044492455,47.7783709126308],[36.1901246986608,47.7781911140183],[36.1914328505304,47.7777901813315],[36.192221796827,47.7776179936792],[36.1910494037531,47.7776057891442],[36.1903621018309,47.7775570953329],[36.1895877019537,47.7774371909597],[36.18956524946151,47.7774337125618],[36.1895131534632,47.777425646807],[36.1886408956105,47.7772384401726],[36.187694356067,47.7769994730264],[36.1875932830211,47.7769739546951],[36.1872557985453,47.7768183282808],[36.186934994886,47.77665006621181],[36.1866259313091,47.776418704676],[36.1864498812764,47.7762320395507],[36.186697703107,47.777107173757],[36.18673912532311,47.7779126227336],[36.1866860420764,47.7788757595772],[36.1867377428159,47.7791134208357],[36.1868559161915,47.7792679459492],[36.1870203024986,47.7793579554495],[36.1872699272481,47.7793906856993],[36.1876108783226,47.77940705142011],[36.1877935300744,47.7793784121599],[36.1880248893792,47.7793006768592],[36.1882258065756,47.7792106672598],[36.1886093755238,47.7789733686424]]]},"properties":{"OBJECTID":2349,"GlobalID":"db6273a9-70b8-4d6d-aaf6-160aa050bc91","Shape__Are":126558.080078125,"Shape__Len":1910.7871781262795,"CreationDa":"2026-08-27","Creator":"jthompson_understandingwar","EditDate":"2026-08-27","Editor":"jthompson_understandingwar","Area_KM":null}},{"type":"Feature","geometry":{"bbox":[37.8204202471469,48.55530438531271,37.8284354410149,48.5610049625125],"type":"Polygon","coordinates":[[[37.8275667395924,48.5587141379392],[37.8278137089219,48.5587904462463],[37.8281857614682,48.55898795809911],[37.8284354410149,48.5591775741983],[37.8283209399522,48.5589471702559],[37.8282183999574,48.5587408315311],[37.8277156353507,48.5577291252139],[37.8273190677804,48.5575363013541],[37.8271447434113,48.5566891557285],[37.8282149962408,48.5555969076895],[37.8283956366646,48.55530438531271],[37.828230725741406,48.5554464004456],[37.8279771412182,48.5555582980648],[37.82773200894341,48.5556422212654],[37.8271149525815,48.5556030569243],[37.8263288395713,48.5554743753196],[37.8258301227734,48.5554687802271],[37.8253314059754,48.555541513408],[37.8249425755946,48.5556478163387],[37.8247397081556,48.5557261443268],[37.824604462298,48.5558212567633],[37.824362711282,48.555950161644],[37.8242274663227,48.5559967104489],[37.8240868117088,48.5560217751265],[37.82384337006351,48.5560289368854],[37.8220473135187,48.5559036127963],[37.821864821667,48.5559103149578],[37.8216997274875,48.5561015443986],[37.8214933593139,48.5565796145411],[37.8204615202426,48.5600079270835],[37.8204202471469,48.5605679080365],[37.82050232801101,48.5608612543136],[37.82063592546,48.5609535937406],[37.8209774397782,48.5610049625125],[37.8217410014815,48.5609639890202],[37.8224273556811,48.560837222349],[37.82278596314251,48.5607044940227],[37.8233713071783,48.5603493796797],[37.8253823647065,48.5591468135419],[37.826053611938,48.5588478810346],[37.8268176506467,48.5586284349865],[37.8271835084107,48.558638120253306],[37.8275667395924,48.5587141379392]]]},"properties":{"OBJECTID":2353,"GlobalID":"8a464a44-8920-4427-97b6-8f1310183e30","Shape__Are":506376.2421875,"Shape__Len":3412.4747704089223,"CreationDa":"2026-08-28","Creator":"jthompson_understandingwar","EditDate":"2026-08-28","Editor":"jthompson_understandingwar","Area_KM":null}}],"fileName":"AssessedRussianInfiltrationAreasinUkraine20260828"}